lsoa21cd,n_epc,proxy_gas_mean,proxy_elec_mean,proxy_total_mean,epc_total_mean,epc_gas_mean,mean_tfa,gas_share_epc,met_gas_mean,met_elec_mean,met_gas_share,met_total_mean
E01011264,326,10941.771283593025,3153.786207762385,13927.738913386193,18235.476273883098,18281.516803583752,82.86196319018404,0.9846625766871165,11743.80324137362,2781.476896895872,1.0,14525.280138269492
E01011265,806,10635.4222708197,3218.1826328050747,12283.362657684893,16882.754481879485,18824.588347860867,87.56327543424318,0.8523573200992556,11425.5379801235,2762.640837579617,0.9723991507430998,13872.824266234738
E01011266,910,13299.696058127585,4142.18665415204,14694.253196974145,17560.59092122733,20605.52876317176,115.82747252747252,0.7934065934065934,16578.78063506129,4180.753222104395,0.8409090909090909,18122.000574315025
E01011267,577,9790.00239166026,2997.7086916970916,12567.139105728958,15072.98900255315,15183.916268740104,83.55979202772964,0.9774696707105719,10524.89945056868,2744.593484320452,1.0,13269.492934889133
E01011268,539,9355.543540803983,3351.321267422073,10450.425735304874,12289.315281821355,14357.212926759972,65.55658627087199,0.7588126159554731,9126.670620083438,2626.594078917466,0.9067278287461774,10902.00031394725
E01011269,601,9875.081170165913,3042.4593454936185,11356.58758526725,14762.945704374066,16611.988002378537,75.38435940099833,0.8419301164725458,10800.81059979201,2688.684874144534,0.9547325102880658,13000.56989122991
E01011270,355,18789.25340269516,5057.27246883323,22258.701640314714,32306.33149324014,33745.901059045405,165.42937853107344,0.9154929577464789,23778.77550648966,4789.114811904833,0.9775474956822107,28033.99725866329
E01011271,613,12162.448501618133,3392.164784405274,15475.249837399471,20768.311509560765,20777.36737513879,105.62950819672132,0.9934747145187602,14172.71386534752,3032.975323567155,1.0,17205.689188914675
E01011272,322,12180.565669835645,3421.7066431471144,15526.616625592476,19943.32023224951,19968.450511388364,94.96583850931677,0.9937888198757764,12708.13675715196,3117.166286300111,1.0,15825.303043452072
E01011273,543,9814.740746125135,2931.776254608214,12186.191101783295,16699.8998845533,17295.679853891877,76.64575645756457,0.9429097605893186,10179.52979816941,2573.904058225753,1.0,12753.433856395162
E01011274,535,9677.693980402115,3164.1980072292818,11051.06637256633,12887.423339751635,14285.916439626959,68.40747663551402,0.8149532710280374,9900.885996481258,2885.861078876581,0.8899858956276445,11697.509969962157
E01011275,417,10516.48562458246,3138.0267693262763,13024.027644233527,17115.18148550875,17724.99387503442,78.68824940047962,0.9400479616306955,11487.86342033909,2794.882838994532,0.9792,14043.79870019057
E01011276,652,11612.948568334292,3645.4421559788416,12942.925518970407,17021.48916171939,19903.360897528895,90.95705521472392,0.8006134969325154,12848.48316767234,3470.301381089817,0.8333333333333334,14177.370687483435
E01011277,462,11062.996459503152,3140.52191492186,14059.843095730166,17563.040976737146,17635.07520024128,82.90259740259741,0.987012987012987,11405.53952972954,2978.370253704448,1.0,14383.909783433988
E01011278,529,12107.856428059742,3477.9179955031027,14372.699961016217,20475.291020636014,21924.216970687274,95.80645161290323,0.8998109640831758,13963.18194328494,3247.366623421893,0.9694960212201591,16784.61596100981
E01011279,399,12111.176608864458,3856.9569116731304,13448.765955285084,20042.93309723844,22057.99692221241,93.96741854636592,0.7919799498746867,13006.8020922062,3455.811416327427,0.8640939597315436,14694.91053962641
E01011280,615,11236.906351678273,3413.1899542108695,14229.85427972882,17195.562242819822,17410.474271783754,99.07479674796748,0.9626016260162602,12441.683954405,3110.37576260005,0.9863325740318907,15382.013922639606
E01011281,749,9366.674543927273,2967.5887152331334,11871.557040034491,13976.50451134876,14240.46631943822,79.7192513368984,0.9506008010680908,10238.06747011168,2686.71686454219,1.0,12924.78433465387
E01011282,492,9933.32092215971,3024.936832854317,12130.481011500719,15629.108072046563,16251.59075549185,76.74186991869918,0.9166666666666666,9302.923332435204,2652.913111945493,0.9596273291925466,11580.252583133313
E01011283,507,9522.623884183307,2942.293764071225,12183.183213811239,14827.873050611723,15129.41270394497,76.51084812623274,0.9704142011834319,9738.753749505997,2856.957142338729,0.9721362229102167,12324.3524282362
E01011284,941,10511.10924286163,3220.8339833625114,11598.444963326616,15354.73998655253,17827.561245708206,69.47927736450585,0.7970244420828906,8672.287394284449,2754.989228129624,0.8905775075987842,10478.333320911823
E01011286,371,10389.475465612,3116.7308026159776,13142.154567276615,16256.998007049591,16531.7419218104,77.28840970350404,0.9649595687331537,10500.5838022852,2860.662939978219,0.9839857651245552,13193.087926924332
E01011287,487,9752.698118008875,3101.958039942753,11753.22207891572,14316.31666580104,15205.699622805745,75.27515400410678,0.8870636550308009,10099.0379417886,2809.641371793021,0.9296187683284457,12197.89658454078
E01011292,821,9796.783243086424,3411.767440573083,8912.762659894448,11029.540965020182,15117.481188278342,66.82661782661782,0.561510353227771,9952.593335621948,3664.235783570052,0.6260775862068966,9895.331395635087
E01011293,699,10083.468926737814,3380.1303467703456,10780.444451801102,13365.361431703128,16398.590597744584,69.29899856938484,0.7339055793991416,10614.8748579839,2945.730198264146,0.7997512437810945,11434.989568517438
E01011294,404,9533.44247907865,2932.2284879123777,11663.351550434903,14279.57085422739,14724.02217864271,72.60606060606061,0.9158415841584159,9606.23352462255,2851.211352124096,0.9849462365591398,12312.834909709318
E01011295,608,9480.079577791268,3326.2159640554682,10701.34366190953,12841.95030059512,13909.437171454081,66.95559210526316,0.7779605263157895,8710.454087906248,2991.790445689825,0.8102288021534321,10049.25122754657
E01011296,477,12328.861040665015,3511.1812010544027,15219.722189358916,19686.096546766425,20099.891866496677,98.55974842767296,0.949685534591195,13019.14512964765,3171.151469792985,0.991128010139417,16074.790875856943
E01011297,630,11346.287511921144,3605.2075079187534,14285.125753266751,17423.41911817846,17632.728904289586,118.54761904761905,0.9412698412698413,12911.36327313852,3781.688075057169,0.935005701254276,15853.886346406754
E01011298,935,8580.539174320724,2878.0369502494327,10990.546715061751,10880.846154530278,11046.511215719536,82.29721030042919,0.9454545454545454,8715.81622065128,2772.547531864898,0.9559471365638766,11104.407090813478
E01011299,961,8935.56991422516,3110.930273600619,11256.15321310243,12943.812032813883,12754.74146725518,97.25390218522372,0.9115504682622269,9294.23477354524,3068.604899346799,0.9295436349079264,11708.001674435689
E01011300,383,10587.738607884223,3190.6278941797477,13474.280014631264,16339.133963196979,16418.83085380369,80.43342036553524,0.9712793733681462,10367.30570143803,2916.342648777407,0.9936708860759493,13218.032491345575
E01011301,319,10966.773750943466,3169.911027998731,13861.655970141104,16771.784492631807,16985.890411214506,81.89028213166144,0.9749216300940439,10789.55436025981,2785.015076492819,1.0,13574.569436752628
E01011302,512,9684.61939566362,3024.870153263669,12387.929920555644,13066.062624492532,12953.404189898689,85.79256360078278,0.966796875,10421.63606602822,2801.100040290552,1.0,13222.736106318773
E01011303,327,10469.486892499383,3014.241004766708,13323.643999827262,17059.73489023198,17013.61282892988,81.7217125382263,0.9847094801223242,10757.43068051462,2618.794840010927,0.998,13354.710659164519
E01011304,538,10307.79978068571,3213.082713884438,11010.990726410615,14652.543622223024,17466.128440667828,74.23048327137546,0.7565055762081785,10594.79500613776,2913.170078787477,0.810918774966711,11504.688266188135
E01011305,478,10396.02202780491,3068.6394480491476,13312.418475446873,17444.286868707844,17500.52949190277,81.57740585774059,0.9853556485355649,10148.92149082147,2788.003872084742,0.9824304538799414,12758.613418704372
E01011306,333,11985.614405051576,3318.0551423566944,15195.691039254654,20174.38084976432,20220.594498591017,90.41741741741741,0.990990990990991,11644.58655812022,3124.117545504579,1.0,14768.7041036248
E01011307,391,9840.860821308594,3032.6051066065424,12646.949949931051,14417.649117558462,14478.154824341867,81.49872122762149,0.9769820971867008,9419.101953917982,2790.856072482557,1.0,12209.958026400538
E01011308,440,10883.394734723612,3169.810848755751,13039.07107410739,17703.09164073732,18772.332102181805,84.90227272727273,0.9068181818181819,10425.47048062281,2690.538969831346,0.9597122302158273,12695.990495839136
E01011309,413,13347.204555903287,3937.9048882740963,15766.178175103643,22819.559366384132,23928.40184347945,116.05339805825243,0.8861985472154964,14896.30331205795,3758.550935556254,0.930576070901034,17620.6943426412
E01011310,479,13068.47337049278,3695.467630110646,15918.173412951493,22810.984042895998,23660.80684908433,115.39121338912133,0.9352818371607515,15935.70073380575,3494.295262505257,0.96684350132626,18901.623956065458
E01011311,329,19510.083346772415,5472.705049459487,22966.548779848126,39680.91407259971,42042.10284306692,234.74539877300614,0.8966565349544073,27597.80215825486,7185.397293665638,0.874274661508704,31313.45643395809
E01011312,745,11288.554859829332,3216.8498284903626,12050.712222155464,17425.3197831452,20467.869919989927,77.48243243243243,0.7825503355704698,10326.1590973271,3361.258381853373,0.8694444444444445,12339.28004147388
E01011313,543,11415.566976680178,3111.349810235355,13812.129904397807,21266.198930741277,21973.790371884348,88.04981549815498,0.9373848987108656,10903.47412563671,2870.30987203327,0.9746268656716418,13497.128684034422
E01011314,545,11005.706242650856,2989.3328126893575,13449.802232309805,19600.050496248274,20192.707802657904,82.66482504604052,0.9504587155963303,9971.860904586814,2637.493491131221,0.9780380673499268,12390.353058135603
E01011315,532,10477.411779600987,3144.7502343174033,12755.60915996643,18045.598839740618,18773.22793318477,84.77589453860641,0.9172932330827067,11048.94455655583,2914.100923619719,0.9565826330532213,13483.329399988952
E01011316,685,11827.529726690347,3374.7830350093836,11835.351744612697,17883.540054772493,22273.516477550354,78.36716417910448,0.7153284671532847,11891.6917924834,3205.149412718618,0.901294498381877,13923.065801736828
E01011317,694,8637.917326901312,2880.184385542222,9974.72743501448,10750.612536350745,12080.68413492666,66.40869565217392,0.8213256484149856,8784.283282887955,2358.522371284782,0.7969264544456641,9358.950102763
E01011318,490,9262.747430840474,3075.1695518429055,10258.52470229062,11359.34770269319,13331.767806256605,72.76530612244898,0.7755102040816326,10003.01683809815,2541.928949413804,0.7978560490045942,10522.896441985224
E01011319,452,11208.591018796249,3286.148046619607,13453.23282030647,18338.16119807654,19302.040918146016,79.43111111111111,0.9070796460176991,11413.77437129481,2899.519561471072,0.9809523809523809,14095.888706645981
E01011320,448,11269.752238030427,3344.8034430330335,14035.974650986007,19860.0995843132,20150.843293708025,85.41071428571429,0.9486607142857143,11964.21428118633,3071.172866274259,1.0,15035.38714746059
E01011321,491,9354.720833632919,2930.9492776247957,11904.62241946004,13585.186886210076,13800.653082622051,67.86354378818737,0.9592668024439919,10102.10745031401,2678.53554337068,1.0,12780.64299368469
E01011322,505,10520.105263065507,3208.4081058860857,12895.237704550364,15309.56406902786,16015.436979076483,77.3108910891089,0.9207920792079208,11707.24224662734,2937.552694456786,1.0,14644.794941084127
E01011323,446,9682.030776671381,3080.976441919355,12155.166721400605,14514.543252530633,14892.344671142002,77.67937219730942,0.9372197309417041,9711.108846620717,2655.627401401193,0.9730586370839936,12105.10574026826
E01011324,436,9273.414699991763,2923.315286239315,11877.69048967173,12633.885803591005,12719.866190114037,62.11697247706422,0.9655963302752294,8764.941552067028,2728.655158970429,1.0,11493.596711037457
E01011325,583,9815.319774549693,3091.2565375518648,12401.49982284514,15022.531948300255,15486.01847039833,81.3156089193825,0.9485420240137221,9911.22725526225,2636.573926743351,0.9442282749675746,11995.034940791234
E01011326,504,9781.946509066252,3032.4292452493028,12057.439417304477,14204.627986585869,14741.244241859828,72.1984126984127,0.9226190476190477,9520.709410461604,2684.480902658714,0.9617737003058104,11841.248821894722
E01011327,479,9348.713190430357,3050.4097061501034,11150.025518318367,13051.016686336128,14261.28242550938,69.97286012526096,0.8663883089770354,8999.053255520585,2660.801986313022,0.8946540880503144,10711.841769947005
E01011328,535,9798.998022737804,3205.765824881329,11905.810798340126,13608.617903864348,14573.185489474448,74.90654205607477,0.8878504672897196,9950.858876713535,2915.424240245015,0.9437412095639943,12306.459832755256
E01011329,435,11063.649078078784,3345.757618640809,13163.156570683133,16820.58106464787,17899.874600574734,79.70574712643678,0.8873563218390804,11125.52370608747,2936.227820148641,0.9367088607594937,13357.604456230574
E01011330,424,10994.08878268579,3287.8591425582604,13737.429377044991,16946.715378843674,17376.971063174457,81.46698113207547,0.9504716981132075,11054.68371337043,2757.443887103822,0.975,13535.76050763999
E01011331,536,10966.352290580253,3199.8803390819608,12672.680918445127,18775.447809848127,20781.95648951851,83.76822429906542,0.8638059701492538,11440.44889447593,2754.286574562923,0.9305135951661632,13399.779805676477
E01011332,568,9059.364967249392,2906.5504431753034,11662.873272435718,12433.954644373367,12540.43220351547,69.21693121693121,0.9665492957746479,9397.170298727038,2769.516127187884,0.9847009735744089,12022.918869188918
E01011333,449,10122.661590078813,3089.093324316129,12760.85684802172,15703.364783069443,15999.447295776907,72.728285077951,0.955456570155902,10478.90742735066,2690.103278705983,0.987220447284345,13035.094956186345
E01011334,635,11020.915554637864,3492.1357616057358,11458.435351493577,15784.619825878464,19647.72572471773,75.73543307086614,0.7228346456692913,10081.48571678683,2971.110282663371,0.852054794520548,11561.088523542014
E01011335,620,9761.727416352227,3222.2844440888075,11692.944686020255,14722.227465692682,15989.720580169418,74.52903225806452,0.867741935483871,10102.08438113929,2778.874733552437,0.9447779111644657,12323.100913572389
E01011336,701,9063.065281146768,3271.9987721122134,9296.803937610635,10407.099064586033,12509.497474890555,64.87874465049929,0.6647646219686163,8589.062833760221,2939.536796195331,0.7775255391600454,9617.752506894254
E01011337,456,9182.764416633883,3021.575407463048,11781.449357541424,11654.453329439802,11985.80555652828,73.54166666666667,0.9539473684210527,9803.224414287744,3411.818002511743,1.0,13215.042416799488
E01011338,596,8321.825243885185,3366.8662139587236,8323.658095803086,8644.803534890492,11867.58477649888,64.10420168067228,0.5956375838926175,7629.465384255602,2740.4540659153,0.6422872340425532,7640.762284792236
E01011339,718,9211.595640341018,3644.837877600052,8635.521309483975,10446.21012801877,13490.373248521188,71.20473537604457,0.541782729805014,11008.20274338581,3444.773238992603,0.6435406698564593,10528.99940638682
E01011340,531,9416.399567952127,2982.849312434132,11672.182247079221,13479.024808778084,14177.84814230349,71.39736346516007,0.9227871939736346,10122.36921528548,2627.140683242534,0.9347496206373292,12089.021467181617
E01011341,702,9195.849165108837,3070.120226517065,11781.287882923587,11971.286565296416,12251.009600019199,89.08689458689459,0.9472934472934473,9785.096167768355,2911.189789227978,0.9812695109261186,12513.00632013907
E01011342,515,9281.75644757192,2921.0153598884012,12076.612011085555,12866.717866449902,12905.408116873103,69.80388349514563,0.9864077669902913,9797.551480802082,2791.540220236631,0.9984984984984985,12574.380662779251
E01011343,928,8455.641132938143,2891.758306096722,10226.66252163035,11128.381786735876,11946.156979850835,76.81142241379311,0.8674568965517241,8880.335148023309,2736.787287502842,0.891500904159132,10653.614101201742
E01011344,787,10639.910784678601,2896.037225605879,12751.812272658864,18340.695246426578,19140.007888688713,76.01153846153846,0.9263024142312579,9571.84582004658,2792.613226499065,0.9829059829059829,12200.837750476472
E01011345,555,9167.184505386316,3075.577893104726,10838.7791859544,12756.341163452254,14181.854240040004,73.93693693693693,0.8468468468468469,9790.789441843914,2743.678993744522,0.9445114595898673,11991.191819997577
E01011346,734,9617.147852431144,3668.9488249346196,10089.115647402277,11383.543384401373,13574.44887892775,74.0108991825613,0.667574931880109,10021.54704090999,3244.487097483965,0.758745476477684,10848.29058208274
E01011347,750,10562.328959443483,2903.6322434138465,12860.387675849233,18054.382145601237,18641.55411389557,75.16021361815754,0.9426666666666667,10252.77421422552,2828.113229005075,0.9910485933503836,12989.11069195236
E01011348,625,9859.286984281764,3345.1512988331274,10727.785392663312,13442.527934382437,15822.81942566013,69.68327974276528,0.7488,10850.67179371944,3105.952940860213,0.8797653958944281,12651.998507182303
E01011349,760,9051.177161015157,3508.9759241877478,7629.643421176228,8489.701756151806,13683.978474276571,62.4703557312253,0.45526315789473687,8794.553350567707,2324.134621732695,0.475,6501.547463252355
E01011350,487,12020.506414925221,3516.707368626726,14303.075547933342,18978.637566379457,20213.283615089233,90.35112936344969,0.8973305954825462,13558.69941745555,2966.979690693752,0.9280774550484094,15550.50293981225
E01011351,729,10820.867017969005,3120.03273181714,13228.414678644154,19474.729515592615,20255.669989162066,89.49725274725274,0.934156378600823,11722.59835243392,2649.565667884266,0.9601722282023681,13905.279048262153
E01011352,881,10178.794165136504,3051.438685638127,11970.8814727952,17219.54178853617,18750.507855579348,81.84772727272727,0.8762769580022701,10797.84179398552,2590.620262994093,0.9705583756345177,13070.556054923187
E01011353,631,11668.891129287495,3559.0978190211745,14081.441800898487,17395.49821350116,18473.599920655095,94.07923930269413,0.901743264659271,13223.74114054825,3147.112862460273,0.9353778751369113,15516.307751866852
E01011354,616,9027.944447557486,3375.3171289642464,10263.521496418822,11648.490630425425,12242.687184964087,78.41071428571429,0.762987012987013,8923.797769243172,2828.900499097521,0.8183881952326901,10132.031250089947
E01011355,460,10037.835945187304,3246.8881458683873,12477.3329389428,14444.556920127014,15165.607295440366,77.9608695652174,0.9195652173913044,10798.9887222153,3036.82830511753,0.9428571428571428,13218.731957491955
E01011356,770,10874.326276375512,3643.483249166755,11368.491655890659,14843.676449639875,18263.29067376463,79.54805194805195,0.7103896103896103,13035.63529265872,3300.976463622635,0.7773359840954275,13434.044852150588
E01011357,780,10472.687538619935,3078.6626417589155,12128.138796925372,16463.323074258125,17774.936050894103,78.9551282051282,0.8641025641025641,10383.30913708501,2932.175248126664,0.8646153846153846,11909.744071267858
E01011358,534,10567.643306600325,3303.988805726443,11417.722430644297,14575.772179889165,17324.39505613684,79.04868913857678,0.7677902621722846,12009.10984879323,2840.526639999095,0.8333333333333334,12848.11818066012
E01011359,639,12635.243784167276,3765.5297067970846,13454.527287770426,20830.39139604753,24682.66466720157,97.89358372456964,0.7668231611893583,13227.02635737966,3455.352919482124,0.7626903553299492,13543.47835195062
E01011360,656,11747.060630880991,3316.9642005418755,14347.740646613049,21347.98776681184,22252.852001654228,97.4405487804878,0.9390243902439024,13311.25537652201,3363.15813938673,0.9870466321243523,16501.987928129955
E01011361,1086,11233.004127859098,3267.264003715238,13383.173798417078,18528.15849798221,19859.128841209782,93.50969529085873,0.9005524861878453,11865.23112168416,3023.573405062644,0.9234972677595629,13981.081927273699
E01011362,982,9776.80005613574,3085.3180510439356,8441.650464690605,9891.339308226865,15427.756595486228,64.7795918367347,0.5478615071283096,9725.860403464156,3026.948539110214,0.7384615384615385,10209.122375514515
E01011363,856,8902.481916882967,3396.018842826251,7992.861141029839,8957.87136227562,11773.033433485214,69.20677570093459,0.5163551401869159,9042.560447472912,2577.664429411208,0.6937229437229437,8850.696081824775
E01011364,848,8614.092881558801,3285.06666813468,8333.6564819728,8563.732861626244,11577.034264195356,66.19716646989374,0.5860849056603774,9783.399757501758,2769.021589719152,0.9186046511627907,11756.098111145186
E01011366,792,9547.538459584312,2954.8131356783942,11357.12917902469,13942.573267561942,15061.168796406477,68.85443037974683,0.8800505050505051,9304.972532687423,2570.518482035438,0.9663865546218487,11562.718828750174
E01011368,744,9944.254601786031,2963.822463942651,11812.07051015549,14522.237678429527,15460.288902794018,68.95816464237517,0.8897849462365591,8213.695436633696,2562.724018761135,0.9711141678129298,10539.160027376525
E01011369,561,9938.896141365381,3460.841825223794,10706.846320443832,11724.042149840292,14100.275375926181,66.70053475935829,0.7290552584670231,10711.15940020808,2573.204795020118,0.8535286284953395,11715.485987474683
E01011370,611,11363.325624231897,3377.668173669231,11839.719170437664,17507.772636793692,21589.61736626191,80.03010033444816,0.7446808510638298,11476.18420913054,3004.745548421371,0.9395424836601307,13787.108163209052
E01011371,726,8783.91947892694,2851.101418202166,10037.9446282333,11299.614838860394,12642.500260108704,68.59310344827587,0.8181818181818182,8890.692236325844,2299.505894678098,0.8288075560802833,9668.17879892927
E01011372,640,11138.962656602718,3218.717981361211,11694.772377869842,16709.7739072313,20087.989779829015,81.80665610142631,0.7609375,10600.89510728684,3084.061936589055,0.9229422066549913,12868.075459426473
E01011373,511,10053.509880980906,3442.772902921802,10663.199764604762,14234.606204002324,16660.229150846473,75.69941060903733,0.7181996086105675,10383.18005847059,2793.054702558581,0.9360967184801382,12512.71548268131
E01011374,559,9978.661325057772,2845.5643456641346,11806.723532030865,15561.943175000024,16581.77865933625,67.26032315978456,0.8980322003577818,7832.595502760118,2328.359441531858,0.9620462046204621,9863.67821728953
E01011375,782,12007.3906217734,3382.274510057069,11842.72493537311,18586.03462362194,23805.108294706202,81.994851994852,0.7046035805626598,12959.49798565514,3595.007588868928,0.8671232876712329,14832.490088758934
E01011376,504,11792.439139364147,3479.1044989328025,15107.759761361336,18409.725045994543,18451.03725501128,107.50396825396825,0.9861111111111112,13845.109653419,3298.511146578328,0.9883419689119171,16982.21408123985
E01011377,411,13459.029071562722,3651.2030625805473,16946.496987287275,21812.800720971598,21909.022110672715,105.2043795620438,0.9878345498783455,15768.44634994447,3228.241621556373,1.0,18996.687971500844
E01011378,559,9214.26773488714,3146.13930399332,10151.62013999875,10910.05034811029,13490.0338792125,67.94096601073345,0.7602862254025045,8945.255175028282,2567.209772118865,0.8890449438202247,10519.943656659458
E01011379,615,9162.204198029629,2801.8958951390955,11591.65276804557,14084.188913168171,14386.037616151978,69.6829268292683,0.959349593495935,10040.58208039169,2381.124275140246,0.9407496977025392,11826.798832026261
E01011380,458,13456.885471851974,3808.259915716272,16442.453699332757,22531.26048584586,23424.961116602957,117.3471615720524,0.9388646288209607,17047.30512370601,3629.648719070877,0.9941002949852508,20576.3797712506
E01011381,463,13479.28665516709,3902.3694992416335,17177.865643423476,20113.59339838194,20206.452404677006,127.45356371490281,0.9848812095032398,15801.96445627866,3624.727469673368,0.9924585218702866,19307.521756598493
E01011382,498,11163.878785226068,3228.3523184793894,14257.726540028036,16147.419011441769,16225.76610948541,85.04417670682732,0.9879518072289156,11838.08156652011,2857.611746795085,1.0,14695.693313315194
E01011383,606,11809.660319844337,3399.7858773329913,14137.612339765712,18818.30886335667,20129.701585790364,91.2904290429043,0.9092409240924092,14132.00245919808,2923.282524009735,0.9624352331606217,16524.419605854517
E01011384,476,11259.042851929504,3276.843783952588,14086.471059859696,17798.320813359845,18130.584860612405,87.52941176470588,0.9600840336134454,12791.24676571463,2881.481310581075,0.9579579579579579,15134.957942001396
E01011385,386,14578.373509128272,4122.050132291951,18398.281185272484,23213.276148462264,23277.83766907153,133.2098445595855,0.9792746113989638,17289.42506128207,3627.109128217066,1.0,20916.534189499136
E01011386,571,14333.60317316848,4048.16200860768,17829.50726617247,22157.95111028,22683.15967969406,129.20840630472856,0.9614711033274956,17907.24769944551,4036.317543372494,1.0,21943.565242818004
E01011388,693,8593.333545878591,2717.3143333429134,11261.047108393923,12362.286909806664,12367.233812641376,77.17748917748918,0.9942279942279942,9669.799596651708,2454.395584883648,0.9820224719101124,11950.356087662967
E01011390,395,9855.64925766358,2939.7605747524467,12670.65477852155,15806.247010537025,15860.748715716798,79.69367088607595,0.9873417721518988,10126.07581552903,2779.627793226522,1.0,12905.703608755552
E01011391,451,10418.282482764866,3063.434919788684,13158.311737900094,15893.431575423416,16069.065174400057,78.529933481153,0.9689578713968958,11114.46049465992,2758.895924119241,0.989159891598916,13752.874462197482
E01011392,542,10397.565926131389,3207.0297070783236,13355.207520590326,14849.403927169504,14840.953960855059,93.19557195571956,0.9760147601476015,10579.10250853829,2996.677191680436,1.0,13575.779700218725
E01011393,710,10208.190855355557,3250.948796253379,13042.185377235259,14643.142290805803,14766.080850286942,97.95633802816901,0.9591549295774648,10507.33667144526,3131.487200406391,0.9915966386554622,13550.526925032784
E01011394,330,11254.001522448703,3219.177672195241,14132.14884547883,19207.443192157672,19436.242474249237,94.31212121212121,0.9696969696969697,12234.7661265175,3156.222110510545,0.9655172413793104,14969.099749906753
E01011395,314,10766.086513432789,3190.60266468393,13785.254679495178,17847.256574306146,17920.897918576935,89.0828025477707,0.9840764331210191,11211.70753634503,3204.673942290942,1.0,14416.38147863597
E01011396,682,10596.071985795044,3236.50581982076,11859.408975416436,16999.677732864337,19440.443523459628,84.92521994134897,0.8137829912023461,11680.72451784565,2894.760479229426,0.8895152198421646,13284.942716636662
E01011397,328,11645.099560068073,3243.075237508455,14781.664740624685,18479.843457388026,18552.536374694508,84.0609756097561,0.9908536585365854,11212.93363641527,2950.628681001821,1.0,14163.56231741709
E01011398,253,11300.84918781435,3194.806763054829,14450.98856277505,17287.477684882233,17273.19753303904,83.28853754940711,0.9960474308300395,10177.40373135002,2912.903710247311,0.9938144329896907,13027.354428826093
E01011399,404,11299.628689382502,3264.141010760515,14284.075920702857,19196.309496845664,19269.137932177204,89.12128712871286,0.9752475247524752,11152.29832125543,2933.009321500794,1.0,14085.307642756225
E01011400,333,11114.042345973308,3297.796992757056,13877.831298082998,17744.824827946304,18106.719133066465,84.89189189189189,0.9519519519519519,11737.15678229271,2784.721614099774,1.0,14521.878396392483
E01011401,533,10094.490355544813,3162.6621276171472,13124.579439092891,13778.741668352182,13811.48597326102,92.51969981238274,0.9868667917448405,10208.01294149994,3076.306351886075,0.9975757575757576,13259.572595346013
E01011402,672,10977.46082043671,3341.440878893479,13632.810398052896,17464.958929951885,17901.119769538458,102.21577380952381,0.9375,11889.88602561438,3000.069458776958,0.9746835443037974,14588.945711590974
E01011403,462,11125.588447267595,3155.2771893868376,13149.041703707297,15696.11662299516,16751.99344891535,82.84199134199135,0.8982683982683982,11309.86371877716,2730.794867526517,0.961764705882353,13608.222620585726
E01011404,272,11907.814222662268,3641.4263624900336,14673.666009956547,17571.673896240514,17998.26794033054,95.05882352941177,0.9264705882352942,10944.1017031542,3140.802169202095,0.9788135593220338,13853.037310848791
E01011405,424,11235.262596838807,3164.5516725925586,14214.326443540158,17123.839012927605,17156.073238029338,86.93632075471699,0.9834905660377359,11899.90666630336,2743.404321718319,1.0,14643.31098802168
E01011406,354,12316.95754468615,3451.25503286989,15420.275923751344,21519.34390731737,21835.231773723935,94.94915254237289,0.9717514124293786,12149.61803425036,2750.858565170502,1.0,14900.476599420861
E01011407,445,10770.070825034616,3375.933856900842,12548.64586294156,16112.54555436274,17628.472788156087,76.61573033707865,0.851685393258427,10439.78716081759,2909.56051689941,0.9318518518518518,12637.895515646467
E01011408,514,10562.791208228564,3162.995485680729,12287.274272555209,15767.931585708784,17338.482587113445,74.49027237354086,0.8638132295719845,11586.2243562021,2413.743505380628,0.9936061381074168,13925.887143192687
E01011409,548,11772.781344483259,3355.0732196182153,13237.334932140657,18722.766744844837,21272.98495953677,95.00912408759125,0.8394160583941606,13269.37311424826,3158.281595956976,0.9794303797468354,16154.708744247597
E01011410,565,9604.443888924961,3189.056111421146,11552.571851865538,12294.771447460042,13334.5227543201,87.6141592920354,0.8707964601769912,9316.014836238628,2884.251652552414,0.9566326530612245,11796.2556413011
E01011411,718,9987.827078385655,3162.7245844795893,12455.02052927293,13625.216070832741,14296.810278326273,96.00974930362116,0.9303621169916435,11969.451235386,3102.28111362569,1.0,15071.732349011689
E01011412,574,10885.07698522378,3244.399686338841,13674.351501448735,15620.497202670902,16037.108990675655,88.7595818815331,0.9581881533101045,10679.88571405813,2848.854503270263,1.0,13528.740217328392
E01011413,336,12803.619184354238,3533.627376472821,16108.610503963588,23817.273526758072,24028.061384188615,100.99702380952381,0.9821428571428571,13919.6735185022,3085.528717026512,0.9898819561551433,16864.362368562415
E01011414,383,12516.682535386664,3531.4954201309365,15394.565290484354,21817.446187189715,22353.039734884955,100.96083550913838,0.9477806788511749,13399.42922838275,3074.77101318057,0.9873217115689382,16304.318412994286
E01011415,515,11045.255157216643,3288.7239348663725,13197.282930272371,18478.7974002653,19659.38953691021,83.65369649805447,0.8970873786407767,11684.10094951843,2891.95750328013,0.9445910290237467,13928.654442403078
E01011416,397,11594.081907462516,3329.8720454669196,14193.848039361268,20165.416545753582,21004.23840455254,89.8690176322418,0.9370277078085643,12679.44468004734,3259.937202374534,0.9967105263157895,15897.673182816456
E01011417,471,10881.113115962491,3504.2855581339595,12098.28572615529,16634.42522072885,18510.27347363462,77.16348195329087,0.7898089171974523,11190.3632909336,2994.062141309181,0.8937007874015748,12994.898625726217
E01011418,375,10211.51949488689,3051.97226185639,13072.87672617206,16375.007605332774,16515.297675177717,82.43733333333333,0.9813333333333333,10229.81776325643,2856.639052140989,1.0,13086.456815397418
E01011419,278,11582.992799511365,3332.374127382908,14540.377951370523,18513.468625449463,18971.577113142637,98.16546762589928,0.9676258992805755,12367.96502717196,3098.124174583557,1.0,15466.089201755516
E01011420,399,12020.149901560613,3322.7645619800023,14951.280506848167,21357.398412680766,21404.2877658419,97.16791979949875,0.9674185463659147,12751.96763508988,2805.908425681537,1.0,15557.876060771418
E01011421,504,10132.97133370836,3233.478977976948,11516.78094124648,14553.958843462568,16713.32227784202,78.42063492063492,0.8174603174603174,11689.39672208419,2996.677537882382,0.9421221864951769,14009.517536501893
E01011422,538,12740.199015557724,3525.396967262084,13897.529251303504,21861.1241924472,25541.52967374088,92.86617100371747,0.8141263940520446,14418.1528326954,3548.125363543702,0.8687392055267703,16073.740000583057
E01011423,457,10209.624240031966,3174.143460527484,12936.95701171779,16007.994473140252,16421.855787767316,78.44638949671773,0.9562363238512035,11515.88089479296,2994.306843881751,0.9859154929577465,14347.992233114244
E01011424,412,10105.039111477778,3129.7216897624166,13014.019655601114,16624.42544138331,16734.511744392035,81.19660194174757,0.9781553398058253,12587.38765776173,3073.610379365316,0.9944954128440368,15591.709664699001
E01011425,387,11625.724485490091,3366.8512669727284,14632.08817151739,20244.842463525056,20441.643328981092,89.23255813953489,0.9689922480620154,12805.50185337833,2939.065353065688,1.0,15744.567206444019
E01011426,540,12802.833830399382,3434.8198145456468,15123.332922669528,24255.526354066318,25800.90302388083,101.13148148148149,0.912962962962963,13437.88256238714,3345.767720671735,0.8845528455284553,15232.284979108488
E01011427,508,10509.917276263033,3147.0501275705224,13284.568760186441,17537.84135018625,17818.261220344804,82.1259842519685,0.9645669291338582,11714.7338400311,3098.52796178366,0.9743589743589743,14512.884011044733
E01011428,648,11396.904030192325,3047.2108850022482,13424.021653232914,21526.718591728037,22960.305794303797,86.9876160990712,0.9104938271604939,12456.97423078765,3063.044308835179,0.9560761346998536,14972.860081462317
E01011429,739,11891.832135626095,3286.285648946644,13150.552359553947,19866.46871904889,22795.011003668522,87.41407307171853,0.8294993234100135,12269.31105912339,3245.496607397548,0.8450184501845018,13613.290823409565
E01011430,457,11703.19803995729,3175.8365909924137,14059.554680668229,22802.734003957816,23926.04432459187,90.90590809628009,0.9299781181619255,13306.59047198943,2859.886372374883,1.0,16166.476844364313
E01011431,749,8893.101332820968,3100.731150084842,10604.656440262213,12293.110942478117,12676.486193876375,71.30748663101605,0.8437917222963952,9667.061270848386,3030.148703596945,0.873015873015873,11469.646638464583
E01011432,581,11431.38429482353,3010.1810685760697,13831.629196205917,22575.175941434853,23243.35879614365,88.23924268502581,0.9466437177280551,11821.28720167186,2993.618844229819,1.0,14814.906045901678
E01011433,727,11085.780828389266,3052.001799393936,12872.143275986353,19197.158156682122,20742.240226154358,78.4222833562586,0.8858321870701513,10221.88893990662,2980.590084243442,0.9424964936886395,12614.684568980116
E01011434,688,10720.548171422912,2848.1494374849462,13054.48526929019,19353.686376674665,19936.867000649065,76.24163027656478,0.9520348837209303,9914.731762353384,2768.921536157929,0.9873239436619718,12557.973600115285
E01011435,614,12129.542397524974,3454.7386400322134,13924.864813791555,20182.33358363854,22377.649775825026,96.64532019704434,0.8631921824104235,16284.5073432362,3969.752175333967,0.9121265377855887,18823.283477864
E01011440,620,11436.425324848517,3463.861142993726,12668.338944766969,18253.944095058134,21203.43382252682,88.43387096774194,0.8048387096774193,15172.44425979419,3370.28075009379,0.8791044776119403,16708.444435196445
E01011441,680,11586.709260135402,3604.8547833302455,12311.926006755526,17579.99192771563,21601.88994729142,85.34218289085545,0.7514705882352941,14748.69588651382,3648.889517585836,0.8598265895953757,16330.21040266636
E01011442,580,12322.257940141173,3566.3382178568163,13594.10674845446,18751.038250515398,21707.436769554963,94.72068965517241,0.8137931034482758,13608.45631138586,3604.536582814495,0.8623693379790941,15340.052042981744
E01011443,850,11875.432291747027,3825.2504496493884,10768.885566117946,13012.989445676612,19425.147329647407,82.02,0.5847058823529412,13941.72038878165,3703.142137955746,0.8540983606557377,15610.74266673483
E01011444,714,12366.02689575125,3462.647767568949,13040.256833886093,17545.841309433916,21262.469906178896,95.07282913165267,0.7745098039215687,14800.39816830017,3522.285108756292,0.8123123123123123,15544.830767991114
E01011445,458,11991.883528499344,3258.9027038451895,14805.672651592376,22295.929940448714,23022.780069037144,105.68340611353712,0.962882096069869,15827.75927326735,3892.341741047615,0.9978308026030369,19685.767480099636
E01011446,488,12410.222939957881,3431.8660212676205,13527.887552339911,21027.50863938259,24560.140357044584,98.96926229508196,0.8135245901639344,16533.79910814942,4074.643175859036,0.8792372881355932,18611.775866287022
E01011447,408,11174.834052803633,3033.8921788518833,13907.443941016201,20710.709630350335,21153.26549659221,92.95833333333333,0.9730392156862745,13644.74423422955,3432.434812767688,0.9819819819819819,16831.327799533643
E01011448,493,10885.933576772304,3099.5747549224325,13102.268284897797,18648.850652529432,19995.98690676692,93.21095334685599,0.9188640973630832,12570.45633801103,3370.99170164821,0.9188640973630832,14921.532718116763
E01011449,605,10226.125014674026,2828.2858040791384,12969.897388879825,17654.198497630216,17738.28207360124,74.47438016528926,0.9917355371900827,10148.87408600757,2474.145811070314,0.9968454258675079,12591.004521412246
E01011450,424,9806.59967650877,3019.220684200507,12687.047723777549,15642.722924291444,15756.351461193903,83.48349056603773,0.9858490566037735,9688.601617531982,2839.202539145645,0.9855334538878843,12387.64355461568
E01011451,481,11283.241956351636,3460.8051802917867,11061.159429476673,15048.712325252696,19011.136723066702,82.11850311850311,0.6735966735966736,13699.93896674308,3719.941830004577,0.7719298245614035,14295.333313104498
E01011452,427,13777.767217274068,3879.5389641013335,15947.185191877683,21783.324017343773,23677.975835362697,111.96487119437938,0.8758782201405152,14747.59836759951,3989.101193433973,0.8192612137203166,16071.236531533308
E01011453,479,12574.947625896695,3700.2157470310362,14411.235854266635,20193.565871329258,22202.72550228564,100.17745302713988,0.8517745302713987,13158.25113044429,3678.490948783266,0.920863309352518,15795.441630055708
E01011454,513,11476.742322108288,3356.028032681637,13714.179485188728,19242.6827974625,20699.541507382797,87.302734375,0.9025341130604289,12433.88380003468,2865.592202773791,1.0,15299.476002808471
E01011455,278,14864.362659597395,4030.759289862182,18200.025853866893,25586.74825491551,26315.325720104345,122.72302158273381,0.9532374100719424,18048.09321914187,4095.860828554772,0.9832635983263598,21841.89391013778
E01011456,446,15018.411265144572,4135.603565145677,16561.15010514197,22481.254093162308,25437.241740471953,114.82068965517242,0.827354260089686,17738.36367907893,3941.022498518375,0.89067055393586,19740.060702479346
E01011457,433,15927.452889585335,4222.507158639296,19561.41675438314,31415.052282099125,31908.291454751477,147.09699769053117,0.9630484988452656,19015.54576918923,4316.127872992482,0.9775280898876404,22904.358006919032
E01011458,847,11051.04197158339,3455.725712735797,14180.585807944235,15455.281712870506,15741.35519725749,112.80047225501771,0.9704840613931524,14066.87927405173,3625.240071128444,1.0,17692.119345180174
E01011459,618,11456.353467008626,3458.358635442453,12968.244280386507,18389.683756409926,20731.463028995997,88.04854368932038,0.8300970873786407,14169.85351018206,3263.948771588717,0.9840881272949816,17208.333376468003
E01011460,499,10695.170249055484,3219.4528244012317,13057.29479697932,16666.63656631881,17581.618686128804,82.71342685370742,0.9198396793587175,11546.61417698227,2855.626010536892,0.9745889387144993,14108.828467027834
E01011461,340,14825.0113086517,3976.996905672612,18627.59631657547,24194.731617478537,24272.668355750833,117.71176470588236,0.9882352941176471,15866.12348383379,3671.232067028027,0.9903225806451613,19383.812420373102
E01011462,503,10664.59730015646,3249.1621453424314,13298.901947080329,16270.901694578133,16727.27312793937,82.41749502982107,0.9423459244532804,11284.73118882754,2979.922049374656,0.9886201991465149,14136.235244588226
E01011463,563,9532.130577010224,2866.171051462296,12279.784907266356,13546.38740353985,13603.13357467225,70.33570159857904,0.9875666074600356,9323.417769383035,2475.164479334747,0.9480048367593712,11313.809619838132
E01011464,748,10569.992498258038,3865.683299978739,10888.793288794574,13714.561669787467,18193.28757982393,76.22860962566845,0.6644385026737968,11151.08738165594,3477.616698817598,0.7424568965517241,11756.818429378956
E01011465,712,9939.362248169999,3145.5960618917898,11256.227334626017,14532.464908125057,16659.694062149407,75.66713483146067,0.8160112359550562,10462.10755488899,2745.481782063646,0.8687782805429864,11834.733594455889
E01011466,491,9691.867627503247,3173.1173353593695,11838.554990092416,13983.634996132274,14505.722553037365,74.87780040733197,0.8940936863543788,9938.873643412737,2887.853608950577,0.9474452554744526,12304.39228716206
E01011467,1003,8468.241336737485,3824.0628370197187,7750.017195527127,7654.500220758299,11314.36843361428,64.44267198404786,0.46360917248255235,10314.25547107655,3641.276200805868,0.5564738292011019,9380.889438154252
E01011468,922,8950.851040896338,3236.902715124995,9595.696025089313,10040.996840490225,12506.576824181018,76.93238822246455,0.710412147505423,9114.023692075178,2381.994311293445,0.834510595358224,9987.74364867606
E01011469,372,9402.079319278424,2969.283608045396,11966.97241896776,13891.654735972466,14122.962556053448,70.14516129032258,0.956989247311828,9381.844356800775,2711.322441993761,0.9858044164037855,11959.986042940898
E01011470,451,9440.184379739525,2990.597851832473,11865.627069148568,13514.019472416325,13832.71845377728,69.88026607538802,0.9401330376940134,8675.560103390504,2586.932336171678,1.0,11262.492439562182
E01011471,546,9387.81398567908,2899.4723863182344,11823.05381226593,13841.331253204982,14143.2425931532,75.22893772893772,0.9505494505494505,8494.991601904829,2624.909013128187,0.9861751152073732,11002.45833482235
E01011472,569,9524.680938334812,2940.3325481919223,12197.184145554227,13584.666212253564,13657.283813098646,70.7311072056239,0.9718804920913884,8868.647352028107,2498.931927023939,0.9972826086956522,11343.479693856318
E01011473,523,8829.651822956766,2994.7560593727267,10912.74211093434,11766.75586924747,12059.302908268546,63.877629063097515,0.8967495219885278,8212.514859146679,2993.79373252176,0.8861154446177847,10271.029988364682
E01011474,510,9054.689917352369,2849.2624765287133,11761.918042236339,12565.579441671083,12595.340616353678,67.1078431372549,0.984313725490196,8496.192910885518,2681.872338789907,0.9826338639652678,11030.519207807662
E01011475,565,8917.424786166312,2984.383145141905,11081.089189926539,11849.66078441692,12307.007829792577,67.38407079646018,0.9079646017699115,8893.781455431861,2807.565143393962,0.9123287671232877,10921.617813692072
E01011476,383,9346.1867502692,3085.065201833323,11723.57723733018,12809.597716229888,13138.707552327302,73.11227154046998,0.9242819843342036,8974.252123391996,3055.621200796164,0.9330783938814532,11429.301958377988
E01011477,885,9287.41585076187,3472.407965241738,9296.719600465283,10909.800037083862,14029.390071923077,67.48474576271187,0.6271186440677966,9841.86702435472,2971.563311368363,0.6921641791044776,9783.751121136276
E01011478,705,10781.967041272232,3266.14812785873,12243.473877116601,17875.603189658905,19593.43507263992,80.84637268847796,0.8326241134751773,10470.78046976796,3005.107425144552,0.8147699757869249,11536.3849749676
E01011479,517,11022.42264489696,2940.5208975823602,13707.103945305695,22799.248336570494,23151.800075553765,96.92456479690522,0.97678916827853,11766.27044252136,3265.520289855069,1.0,15031.790732376428
E01011480,495,11211.379651122217,3326.6307487154295,14017.077607967321,18357.234954956723,18745.37051496595,87.18255578093306,0.9535353535353536,11528.48410651309,2882.852322555938,0.983941605839416,14226.207487212612
E01011481,776,10233.0767447703,3326.9056015892575,10645.665386830902,14454.095069004508,18668.00419017596,73.69419354838709,0.7152061855670103,10766.14273808209,3319.41209039105,0.7682619647355163,11590.630062973007
E01011482,757,10078.9984386048,2866.8510809025347,12293.444072358541,17216.649560424754,17951.266151360738,73.85317460317461,0.9352708058124174,9264.164482284534,2414.862840064609,1.0,11679.027322349142
E01011483,660,10369.27757130233,3127.313713407473,11469.868850318895,15168.93454333916,17768.868209594988,72.60303030303031,0.8045454545454546,11666.51059295054,3097.512211602526,0.8877005347593583,13453.879903740439
E01011484,489,9562.592428022306,3097.090525138819,12053.46543727423,13464.586709585306,13831.036232568069,72.08588957055214,0.9366053169734151,9337.29428974291,2604.386907176792,0.973293768545994,11692.317254463658
E01011485,606,9631.101396918697,3090.3426134277015,11052.68881781098,13806.191196774318,15210.463607819904,71.20792079207921,0.8267326732673267,10264.72735291794,2976.475763957107,0.8534370946822308,11736.77485373662
E01011488,636,10829.925116626166,3028.363231781885,13143.10461429123,19732.375138443353,20647.186698456102,82.74371069182389,0.9339622641509434,9482.794568030948,2558.724147867665,0.9769021739130435,11822.486776147896
E01011489,719,10016.527955576892,3660.029633457624,10611.695071333657,14445.940464029869,16926.273452170557,72.4673157162726,0.694019471488178,9921.586757151455,3158.120031209377,0.7609699769053118,10708.149676662968
E01011491,444,9179.426083467975,3261.2590824588096,10910.780818682122,12690.459533975254,13068.921310691223,68.93018018018019,0.8333333333333334,9734.89033954163,3323.593552149416,0.8761609907120743,11852.92471651561
E01011492,607,9010.776635219821,2922.4672392496373,10018.268279834605,10590.036483757996,12672.138188824149,72.50082372322899,0.7874794069192751,9538.895634448112,2876.546013351888,0.7951482479784366,10461.382164732462
E01011493,530,9432.66257270258,3626.291786953477,10780.877360965622,13147.444046809684,13564.414850887013,74.47924528301887,0.7584905660377359,10079.92814985351,3428.353358631573,0.8267605633802817,11762.040434637222
E01011494,511,8824.97381727985,2927.8264544843296,11061.99997295558,12568.239936127375,12996.413328023169,72.03326810176125,0.9217221135029354,9939.82844665274,3081.607630952677,0.9787556904400607,12810.271285112038
E01011496,433,10892.861174983787,3151.532734343669,13868.29684645243,18412.064728345093,18471.93877029769,92.44572748267899,0.9838337182448037,11474.29645324212,3089.13541759563,0.9984615384615385,14545.77910706353
E01011497,516,9168.722129000183,2918.983587252103,11412.489745511964,12026.822127643987,12670.053908306712,70.98255813953489,0.9263565891472868,9940.49975717027,2886.542126453986,0.9405255878284924,12235.83650387554
E01011500,449,10847.737240962104,3130.4789565836436,13833.257570717748,18123.973071907007,18214.40077757427,87.36971046770601,0.9866369710467706,11650.8071661995,2898.350906150446,1.0,14549.158072349946
E01011502,399,9763.919353670079,3001.5397649872825,12618.633263714955,14478.922738182826,14558.86053964102,76.44360902255639,0.9849624060150376,9521.559409789845,2773.967298879782,1.0,12295.526708669626
E01011504,569,9246.714551140016,3190.746967175879,10406.109464023271,12893.468648670163,14074.086633783065,65.77855887521969,0.7803163444639719,10270.13950276733,3015.717872108535,0.7917241379310345,11146.835216368463
E01011505,449,11442.370844558318,3421.368465764337,13895.342668689656,18754.14102745819,19881.098565031065,90.3674832962138,0.9153674832962138,13572.08461724371,3070.143376596407,0.9414285714285714,15847.291609115842
E01011506,337,12232.210272128972,3504.9551843040304,15374.19185785351,22257.76837152973,22647.433064878565,102.03857566765579,0.9703264094955489,15244.82635979529,3418.908535801226,0.9923518164435946,18547.139665311275
E01011507,434,12598.650472496185,3503.5045145530585,15724.776055845441,22089.35961567922,22258.527739766978,92.11059907834101,0.9700460829493087,14258.10671044753,3135.733708633558,1.0,17393.840419081087
E01011508,324,14268.959133339069,3852.448524599409,18033.327663288237,26539.722748568012,26528.11158227854,118.63888888888889,0.9938271604938271,17698.75016612811,3459.742517326268,1.0,21158.492683454377
E01011509,474,11404.2997119436,3448.8359055172973,13698.269823846356,17726.200597908177,18664.00988214813,88.34249471458774,0.8987341772151899,12743.51217039235,3106.122237827624,0.9326347305389222,14991.16427698097
E01011510,875,8620.32720322603,3179.035952846758,8459.602102480076,9944.496199506226,13036.471092780692,62.374857142857145,0.6125714285714285,9813.136687545402,2773.439646980024,0.6046986721144024,8707.430371215854
E01011511,421,12627.477600547887,3733.745303749143,14171.660279973998,20910.618867475074,23288.965254606122,100.5249406175772,0.8266033254156769,15349.30620821879,3932.616493680767,0.8969258589511754,17699.806148792013
E01011512,603,12348.05035705451,3736.1768711491104,14302.667723951972,20293.105379402776,22241.190267735947,104.6898839137645,0.8557213930348259,15442.42125433744,3575.122927428239,0.9077733860342556,17593.341958045494
E01011513,733,11346.40902145315,3621.8618665889935,13017.864971666842,16012.5323914643,18091.53833210924,89.78581173260574,0.8281036834924966,12773.67283181303,3490.404314648517,0.8581706063720452,14452.394874323625
E01011514,472,14162.336313536613,4342.128067120214,15143.910001173565,22321.41391968204,27252.338976160467,105.1316348195329,0.7627118644067796,17877.75164501621,4110.129965258007,0.8293413173652695,18936.888066064865
E01011515,492,12237.03661376671,3520.542412364418,14588.593821157478,20462.835132691704,21845.132564057007,95.46544715447155,0.9044715447154471,14715.09310257956,3468.471418552413,0.9708588957055214,17754.75045832674
E01011516,409,13212.478548096673,3633.288394110621,16716.549548093877,24256.17255834759,24335.872731864318,105.99022004889976,0.9902200488997555,14859.89965385809,3224.359207432364,0.995398773006135,18015.885089876996
E01011517,573,10793.34475871699,3339.9279569669143,13323.300944959941,17700.24952443491,18380.528756271746,88.7870855148342,0.924956369982548,12524.77415690343,2981.586395853002,0.975130890052356,15194.88056717899
E01011518,765,9816.846176203031,3032.617478762705,12502.986731099747,15516.632286018852,15805.857120894874,83.94895287958116,0.9647058823529412,10682.94908480693,2728.428637639345,1.0,13411.377722446276
E01011519,445,10577.207576724546,3178.322218114034,13208.842661659557,16221.262413896651,16804.35385716535,78.85168539325842,0.9483146067415731,10931.18848498344,2864.080495191092,0.970193740685544,13469.45114157592
E01011520,422,11328.158631777482,3322.4931406184623,13872.176416183747,18868.08321082357,19458.29781217734,85.45734597156398,0.9312796208530806,12648.7114568401,2979.61334940869,0.9746268656716418,15307.387351373742
E01011521,915,10071.874724630065,3182.2198608942485,12846.816591195011,14829.667484854454,15053.054211016624,96.41857923497268,0.9595628415300547,11980.33480757191,2976.703169934809,1.0,14957.03797750672
E01011522,356,12307.642447650078,3534.866517564982,15047.352290226432,20778.876493542208,21501.069326979672,95.81741573033707,0.9353932584269663,13755.14336479058,3067.918003012351,1.0,16823.06136780293
E01011523,604,11009.89025368694,3253.2141273634825,13497.515985926497,17705.1472062022,18555.79653503761,90.12582781456953,0.9304635761589404,11983.75288382906,2858.644577525306,0.9752066115702479,14545.27962125943
E01011524,371,10955.959673713674,3145.1351139837516,13953.440344655464,18147.87505323532,18295.018110556444,85.62803234501348,0.9865229110512129,11382.76203929206,2653.570347086744,1.0,14036.332386378803
E01011525,510,9913.044228097051,3057.772972824375,12154.4488527252,15982.54226464303,16832.175324031192,74.6156862745098,0.9176470588235294,9933.657273046649,2633.587279250155,0.9513888888888888,12084.358434857037
E01011526,295,11405.320945370684,3274.2525279093115,14563.587158581311,18944.78619228648,18972.398169475087,95.81016949152543,0.9898305084745763,12310.94868757336,3230.383373038959,1.0,15541.33206061232
E01011527,438,11426.598401037561,3420.393923019263,13542.58611389272,18963.44205050199,20456.839730579806,90.85388127853881,0.8858447488584474,13216.43446956884,3238.928513270885,0.9272727272727272,15494.167748689262
E01011528,389,11858.808522150459,3381.1504939551096,15209.473647154025,18649.81905894895,18680.302742510332,100.66323907455013,0.9974293059125964,12736.7359273397,3206.291585010726,1.0,15943.027512350425
E01011529,355,10661.09885122595,3173.2190392671073,13594.067775535852,16938.762230175427,16963.03278897566,81.49295774647888,0.9774647887323944,11706.57465368445,2916.198459944323,1.0,14622.773113628773
E01011530,475,10614.524462592384,3307.9060985429073,13028.575869548564,15880.242643676325,16756.930552567905,86.31157894736842,0.9157894736842105,12801.20167271668,2791.892297810208,0.9926793557833089,15499.380927534818
E01011531,508,10462.704660906502,3105.258980674763,13032.470883345894,14906.570553057354,15351.961277692866,80.28740157480316,0.9488188976377953,10405.07230828846,2599.812785964055,0.9805045871559633,12802.033913930378
E01011532,461,9184.697369528916,2794.1729235807807,11799.559498476812,13980.033651729294,14053.870028462889,66.55748373101952,0.9804772234273319,9389.51131246682,2515.057706484995,1.0,11904.569018951815
E01011533,573,10324.52715573274,3391.1860433201887,10778.718563128956,14743.807642914102,17972.23869744138,72.36125654450262,0.7155322862129145,9822.329900826891,2904.765944798033,0.8143790849673203,10903.865981680587
E01011534,913,9574.580954555398,2997.223709934019,12299.144089660898,14107.762978398821,14222.710571367026,90.21467688937568,0.9715224534501643,10124.8252787748,3011.76889579511,0.98014440433213,12935.559737626729
E01011535,492,13425.88375256791,3770.7054732245774,16568.95644874155,19172.183442289854,19905.034061624894,118.94715447154472,0.9532520325203252,14428.06519273627,3583.604817302704,0.997289972899729,17972.569562362183
E01011536,434,11202.246437491187,3348.646698738842,14189.530347923863,17485.596349166386,17664.358510704442,93.53225806451613,0.967741935483871,11806.39641806278,3155.134203275744,0.9878706199460916,14818.32635211674
E01011537,624,10542.600117573662,3108.4906761809116,13228.710981351784,16261.898477982966,16552.67329828451,80.6698717948718,0.9599358974358975,11699.75308903849,3002.643662941753,1.0,14702.396751980243
E01011538,811,9331.305143910988,2949.1447644530167,11118.351487235755,11635.329114766546,12774.845403481386,82.23427866831072,0.8754623921085081,10280.93805282021,3032.341557284136,1.0,13313.279610104346
E01011540,745,8348.423972169461,2756.022244165354,10992.386834158044,10277.894858757827,10279.974883323415,73.98255033557047,0.9865771812080537,8549.505244206764,2721.47174248634,1.0,11270.976986693106
E01011541,1073,9166.267107799713,3481.0565627784845,8529.76472746593,10520.722796468159,14734.675605821938,63.75489282385834,0.5507921714818267,10142.06661728825,3036.693137190718,0.6822958771220695,9956.583375663866
E01011545,490,9555.928073297053,2938.8293661834855,11558.66652617797,15070.308694486963,16091.543509419824,67.83640081799591,0.9020408163265307,9593.240248783328,2513.265204044514,0.9635036496350365,11756.387195572976
E01011546,584,10091.627472684182,3083.2767147018476,12621.938298471827,16294.368316585647,16742.485116701042,82.63698630136986,0.9452054794520548,10506.87526397767,2719.519645277711,0.9738805970149254,12951.961600121636
E01011547,723,9932.864890555275,3270.6652722483814,12090.719573405346,15085.184537334788,16028.692863273185,78.67219917012449,0.8879668049792531,9959.703937573837,2824.462196855299,0.9424307036247335,12210.79298663704
E01011548,424,11069.259079530628,3234.377653287332,13912.035586136453,17464.160318586542,17560.28615189145,86.94103773584905,0.964622641509434,11587.31698657092,2913.889103416344,1.0,14501.206089987265
E01011549,346,13169.276746815462,3750.4967705057447,16919.773517321206,21936.233227308596,21936.233227308596,115.67341040462428,1.0,15010.94286584819,3601.865341330662,1.0,18612.808207178852
E01011550,331,11034.03736572839,3230.9605018521484,14164.991486622277,17673.009264436056,17731.20364685984,89.64954682779457,0.9909365558912386,12454.68214155373,3179.617784674571,1.0,15634.299926228301
E01011551,523,10535.830055255734,3111.7504806983334,13365.550668318157,17511.385169020017,17783.607854213882,94.92543021032505,0.9732313575525813,10887.10271611115,3180.509423024664,0.9891891891891892,13949.913731394074
E01011552,400,10076.446627327223,3076.993275599188,12977.102086948184,15475.965445932261,15563.091534761268,79.935,0.9825,10526.69248613818,2974.241744610284,1.0,13500.934230748464
E01011553,418,10900.92399131559,3165.2840939197536,13909.735492058566,17815.832576054996,17889.353540738528,87.37081339712918,0.9856459330143541,12178.70646106682,2902.417263063111,1.0,15081.123724129931
E01011554,399,14005.281803955864,4409.452344457252,15887.465251458676,23146.470933786324,24862.358435695303,123.9298245614035,0.8195488721804511,17111.07487949198,4241.407587761369,0.8710743801652893,19146.426532376696
E01011555,343,12641.86369696911,3634.675347128774,15465.690643709193,19346.689169800804,20170.549243798057,93.40643274853801,0.9358600583090378,14016.62286967783,3179.605016431321,0.9861351819757366,17001.88996070634
E01011556,691,10399.090051363753,3474.996672531064,11436.09455555773,14328.913525793543,16301.159487022396,77.14616497829233,0.7655571635311144,11998.11364438096,3442.541474827971,0.7627314814814815,12593.880469789838
E01011557,429,15810.104755279737,4233.380857794892,15363.104951255218,21480.487860904013,27898.144465496076,107.93911007025761,0.703962703962704,19907.87972286031,4403.495394155753,0.8081761006289309,20492.56800036676
E01011558,596,9729.1798733343,3056.9676951572874,12378.044385885283,15775.196286847484,15909.350268540662,77.26342281879195,0.9580536912751678,10345.93202890389,2681.744066075165,0.9468085106382979,12477.36056152672
E01011559,512,9753.98286847024,3013.0255572448727,11738.268045056144,14823.000416291,15963.579658371224,74.41015625,0.89453125,10912.36016751798,2593.591946880164,0.9302325581395349,12744.624660850377
E01011560,753,9972.775591223835,3439.3089429811625,10551.368029949555,14456.683026116663,17144.6052333339,70.9468791500664,0.7131474103585658,10961.01690134214,2523.300910654047,0.7780401416765053,11051.412053492853
E01011561,406,14525.181044527017,4527.203877492321,15796.740894797766,26568.888492961683,29180.01897095215,150.2029702970297,0.7758620689655172,18151.13724505641,5292.909596379183,0.7617391304347826,19119.341097830846
E01011562,417,17080.87511351798,4621.758101429139,21170.135909249915,31683.23651330097,32309.682189181025,173.0408653846154,0.9688249400479616,22340.14207887468,5337.844227221339,0.9858934169278997,27362.84323601785
E01011563,457,14903.234294837524,4203.289879154799,18193.415727043855,25805.53006554878,26839.422886702738,152.60352422907488,0.9387308533916849,20163.37241906436,4675.300455865699,0.9309309309309309,23446.007512652337
E01011564,376,13190.338960292514,3677.7735786657377,16517.30565171643,22443.795646624527,22823.033425055433,110.44414893617021,0.973404255319149,16980.39802970552,3646.453798744144,1.0,20626.851828449664
E01011565,421,14014.388066168294,3826.192301410796,17707.427036784142,25823.59666006015,25828.62374542554,122.63657957244655,0.9904988123515439,17911.06727046574,3823.476164837793,0.9740680713128039,21270.074916134246
E01011566,392,11308.35513344448,3470.0726224641367,13739.905345694327,18528.227670774366,19566.16814892816,90.0688775510204,0.9081632653061225,13642.74822046149,3344.913600921835,0.9408695652173913,16180.960187477775
E01011567,408,12355.833482244429,3524.59363207074,15517.02024719033,20872.85697188868,21115.1950925181,95.88480392156863,0.9705882352941176,14189.93684844474,3135.650230839407,0.989778534923339,17180.545135347744
E01011568,639,11641.17365437412,3434.365770760897,12944.056925038347,15974.969513609009,18402.978825761933,88.18779342723005,0.8169014084507042,14186.08309399329,3407.458898505901,0.8885316184351554,16012.242269267354
E01011569,730,11575.649795498784,3781.4335822937396,11678.246730455925,17526.360670656824,22382.359337247435,90.7904109589041,0.6821917808219178,12893.52570310073,3551.692565243187,0.8624612202688728,14671.858476707519
E01011570,688,13078.788770037054,3888.4999828541404,15712.637504602755,22551.821559597898,23270.491452856677,117.61426491994177,0.9040697674418605,15229.93399695531,4079.140535308318,0.9421319796954315,18427.74840249058
E01011571,533,10916.16417986828,3190.713974344587,12796.119228299978,18051.521138827102,19523.217707652493,86.35647279549718,0.8799249530956847,11409.74669360246,3029.395367104238,0.9182630906768838,13506.54462981199
E01011572,541,10722.712020472894,3066.7967988452488,13254.364226799164,18829.818768727146,19331.17828098625,85.69259259259259,0.9500924214417745,10382.02358197064,2498.144277840363,0.981042654028436,12683.35224688265
E01011573,346,11988.084821112194,3460.5412866138454,15032.854379826193,19306.6680751019,19427.38437241287,93.3757225433526,0.9653179190751445,11971.16768994938,3207.827491388253,0.9837251356238698,14984.166050759794
E01011574,529,10589.268980904264,3195.2787428786655,12043.02333561909,17832.272611913064,20135.408437834172,79.48393194706995,0.8355387523629489,11677.52108576005,2749.904395525054,0.9262865090403338,13566.63463629862
E01011576,416,17756.66700180534,5093.994652277464,18155.38912956697,27070.99049063119,32363.194831522444,154.91041162227603,0.7355769230769231,24658.11916771009,5510.843640816891,0.7915254237288135,25028.371863394197
E01011578,416,10898.423485273157,3273.2403593376057,12756.964642195497,17398.030857394577,18875.259230879594,79.68990384615384,0.8701923076923077,12457.02787143085,2871.242012282624,0.9331306990881459,14495.277138511412
E01011579,344,11171.718619597514,3230.2794257981336,14272.094340516605,18800.852917412267,18815.686672754116,90.26453488372093,0.9883720930232558,13140.98820968783,3092.935209545045,1.0,16233.923419232875
E01011580,412,12730.62474862247,3445.562121398507,15990.789422225504,22300.905141928666,22474.078775569422,103.80582524271844,0.9854368932038835,15187.82813006903,3099.579491759492,0.9983974358974359,18263.06815367136
E01011581,512,11158.56175329291,3247.913451951872,14232.12267784958,16423.017299624244,16451.085771970185,95.453125,0.984375,11515.50898842685,2719.656457986855,0.9960474308300395,14189.649600609646
E01011582,591,9705.08769609114,3083.7601932729085,11705.030989292956,14264.36645743346,15209.414782422473,70.39763113367174,0.8883248730964467,8345.7794151459,2505.56544802389,0.9108527131782945,10107.341271897094
E01011583,381,12209.166087608937,3539.744570161712,15236.189772201771,18765.741565663917,19011.140009022456,91.02362204724409,0.958005249343832,11785.70095817813,3156.808346240664,1.0,14942.509304418792
E01011584,542,11051.93894921629,3477.8785348001484,13591.830045522067,16491.68686380993,17386.638677386596,96.92435424354244,0.915129151291513,11099.77921760761,2841.490856245867,0.9273885350318471,13135.298844039931
E01011585,470,9949.685941437458,2969.021738357201,12749.351323344657,15651.793441780394,15767.31655114072,72.87659574468086,0.9829787234042553,9973.42077599907,2563.850422281138,0.9940652818991098,12478.08175747309
E01011586,570,10851.80016492404,3404.4559291205283,13209.152569358914,16580.099955269223,17799.849249062296,88.0421052631579,0.9035087719298246,13070.60599132383,3046.740654450261,0.9502617801047121,15467.237970812957
E01011587,603,11350.031433141736,3352.1330583215513,13045.775161253549,20163.349802397384,22060.37823653939,86.21724709784411,0.8540630182421227,12337.78164984321,2854.617156436018,1.0,15192.398806279227
E01011588,508,11855.333822629915,3490.430505154326,14668.983459956942,20256.36019693869,21063.647366076202,102.22834645669292,0.9429133858267716,13897.45484198808,3412.830783961011,0.9662162162162162,16840.777016422468
E01011589,561,12181.148105216473,3425.5523750970397,14390.756997439852,21478.620013804666,23155.3904017995,97.55971479500892,0.9001782531194296,13808.45076685794,3300.432580086675,0.9434482758620689,16327.991648405063
E01011590,381,13280.613612351006,3788.4737890570564,15953.65528698488,21458.792674967903,22487.90147556364,105.0761154855643,0.916010498687664,14835.08169130214,3701.486652750802,0.9873617693522907,18349.079159960656
E01011591,659,10057.369677550148,3122.348240269192,12035.100731451721,16206.347944037265,17492.674361515736,79.90881458966565,0.8861911987860395,10175.41412980397,2747.034030669164,0.9377162629757786,12288.685342699879
E01011592,596,10329.668853312889,3121.987979163496,12602.405534133548,17281.820747336176,17876.84826378455,84.10641891891892,0.9177852348993288,11192.31857075487,2736.0597526656,0.9646341463414634,13532.55242274743
E01011593,586,10545.875432984833,3083.9160733521003,13323.853140533618,15864.739422619117,15982.70237731307,88.84129692832765,0.9709897610921502,11203.40619055058,2788.217605274635,1.0,13991.623795825215
E01011594,427,10483.719793137172,3149.1162182755165,13460.971752508798,16691.33141617185,16785.40639917653,80.99297423887587,0.9836065573770492,10401.40912154085,2894.952751950012,0.9902120717781403,13194.553627603023
E01011595,571,14563.022601611528,4165.241125345061,14928.105464889833,21442.689731012604,27831.833397161627,106.66199649737302,0.7390542907180385,18909.5356158658,3531.227789844582,0.8350649350649351,19321.917921015633
E01011596,578,9794.339992069867,3073.4470075367776,11884.963955419704,14355.637949369286,15290.486285408084,72.00866551126516,0.8996539792387543,10361.65072740302,2819.774755973231,0.9841269841269841,13016.954836909534
E01011597,392,11679.404223831692,3371.3211720468007,14812.37020763703,20614.56333751885,20824.3956353668,86.24234693877551,0.9795918367346939,15157.62807933136,3037.372531882485,1.0,18195.000611213844
E01011598,547,10740.096120080092,3152.76847138085,13087.848246080168,19761.364067220264,20676.54682329384,83.71297989031079,0.9250457038391224,11169.30646073689,2589.006625105627,0.9690721649484536,13412.870617984676
E01011599,529,10539.802350331944,3200.1303212995176,13022.668239472767,17493.491477203035,18212.245747736553,86.10775047258979,0.9319470699432892,12612.28444436028,2808.342635942428,0.9816901408450704,15189.697928504564
E01011600,483,10622.128789370807,3088.197288391363,13204.510421125466,18059.97087734375,18627.48017837882,84.95031055900621,0.9523809523809523,11922.83041443503,2648.514241847346,1.0,14571.344656282376
E01011601,513,10496.081871668179,3483.1941079243957,12567.522277555334,14496.766141651447,15953.06117447783,86.30409356725146,0.8654970760233918,10768.07339421756,3493.930908735581,0.9069444444444444,13259.975250991229
E01011602,727,9613.044127072968,3036.77211742916,11446.532866835498,13763.478786706848,14765.506605005352,79.59559834938102,0.874828060522696,11304.55159727365,2738.785419350484,0.9334049409237379,13290.509735173044
E01011603,473,11361.926327407182,3195.3076222502536,14365.066062513128,19246.440314456428,19404.131393292544,91.76694915254237,0.9830866807610994,12753.42078854536,2850.161450943868,1.0,15603.582239489228
E01011604,468,11153.889252302506,3517.684848331649,12478.929204882379,17952.92599297577,20794.134274364063,84.57905982905983,0.8034188034188035,12516.16429835962,3169.620187591424,0.8769230769230769,14145.333495383704
E01011605,479,11596.439349562095,3474.9615192467463,14659.83621548409,18231.707966362905,18478.906529178545,98.79540709812109,0.964509394572025,13197.93286644625,3217.172919990209,1.0,16415.10578643646
E01011606,662,9718.591880847467,3088.6709478757084,12469.607823799472,14799.421572865744,14683.453831618433,87.49848942598187,0.9652567975830816,11723.14177693054,2797.583680099232,0.9843096234309623,14336.784947977514
E01011607,495,9848.975750820153,3019.755505055362,12450.895920992236,15160.059342466824,15520.254740790664,76.62828282828283,0.9575757575757575,10178.31609547289,2752.640271822705,0.9782903663500678,12709.98885368967
E01011608,418,10556.433121467764,3614.1018586527375,12276.438128182504,15573.483929156791,17311.706683460932,82.19856459330144,0.8205741626794258,11036.55172363022,3216.538013436948,0.8911222780569514,13051.455127291683
E01011609,496,9923.799678515057,4105.940653830236,9948.177561343133,12639.115945559783,15339.463303053126,72.67943548387096,0.5887096774193549,9986.499690142758,3376.763850869942,0.6943620178041543,10311.009926518029
E01011610,509,10726.286057281592,3288.805867231715,12371.378147562491,17118.366812869015,19023.337640694703,82.56777996070727,0.8467583497053045,11903.86935598317,3010.564817820024,0.9159663865546218,13914.109017838222
E01011611,451,9859.011924188773,3138.0376154090995,12472.401454940378,14488.050840898572,14726.863878808595,76.7450110864745,0.9467849223946785,9601.188921063684,2868.228610351911,0.9584,12070.008072299346
E01011612,602,9451.793173109103,3079.444354146578,10552.95523520959,13731.889056507958,15646.790313397954,68.50332225913621,0.7906976744186046,10284.98967626804,2565.983002785124,0.9316129032258065,12147.61209474064
E01011613,527,9431.730013100914,2999.650631840482,12127.131289680077,13533.220379835415,13759.01888331618,83.66602687140116,0.967741935483871,10659.64236541458,3141.770755804533,0.9856115107913669,13648.036972076457
E01011614,594,11031.955446850086,3810.9725691754566,12038.508365395302,14777.810029633434,17891.16683297316,87.74410774410775,0.7457912457912458,11881.18923433547,3392.320080617164,0.8470588235294118,13456.38625558368
E01011615,472,10598.120758526406,3083.5507367589694,13052.969416389738,17922.62345902278,18590.626343738197,77.78177966101696,0.940677966101695,10239.66595324443,2764.824878662386,0.9940209267563528,12943.267119181886
E01011616,578,8924.323446626266,2714.186119179984,11561.309535991144,13872.62569590957,13896.733894744624,71.93598615916954,0.9913494809688581,9119.767055033091,2776.390359845931,0.987546699875467,11782.586218676866
E01011617,480,10315.386480325727,3129.2996612667785,13294.253422087755,15606.116977238393,15681.482792390725,75.19375,0.9854166666666667,9024.92004774829,2737.645087087291,1.0,11762.56513483558
E01011618,616,10895.411886904434,2957.319226401433,13269.048333650271,19498.073787680736,20091.966083373416,79.81168831168831,0.9464285714285714,9858.134366354603,2742.112467130753,0.9619921363040629,12225.560206192717
E01011620,411,9708.039867630687,3003.5838163343824,12593.521009176377,14284.313636643297,14334.260054642426,78.38442822384428,0.9878345498783455,10305.80432942191,2898.291254883386,1.0,13204.095584305296
E01011621,466,9754.421726821918,3152.8866891179296,12384.00252930777,14599.127395100024,14646.972412447742,75.431330472103,0.9463519313304721,11147.89628101786,3175.441705454104,1.0,14323.337986471965
E01011622,580,9095.73292488881,2855.2643890748177,11841.22122693911,13287.317423601035,13378.815990322277,71.17413793103448,0.9879310344827587,9692.943623574383,2825.467464997201,1.0,12518.411088571585
E01011623,640,10152.414442243014,2918.387759063234,12325.234265704026,15676.245846767375,16373.579252505597,68.76682316118936,0.9265625,8837.033297290758,2547.591019603452,0.9699453551912568,11119.0304199811
E01011624,612,9112.382326050234,3022.3555390430674,10645.786504627578,11746.719046932581,12863.752303627774,66.140522875817,0.8366013071895425,9219.24899600244,2842.071973127694,0.8815958815958816,10969.723919410411
E01011625,659,10750.702632619492,2989.994402163275,12973.954965385019,17191.566970329208,17805.799551311407,71.88922610015175,0.928679817905918,9294.002517712375,2593.263313262019,1.0,11887.265830974395
E01011626,1292,9043.167785683225,3297.085814113576,7706.680013014839,9120.614178656977,15090.185222814232,69.37936507936507,0.48761609907120745,8179.56979564611,2859.303779401285,0.6367753623188406,8067.852299636081
E01011627,395,10873.378963471923,3251.872643165068,13437.063064645097,16739.11060444425,17317.152477444804,84.47848101265822,0.9367088607594937,10986.31583545968,2933.679949642978,0.9918433931484503,13830.384726085858
E01011628,347,11396.483014205187,3254.776562301134,14257.144890136113,18004.33111357633,18189.548925905798,81.88760806916426,0.9654178674351584,10910.81554884671,2553.375099053846,1.0,13464.190647900556
E01011629,425,10344.653145085636,3050.8416913453134,13152.091233017169,15920.418983555799,16006.955511003829,78.62352941176471,0.9764705882352941,10144.03247772565,2741.090480645896,0.9903536977491961,12787.270555049434
E01011630,611,10233.046867630606,3027.6363936008975,12858.730520113444,14433.922108160345,14732.178930752405,87.3355155482815,0.9607201309328969,9406.207625737785,2755.560954336112,0.9977220956719818,12140.34213901299
E01011632,441,9608.03598737585,2926.6918901072886,12273.284721364069,14100.886608696375,14244.873235884706,72.41136363636363,0.9727891156462585,9688.072042783157,2552.2580493497,1.0,12240.330092132855
E01011633,417,11123.442442072459,3254.028802765496,13790.62296252238,17773.565234769594,18076.516186848887,90.67625899280576,0.947242206235012,11721.06081379445,2931.434240809737,1.0,14652.495054604185
E01011634,439,10774.67283789739,3110.0586009442095,13712.925721608612,17276.604342523973,17394.896829042882,88.35535307517084,0.9840546697038725,11865.90958752939,3002.773988740101,1.0,14868.68357626949
E01011635,634,11289.065732202682,3342.786039557546,14418.17860332737,18196.424500697816,18334.834366027007,105.59715639810426,0.9810725552050473,13100.14181020845,3531.511893312515,1.0,16631.653703520966
E01011636,630,10820.37600864555,3359.184887571784,13647.12969579192,16227.29228242723,16368.862546431781,100.72698412698412,0.9507936507936507,11386.4566926122,3062.896485708747,1.0,14449.353178320947
E01011637,532,10909.646945185272,3169.535597521314,13915.127701425605,18021.39706599019,18135.754742891062,96.44736842105263,0.9849624060150376,10730.02451240685,2874.720549143985,1.0,13604.745061550835
E01011638,355,11710.491951077474,3438.0017723173596,13861.988973839845,17853.537644356467,19175.18540640202,87.06760563380281,0.8901408450704226,11618.09145958384,2901.765389568286,0.9614147909967846,14071.570361965612
E01011639,439,10155.551043996316,2994.835250319689,13011.58605225683,15957.496311767449,16045.304856250392,78.77220956719817,0.9863325740318907,10656.72438647538,2735.200785283871,1.0,13391.92517175925
E01011641,424,16058.302882777074,4344.28773040448,18736.162955534874,29156.436144907428,31485.99790405217,125.00471698113208,0.8962264150943396,18721.69350883009,3942.86450058242,0.9263322884012539,21285.3736913639
E01011642,341,12749.431983363256,3640.475818988539,16053.412530063615,23174.008338793905,23424.259625882558,109.73235294117647,0.9736070381231672,15395.87848106469,3424.201350927305,1.0,18820.079831991996
E01011643,518,15055.909780920478,4178.144924599263,15542.740917533447,22579.092940979303,27926.676809528777,111.16409266409266,0.7548262548262549,18016.80508995776,3977.88988260556,0.8562783661119516,19405.290307592084
E01011644,453,11663.434036993052,3647.3979070261794,13766.006243755251,18741.81774361459,20583.754972869552,99.6887417218543,0.8675496688741722,15417.6200308396,3858.513271421427,0.853195164075993,17012.752123294937
E01011645,495,13564.35607910862,3748.88635866765,15203.231492137153,23159.46386725685,26174.870005421217,104.35425101214575,0.8444444444444444,16342.7303392459,3833.909235585519,0.9330218068535826,19082.033025629593
E01011646,456,11609.796594141642,3394.940770683771,14597.376080820442,20475.413020921857,20759.28265499914,94.41008771929825,0.9649122807017544,13258.90077327554,3044.287621309028,0.976083707025411,15986.084639169905
E01011647,381,12956.994892982191,3735.9560600253953,15536.683692216526,23866.50693947523,25233.9301952321,104.1732283464567,0.910761154855643,17349.09182180194,3645.160450359896,0.9168278529980658,19551.29105680887
E01011648,385,12495.819852690582,3550.7901272464037,15754.499905458502,23281.88086005966,23495.008388096467,100.8051948051948,0.9766233766233766,15524.54925245763,3327.378060682026,1.0,18851.927313139655
E01011649,408,15435.128241090983,4279.151384166404,18390.187741830465,27348.232266414674,28239.249283085883,130.52334152334151,0.9142156862745098,18860.37695374945,4519.35989931087,0.9124820659971306,21729.115627552834
E01011650,416,15378.63814645964,4394.477520931033,18183.496820521046,26089.749735467,28038.304702793255,132.53605769230768,0.8966346153846154,19802.87449767039,4578.115438370844,0.9421221864951769,23234.84285900565
E01011651,498,11078.014736742023,3306.540744957997,13694.960186842583,18933.315905933887,19712.42131560709,93.4859437751004,0.9377510040160643,13228.75239343534,3028.829365435095,0.9577039274924471,15698.057488453229
E01011652,333,14265.855158145558,4074.0281430223067,15683.778136588211,22258.87410516624,25163.764030357554,110.67267267267268,0.8138138138138138,17520.42048686281,4234.41890999618,0.8525519848771267,19171.488171952944
E01011653,589,14098.743402146567,3951.634563114005,13789.637174798621,20773.98886110415,27280.910020850522,96.79626485568761,0.6977928692699491,16185.41509473352,3978.10304955217,0.8195266272189349,17242.48169227757
E01011654,346,16106.921027479744,4326.69789381404,19921.549177645586,30480.703000267404,31041.467246676813,135.01445086705203,0.9682080924855492,19689.50089373144,4168.04080612883,1.0,23857.54169986027
E01011655,623,14347.862188937866,4180.339298539667,15257.902240560714,23470.367816942897,27807.203065087877,117.32263242375602,0.7720706260032103,17901.09582316548,4259.721582273931,0.7690322580645161,18026.241724992156
E01011656,487,9616.687913798078,3043.955047026844,12502.668621378545,14266.215657568608,14336.804667347316,75.25872689938399,0.9835728952772074,9484.498809859637,2772.603109060095,1.0,12257.101918919732
E01011657,480,9392.951281944292,2993.154705294646,11799.04653211742,13427.57209444522,13897.518706578332,68.70208333333333,0.9375,9781.094228124011,2653.923569433328,0.9952755905511811,12388.807903566201
E01011658,867,8911.45309565345,3555.166622552261,9526.970830827526,8903.018028340553,10603.178309807176,73.46943483275663,0.6701268742791234,8221.512163379966,3273.522059744559,0.7423887587822015,9377.080270028984
E01011659,541,9488.098637598361,3092.754280960235,11598.720712078913,13986.719366513385,14419.795249822253,71.24444444444444,0.8964879852125693,9602.35619108421,2841.630906362454,0.9146341463414634,11624.273764061427
E01011660,693,9444.799296569177,3098.71497909938,11671.267298784824,12823.42207161385,13317.811000169062,80.56277056277057,0.9076479076479076,8695.793447706314,2998.328223929725,0.9230769230769231,11025.214483350937
E01011661,862,9084.585301660534,3316.4225100100443,8111.6502504457085,9932.509877857938,13484.0238783413,64.41647331786542,0.5278422273781903,9309.071727048198,3083.240729262566,0.6403995560488346,9044.76613049099
E01011662,640,8733.37810187118,3008.706953602101,9845.304498973133,10171.01225134563,11134.52566794454,73.2,0.7828125,9260.457643837624,3217.621739397324,0.9041994750656168,11590.922679822683
E01011663,532,9035.060216365375,2938.70903235157,11922.819661030673,11836.510531195992,11813.786622795049,80.56954887218045,0.9943609022556391,9133.611377996996,2875.007389251066,1.0,12008.618767248063
E01011664,576,8771.537078924408,2917.456665507661,10744.835239408956,11365.079581006994,11888.218056326246,75.55239786856127,0.8923611111111112,9361.09567914972,2990.93078264731,0.9256965944272446,11656.4651729438
E01011665,434,9555.8640059944,2947.9361153154105,12305.637042844488,15436.843412331127,15549.907971428816,71.49308755760369,0.9792626728110599,10068.40597106296,2697.97669250646,0.9906976744186047,12672.723073140927
E01011666,335,11292.913506408262,3265.4566727461424,14423.529420868932,19656.237325896327,19674.200456437484,83.92835820895522,0.9880597014925373,11574.94236874053,2704.568478701042,1.0,14279.510847441572
E01011667,545,9505.324834565587,3313.76180778444,10830.816860440895,11668.177915478791,13490.909403029336,70.38165137614679,0.7908256880733945,9421.917909749149,3590.791083167156,0.8515007898894155,11613.561625591787
E01011668,543,11444.610826038903,3156.697589456201,14095.469262962995,20806.11834143884,21435.248095929328,99.35911602209944,0.9558011049723757,13612.96742684869,3170.408108022224,0.9546218487394958,16165.644239871059
E01011669,498,11454.839031374604,3257.9814639104616,13056.69918954416,19002.585813795245,21293.825129801004,86.5421686746988,0.8554216867469879,12578.01438000275,3362.147114816078,0.8809073724007561,14442.212712323228
E01011670,945,9319.282464668757,3470.59013864908,8943.81952266089,10106.29842161348,14029.196417021192,69.50741525423729,0.5873015873015873,9809.174804737742,2984.223767347854,0.7865296803652968,10699.430891165553
E01011671,601,9180.787751415723,3215.3472715308158,11174.066769846277,11656.546786544264,11850.286042225374,74.47920133111481,0.8668885191347754,9752.760928001571,2917.232212838278,0.9449404761904762,12133.010768315953
E01011673,827,10836.429993285037,3058.7409727981185,12178.638524583348,17333.667780521235,19407.530795026105,70.50906892382103,0.841596130592503,9686.917431805425,2716.159946000027,0.9051094890510949,11483.88083318158
E01011677,772,10660.038914874516,3419.3265554702207,8928.854440230494,11884.53286208233,19190.097450939116,72.55181347150258,0.5168393782383419,9561.33638088344,2463.72802956984,0.5158636897767332,7396.074294208888
E01011678,1155,9454.362555299631,3603.7197475756598,7868.414891567962,9717.43702805739,14005.081875323182,63.891774891774894,0.4510822510822511,11625.11571560076,3498.607868934943,0.6893081761006289,11511.895179814459
E01011681,679,9192.168281666327,3199.5588294057,10279.829832809954,11833.678494953207,13767.805164381345,73.77548005908419,0.7702503681885126,11199.73966994876,3718.723327780514,0.7055427251732102,11620.618175746671
E01011684,530,11427.053544505936,3424.545276112391,14355.707817743543,19003.439821345437,19446.529832923243,97.43289224952741,0.9566037735849057,13685.77755305568,3125.66898966357,0.9894578313253012,16667.16876731053
E01011685,742,12358.472803514542,3695.834529163562,14655.2349398274,18246.350509856366,19754.077679792328,112.9365721997301,0.8867924528301887,15238.33963068208,3440.196680106009,0.9354838709677419,17695.417624937632
E01011686,793,9033.542392516134,3348.621757757989,9625.395853945112,11145.678825245872,12169.735808678312,64.99747793190416,0.694829760403531,9580.748197019357,2820.791320651005,0.812007874015748,10600.434295592904
E01011687,409,14645.439999112896,4030.530813879515,18031.42822134441,26711.37166173205,27314.021656575133,123.40097799511003,0.9559902200488998,16536.30453741893,3416.7646042594,0.9801324503311258,19624.53328994153
E01011688,468,10244.682123411367,3061.186137053652,13218.306874794836,17367.167245442382,17438.6074609674,84.56837606837607,0.9914529914529915,11154.18929475084,2784.906847375562,1.0,13939.096142126402
E01011689,538,10282.020777187126,3134.515986880319,12136.062057614774,16104.115368543784,17506.157713154334,77.06877323420075,0.8754646840148699,10890.76914149994,2425.958902453351,0.9300518134715026,12554.93849260485
E01011690,560,13463.18733244653,3945.6213634941646,13009.231406944775,18324.90700232608,24142.793327024956,94.65178571428571,0.6732142857142858,15980.98000323282,3650.634151999253,0.7422096317280453,15511.87143485194
E01011691,598,9606.646610036616,3063.787827476784,10919.390155750874,14331.319339637877,16636.000987338746,76.70252100840337,0.8177257525083612,10501.6814591286,2755.419080921155,0.8814285714285715,12011.901167038792
E01011692,587,12017.370524265601,3636.707420043527,13852.49599177868,19116.464502220966,21075.59039448402,96.50596252129472,0.8500851788756388,12512.81450860593,3240.250660002847,0.8998628257887518,14500.06728228747
E01011693,696,10594.993353056734,3031.121798866883,12697.530964371232,18893.874495127868,20168.422912209237,79.87787356321839,0.9123563218390804,10469.35232008667,2595.756258744553,0.9479695431472082,12520.383394664277
E01011694,578,13786.770940077968,3830.536498105001,15661.398758102701,23309.954890682893,26162.27583616853,110.72318339100346,0.8581314878892734,16905.23564073128,3725.242596077872,0.8961038961038961,18874.090118291617
E01011695,639,9932.054768699978,3214.4791494479537,11483.419895846057,14170.116677818723,15508.671295604456,74.86541471048513,0.8325508607198748,10658.54552721412,2899.675518515663,0.864,12108.658854028663
E01011696,478,17233.225963109482,4642.364830679671,21046.376992216938,29954.78191801778,30735.734054136785,155.64644351464435,0.9518828451882845,19060.16851090815,4310.029216530988,1.0,23370.19772743914
E01011697,619,11070.33563504768,3584.7805189421447,13760.904874906817,15873.34477324157,15868.66801780773,116.5718901453958,0.9192245557350566,13200.19875557302,3829.633499820947,0.9745145631067961,16693.41942303106
E01011698,365,12214.596880671863,3480.8673889173333,15427.747077684062,19364.458416112822,19526.154329423633,95.07123287671233,0.9780821917808219,11525.14105775345,2977.526239386622,0.9906976744186047,14395.456682649341
E01011699,354,11909.81004832816,3372.084993205654,14911.81619822418,19482.47252336367,19857.1934218134,95.6638418079096,0.9689265536723164,13322.22255129021,3067.175969040826,0.9965870307167235,16343.930183978508
E01011700,476,11798.690038418035,3763.9503351114904,11720.62996185979,14185.589509220697,18697.66459087801,90.33403361344538,0.6743697478991597,13410.90421036137,3470.028523907102,0.8265625,14554.97903528392
E01011701,442,11637.392615913783,3427.089977494641,14985.495765698603,17383.078179712564,17396.16474010311,106.6447963800905,0.9932126696832579,12208.77906374206,2986.762926401297,0.9925149700598802,15104.15891331894
E01011702,514,15675.563621489015,4584.288599856136,19741.39972802742,25353.612465359853,25864.11142029896,178.25097276264592,0.9669260700389105,19475.00190183085,5276.308280349533,0.9676945668135095,24122.16180943401
E01011703,312,15641.702096902154,4384.510174567368,18421.93513332571,25308.14416458907,27021.19603738783,130.22115384615384,0.8974358974358975,17868.69806220274,4203.434695316973,0.9458041958041958,21103.72429610663
E01011704,1027,9733.23484832719,3534.2099473673434,11059.22306282186,13728.904987322268,15111.829719194553,88.87231968810916,0.7731256085686465,11343.2204567752,3549.241577015983,0.8569144684252598,13269.411304964035
E01011705,461,9992.491756026526,3015.101041861809,12790.835926824853,15198.778606314287,15282.665228357571,75.353579175705,0.9783080260303688,9344.984762810938,2552.70301695816,1.0,11897.687779769098
E01011706,434,17374.359407710544,4906.914803110822,20319.652987370173,29998.763521432407,32025.56600805259,168.66129032258064,0.8870967741935484,21371.22384568383,5688.011454732035,0.9405320813771518,25788.33309989007
E01011707,391,11312.497653455326,3289.1864759428963,14283.42971971022,17983.836237517546,18098.258339887147,91.01790281329923,0.9718670076726342,12354.57581535438,3056.922225029989,0.9934959349593496,15331.143075731656
E01011708,392,15381.061403943237,4288.532425011893,18727.89619197901,26313.239211329976,26991.759638007054,138.32397959183675,0.9387755102040817,17611.57738306699,4302.251466378262,0.9521604938271605,21071.299684514575
E01011709,639,13133.826403135217,3786.19438203312,16118.425746479335,19311.964888504175,20194.11589051695,122.61815336463224,0.9389671361502347,15843.81253158759,3810.346360445564,0.9875565610859729,19457.007378631046
E01011710,465,12629.501857410874,3522.6498710021588,15799.068880786494,19771.909615678105,20093.14356683515,107.61075268817204,0.9720430107526882,14002.56318137536,3611.802180319607,0.9863842662632375,17423.710189785168
E01011711,494,13715.45728449454,3824.659405127123,16651.66601532242,24630.28845888608,25592.580590259397,120.1497975708502,0.9352226720647774,15476.86189520506,3521.165678981431,1.0,18998.02757418649
E01011712,406,12931.855719890593,4041.589078226561,14903.073808479498,21719.284908263955,22781.480213042858,119.10344827586206,0.8399014778325123,15780.07212934606,4089.321957595278,0.9130434782608695,18497.21390178081
E01011713,465,17242.97100207036,4849.97391502766,20238.862013649592,28082.6529625202,29500.500822381357,163.16559139784945,0.8924731182795699,21576.245192119,5513.279299228499,0.9083215796897038,25111.44841590641
E01011714,491,9404.787849327577,2969.7914720520776,12221.344488804052,14364.572463008179,14445.612961689763,86.19755600814663,0.9837067209775967,10139.42986275904,2776.977429937019,1.0,12916.407292696058
E01011715,367,12129.118402625529,3712.165946404096,14882.852649639597,18418.50513215898,18886.797170957245,109.64850136239782,0.9209809264305178,13293.2395142356,3338.32874081676,1.0,16631.56825505236
E01011716,416,13462.822651430219,3755.0846269956096,16926.644288370848,24743.07024939682,25116.98397156108,116.48076923076923,0.9783653846153846,15758.32491291228,3448.002379794371,1.0,19206.32729270665
E01011717,523,9844.50044370062,3128.659821618079,11862.595205704289,14558.005695515147,15528.808133063529,80.8604206500956,0.887189292543021,10594.31983536683,2830.006394900307,0.9329758713136729,12714.251174277402
E01011718,673,8714.882402856107,2894.5221437613045,11389.26635813516,12008.135880668946,12169.974687116304,82.05646359583953,0.974739970282318,8608.03869227413,2632.149524527136,0.9711649365628604,10991.97487504019
E01011719,403,11978.646277139438,3442.0288683913595,15034.267201106946,20276.371957271742,20399.527986400175,99.49627791563276,0.967741935483871,13492.24449772871,2929.381404346554,0.9938931297709923,16339.230515829591
E01011720,597,9113.812209117223,3090.5022614948375,10998.299119656851,12726.072709392312,13438.380061581136,78.78559463986599,0.8676716917922948,9188.748596253225,2904.398084286142,0.8393574297188755,10617.042488370174
E01011721,583,9448.79620268727,3583.237363893386,10309.224369236812,12870.484548727703,14002.293701135603,80.8164665523156,0.7118353344768439,7857.833097732422,3892.203298294518,0.69164265129683,9327.015815458153
E01011722,671,9132.275960348756,3131.527426256669,11079.737800092247,11994.504434655692,12809.70497665887,73.58718330849479,0.8703427719821163,8790.814495594024,2804.754744419638,0.8917410714285714,10643.88508145047
E01011723,683,9400.462423925774,3375.5784537638156,10450.011376015424,11657.656499376042,13214.77688976749,74.51244509516837,0.7525622254758418,8402.272783801254,2826.52879185976,0.8206724782067247,9722.042819910852
E01011724,601,9288.68462359031,3102.8174398369624,11541.45604962117,12538.278558276126,13241.001268405524,71.70666666666666,0.908485856905158,8638.101760759813,2733.819292812495,0.9292343387470998,10760.640070502299
E01011725,596,9376.652810640584,3653.8214101354715,10544.71726761966,14523.670633278516,13757.205311191885,67.77181208053692,0.7348993288590604,8670.586753375177,3104.263007943376,0.7817403708987162,9882.410712436382
E01011726,507,9729.821024242752,3203.124591919703,12011.779128660184,15108.600494468692,15357.413144021895,75.49704142011835,0.9053254437869822,9459.519057977468,2939.205812755773,0.9503649635036496,11929.201297052608
E01011727,479,10083.486025264492,3037.563641894364,12826.334000449666,15854.588527118201,16031.82507109441,78.92066805845512,0.9707724425887265,10582.90683959115,2878.285873625035,0.99568345323741,13415.511100958956
E01011728,445,11103.351881422268,3372.883657280797,13952.257135310103,17762.966091122344,18155.98761664144,96.12584269662922,0.952808988764045,12557.63447053204,3081.93041624421,0.9732262382864793,15303.34977377673
E01011729,738,9695.666538698028,2938.6595162456756,11557.029772866146,14589.437474353183,15606.246749087975,71.15760869565217,0.8888888888888888,9331.444209754474,2510.676691731292,0.9796407185628743,11652.139402604538
E01011730,731,9165.245274917166,3200.1752814072665,11099.087077847505,12549.363610882598,13183.290041196613,80.36114911080712,0.8618331053351573,9207.434829302709,2951.690685928341,0.9083710407239819,11315.45784422028
E01011731,396,10733.802847905505,3606.2903420109315,12632.442736840563,15212.260011403276,16140.303193081374,77.80050505050505,0.8409090909090909,10601.82096384303,3173.851129941762,0.9248826291079812,12979.291176313016
E01011732,557,9668.048255226446,2968.2835104528963,12375.971399739672,14874.799060223055,14954.617297188495,77.8491921005386,0.9730700179533214,10128.67844261476,2600.477667007778,1.0,12729.156109622538
E01011733,505,9861.574473195175,3122.972148870989,11715.235056209358,13804.217735484639,14830.970286060958,70.4019801980198,0.8712871287128713,9731.549333631629,2830.108387928721,0.9315245478036176,11895.28548036852
E01011734,1033,10159.153789046944,3593.1232230227783,11598.497070345345,11764.289973472227,13714.837320273997,86.1055179090029,0.7879961277831559,10692.91404711002,3192.492931970286,0.8696629213483146,12491.723799906415
E01011735,588,9375.723890212195,3319.47760169926,10590.447149210759,12317.984441451503,13785.334903067187,73.16326530612245,0.7755102040816326,8720.47345772844,3106.380732363641,0.8381962864721485,10415.849200910556
E01011736,416,10607.796351918003,3384.7586565876463,12768.578506361266,16809.590055729117,17739.89201789465,81.49038461538461,0.8846153846153846,10725.8923397686,2791.210977245046,0.9789156626506024,13290.954984548644
E01011737,593,10398.869467930495,3249.540746058145,11509.013797314912,15628.534789888248,17567.30850676846,72.46037099494097,0.7942664418212478,9255.661308641902,2745.633458062387,0.8716302952503209,10813.1482572509
E01011738,406,11389.625344443943,3298.773390849808,14435.919355737109,18129.129598299663,18355.303796316566,90.79802955665025,0.9778325123152709,12541.84225839248,2964.307249859832,0.9770290964777948,15218.052059744063
E01011739,551,9206.46704569783,2917.2515789438694,11873.088850257911,12937.453313933605,12968.270049000608,71.99092558983666,0.9727767695099818,8427.374664226769,2574.027202975581,0.9817708333333334,10847.777849885717
E01032487,333,9481.580829310724,2939.2322151984167,12136.080887472783,14007.270159440288,14227.760405742085,75.92792792792793,0.96996996996997,9746.92397581138,2651.708746861923,1.0,12398.632722673303
E01032488,526,12350.992846662559,3522.1858921889193,14229.510489295622,17169.284367932178,19430.609062461026,100.06844106463879,0.8669201520912547,12293.90084631777,3340.726307109531,0.9973890339425587,15602.528195604018
E01032489,838,9407.981082569462,2981.687993259967,11502.759164704146,14527.949868959635,15436.518248927185,73.61933174224343,0.905727923627685,9649.317138499166,2793.267595758649,0.9354518371400199,11819.739040114373
E01032490,395,9690.889674423745,2926.6891732342765,12470.37546019842,15962.852827967732,16066.16719692904,76.77215189873418,0.9848101265822785,10555.8179750719,2897.834876870093,0.9915966386554622,13364.948499210295
E01032491,300,10721.583855792585,3176.712090591251,13540.909817857417,17327.510083480178,17773.92877331826,84.87666666666667,0.9666666666666667,11050.57590696698,3004.436878297107,1.0,14055.012785264087
E01032492,861,9837.13502583812,3455.4496821740113,10550.526164224504,12865.860272139309,15702.700912709175,67.0952380952381,0.7212543554006968,8583.742649438353,2935.832883657565,0.7946666666666666,9757.047042411243
E01032493,457,10039.688503446043,3042.2980132219272,12422.926002218557,14525.017089701634,15063.03407964704,68.24070021881838,0.9343544857768052,9420.6136046115,2579.869421625703,0.962852897473997,11650.534526808842
E01032494,498,10023.672030060798,3063.123642086223,12563.471429613726,15894.657473493839,16435.821344178694,80.9839357429719,0.9477911646586346,10572.64211535858,3022.861055173873,0.966804979253112,13244.544096163703
E01032496,719,9748.73980452394,2946.3512547588743,12518.82733541799,14713.452357271162,14778.978530175335,85.06954102920723,0.9819193324061196,10319.29810795498,2778.559117700018,0.9833159541188738,12925.689582560859
E01032497,535,9412.50156068729,3209.708124029077,11496.228189606112,12557.975448534868,12951.550081731584,71.27410207939508,0.8803738317757009,10171.15588288592,3049.373867702495,0.9319620253164557,12528.50490412624
E01032498,476,11163.07162162415,3273.8721709761458,13874.099845291517,18743.81742435594,19123.477913741986,88.39368421052632,0.9495798319327731,12356.16936894689,3042.834902971964,0.9904632152588556,15281.166144422084
E01032499,510,11109.532997768747,3287.382348476256,13874.113793408827,17981.299003543256,18615.49768089414,92.04705882352941,0.9529411764705882,12434.65237558446,3077.31084852852,0.9418132611637348,14788.4313538151
E01032500,627,10966.5699721156,3095.3664157353455,12085.505116959299,16659.063555653232,19258.773139275676,75.38915470494418,0.8197767145135566,10099.8338852798,3018.681873574629,0.9067103109656302,12176.305396397885
E01032501,350,12407.394208742759,3506.87645449379,15524.323988104634,19353.637580450162,19662.903625455605,91.95428571428572,0.9685714285714285,13527.05531522864,2852.328331835177,1.0,16379.383647063816
E01032502,635,9476.19683725491,2978.299475403958,12111.263986270107,14370.266565372109,14561.571794441457,73.1259842519685,0.9637795275590552,9588.72085136245,2541.608035289553,0.9692307692307692,11835.291321994697
E01032503,383,16150.715918278382,4726.322068289088,16997.49264849538,25576.605058393405,29907.20036712378,146.46736292428199,0.7597911227154047,20754.52877484861,5198.644996693047,0.8275862068965517,22374.806741395347
E01032504,750,12439.30105513249,3735.3217306318215,15859.493825700956,19082.05830485517,19249.64104938701,121.54739652870494,0.9746666666666667,15669.13930424558,3555.350259951609,0.9890547263681592,19052.98654693679
E01032606,695,10216.794262151809,3911.902153378204,9027.649496153497,10886.114012254555,16398.07969854475,72.25755395683453,0.5007194244604316,10430.32317485318,3718.164042210206,0.6223404255319149,10209.375805283727
E01032607,627,10474.512902876459,3337.239423444076,9601.900250523297,12181.18054099875,17278.79011557619,64.29186602870813,0.5980861244019139,10263.69908864126,3041.013310721366,0.7597955706984668,10839.326417252887
E01032608,482,12024.626897027452,3397.2403504312097,12552.920996093191,19824.894670733484,24073.888196546905,84.49064449064448,0.7614107883817427,13135.88493214468,3284.000078331189,0.875717017208413,14787.318049501864
E01032876,503,14327.531384771743,4125.607403847783,18111.328894748232,21272.093709246237,21474.184250204537,136.77335984095427,0.9761431411530815,16722.48579771952,3920.938585756265,0.9905660377358491,20485.6650834973
E01032946,872,12381.193634523544,3495.0751148873733,13561.89425121443,18051.1823233215,21071.247828738997,92.7190366972477,0.8130733944954128,14297.50214111515,3378.056045694247,0.8551810237203495,15605.00856337699
E01033002,1290,7560.434603117057,3983.7585962503117,5859.215241984775,5378.630738694751,8628.756868380966,63.92325581395349,0.24806201550387597,8716.614593174401,4442.274585728276,0.29232039636663915,6990.318818580248
E01033003,1293,7292.850218070501,3463.4574421729053,3892.1168517424016,3218.5458537667305,8404.750146983592,51.83810999225407,0.05877803557617943,9851.069080312966,3368.149788271455,0.09466911764705882,4300.741805984906
E01033008,1010,7842.52219097154,4464.284265473414,4984.530787052714,4492.636472850977,7375.941199269863,53.370039682539684,0.06633663366336634,23413.69649718673,5208.706237515232,0.146163215590743,8630.927406409759
E01033010,1411,8238.841757943781,4167.980927844382,5014.637238901681,4698.913779050012,10009.556671685918,52.110559886605245,0.10276399716513111,19728.15946079899,4914.144104656062,0.23864836325237593,9622.237069957617
E01033011,1531,7274.167717932634,3818.6777884756434,4455.345635766938,3708.4192955639237,7986.667417302,54.2568988173456,0.08752449379490529,11632.65560996825,3502.543883425465,0.09924550203134068,4657.032629394455
E01033013,1553,9145.420156364673,3396.96950016245,5581.741475700952,5008.287852743255,13631.542527420488,57.862757731958766,0.23889246619446233,9838.752996263123,2692.387288267155,0.20266666666666666,4686.374562176481
E01033015,1550,5448.375660936094,4229.092634187089,4253.69820168809,2951.874122020158,5179.625292740047,61.07806451612903,0.004516129032258065,27791.54509239644,4016.875023395179,0.0032397408207343412,4106.912426502295
E01033016,877,6836.503090294873,4547.164519820865,4609.527147782506,4162.036524207308,8859.934897722327,60.620296465222346,0.009122006841505131,26407.59362089871,5054.792132639482,0.06907894736842106,6879.000902504195
E01033021,1039,8637.016775964847,3653.2994065079847,6936.862088419548,7086.220661656866,12212.706983970162,59.712223291626565,0.3801732435033686,7966.015193495546,2881.806879228433,0.47562097516099355,6670.610793706075
E01033031,903,8826.846697925399,3986.2066022315194,5393.810062365802,4846.480055017698,13382.10961805052,51.4561797752809,0.15946843853820597,11223.85279389876,3752.786445097097,0.2671009771986971,6750.688494281782
E01033033,636,7770.074405240314,4555.291540929771,4726.330914630029,4056.2681770046092,10599.004683840749,59.007861635220124,0.0220125786163522,12459.26165220124,3403.300188209723,0.0055762081784386614,3472.7756249320346
E01033034,994,10138.578084131936,4830.416065675257,4891.614726142855,4065.316179930677,14838.858262004933,57.24672708962739,0.006036217303822937,16304.34943517001,5236.042081918762,0.017733990147783252,5525.183254168082
E01033035,739,8689.132010972196,4564.048845154099,5786.876624776707,4278.922030353208,12646.553708332869,56.56833558863329,0.14073071718538566,10118.64479153088,2685.410732395959,0.17205692108667528,4426.393600796486
E01035040,498,12942.240287088747,3556.025839430544,15822.566834422289,23574.148529027367,24541.64100708899,114.35742971887551,0.9477911646586346,18082.70625105196,4305.783521270832,0.9979338842975206,22351.128808994174
E01035041,456,13468.290216723155,3694.051941556907,14563.19843224577,19800.46247981942,23515.78566630293,101.58114035087719,0.8070175438596491,17178.68205967504,3744.49640690329,0.8463302752293578,18283.335122545697
E01035042,591,8406.006186794615,3149.2709610848815,7786.0865565079675,7682.46680601962,11359.402243228884,57.131979695431475,0.5516074450084603,10550.77766660832,3035.554463701922,0.8315334773218143,11808.879305266077
E01035043,568,10125.70849275931,3233.9631019711705,11452.187776552231,13195.502224071904,14818.428469512124,78.87323943661971,0.8116197183098591,13376.37153020896,4434.658711269818,0.7702970297029703,14738.437969193155
E01035044,758,10583.100982947624,3242.1103113396935,9580.801401390117,11677.242164534624,16178.089883690984,69.08575197889182,0.5989445910290238,14623.9482377478,3590.846250498449,0.8445945945945946,15942.15388373139
E01035045,775,10379.616832819373,3439.2535647283357,6867.875383053187,7670.478668981875,15623.508592276585,54.215483870967745,0.3303225806451613,11614.29594309993,3290.212479543065,0.6774941995359629,11158.830612687334
E01035046,1285,,3777.8081000356474,3777.8081000356474,2627.928544643626,,50.93540856031128,0.0,,3928.63721102025,,3928.63721102025
E01035047,681,7494.307100351583,3204.309367699952,6978.975058479091,5213.375503813147,7366.415901711247,65.66813509544787,0.5036710719530103,7768.55957120139,3202.069557708465,0.5613540197461213,7562.98170063957
E01035048,623,9276.474326784179,3369.114554548384,10933.238082648484,11255.010454041241,12743.71216777034,79.30176565008026,0.8154093097913323,9593.75192350844,3206.164438614658,0.8598901098901099,11455.736834378784
E01035049,661,9489.367363752935,3871.4727177731293,9972.805742879027,9943.307310402568,12945.123185499357,81.85022692889561,0.642965204236006,9834.42683053779,3585.672737888655,0.6961394769613948,10431.80548791434
E01035050,509,9797.172204594797,3378.0586119369405,12097.34939520107,12002.713005598554,12845.082623732238,91.42632612966601,0.8899803536345776,10301.02521998436,3196.517701887163,0.9445350734094616,12926.197314237806
E01035051,488,10158.874650592972,3166.2859560385964,13096.169579671481,14251.667081348123,14448.725669191332,89.51024590163935,0.9774590163934426,10764.81810925844,3276.961091729806,0.9865546218487395,13897.04215077973
E01035052,472,8744.293673420576,2747.683762372096,11417.873252119616,12966.145298775436,12954.529540760703,82.37021276595745,0.9915254237288136,8609.620889015063,2765.559491685665,0.9884105960264901,11275.400006159161
E01035053,538,9351.902600540114,3137.0033977621306,11880.510847709484,12637.524815013403,13092.72272934279,91.52044609665427,0.9349442379182156,9570.701064986526,3177.189603049211,0.9410876132930514,12184.057825838647
E01035054,1649,6331.620790563414,3965.269900589328,5132.530495089799,3862.80526245852,5751.291379698703,56.837477258944816,0.18435415403274713,6554.424260667681,4047.894546770527,0.20993788819875778,5423.916534413805
