geography code,hh_size,pct_1person,pct_5plus,pct_private_rent,pct_social_rent,pct_owned,pct_overcrowded,pct_underoccupied,households,pct_flat,pct_pre1930,pct_FG,mean_tfa,imd_quint,epc_coverage,gas_share_gap_pp,ratio_total,ratio_gas,ratio_elec,log_ratio_total
E01011264,2.2369337979094075,28.222996515679444,3.6585365853658534,6.282722513089005,19.720767888307154,73.47294938917976,1.7482517482517483,41.95804195804196,574,0.0,8.895705521472392,1.8404907975460123,82.86196319018404,3.0,56.79442508710801,-1.533742331288357,0.958861982750407,0.931705943867058,1.1338531020272036,-0.04200813233865832
E01011265,2.0980176211453743,37.77533039647577,2.5330396475770924,22.967032967032967,11.098901098901099,65.49450549450549,1.4285714285714286,34.72527472527472,908,31.76178660049628,41.811414392059554,1.8610421836228286,87.56327543424318,4.0,88.76651982378854,-12.00418306438442,0.885426242122993,0.9308465202532844,1.1648936007275428,-0.12168612040297008
E01011266,2.2965879265091864,27.20909886264217,3.5870516185476813,16.856892010535557,2.370500438981563,77.52414398595259,1.0526315789473684,47.280701754385966,1143,39.56043956043956,7.9120879120879115,0.6593406593406593,115.82747252747252,5.0,79.61504811898513,-4.750249750249758,0.8108516019914958,0.8022119570121459,0.9907752106131388,-0.20967022312468578
E01011267,2.3069444444444445,30.138888888888886,4.861111111111112,13.379310344827585,28.13793103448276,57.37931034482758,2.351313969571231,30.70539419087137,720,23.39688041594454,11.95840554592721,1.733102253032929,83.55979202772964,2.0,80.13888888888889,-2.2530329289427997,0.9470700325470995,0.930175384348331,1.092223204938239,-0.05438223652710039
E01011268,2.212698412698413,36.34920634920635,6.031746031746032,9.682539682539684,40.0,49.36507936507937,4.920634920634921,25.396825396825395,630,48.237476808905384,0.1855287569573284,2.411873840445269,65.55658627087199,2.0,85.55555555555556,-14.79152127907043,0.9585787409981393,1.0250773727077327,1.2759189911839361,-0.042303569637782895
E01011269,2.074074074074074,38.75661375661375,3.835978835978836,13.88888888888889,24.735449735449734,59.39153439153439,0.6613756613756614,28.968253968253972,756,29.61730449251248,22.628951747088184,1.9966722129783694,75.38435940099833,3.0,79.4973544973545,-11.280239381552004,0.873545366109552,0.9142907450257552,1.131579001597071,-0.13519521474113932
E01011270,2.5331369661266567,18.7039764359352,6.0382916053019144,2.514792899408284,1.7751479289940828,95.26627218934911,0.8875739644970414,63.46153846153846,679,1.4084507042253522,9.577464788732394,5.070422535211268,165.42937853107344,5.0,52.282768777614145,-6.205453793573201,0.7939895775453911,0.7901690899755218,1.0559931568693672,-0.23068494433829445
E01011271,2.4295302013422817,23.825503355704697,4.586129753914989,8.632286995515695,5.2690582959641254,85.31390134529147,1.3407821229050279,48.71508379888268,894,12.887438825448614,14.681892332789559,2.936378466557912,105.62950819672132,5.0,68.5682326621924,-0.6525285481239762,0.8994263273900068,0.8581594617072942,1.118428085466804,-0.10599813290360828
E01011272,2.5653710247349824,19.081272084805654,5.477031802120141,7.420494699646643,0.7067137809187279,91.51943462897526,0.8865248226950355,56.02836879432624,566,0.0,5.900621118012422,1.2422360248447204,94.96583850931677,5.0,56.8904593639576,-0.6211180124223614,0.9811260222291174,0.9584855673653805,1.0976978219562596,-0.019054364640818756
E01011273,2.048342541436464,38.12154696132597,3.4530386740331496,22.451790633608816,9.090909090909092,68.4573002754821,4.41988950276243,29.41988950276243,724,18.23204419889503,28.360957642725598,1.841620626151013,76.64575645756457,4.0,75.0,-5.7090239410681365,0.9555223509998113,0.964164449706717,1.139038669774331,-0.04549712363420205
E01011274,2.031437125748503,41.31736526946108,4.191616766467066,15.097159940209268,49.17787742899851,35.57548579970104,4.94752623688156,12.893553223388308,668,38.87850467289719,14.953271028037381,2.2429906542056073,68.40747663551402,2.0,80.08982035928143,-7.503262459960713,0.9447366491624442,0.9774573693547766,1.0964484847832845,-0.05684906846134118
E01011275,2.324590163934426,27.704918032786885,3.4426229508196724,10.98360655737705,15.081967213114755,72.95081967213115,3.436988543371522,39.60720130932897,610,18.465227817745802,12.709832134292565,1.9184652278177456,78.68824940047962,3.0,68.36065573770492,-3.9152038369304365,0.9273863804425505,0.9154431280897002,1.1227757834940915,-0.07538499287495681
E01011276,2.191919191919192,30.176767676767675,4.040404040404041,15.636822194199244,7.6923076923076925,76.04035308953343,0.8871989860583016,38.149556400506974,792,22.085889570552148,32.668711656441715,2.147239263803681,90.95705521472392,5.0,82.32323232323232,-3.271983640081799,0.9129284833045337,0.9038380964340804,1.0504684624348168,-0.09109773299463739
E01011277,2.5031152647975077,22.118380062305295,5.607476635514018,11.838006230529595,5.919003115264798,81.93146417445483,1.25,45.0,642,5.194805194805195,12.987012987012985,0.8658008658008658,82.90259740259741,5.0,71.96261682242991,-1.2987012987012991,0.9774701946422766,0.9699669560275058,1.054443083768961,-0.02278747900203966
E01011278,2.20297699594046,30.987821380243574,2.841677943166441,15.0,1.4864864864864866,83.24324324324324,0.8119079837618403,45.06089309878214,739,9.45179584120983,39.31947069943289,2.835538752362949,95.80645161290323,5.0,71.58322056833559,-6.968505713698336,0.8563019847700771,0.8671273121870731,1.0709964099582534,-0.15513217910837335
E01011279,2.2197231833910034,30.103806228373703,3.1141868512110724,11.072664359861593,13.494809688581316,75.4325259515571,1.0380622837370241,40.65743944636678,578,16.290726817042607,31.57894736842105,4.761904761904762,93.96741854636592,5.0,69.03114186851211,-7.21140098568569,0.9151988995794862,0.9311417612882409,1.1160785260012855,-0.08861386073988088
E01011280,2.4619952494061756,20.42755344418052,4.750593824228028,10.201660735468565,2.965599051008304,85.76512455516014,1.1904761904761905,54.52380952380952,842,5.040650406504065,7.154471544715448,1.6260162601626018,99.07479674796748,5.0,73.04038004750593,-2.373094801563058,0.9250969574786946,0.903166033863111,1.09735614431283,-0.07785672806694244
E01011281,2.354051054384018,29.855715871254162,5.993340732519423,25.055432372505543,27.0509977827051,47.45011086474501,3.650442477876106,32.85398230088495,901,24.299065420560748,13.885180240320427,1.4686248331108143,79.7192513368984,2.0,83.12985571587126,-4.939919893190925,0.9185110352831597,0.9148869717133342,1.1045409192154692,-0.08500135993733371
E01011282,2.2439024390243905,37.886178861788615,5.691056910569105,25.76985413290113,26.904376012965965,46.19124797406807,5.032467532467533,33.92857142857143,615,22.35772357723577,37.60162601626016,1.6260162601626018,76.74186991869918,1.0,80.0,-4.296066252587993,1.0475143719376916,1.0677633865396468,1.1402321543188436,0.0464200929469475
E01011283,2.490506329113924,30.22151898734177,9.968354430379748,8.372827804107425,57.187993680884674,33.80726698262243,7.886435331230284,24.44794952681388,632,19.723865877712033,5.325443786982249,0.9861932938856016,76.51084812623274,1.0,80.22151898734177,-0.1722021726784817,0.9885455065288844,0.9778072358248454,1.0298697591461377,-0.01152060148886699
E01011284,2.028440366972477,44.22018348623853,4.128440366972478,61.46788990825688,14.678899082568808,23.853211009174313,5.40788267644363,10.357470210815766,1090,21.785334750265676,77.89585547290116,1.7003188097768331,69.47927736450585,1.0,86.3302752293578,-9.35530655158936,1.1068978823358637,1.2120342379092595,1.169091316392969,0.1015614022590555
E01011286,2.2098976109215016,31.058020477815703,4.778156996587031,19.591141396933562,8.347529812606473,72.06132879045997,2.5597269624573378,40.955631399317404,586,8.086253369272237,15.09433962264151,1.3477088948787064,77.28840970350404,3.0,63.310580204778155,-1.9026196391401573,0.996139390571045,0.9894188419648611,1.0895134687345263,-0.003868080817143519
E01011287,2.2377300613496933,28.834355828220858,4.294478527607362,13.32312404287902,18.376722817764165,67.84073506891271,2.3041474654377883,36.71274961597542,652,18.8911704312115,13.75770020533881,1.0266940451745379,75.27515400410678,3.0,74.69325153374233,-4.255511329764472,0.9635449847813412,0.9657056616901485,1.10404056228827,-0.0371361032904266
E01011292,2.0384615384615383,48.54469854469855,6.237006237006238,29.853862212943632,54.38413361169102,15.1356993736952,7.187499999999999,12.708333333333332,962,57.49086479902557,39.2204628501827,1.8270401948842874,66.82661782661782,1.0,85.34303534303534,-6.456723297912559,0.9007038070322678,0.9843447745445546,0.931099318409311,-0.10457881345299042
E01011293,2.3011764705882354,38.94117647058823,11.529411764705882,40.80188679245283,29.36320754716981,28.30188679245283,7.981220657276995,15.610328638497654,850,38.62660944206009,36.05150214592275,2.432045779685265,69.29899856938484,1.0,82.23529411764706,-6.584566438195294,0.9427594478513199,0.9499376169426631,1.1474677310101862,-0.05894412130669997
E01011294,2.2653061224489797,40.20408163265306,9.183673469387756,27.402862985685072,42.944785276073624,29.038854805725972,5.327868852459016,18.647540983606557,490,25.0,34.65346534653465,2.4752475247524752,72.60606060606061,1.0,82.44897959183673,-6.910465240072384,0.9472515172958047,0.9924225196735721,1.0284149878008608,-0.054190627294469884
E01011295,2.2794117647058822,32.62032085561498,6.417112299465241,21.524064171122994,34.090909090909086,41.97860962566845,6.125166444740346,21.438082556591212,748,25.164473684210524,12.006578947368421,2.138157894736842,66.95559210526316,1.0,81.28342245989305,-3.226827583764258,1.064889653925207,1.0883565290762032,1.1117810636929597,0.06287118245552924
E01011296,2.099099099099099,30.759330759330762,1.9305019305019304,8.774193548387096,5.032258064516129,85.67741935483872,0.3861003861003861,55.85585585585585,777,3.3542976939203357,9.224318658280922,3.3542976939203357,98.55974842767296,5.0,61.38996138996139,-4.144247554822201,0.9468068547142175,0.9469793076190007,1.10722595073127,-0.05466016149291652
E01011297,2.4390934844192635,22.946175637393768,5.524079320113314,10.056657223796034,10.056657223796034,79.88668555240793,0.56657223796034,54.815864022662886,706,3.650793650793651,16.666666666666664,2.380952380952381,118.54761904761905,4.0,89.23512747875354,0.6264140015565189,0.9010488306234415,0.8787830744044324,0.9533328599197733,-0.10419582681189417
E01011298,2.1991404011461317,33.3810888252149,4.871060171919771,21.45922746781116,24.177396280400572,53.934191702432045,2.9957203994293864,29.529243937232525,698,5.668449197860963,13.368983957219251,1.06951871657754,82.29721030042919,2.0,133.9541547277937,-1.0492591109331206,0.9897463795391722,0.9844791304789067,1.0380478304419112,-0.010306550957452539
E01011299,2.4318766066838045,25.36418166238218,5.3984575835475574,13.562231759656651,12.188841201716738,70.12875536480688,0.9433962264150944,39.62264150943396,1167,14.25598335067638,19.77107180020812,2.8095733610822062,97.25390218522372,3.0,82.34790059982862,-1.7993166645699499,0.9614068673802922,0.9614099634817735,1.0137930348292248,-0.03935758044367765
E01011300,2.3462783171521036,26.21359223300971,5.177993527508091,8.25242718446602,26.051779935275082,65.21035598705501,3.5541195476575123,32.14862681744749,618,2.088772845953003,2.3498694516971277,1.8276762402088773,80.43342036553524,2.0,61.97411003236246,-2.239151270780304,1.0193862077017488,1.0212623137384305,1.0940511038774294,0.01920068901252738
E01011301,2.244122965641953,24.95479204339964,1.9891500904159132,7.956600361663653,0.9041591320072333,90.77757685352623,0.3597122302158274,55.03597122302158,553,1.5673981191222568,1.2539184952978055,0.9404388714733543,81.89028213166144,5.0,57.68535262206148,-2.507836990595602,1.0211488500409596,1.016425089004268,1.1382024660313914,0.020928317039240744
E01011302,2.2279129321382842,22.91933418693982,2.9449423815621,5.655526992287918,2.313624678663239,91.25964010282776,0.641025641025641,50.128205128205124,781,0.5859375,6.0546875,1.3671875,85.79256360078278,5.0,65.55697823303457,-3.3203125,0.9368658514356799,0.9292801374280301,1.0798865123538772,-0.06521517515154644
E01011303,2.323232323232323,28.484848484848484,5.656565656565657,11.04417670682731,17.269076305220885,70.08032128514057,1.4141414141414141,37.57575757575757,495,0.6116207951070336,19.26605504587156,1.2232415902140672,81.7217125382263,3.0,66.06060606060606,-1.3290519877675822,0.9976737302566762,0.9732330333732198,1.15100310979463,-0.0023289797123448894
E01011304,2.2613636363636362,36.78977272727273,6.534090909090909,17.97432239657632,24.53637660485021,57.06134094151213,3.824362606232295,25.77903682719547,704,32.71375464684015,28.438661710037177,1.486988847583643,74.23048327137546,2.0,76.42045454545455,-5.441319875853257,0.9570872736092748,0.9729116773580057,1.1029506094686345,-0.043860696693175896
E01011305,2.2745398773006134,25.4601226993865,3.52760736196319,12.042682926829269,6.402439024390244,81.40243902439023,1.2251148545176112,34.60949464012251,652,5.02092050209205,18.410041841004183,2.301255230125523,81.57740585774059,4.0,73.31288343558282,0.2925194655623353,1.043406367021875,1.0243474675813495,1.1006582446941007,0.042490713774497875
E01011306,2.391544117647059,20.22058823529412,4.411764705882353,9.926470588235293,0.0,89.70588235294117,1.2915129151291513,46.309963099631,544,0.0,17.71771771771772,2.7027027027027026,90.41741741741741,5.0,61.21323529411765,-0.9009009009009028,1.0289116047443225,1.0292863851566756,1.0620775607919044,0.028501549123390056
E01011307,2.3732718894009217,26.881720430107524,6.7588325652841785,12.59600614439324,19.35483870967742,67.74193548387096,3.5384615384615383,34.61538461538461,651,0.7672634271099744,12.787723785166241,1.5345268542199488,81.49872122762149,2.0,60.06144393241167,-2.3017902813299185,1.0357897973593064,1.0447769723115883,1.0866218206333162,0.03516422494881839
E01011308,2.2613981762917934,29.635258358662615,4.25531914893617,11.363636363636363,15.0,73.03030303030303,1.5151515151515151,33.33333333333333,658,7.727272727272727,28.636363636363637,2.5,84.90227272727273,3.0,66.8693009118541,-5.289404839764522,1.0270227500863909,1.0439236056494448,1.1781322940490424,0.026664082683923455
E01011309,2.270392749244713,27.794561933534744,3.927492447129909,12.83987915407855,8.761329305135952,78.24773413897282,1.059001512859304,49.47049924357035,662,2.4213075060532687,23.486682808716708,4.600484261501211,116.05339805825243,4.0,62.38670694864048,-4.43775236855376,0.8947535135973773,0.8960078400860213,1.0477189097056359,-0.11120700243968608
E01011310,2.25,31.25,5.298913043478261,11.475409836065573,12.295081967213115,73.90710382513662,0.8207934336525308,53.214774281805745,736,18.789144050104383,26.931106471816285,3.549060542797495,115.39121338912133,4.0,65.08152173913044,-3.156166416550832,0.8421590361733661,0.8200752253567063,1.0575716567984461,-0.17178640350945984
E01011311,2.6177685950413223,15.289256198347106,6.40495867768595,8.488612836438923,0.8281573498964804,90.6832298136646,0.6211180124223602,76.81159420289855,484,1.21580547112462,23.70820668693009,6.68693009118541,234.74539877300614,4.0,67.97520661157024,2.2381873445703304,0.7334402329006994,0.7069433730590279,0.7616426518661685,-0.3100091667902478
E01011312,2.68218085106383,40.02659574468085,19.81382978723404,51.329787234042556,31.25,17.287234042553195,14.552736982643525,13.084112149532709,752,27.248322147651006,89.39597315436242,3.8926174496644297,77.48243243243243,1.0,99.06914893617021,-8.689410887397464,0.9766138852227599,1.093199780618463,0.9570373541818036,-0.0236639095335129
E01011313,2.6738461538461538,29.53846153846154,14.153846153846153,48.54070660522273,4.915514592933948,46.39016897081413,6.605222734254992,27.956989247311824,650,3.867403314917127,86.74033149171271,4.6040515653775325,88.04981549815498,1.0,83.53846153846153,-3.7241966960776196,1.0233383875739437,1.0469660261621947,1.0839769742461072,0.023070211916138395
E01011314,2.333825701624815,35.89364844903989,10.044313146233383,43.070044709388974,4.172876304023846,52.459016393442624,5.192878338278932,24.480712166172104,677,8.990825688073395,83.30275229357798,3.1192660550458715,82.66482504604052,1.0,80.50221565731167,-2.757935175359638,1.0855059713959125,1.1036762694502185,1.1333991241082577,0.08204621137673285
E01011315,2.4614220877458397,28.895612708018152,9.531013615733738,28.15829528158295,11.71993911719939,59.96955859969558,5.614567526555387,34.14264036418817,661,9.774436090225564,45.48872180451128,4.511278195488721,84.77589453860641,1.0,80.48411497730712,-3.9289399970514394,0.9460281493958668,0.9482726359943832,1.0791493900668292,-0.05548295414054937
E01011316,2.915351506456241,32.85509325681492,21.664275466284074,58.764367816091955,12.21264367816092,28.304597701149426,14.367816091954023,18.103448275862068,697,30.656934306569344,89.63503649635037,2.9197080291970803,78.36716417910448,1.0,98.27833572453372,-18.596603122859236,0.8500535667321416,0.9946044627700822,1.0529253399600123,-0.16245591179855934
E01011317,2.003405221339387,48.01362088535755,4.767309875141884,12.570781426953568,57.07814269535674,29.10532276330691,7.248018120045301,12.797281993204985,881,51.72910662824207,2.3054755043227666,0.5763688760806917,66.40869565217392,1.0,78.77412031782066,2.439919396932144,1.0657955567120383,0.9833377463734841,1.2211817113158312,0.06372152190210263
E01011318,2.4231974921630095,34.639498432601876,9.561128526645767,13.395638629283487,57.165109034267914,28.81619937694704,7.009345794392523,16.510903426791277,638,27.95918367346939,0.40816326530612246,1.0204081632653061,72.76530612244898,1.0,76.8025078369906,-2.2345844922961544,0.9748765236689217,0.9259953852683486,1.2097779336248058,-0.025444458394964054
E01011319,2.605177993527508,29.449838187702266,11.650485436893204,30.79416531604538,6.158833063209076,61.26418152350082,4.862236628849271,34.0356564019449,618,11.061946902654867,37.389380530973455,3.761061946902655,79.43111111111111,2.0,73.13915857605178,-7.387273493468161,0.9544082746597944,0.9820231813049861,1.133342257898884,-0.04666373822365713
E01011320,2.590711175616836,28.592162554426704,12.481857764876633,24.017467248908297,2.6200873362445414,73.21688500727802,5.797101449275362,41.449275362318836,689,6.919642857142858,26.11607142857143,4.910714285714286,85.41071428571429,2.0,65.02177068214804,-5.133928571428559,0.9335293140992796,0.9419550647594183,1.0890964425231864,-0.06878291413745306
E01011321,2.493212669683258,29.260935143288087,9.049773755656108,13.855421686746988,50.0,35.54216867469879,6.466165413533835,22.55639097744361,663,32.382892057026474,2.6476578411405294,1.8329938900203666,67.86354378818737,1.0,74.05731523378583,-4.073319755600801,0.9314572377416754,0.9260167623085559,1.094235723277533,-0.07100499687382243
E01011322,2.416302765647744,28.38427947598253,8.296943231441048,12.936046511627907,20.78488372093023,66.27906976744185,4.069767441860465,33.72093023255814,687,8.712871287128712,0.7920792079207921,2.5742574257425743,77.3108910891089,2.0,73.5080058224163,-7.920792079207917,0.8805338522272099,0.8985980678836789,1.092204443494889,-0.1272269051895728
E01011323,2.119281045751634,39.37908496732026,5.392156862745098,12.581699346405228,23.692810457516337,62.41830065359477,2.941176470588235,38.23529411764706,612,21.973094170403588,8.74439461883408,1.5695067264573992,77.67937219730942,2.0,72.87581699346404,-3.5838906142289684,1.004135526133061,0.9970056900392528,1.1601689454980524,0.0041269983480293915
E01011324,2.4782608695652173,33.33333333333333,10.144927536231885,7.2727272727272725,75.09090909090908,16.90909090909091,13.043478260869565,12.862318840579709,552,30.73394495412844,0.6880733944954129,1.3761467889908259,62.11697247706422,1.0,78.98550724637681,-3.4403669724770602,1.0334180664495929,1.058012155004596,1.071339218746254,0.032871819251120475
E01011325,2.2063914780292944,32.49001331557923,3.7283621837549936,11.451398135818907,22.37017310252996,64.71371504660452,2.933333333333333,34.53333333333333,751,24.528301886792452,7.547169811320755,2.5728987993138936,81.3156089193825,2.0,77.62982689747004,0.43137490461474526,1.0338860940430987,0.990323349647579,1.1724520621995718,0.03332460951821935
E01011326,2.359872611464968,27.70700636942675,6.528662420382165,14.308426073131955,46.26391096979332,39.109697933227345,5.723370429252783,23.84737678855326,628,11.706349206349206,12.103174603174603,2.976190476190476,72.1984126984127,1.0,80.2547770700637,-3.915465268676288,1.018257415130912,1.0274388270182466,1.12961475801373,0.018092749750080312
E01011327,2.0580152671755725,40.458015267175576,4.122137404580153,17.099236641221374,36.030534351145036,46.10687022900763,2.90519877675841,24.770642201834864,655,37.160751565762006,1.0438413361169103,1.0438413361169103,69.97286012526096,2.0,73.12977099236642,-2.8265779073278985,1.0409064806764345,1.0388551912052824,1.146424920697292,0.040091949551640506
E01011328,2.244350282485876,32.6271186440678,5.649717514124294,13.437057991513438,31.541725601131542,54.879773691654876,2.9661016949152543,25.847457627118644,708,24.299065420560748,10.2803738317757,1.1214953271028036,74.90654205607477,2.0,75.56497175141243,-5.589074227427481,0.9674440058424641,0.9847389199407592,1.0995881081828123,-0.03309773085125657
E01011329,2.148201438848921,29.928057553956833,2.877697841726619,17.097701149425287,2.586206896551724,79.74137931034483,0.8633093525179856,43.16546762589928,695,13.793103448275861,21.379310344827587,1.6091954022988506,79.70574712643678,4.0,62.589928057553955,-4.935253892041313,0.9854429073577827,0.9944384974906997,1.13947480358368,-0.014664086733396283
E01011330,2.3025641025641024,27.863247863247864,4.786324786324787,10.806174957118353,22.641509433962266,66.38078902229846,3.6020583190394513,39.62264150943396,585,9.669811320754718,14.858490566037736,1.650943396226415,81.46698113207547,3.0,72.47863247863248,-2.4528301886792336,1.0148989684983842,0.994518619233642,1.192357588103648,0.014789069114235635
E01011331,2.1261829652996846,36.59305993690852,4.73186119873817,26.18296529968454,14.511041009463725,56.94006309148265,1.740506329113924,31.80379746835443,634,18.65671641791045,54.66417910447762,3.544776119402985,83.76822429906542,2.0,84.54258675078864,-6.670762501690941,0.9457379973569916,0.9585596152503598,1.1617819179145326,-0.05578970668673317
E01011332,2.347826086956522,36.666666666666664,8.115942028985506,9.130434782608695,48.40579710144928,42.31884057971014,6.3768115942028984,18.405797101449277,690,26.23239436619718,3.5211267605633805,2.640845070422535,69.21693121693121,1.0,82.31884057971014,-1.815167779976079,0.9700533954632359,0.9640524412414442,1.049479515443935,-0.03040416213041652
E01011333,2.130708661417323,35.74803149606299,2.8346456692913384,11.829652996845425,32.49211356466877,54.73186119873817,2.677165354330709,30.078740157480315,635,13.3630289532294,15.812917594654788,2.89532293986637,72.728285077951,2.0,70.70866141732284,-3.1763877128442974,0.9789615565451273,0.9660035323585338,1.148317742582014,-0.02126290530728846
E01011334,2.036231884057971,41.01449275362319,3.3333333333333335,36.08695652173913,17.681159420289855,45.072463768115945,3.0478955007256894,26.56023222060958,690,30.708661417322837,46.14173228346456,3.4645669291338583,75.73543307086614,1.0,92.02898550724638,-12.922014885125666,0.9911208039070539,1.0931836699710615,1.1753638974569824,-0.008918851065274458
E01011335,2.0853658536585367,33.78048780487805,2.682926829268293,24.84774665042631,11.936662606577345,62.48477466504263,1.3414634146341464,26.21951219512195,820,20.32258064516129,20.32258064516129,2.741935483870968,74.52903225806452,2.0,75.60975609756098,-7.703597568059461,0.9488638264044326,0.9663082437301245,1.1595644831278622,-0.052489982338900974
E01011336,1.8609431680773882,48.73035066505441,2.0556227327690446,19.300361881785282,41.133896260554884,37.273823884197824,4.101326899879373,18.33534378769602,827,45.93437945791726,8.98716119828816,1.7118402282453637,64.87874465049929,1.0,84.76420798065296,-11.276091719142912,0.9666295666213541,1.0551867481424668,1.1131001239199287,-0.033939931769407586
E01011337,3.0316901408450705,20.246478873239436,17.6056338028169,7.4074074074074066,66.49029982363317,22.22222222222222,9.84182776801406,15.289982425307558,568,14.692982456140353,1.3157894736842104,0.8771929824561403,73.54166666666667,1.0,80.28169014084507,-4.605263157894724,0.8915180887020367,0.9367085796026897,0.8856203365005394,-0.11482955169741907
E01011338,2.4610630407911,37.7008652657602,12.484548825710753,2.3543990086741013,88.84758364312268,7.930607187112764,13.878562577447337,10.780669144981413,809,80.03355704697987,0.16778523489932887,1.6778523489932886,64.10420168067228,1.0,73.67119901112484,-4.664965014993571,1.08937535098691,1.0907481487573636,1.228579692626304,0.08560445948317842
E01011339,2.391860465116279,40.69767441860465,10.69767441860465,10.324825986078887,53.36426914153132,34.91879350348028,6.504065040650407,19.16376306620209,860,50.41782729805014,0.6963788300835655,4.874651810584958,71.20473537604457,1.0,83.48837209302326,-10.175794005144533,0.8201654284685139,0.8367937850595759,1.0580777382797935,-0.19824921703625292
E01011340,2.6145833333333335,29.315476190476193,12.351190476190476,12.314540059347182,54.00593471810089,33.08605341246291,7.313432835820896,22.388059701492537,672,13.74764595103578,3.766478342749529,3.0131826741996233,71.39736346516007,1.0,79.01785714285714,-1.1962426663694625,0.965519192663029,0.9302564812329421,1.135397632666008,-0.035089298840889384
E01011341,2.4874141876430205,25.400457665903893,7.437070938215102,9.174311926605505,29.931192660550458,58.600917431192656,2.9850746268656714,36.969001148105626,874,7.834757834757834,11.11111111111111,0.2849002849002849,89.08689458689459,2.0,80.32036613272311,-3.397606363267136,0.9415233702841006,0.939781174087949,1.0545929495483817,-0.06025610879884158
E01011342,2.827272727272727,20.606060606060606,17.272727272727273,11.684370257966616,53.86949924127465,28.224582701062218,11.515151515151516,22.87878787878788,660,13.203883495145632,1.1650485436893203,0.9708737864077669,69.80388349514563,1.0,78.03030303030303,-1.2090731508207164,0.9604140621281559,0.9473547003819431,1.0463812553060026,-0.04039077279288098
E01011343,2.1080213903743314,36.36363636363637,3.8502673796791447,18.88412017167382,19.63519313304721,60.94420600858369,2.465166130760986,27.867095391211144,935,38.146551724137936,2.9094827586206895,0.3232758620689655,76.81142241379311,2.0,99.25133689839572,-2.404400760740788,0.9599242496005903,0.9521759023723672,1.0566251602020857,-0.040900904299601644
E01011344,2.4436450839328536,35.851318944844124,10.431654676258994,52.39808153477218,24.820143884892087,22.54196642685851,11.004784688995215,10.645933014354068,834,13.087674714104194,86.53113087674714,4.320203303684879,76.01153846153846,1.0,94.36450839328538,-5.660356867472471,1.04515874511657,1.1115840126044594,1.0370348454005105,0.04416878308219917
E01011345,2.225854383358098,38.484398216939084,6.8350668647845465,13.967310549777118,42.94205052005943,40.41604754829123,3.7257824143070044,29.508196721311474,673,27.027027027027028,5.405405405405405,1.2612612612612613,73.93693693693693,2.0,82.46656760772659,-9.76646127430203,0.9038950713705279,0.9363069811518536,1.1209685608691544,-0.10104199681955642
E01011346,2.3893805309734515,34.89254108723136,11.504424778761061,15.782828282828282,51.515151515151516,32.196969696969695,6.691919191919192,21.338383838383837,791,48.228882833787466,3.2697547683923704,3.5422343324250685,74.0108991825613,1.0,92.79393173198483,-9.117054459757501,0.9300189344177107,0.9596470298619557,1.1308255248664163,-0.07255033345315286
E01011347,2.5069885641677256,33.29097839898348,10.927573062261754,47.898089171974526,27.770700636942674,23.312101910828027,10.687022900763358,17.43002544529262,787,7.866666666666666,79.06666666666666,5.2,75.16021361815754,1.0,95.29860228716646,-4.838192668371688,0.9900899284673214,1.0301922912521047,1.0267029670644903,-0.009959503143238837
E01011348,2.6202346041055717,32.40469208211144,14.66275659824047,23.494860499265783,49.04552129221732,27.019089574155654,9.852941176470589,20.441176470588236,682,36.16,24.8,4.0,69.68327974276528,1.0,91.64222873900293,-13.096539589442813,0.8479123188777922,0.9086337852360894,1.0770128725474724,-0.16497804608590252
E01011349,1.96,51.13513513513514,5.9459459459459465,11.663066954643629,62.20302375809935,24.838012958963283,8.982683982683982,12.987012987012985,925,67.23684210526316,11.052631578947368,3.552631578947368,62.4703557312253,1.0,82.16216216216216,-1.9736842105263164,1.1735119160938265,1.0291798571477064,1.5097989124105586,0.16000089057679548
E01011350,2.260677466863034,31.516936671575845,4.418262150220913,22.3201174743025,2.7900146842878124,74.59618208516888,2.7900146842878124,48.751835535976504,679,34.29158110882957,17.248459958932237,2.2587268993839835,90.35112936344969,5.0,71.72312223858616,-3.0746859565863205,0.9197821834633235,0.8865530568108877,1.185281914688278,-0.0836183940755221
E01011351,1.8886438809261301,41.56560088202866,1.8743109151047408,27.012127894156563,10.804851157662625,61.742006615215,0.5530973451327433,41.8141592920354,907,33.744855967078195,54.59533607681756,2.4691358024691357,89.49725274725274,4.0,80.37486218302095,-2.6015849601545016,0.9513232084542317,0.9230775202429677,1.1775638436274545,-0.049901412500270255
E01011352,1.8586278586278586,45.01039501039501,1.4553014553014554,40.871369294605806,14.626556016597512,42.32365145228216,1.3485477178423237,27.385892116182575,962,47.4460839954597,55.05107832009081,2.724177071509648,81.84772727272727,3.0,91.58004158004158,-9.428141763224751,0.9158662739743362,0.9426693184934575,1.1778795716325656,-0.08788491407644101
E01011353,2.283353010625738,25.14757969303424,4.368358913813459,17.314487632508836,2.5912838633686692,79.97644287396938,1.1806375442739079,48.28807556080284,847,25.673534072900157,6.656101426307448,1.5847860538827259,94.07923930269413,5.0,74.49822904368358,-3.363461047764016,0.9075252970027147,0.8824198088320798,1.130908859823613,-0.09703383774656028
E01011354,2.4198473282442747,33.587786259541986,10.992366412213741,11.077389984825494,58.725341426403645,28.98330804248862,8.422664624808576,18.68300153139357,655,32.7922077922078,1.461038961038961,1.2987012987012987,78.41071428571429,1.0,94.04580152671755,-5.540118224567713,1.0129776787184412,1.0116706676918727,1.19315512512407,0.012894190194991365
E01011355,2.4433497536945814,29.88505747126437,9.35960591133005,14.00329489291598,39.04448105436573,46.45799011532125,5.0903119868637114,31.69129720853859,609,17.391304347826086,6.304347826086956,2.1739130434782608,77.9608695652174,2.0,75.53366174055829,-2.329192546583847,0.9439130000567902,0.9295162911447274,1.0691707991514945,-0.057721278040508285
E01011356,2.0351437699680512,44.19595314164005,5.7507987220447285,30.383795309168445,14.17910447761194,54.90405117270789,1.7094017094017095,31.944444444444443,939,56.1038961038961,24.415584415584416,1.948051948051948,79.54805194805195,3.0,82.0021299254526,-6.694637370581713,0.8462448786651726,0.8341999474701173,1.1037592328568857,-0.16694650657287427
E01011357,2.245865490628445,44.21168687982359,9.481808158765158,16.59340659340659,55.05494505494506,27.582417582417584,10.121012101210122,17.491749174917494,907,40.51282051282051,31.92307692307692,2.1794871794871793,78.9551282051282,1.0,85.99779492833517,-0.05128205128204222,1.0183374826823013,1.0086078917958534,1.0499586079399044,0.018171378594251976
E01011358,2.1594405594405592,41.67832167832168,5.734265734265734,11.731843575418994,44.97206703910614,41.62011173184357,3.9160839160839163,27.55244755244755,715,27.153558052434455,8.05243445692884,3.1835205992509366,79.04868913857678,1.0,74.68531468531468,-6.554307116104874,0.8886688517413426,0.8799689102404409,1.1631606474662373,-0.11803060809089934
E01011359,2.229291716686675,45.61824729891957,9.36374549819928,32.773109243697476,19.447779111644657,47.77911164465786,4.561824729891957,38.53541416566627,833,45.22691705790297,59.937402190923315,4.068857589984351,97.89358372456964,2.0,76.71068427370949,0.41328058594091166,0.9934321847114421,0.955259590687803,1.0897670352472848,-0.006589478291890216
E01011360,2.9549071618037135,34.748010610079575,21.883289124668433,37.18459495351926,19.787516600265604,42.49667994687915,11.936339522546419,29.973474801061005,754,20.579268292682926,59.90853658536586,3.048780487804878,97.4405487804878,1.0,87.0026525198939,-4.802224188045001,0.8694552867873155,0.882490816876679,0.9862647140186878,-0.13988837056145217
E01011361,2.4816112084063047,42.46935201401051,15.674255691768826,21.891418563922944,51.48861646234676,25.65674255691769,9.273840769903762,23.88451443569554,1142,51.28913443830571,60.58931860036832,2.394106813996317,93.50969529085873,1.0,95.09632224168126,-2.294478157171742,0.9572344878624701,0.9467159984208278,1.0805968852102485,-0.04370689365290504
E01011362,1.8680892337536372,52.86129970902037,4.073714839961203,24.68538238141336,44.627299128751204,30.300096805421106,5.329457364341085,14.244186046511627,1031,57.43380855397149,24.03258655804481,1.5274949083503055,64.7795918367347,1.0,95.24733268671193,-19.06000313332289,0.8268732760944267,1.0052375471740722,1.0192832851895395,-0.19010382895932093
E01011363,2.277584204413473,35.54006968641115,6.039488966318235,16.82134570765661,55.4524361948956,26.102088167053367,8.111239860950175,11.819235225955968,861,48.36448598130841,1.8691588785046727,1.5186915887850467,69.20677570093459,1.0,99.41927990708479,-17.73678035360279,0.9030771215208111,0.9845089749298727,1.3174790341510714,-0.10194732331965613
E01011364,2.4236902050113893,37.24373576309795,13.439635535307518,31.014823261117446,43.671607753705814,23.3751425313569,10.580204778156997,14.562002275312855,878,58.37264150943396,7.783018867924528,3.7735849056603774,66.19716646989374,1.0,96.58314350797266,-33.251974550241336,0.7088794601052373,0.8804805175167916,1.1863636890125757,-0.3440697808599622
E01011366,2.2706480304955527,40.53367217280813,9.021601016518424,41.3265306122449,34.69387755102041,23.214285714285715,12.993630573248408,13.375796178343949,787,20.32828282828283,66.91919191919192,1.0101010101010102,68.85443037974683,1.0,100.63532401524778,-8.633604957134366,0.9822196100441105,1.0260684194439886,1.1495008327419831,-0.01794036014755723
E01011368,2.3055555555555554,40.833333333333336,10.13888888888889,52.01668984700974,31.84979137691238,14.325452016689846,12.89875173370319,11.373092926490985,720,15.86021505376344,79.83870967741935,2.28494623655914,68.95816464237517,1.0,103.33333333333334,-8.132922157637068,1.1207791208666018,1.2106919082285317,1.1565125398775535,0.1140240870900205
E01011369,2.1370420624151967,36.22795115332429,5.291723202170964,29.324324324324323,17.2972972972973,52.972972972972975,4.048582995951417,30.76923076923077,737,34.22459893048128,0.8912655971479502,2.4955436720142603,66.70053475935829,2.0,76.11940298507463,-12.447337002831638,0.9139054352410807,0.927901058140569,1.3449539002575719,-0.09002817541771536
E01011370,2.302052785923754,41.05571847507331,11.730205278592376,50.509461426491995,10.480349344978166,37.70014556040756,6.2773722627737225,29.1970802919708,682,29.132569558101473,69.0671031096563,4.25531914893617,80.03010033444816,1.0,89.58944281524927,-19.486163259630107,0.8587529038201062,0.9901658440783084,1.1241112164867955,-0.15227405400138977
E01011371,2.3058510638297873,49.46808510638298,15.02659574468085,23.04635761589404,56.688741721854306,19.47019867549669,9.271523178807946,9.801324503311259,752,57.162534435261705,26.584022038567497,2.203856749311295,68.59310344827587,1.0,96.54255319148936,-1.0625737898465104,1.0382456548429762,0.9879905012387395,1.2398756727698168,0.03753241844217033
E01011372,3.0,33.04647160068847,22.547332185886404,44.40619621342513,30.46471600688468,20.998278829604132,14.974182444061961,14.457831325301203,581,27.187499999999996,80.9375,2.1875,81.80665610142631,1.0,110.15490533562821,-16.20047066549911,0.9088206247114341,1.050756803446345,1.0436619132627032,-0.09560753682796531
E01011373,2.602716468590832,35.82342954159593,15.619694397283531,30.456852791878177,45.17766497461929,23.181049069373945,12.244897959183673,16.49659863945578,589,46.1839530332681,38.74755381604697,12.32876712328767,75.69941060903733,1.0,86.75721561969439,-21.78971098695707,0.8521891015074675,0.9682495944755634,1.2326192178649584,-0.15994682665397103
E01011374,2.106060606060606,42.42424242424242,4.377104377104377,55.218855218855225,8.922558922558922,35.69023569023569,9.25925925925926,10.606060606060606,594,10.196779964221825,83.72093023255815,3.5778175313059033,67.26032315978456,1.0,94.10774410774411,-6.401400426268022,1.1969899333633442,1.2739916572407455,1.2221327579009882,0.1798100166518715
E01011375,3.020289855072464,30.0,26.666666666666668,52.83018867924528,17.41654571843251,29.31785195936139,17.271407837445572,19.013062409288825,690,32.864450127877234,94.8849104859335,5.498721227621484,81.994851994852,1.0,113.33333333333333,-16.25197071085731,0.7984313398832694,0.9265320797969469,0.9408254159266491,-0.22510630139446744
E01011376,2.4491899852724597,20.3240058910162,4.418262150220913,4.129793510324483,1.7699115044247788,92.47787610619469,0.4424778761061947,62.979351032448385,679,3.1746031746031744,1.1904761904761905,1.1904761904761905,107.50396825396825,5.0,74.22680412371135,-0.22308578008060076,0.8896225008758303,0.8517403931468356,1.0547499597028225,-0.1169580625549795
E01011377,2.3008264462809915,27.107438016528924,4.132231404958678,5.115511551155116,2.145214521452145,92.57425742574257,0.6622516556291391,56.29139072847682,605,2.67639902676399,3.40632603406326,1.4598540145985401,105.2043795620438,5.0,67.93388429752066,-1.2165450121654375,0.8920763984074855,0.8535418628361011,1.1310191400172394,-0.11420350163086067
E01011378,2.028612303290415,47.63948497854077,5.007153075822604,9.985734664764621,54.20827389443652,34.950071326676174,6.008583690987124,26.32331902718169,699,51.699463327370296,0.0,0.17889087656529518,67.94096601073345,1.0,79.97138769670958,-12.875871841772025,0.9649880713545886,1.0300732125126892,1.2255092428214898,-0.03563953901013423
E01011379,2.1197368421052634,41.44736842105263,6.052631578947368,11.973684210526315,40.26315789473684,47.5,4.3478260869565215,22.266139657444008,760,35.77235772357724,0.16260162601626016,1.1382113821138211,69.6829268292683,1.0,80.92105263157895,1.8599895793395715,0.9801175223050274,0.9125172350239084,1.176711322626815,-0.020082793788018444
E01011380,2.294642857142857,28.57142857142857,3.422619047619048,9.62962962962963,7.4074074074074066,82.66666666666667,1.1816838995568686,61.74298375184638,672,23.580786026200872,3.4934497816593884,1.7467248908296942,117.3471615720524,5.0,68.15476190476191,-5.523566616428999,0.7990936152095238,0.7893849129935973,1.0492089484326506,-0.22427717461045912
E01011381,2.48141592920354,21.76991150442478,6.548672566371681,8.12720848056537,0.5300353356890459,90.63604240282686,1.0657193605683837,74.06749555950266,565,1.511879049676026,4.535637149028078,0.8639308855291578,127.45356371490281,5.0,81.94690265486726,-0.757731236704684,0.8896981114395383,0.853013351122386,1.0765966633053614,-0.11687307442722988
E01011382,2.1659973226238285,31.459170013386885,2.5435073627844713,8.46774193548387,1.881720430107527,88.17204301075269,0.9408602150537635,52.284946236559136,747,2.208835341365462,0.2008032128514056,0.8032128514056224,85.04417670682732,5.0,66.66666666666666,-1.2048192771084376,0.9701976106911313,0.9430479695966288,1.1297379086225074,-0.030255505871299975
E01011383,2.218543046357616,36.423841059602644,5.827814569536424,17.771883289124666,15.517241379310345,65.91511936339522,3.5667107001321003,37.12021136063408,755,32.34323432343234,3.6303630363036308,1.8151815181518154,91.2904290429043,3.0,80.26490066225166,-5.319430906821243,0.8555587837261667,0.8356678647588117,1.1630028399272399,-0.1560004752972711
E01011384,2.2822822822822824,30.930930930930934,4.804804804804805,7.819548872180452,18.646616541353385,72.63157894736842,3.007518796992481,39.24812030075188,666,27.310924369747898,2.3109243697478994,1.4705882352941175,87.52941176470588,4.0,71.47147147147147,0.21260756554873916,0.9307241628183176,0.880214654454794,1.1372080644492486,-0.07179232614368417
E01011385,2.4338919925512106,24.581005586592177,6.890130353817504,10.881801125703564,6.75422138836773,82.36397748592871,1.4981273408239701,63.10861423220974,537,11.398963730569948,6.7357512953367875,3.3678756476683938,133.2098445595855,5.0,71.88081936685289,-2.072538860103623,0.8796046715286653,0.843195968486834,1.1364560553815422,-0.12828270934625563
E01011386,2.4222520107238608,26.541554959785525,6.434316353887399,16.711229946524064,1.8716577540106951,80.61497326203208,1.0652463382157125,56.99067909454061,746,35.72679509632224,6.129597197898424,2.4518388791593697,129.20840630472856,5.0,76.54155495978551,-3.8528896672504365,0.8125164287971828,0.8004358578014372,1.0029344730953178,-0.20761914492459602
E01011388,2.1534246575342464,34.93150684931507,4.52054794520548,10.94391244870041,17.236662106703147,69.49384404924761,1.2345679012345678,38.820301783264746,730,23.376623376623375,0.5772005772005772,1.1544011544011543,77.17748917748918,3.0,94.93150684931507,1.2205522317881856,0.9423189590157355,0.8886775222160905,1.1071215862995163,-0.0594114640357844
E01011390,2.2562396006655576,28.785357737104828,4.9916805324459235,10.79734219269103,23.920265780730897,64.78405315614619,2.4916943521594686,40.863787375415285,601,11.39240506329114,3.0379746835443036,1.0126582278481013,79.69367088607595,2.0,65.72379367720465,-1.2658227848101222,0.981787213052488,0.9732940417599153,1.0576094331464596,-0.018380681427018986
E01011391,2.1668984700973573,32.127955493741304,5.1460361613351875,5.571030640668524,23.53760445682451,70.33426183844011,2.2253129346314324,42.83727399165508,719,3.9911308203991127,2.4390243902439024,1.9955654101995564,78.529933481153,2.0,62.7260083449235,-2.020202020202022,0.9567681123003295,0.9373628605518423,1.1103843726061051,-0.04419422378644916
E01011392,2.4373464373464375,23.34152334152334,5.651105651105651,6.142506142506143,17.444717444717444,75.42997542997543,1.3513513513513513,46.06879606879607,814,4.797047970479705,5.535055350553505,2.029520295202952,93.19557195571956,3.0,66.58476658476658,-2.398523985239842,0.9837525221755886,0.9828400771936575,1.0701952535901704,-0.016380915415855304
E01011393,2.384785005512679,26.350606394707825,5.071664829106946,9.060773480662982,11.049723756906078,77.01657458563535,0.9933774834437087,51.434878587196465,907,6.056338028169014,14.366197183098592,1.6901408450704223,97.95633802816901,4.0,78.2800441014333,-3.244170907799737,0.9624854774570847,0.9715298152668257,1.0381485180049546,-0.03823630129030381
E01011394,2.2973523421588595,28.105906313645622,4.480651731160896,9.552845528455284,7.317073170731707,83.130081300813,1.6260162601626018,51.016260162601625,491,11.212121212121213,43.03030303030303,2.4242424242424243,94.31212121212121,3.0,67.20977596741345,0.4179728317659226,0.9440880935786979,0.9198378952301264,1.0199464928260427,-0.057535797721667455
E01011395,2.58494623655914,21.29032258064516,9.46236559139785,11.447084233261338,13.174946004319654,75.377969762419,1.7167381974248928,42.06008583690987,465,0.9554140127388535,9.872611464968154,1.5923566878980893,89.0828025477707,3.0,67.52688172043011,-1.5923566878980777,0.9562215525389588,0.9602539558343214,0.9956091390698697,-0.044765643262767725
E01011396,2.1096196868008947,36.80089485458613,3.691275167785235,32.06703910614525,12.737430167597767,54.41340782122906,1.564245810055866,37.31843575418994,894,29.61876832844575,42.22873900293255,1.6129032258064515,84.92521994134897,3.0,76.28635346756153,-7.573222863981854,0.8926955296965611,0.9071416734130242,1.118056517298559,-0.11350970843055178
E01011397,2.4621710526315788,22.203947368421055,4.769736842105264,7.565789473684211,8.717105263157894,83.55263157894737,0.6568144499178982,50.57471264367817,608,0.0,4.573170731707317,0.9146341463414633,84.0609756097561,5.0,53.94736842105263,-0.9146341463414642,1.0436403222124075,1.038541735612284,1.0991133036798586,0.04271491114652543
E01011398,2.3136456211812626,21.58859470468432,2.4439918533604885,9.73630831643002,0.0,90.06085192697769,1.0121457489878543,44.73684210526316,491,0.0,3.1620553359683794,0.0,83.28853754940711,5.0,51.5274949083503,0.2232997840348694,1.1092803716769102,1.1103862523409305,1.0967773331524178,0.10371149127338745
E01011399,2.369774919614148,25.884244372990356,6.270096463022508,13.162118780096307,8.025682182985554,78.49117174959872,2.403846153846154,39.58333333333333,622,0.24752475247524752,17.574257425742573,2.722772277227723,89.12128712871286,4.0,64.95176848874597,-2.4752475247524774,1.0141117455853976,1.0132107628296019,1.112898273739643,0.014013101844055253
E01011400,2.3085808580858087,27.722772277227726,4.62046204620462,9.933774834437086,17.715231788079468,72.35099337748345,1.322314049586777,48.595041322314046,606,3.6036036036036037,2.4024024024024024,1.8018018018018018,84.89189189189189,3.0,54.95049504950495,-4.804804804804796,0.9556498766392728,0.9469109557044117,1.1842465602520005,-0.04536367083721546
E01011401,2.4873595505617976,20.786516853932586,4.634831460674158,8.146067415730338,1.2640449438202246,89.46629213483146,1.2640449438202246,55.75842696629213,712,0.9380863039399625,0.18761726078799248,0.9380863039399625,92.51969981238274,5.0,74.85955056179775,-1.0708965830917183,0.9898191924903748,0.9888790711173956,1.0280712535921943,-0.010232986381199856
E01011402,2.222598870056497,30.056497175141246,3.1638418079096042,9.977324263038549,10.090702947845804,78.45804988662131,0.3389830508474576,43.84180790960452,885,2.6785714285714284,10.56547619047619,3.125,102.21577380952381,3.0,75.9322033898305,-3.7183544303797444,0.9344616579950377,0.9232603909564792,1.1137878388508005,-0.06778468236106122
E01011403,2.0478325859491777,37.81763826606876,2.5411061285500747,11.940298507462686,10.149253731343283,77.61194029850746,0.5979073243647235,42.89985052316891,669,31.818181818181817,2.380952380952381,1.0822510822510822,82.84199134199135,5.0,69.05829596412556,-6.349630761395475,0.9662570983969789,0.9837066762171836,1.155442771226828,-0.034325332771676924
E01011404,2.5359116022099446,19.337016574585636,4.6040515653775325,6.261510128913445,1.1049723756906076,92.44935543278085,0.7366482504604052,48.80294659300184,543,0.0,0.7352941176470588,4.779411764705882,95.05882352941177,5.0,50.09208103130756,-5.234297108673969,1.0592381786530738,1.0880577086770233,1.159393736478194,0.05754995035187121
E01011405,2.2196969696969697,25.303030303030305,2.727272727272727,6.334841628959276,6.636500754147813,86.27450980392157,0.1519756838905775,53.49544072948328,660,13.915094339622641,0.0,1.4150943396226416,86.93632075471699,5.0,64.24242424242425,-1.6509433962264008,0.9707044025198649,0.9441471191243367,1.1535126804095928,-0.029733282866942618
E01011406,2.233788395904437,29.351535836177472,3.0716723549488054,11.282051282051283,0.8547008547008548,87.6923076923077,1.0221465076660987,55.195911413969334,586,7.062146892655368,14.689265536723164,3.1073446327683616,94.94915254237289,5.0,60.40955631399317,-2.824858757062143,1.0348847448510934,1.0137732322089512,1.2546101339295779,0.03429006288481715
E01011407,2.13464447806354,34.039334341906205,2.5718608169440245,13.273001508295627,9.653092006033184,76.6214177978884,1.3636363636363635,35.45454545454545,661,15.955056179775282,6.741573033707865,1.7977528089887642,76.61573033707865,3.0,67.32223903177005,-8.016645859342486,0.9929379339626276,1.0316370112847357,1.1602899603883907,-0.007087120452702029
E01011408,1.9491525423728813,39.24380704041721,2.0860495436766624,15.404699738903393,4.43864229765013,80.0261096605744,0.6527415143603132,33.420365535248045,767,14.202334630350194,5.252918287937743,1.556420233463035,74.49027237354086,4.0,67.01434159061279,-12.979290853543235,0.88233332255328,0.9116681054578671,1.3104107700879966,-0.1251853776408108
E01011409,2.1482602118003027,36.00605143721634,5.29500756429652,30.015082956259427,1.206636500754148,68.62745098039215,0.9022556390977444,45.26315789473684,661,25.0,54.56204379562044,1.824817518248175,95.00912408759125,3.0,82.90468986384266,-14.001432135267489,0.8194103119843764,0.887214583772763,1.0623097142171107,-0.19917032914946176
E01011410,2.133848133848134,31.016731016731015,2.8314028314028317,8.472400513478819,4.621309370988447,86.77792041078305,0.9009009009009009,48.39124839124839,777,5.132743362831858,1.0619469026548671,1.0619469026548671,87.6141592920354,5.0,72.71557271557272,-8.583619288423316,0.9793422763251776,1.0309605617591293,1.1056788711896883,-0.020874079244185814
E01011411,2.338335607094134,24.556616643929058,3.2742155525238745,15.688949522510232,1.364256480218281,82.94679399727148,0.6821282401091405,50.34106412005457,733,9.88857938718663,3.7604456824512535,1.1142061281337048,96.00974930362116,5.0,97.95361527967258,-6.963788300835638,0.826382809942193,0.8344431905832115,1.0194835569827707,-0.19069716252786484
E01011412,2.277987421383648,27.67295597484277,3.270440251572327,8.155583437892096,3.638644918444166,87.8293601003764,1.1306532663316584,38.81909547738693,795,4.529616724738676,0.6968641114982579,1.0452961672473868,88.7595818815331,5.0,72.20125786163521,-4.181184668989557,1.0107631074129013,1.0192128714350899,1.1388435887527857,0.010705597461487243
E01011413,2.451178451178451,22.55892255892256,6.0606060606060606,9.612141652613827,0.5059021922428331,89.7133220910624,1.3468013468013467,56.3973063973064,594,3.571428571428571,19.345238095238095,3.869047619047619,100.99702380952381,5.0,56.56565656565656,-0.7739099012285977,0.9551864548399613,0.919821802381752,1.1452258917486715,-0.04584871688826943
E01011414,2.322429906542056,25.077881619937692,4.361370716510903,16.018662519440124,0.7776049766718507,83.04821150855366,1.2422360248447204,56.36645962732919,642,11.488250652741515,26.631853785900784,4.43864229765013,100.96083550913838,5.0,59.65732087227414,-3.9541032717763436,0.9442017078257701,0.934120574992385,1.1485393237390795,-0.057415462117328835
E01011415,2.2383561643835614,29.726027397260275,3.5616438356164384,21.751025991792066,3.556771545827633,74.4186046511628,1.095890410958904,37.26027397260274,730,23.689320388349515,26.019417475728158,1.9417475728155338,83.65369649805447,3.0,70.54794520547945,-4.75036503829701,0.9474915890005722,0.9453234960000825,1.1371964944630826,-0.05393721910920783
E01011416,2.4107142857142856,24.83766233766234,6.331168831168831,12.965964343598054,7.455429497568882,79.09238249594813,1.461038961038961,49.51298701298701,616,12.594458438287154,23.929471032745592,1.7632241813602016,89.8690176322418,4.0,64.44805194805194,-5.968281850722523,0.8928255019547876,0.9143998179752482,1.02145281910383,-0.1133641237455751
E01011417,2.06765899864682,38.02435723951286,3.6535859269282813,12.178619756427606,12.584573748308525,74.96617050067658,1.0825439783491204,33.28822733423545,739,28.02547770700637,13.800424628450106,2.7600849256900215,77.16348195329087,4.0,63.734776725304464,-10.38918702041225,0.9310027014911924,0.97236459917064,1.1704117659367212,-0.07149310000015818
E01011418,2.233974358974359,28.525641025641026,3.205128205128205,16.346153846153847,0.0,83.17307692307693,1.2841091492776886,51.68539325842697,624,2.4,1.866666666666667,0.26666666666666666,82.43733333333333,5.0,60.09615384615385,-1.8666666666666831,0.9989622791396539,0.9982112811006992,1.0683786807328715,-0.001038259665423244
E01011419,2.2289156626506026,24.69879518072289,2.8112449799196786,5.633802816901409,0.2012072434607646,94.16498993963782,0.2012072434607646,64.1851106639839,498,1.4388489208633095,2.158273381294964,0.3597122302158274,98.16546762589928,5.0,55.82329317269076,-3.237410071942437,0.9401457447769074,0.9365318202359045,1.0756102530431462,-0.06172036810172189
E01011420,2.1587301587301586,29.04761904761905,3.8095238095238098,7.472178060413355,0.6359300476947536,91.7329093799682,0.47694753577106513,56.91573926868044,630,0.2506265664160401,2.756892230576441,2.506265664160401,97.16791979949875,4.0,63.33333333333333,-3.2581453634085156,0.9610103878219755,0.9426113871622831,1.1842027813765605,-0.03977006068215376
E01011421,2.5374376039933444,30.948419301164726,10.149750415973378,16.415410385259634,31.155778894472363,51.75879396984925,5.509181969949917,30.05008347245409,601,23.015873015873016,4.365079365079365,1.5873015873015872,78.42063492063492,1.0,83.86023294509151,-12.466186903485932,0.8220683482667714,0.8668515214788327,1.0790213284883174,-0.19593173863959132
E01011422,2.897810218978102,33.02919708029197,22.26277372262774,56.02189781021898,9.306569343065693,33.941605839416056,11.172161172161173,24.54212454212454,548,42.75092936802974,84.94423791821562,2.7881040892193307,92.86617100371747,1.0,98.17518248175182,-5.461281147472574,0.8646108031360086,0.8836221368570422,0.9935942521887339,-0.14547581187407777
E01011423,2.8531353135313533,24.09240924092409,16.831683168316832,12.355848434925864,36.24382207578254,50.57660626029654,8.085808580858085,30.363036303630363,606,9.846827133479213,4.157549234135667,2.8446389496717726,78.44638949671773,1.0,75.41254125412541,-2.967916910654278,0.9016562597420512,0.8865691068972733,1.060059514946904,-0.1035219183120016
E01011424,3.3606271777003482,18.641114982578397,26.82926829268293,14.26086956521739,33.565217391304344,51.47826086956522,11.498257839721255,27.35191637630662,574,4.854368932038835,7.281553398058252,1.4563106796116505,81.19660194174757,1.0,71.77700348432056,-1.63400730382115,0.834675602321277,0.8027908082458024,1.0182558305938203,-0.18071212983108068
E01011425,2.5683690280065896,28.665568369028005,12.355848434925864,14.19141914191419,4.455445544554455,81.02310231023102,4.455445544554455,44.884488448844884,607,5.426356589147287,6.718346253229974,3.359173126614987,89.23255813953489,3.0,63.75617792421746,-3.100775193798455,0.9293420377746991,0.9078694938006674,1.1455516848105551,-0.07327842948511014
E01011426,3.3947895791583167,26.65330661322645,31.262525050100198,32.92929292929293,26.86868686868687,39.5959595959596,12.625250501002002,27.45490981963928,499,25.925925925925924,93.33333333333333,4.444444444444445,101.13148148148149,1.0,108.21643286573146,2.841011743450772,0.9928472939819344,0.952741904906561,1.0266163407948812,-0.00717840925823919
E01011427,3.4793103448275864,24.655172413793103,33.96551724137931,16.80960548885077,44.25385934819897,37.56432246998285,16.323024054982817,22.508591065292098,580,12.598425196850393,22.83464566929134,4.133858267716536,82.1259842519685,1.0,87.58620689655172,-0.979204522511623,0.9153638070886869,0.8971537398783215,1.0156597475915405,-0.08843368935427785
E01011428,3.2848297213622293,26.78018575851393,27.24458204334365,49.691358024691354,10.493827160493826,39.04320987654321,16.203703703703702,18.3641975308642,646,20.061728395061728,89.96913580246914,2.7777777777777777,86.9876160990712,1.0,100.30959752321982,-4.558230753935966,0.896556942374223,0.9149014695739401,0.9948308211581333,-0.10919347164145059
E01011429,2.7533875338753386,41.46341463414634,21.951219512195124,31.309041835357625,40.62078272604588,27.26045883940621,11.924119241192411,20.73170731707317,738,43.843031123139376,81.46143437077131,3.1123139377537212,87.41407307171853,1.0,100.13550135501355,-1.55191267744883,0.966008331867862,0.96923389408922,1.0125678891347858,-0.03458281968480491
E01011430,3.5256673511293632,23.81930184804928,32.648870636550306,43.3264887063655,15.195071868583163,41.067761806981515,16.49484536082474,21.649484536082475,487,9.846827133479213,78.33698030634574,3.282275711159737,90.90590809628009,1.0,93.83983572895276,-7.002188183807445,0.8696733874684289,0.8795038867839733,1.1104764936360607,-0.1396375545229551
E01011431,2.4813477737665464,37.063778580024064,13.237063778580024,10.817307692307693,57.331730769230774,29.447115384615387,8.413461538461538,10.576923076923077,831,33.64485981308411,6.408544726301736,2.9372496662216285,71.30748663101605,1.0,90.1323706377858,-2.9224150719477815,0.9245844073956434,0.9199384470271911,1.0232933936226007,-0.07841093173239894
E01011432,2.9279437609841827,25.48330404217926,19.68365553602812,51.232394366197184,15.316901408450704,33.098591549295776,14.43661971830986,20.598591549295776,569,6.884681583476763,95.00860585197934,3.7865748709122204,88.23924268502581,1.0,102.10896309314587,-5.335628227194478,0.9336292213633194,0.9670168823245251,1.0055325093834755,-0.06867589883881874
E01011433,2.7782608695652176,30.0,18.405797101449277,63.662790697674424,18.168604651162788,17.587209302325583,15.173410404624278,10.982658959537572,690,16.23108665749656,92.70976616231087,3.576341127922971,78.4222833562586,1.0,105.36231884057972,-5.666430661848832,1.0204094446910972,1.0845139184705854,1.023958918580587,0.02020396311400617
E01011434,2.7374810318664644,31.10773899848255,17.298937784522003,54.49010654490106,17.50380517503805,27.24505327245053,17.450682852807283,8.19423368740516,659,6.976744186046512,93.31395348837209,2.4709302325581395,76.24163027656478,1.0,104.40060698027314,-3.528905994104148,1.0395375627458199,1.081274655571545,1.028613270651559,0.038775963060676925
E01011435,2.933993399339934,23.927392739273927,19.141914191419144,82.83828382838284,6.270627062706271,10.891089108910892,1.9769357495881383,29.159802306425043,606,41.20521172638437,66.28664495114006,0.9771986970684038,96.64532019704434,4.0,101.32013201320132,-4.893435537516533,0.7397681084794299,0.744851664337454,0.8702655701023889,-0.30141850881328397
E01011440,2.5475113122171944,33.18250377073906,13.122171945701359,61.14457831325302,15.963855421686745,22.439759036144576,3.0165912518853695,22.92609351432881,663,50.0,60.483870967741936,2.4193548387096775,88.43387096774194,3.0,93.51432880844645,-7.426576793452099,0.758199782984048,0.7537628828305644,1.0277663494049663,-0.27680836212515064
E01011441,2.7863372093023258,28.77906976744186,15.843023255813954,63.84839650145773,9.037900874635568,26.53061224489796,3.488372093023256,29.069767441860467,688,44.11764705882353,49.55882352941177,2.0588235294117645,85.34218289085545,4.0,98.83720930232558,-10.83560013600816,0.7539355405209759,0.7856090700690538,0.9879320176608897,-0.28244840465389237
E01011442,2.974481658692185,33.33333333333333,26.475279106858054,77.03349282296651,10.845295055821373,12.121212121212121,2.2328548644338118,29.02711323763955,627,49.137931034482754,68.27586206896552,1.5517241379310345,94.72068965517241,4.0,92.50398724082935,-4.857623453081827,0.8861838741071237,0.9054853583820115,0.9894026973842356,-0.12083081705673536
E01011443,2.517337031900139,42.71844660194174,15.811373092926493,70.33426183844011,12.256267409470752,16.852367688022284,2.920723226703755,15.99443671766342,721,75.05882352941177,46.11764705882353,1.1764705882352942,82.02,4.0,117.89181692094313,-26.939247830279655,0.68983813236929,0.8517910243919908,1.0329742438028724,-0.3712982996806955
E01011444,3.1169871794871793,33.493589743589745,25.961538461538463,79.96794871794873,12.01923076923077,7.852564102564102,5.288461538461538,22.916666666666664,624,54.34173669467787,85.99439775910365,1.2605042016806722,95.07282913165267,2.0,114.42307692307692,-3.7802508390743617,0.8388805917873179,0.835519879609529,0.9830685650519639,-0.17568690470885237
E01011445,3.7378435517970403,12.050739957716702,32.76955602536998,84.59915611814345,5.274261603375527,9.49367088607595,4.2105263157894735,28.210526315789476,473,22.489082969432314,81.22270742358079,0.0,105.68340611353712,3.0,96.82875264270614,-3.494870653316784,0.7521003520212989,0.7576488447580388,0.8372601689819925,-0.2848855170987007
E01011446,3.4187866927592956,22.700587084148726,29.74559686888454,75.49019607843137,8.431372549019608,15.490196078431373,7.782101167315175,28.793774319066145,511,32.99180327868852,82.17213114754098,2.0491803278688523,98.96926229508196,3.0,95.49902152641879,-6.571269797165879,0.7268456083679817,0.7505971772598198,0.8422494616461962,-0.31904119213399723
E01011447,3.1445221445221447,20.04662004662005,19.114219114219114,73.44110854503464,10.623556581986143,14.549653579676674,4.640371229698376,26.68213457076566,429,20.098039215686274,79.41176470588235,1.4705882352941175,92.95833333333333,2.0,95.1048951048951,-0.8942766295707671,0.8262832324732896,0.8189845013562189,0.8838892344194452,-0.19081766777994638
E01011448,3.4054054054054053,23.492723492723496,31.80873180873181,61.79540709812108,30.89770354906054,7.306889352818372,8.368200836820083,20.920502092050206,481,40.97363083164301,67.74847870182555,0.2028397565922921,93.21095334685599,2.0,102.4948024948025,0.0,0.8780779114594486,0.8659935076386208,0.9194845402339403,-0.13001995185861276
E01011449,2.405844155844156,24.512987012987015,7.954545454545454,69.65742251223492,19.575856443719413,10.277324632952691,5.863192182410423,11.400651465798045,616,8.099173553719009,83.30578512396694,0.8264462809917356,74.47438016528926,2.0,98.21428571428571,-0.5109888677425234,1.0300923462320448,1.0076117732875376,1.1431362660293751,0.02964845475860324
E01011450,2.38996138996139,28.185328185328185,6.177606177606178,17.533718689788053,31.79190751445087,49.51830443159923,5.769230769230769,40.0,518,10.61320754716981,2.358490566037736,0.2358490566037736,83.48349056603773,2.0,81.85328185328186,0.03156027158892627,1.0241695822003458,1.012179059851451,1.063404474521579,0.023882120523413555
E01011451,1.8771593090211132,50.09596928982726,4.414587332053743,41.06463878326996,18.44106463878327,39.73384030418251,1.1385199240986716,23.33965844402277,521,75.46777546777547,37.42203742203743,2.079002079002079,82.11850311850311,4.0,92.32245681381957,-9.833315096472983,0.7737601626495084,0.8235979724976854,0.9303385209890577,-0.25649332078912185
E01011452,2.5052790346907994,22.77526395173454,5.429864253393665,10.015174506828528,2.579666160849772,87.25341426403642,0.9090909090909091,59.54545454545455,663,12.88056206088993,26.46370023419204,3.0444964871194378,111.96487119437938,5.0,64.40422322775264,5.661700642019863,0.9922811577433869,0.9342380280401341,0.9725346076672665,-0.007748786710039766
E01011453,2.171631205673759,31.48936170212766,3.2624113475177303,13.719943422913719,8.91089108910891,77.36916548797737,0.4243281471004243,43.56435643564357,705,24.843423799582464,21.29436325678497,2.9227557411273484,100.17745302713988,5.0,67.94326241134752,-6.908877908111933,0.912366756928455,0.9556701343693005,1.0059058996067276,-0.09171322399185287
E01011454,2.3425655976676385,26.239067055393583,3.061224489795918,18.567251461988306,0.8771929824561403,80.4093567251462,1.3119533527696794,39.94169096209912,686,6.82261208576998,44.2495126705653,3.508771929824561,87.302734375,5.0,74.78134110787173,-9.746588693957115,0.8963822998036838,0.9230215197986873,1.1711464141454326,-0.10938828311858621
E01011455,2.562105263157895,21.263157894736842,5.684210526315789,4.602510460251046,0.41841004184100417,94.97907949790795,0.6302521008403361,66.38655462184873,475,6.474820143884892,8.633093525179856,2.5179856115107913,122.72302158273381,5.0,58.526315789473685,-3.0026188254417385,0.8332622587009024,0.8235974005183109,0.9841055296022934,-0.18240684999023296
E01011456,2.475482912332838,25.26002971768202,5.49777117384844,5.067064083457526,2.384500745156483,91.80327868852459,0.2976190476190476,60.416666666666664,673,17.26457399103139,9.417040358744394,1.5695067264573992,114.82068965517242,5.0,66.2704309063893,-6.331629384617399,0.838961457857214,0.8466627213680178,1.0493732443041,-0.175590511761762
E01011457,2.4635332252836304,24.149108589951375,6.3209076175040515,13.043478260869565,6.602254428341385,80.03220611916264,0.8130081300813009,53.49593495934959,617,13.394919168591224,45.95842956120092,3.4642032332563506,147.09699769053117,5.0,70.17828200972447,-1.447959104237484,0.8540478082150984,0.8376016698606931,0.9783090962297473,-0.15776810524396515
E01011458,2.621197252208047,17.075564278704615,5.888125613346419,5.980392156862745,3.7254901960784315,87.84313725490196,0.7827788649706457,63.20939334637965,1019,5.785123966942149,7.55608028335301,1.062573789846517,112.80047225501771,5.0,83.1207065750736,-2.9515938606847647,0.8015199044995942,0.7856072236269589,0.9532405150923201,-0.2212454731802605
E01011459,2.1586475942782837,32.50975292587776,3.3810143042912877,26.336375488917863,3.259452411994785,69.10039113428944,1.3003901170351104,42.002600780234076,769,28.802588996763756,36.56957928802589,3.559870550161812,88.04854368932038,4.0,80.36410923276983,-15.399103991634089,0.7536025713053818,0.8085018986806329,1.059562780380008,-0.2828901436963703
E01011460,2.298780487804878,31.859756097560975,6.554878048780488,21.1890243902439,13.871951219512196,64.48170731707317,2.591463414634146,35.51829268292683,656,26.252505010020037,24.04809619238477,1.002004008016032,82.71342685370742,4.0,76.0670731707317,-5.474925935578168,0.9254698097360858,0.9262602945871261,1.1274070247721046,-0.07745376799109753
E01011461,2.5555555555555554,20.424836601307188,6.372549019607843,4.078303425774878,0.6525285481239804,94.77977161500816,0.32679738562091504,67.81045751633987,612,1.4705882352941175,3.823529411764706,1.4705882352941175,117.71176470588236,5.0,55.55555555555556,-0.20872865275139985,0.9609872357719051,0.9343814400384005,1.0832867094920835,-0.03979415233532463
E01011462,2.3796423658872077,30.81155433287483,5.914718019257221,11.554332874828061,31.224209078404403,56.808803301237965,2.3383768913342506,36.03851444291609,727,10.337972166998012,7.5546719681908545,1.5904572564612325,82.41749502982107,3.0,69.18844566712518,-4.627427469323441,0.9407668814914173,0.9450466406071734,1.0903513888976648,-0.06105990495376466
E01011463,2.2351387054161163,34.61030383091149,5.5482166446499335,9.13907284768212,43.576158940397356,46.75496688741722,4.227212681638045,26.948480845442536,757,38.54351687388988,7.8152753108348145,0.3552397868561279,70.33570159857904,2.0,74.37252311756936,3.9561770700664356,1.0853801964047938,1.0223858688723118,1.15797195515372,0.0819303370456647
E01011464,1.9988876529477198,36.70745272525028,1.7797552836484982,33.74028856825749,4.550499445061043,61.26526082130965,0.778642936596218,27.586206896551722,899,37.16577540106952,28.208556149732622,1.3368983957219251,76.22860962566845,4.0,83.20355951056729,-7.801839387792731,0.9261683638478854,0.9478889489868199,1.1115898141658582,-0.0766992424526782
E01011465,2.0921052631578947,37.08133971291866,3.349282296650718,18.54066985645933,25.95693779904306,54.90430622009569,1.4336917562724014,27.598566308243726,836,40.73033707865169,30.47752808988764,1.6853932584269662,75.66713483146067,3.0,85.16746411483254,-5.2767044587930245,0.9511179313659516,0.950034416681684,1.1457355435545442,-0.05011721637959152
E01011466,2.3244094488188978,35.118110236220474,8.031496062992126,9.0625,34.21875,56.09375,5.337519623233909,22.762951334379906,635,21.792260692464357,0.20366598778004072,4.0733197556008145,74.87780040733197,1.0,77.32283464566929,-5.335156912007378,0.9621405684898652,0.9751474840337467,1.098780535663113,-0.038594717899741435
E01011467,2.2014742014742015,35.38083538083538,5.773955773955774,38.77300613496932,30.184049079754597,30.061349693251532,5.153374233128835,16.319018404907975,814,64.00797607178464,0.19940179461615154,0.5982053838484547,64.44267198404786,1.0,123.21867321867322,-9.286465671854959,0.8261495081698768,0.8210230355922735,1.05019850902093,-0.19097951921318865
E01011468,2.2143634385201305,37.323177366702936,4.787812840043525,12.636165577342048,47.276688453159046,39.869281045751634,4.471101417666303,22.24645583424209,919,39.37093275488069,9.219088937093275,0.21691973969631237,76.93238822246455,1.0,100.32644178454842,-12.4098447852801,0.9607471279422839,0.9820965298432653,1.3589044691577483,-0.04004403893297761
E01011469,2.2416534181240064,28.139904610492845,3.815580286168521,11.234177215189874,8.544303797468354,79.74683544303798,2.3696682464454977,31.753554502369667,629,0.2688172043010753,0.0,1.881720430107527,70.14516129032258,3.0,59.14149443561209,-2.881516909195758,1.0005841458344331,1.0021568213784084,1.095142194102869,0.0005839752876680608
E01011470,2.165,35.5,4.833333333333333,18.166666666666668,24.833333333333332,56.833333333333336,7.357859531772576,23.578595317725753,600,16.851441241685144,18.8470066518847,2.4390243902439024,69.88026607538802,2.0,75.16666666666667,-5.986696230598665,1.0535525002856145,1.0881354364717266,1.1560402295864327,0.052167787178579596
E01011471,2.380664652567976,32.62839879154079,6.948640483383686,14.954682779456194,50.60422960725075,33.68580060422961,8.157099697885197,21.299093655589125,662,23.076923076923077,23.076923076923077,2.0146520146520146,75.22893772893772,1.0,82.4773413897281,-3.562566465792283,1.0745829206956803,1.1050998547866786,1.1045991963214152,0.07193260554741812
E01011472,2.2605042016806722,37.95518207282913,7.703081232492997,10.20979020979021,53.28671328671328,35.38461538461539,4.901960784313726,16.946778711484594,714,24.78031634446397,8.611599297012303,1.9332161687170473,70.7311072056239,1.0,79.69187675070029,-2.5402116604263836,1.0752594860429185,1.0739722260076878,1.1766357123996019,0.07256201481709579
E01011473,2.5073409461663947,30.505709624796083,9.624796084828711,13.008130081300814,62.764227642276424,22.926829268292686,10.048622366288493,12.479740680713128,613,30.592734225621417,0.5736137667304015,1.9120458891013385,63.877629063097515,1.0,85.31810766721044,1.0634077370743067,1.0624778744971641,1.0751459174679912,1.000321440599101,0.06060379759694324
E01011474,2.430091185410334,30.091185410334347,8.51063829787234,12.32876712328767,59.96955859969558,26.78843226788432,7.76255707762557,16.28614916286149,658,30.980392156862745,0.7843137254901961,1.1764705882352942,67.1078431372549,1.0,77.50759878419453,0.16798615249282722,1.0663068365731123,1.065734972395847,1.0624154011053093,0.06420112351268618
E01011475,2.305157593123209,30.37249283667622,5.300859598853868,12.303290414878399,55.50786838340487,31.759656652360512,7.020057306590258,15.902578796561603,698,36.8141592920354,0.5309734513274336,1.9469026548672566,67.38407079646018,1.0,80.94555873925502,-0.4364165353376026,1.0146014426575654,1.00265841148143,1.0629791270076085,0.014495868047298315
E01011476,2.48582995951417,31.17408906882591,9.109311740890687,12.57606490872211,40.56795131845842,45.63894523326572,7.551020408163265,21.836734693877553,494,3.1331592689295036,0.26109660574412535,1.0443864229765014,73.11227154046998,1.0,77.53036437246963,-0.8796409547249584,1.025747441096915,1.041444637587987,1.009636011502174,0.02542155767159702
E01011477,2.0369967355821545,43.19912948857454,6.093579978237215,28.24427480916031,36.6412213740458,34.35114503816794,4.8034934497816595,20.633187772925766,919,68.13559322033899,15.141242937853109,1.4689265536723164,67.48474576271187,2.0,96.30032644178455,-6.504553503668098,0.950220368993357,0.9436640251061305,1.1685458465438998,-0.05106135392639054
E01011478,2.193548387096774,38.21339950372209,8.064516129032258,50.0,19.43069306930693,30.198019801980198,2.8535980148883375,23.69727047146402,806,28.22695035460993,64.25531914893618,4.822695035460993,80.84637268847796,2.0,87.46898263027295,1.7854137688252392,1.061292068848542,1.0297195201831184,1.0868656809170878,0.0594870987044252
E01011479,2.4594155844155843,28.8961038961039,10.064935064935066,72.44732576985413,5.348460291734198,20.097244732576986,3.074433656957929,28.802588996763756,616,7.156673114119923,92.26305609284333,0.3868471953578337,96.92456479690522,3.0,83.92857142857143,-2.321083172146998,0.911874319523519,0.9367813445001012,0.9004754638082088,-0.0922531059441382
E01011480,2.4884437596302003,23.42064714946071,8.012326656394453,24.074074074074073,2.4691358024691357,72.37654320987654,2.157164869029276,48.69029275808937,649,11.11111111111111,11.11111111111111,3.8383838383838382,87.18255578093306,4.0,76.27118644067797,-3.0406252304062464,0.9852996746017326,0.9724938289838363,1.153937273403598,-0.014809445906748988
E01011481,2.3592644978783595,35.07779349363508,11.032531824611032,60.4225352112676,20.845070422535212,17.183098591549296,5.758426966292135,21.06741573033708,707,37.5,54.63917525773196,0.7731958762886598,73.69419354838709,2.0,109.75954738330975,-5.305577916850601,0.918471673152536,0.9504868172120527,1.002257481443747,-0.08504421513727542
E01011482,1.9919724770642202,35.435779816513765,1.94954128440367,57.22477064220184,6.651376146788992,35.89449541284404,2.2883295194508007,25.514874141876433,872,13.870541611624834,75.56142668428005,1.9815059445178336,73.85317460317461,2.0,86.81192660550458,-6.472919418758261,1.0526085548951187,1.0879554716324864,1.1871693221408106,0.05127142129869906
E01011483,2.32378223495702,40.54441260744986,11.031518624641834,44.126074498567334,34.52722063037249,20.487106017191977,6.008583690987124,22.031473533619454,698,32.72727272727273,57.12121212121212,1.3636363636363635,72.60303030303031,1.0,94.55587392550143,-8.315508021390372,0.852532424280824,0.8888071106340861,1.0096211087379472,-0.15954403620074503
E01011484,2.3778110944527735,31.93403298350825,8.245877061469265,7.5075075075075075,60.36036036036037,31.98198198198198,7.749627421758569,21.609538002980628,667,26.789366053169733,1.0224948875255624,3.067484662576687,72.08588957055214,1.0,73.31334332833583,-3.668845157257883,1.0308876482694396,1.0241288462469142,1.189182189713942,0.03042022554627904
E01011485,2.108923884514436,41.46981627296588,5.6430446194225725,12.287581699346404,41.307189542483655,45.751633986928105,6.422018348623854,22.804718217562254,762,47.524752475247524,4.785478547854786,1.4851485148514851,71.20792079207921,1.0,79.52755905511812,-2.6704421414904145,0.9417143087048442,0.9382715259534755,1.0382555943674854,-0.060053332034625234
E01011488,2.0854700854700856,33.76068376068376,2.849002849002849,37.94579172610557,21.540656205420827,39.80028530670471,2.4113475177304964,31.48936170212766,702,20.59748427672956,70.44025157232704,2.20125786163522,82.74371069182389,2.0,90.5982905982906,-4.293990976210016,1.111703896409316,1.1420605011455967,1.1835442418853934,0.10589388016207174
E01011489,2.0440835266821344,41.53132250580047,3.944315545243619,28.42227378190255,36.19489559164733,33.990719257540604,4.40324449594438,22.711471610660485,862,42.97635605006954,20.723226703755216,13.073713490959666,72.4673157162726,2.0,83.4106728538283,-6.6950505417133765,0.9909924115517807,1.009569154687581,1.1589267023698415,-0.009048402045966575
E01011491,2.3865131578947367,31.57894736842105,9.210526315789473,13.036303630363037,49.00990099009901,37.12871287128713,7.565789473684211,16.11842105263158,608,23.1981981981982,0.6756756756756757,3.6036036036036037,68.93018018018019,1.0,73.02631578947368,-4.282765737874095,0.9205138039457278,0.9429408820541673,0.9812448577984832,-0.08282328228268633
E01011492,2.5707831325301207,27.86144578313253,11.44578313253012,13.939393939393941,55.45454545454545,28.18181818181818,7.250755287009064,20.241691842900302,664,26.02965403624382,1.4827018121911038,1.1532125205930808,72.50082372322899,1.0,91.41566265060241,-0.7668841059161546,0.9576428928873577,0.9446352052200802,1.0159640157621672,-0.043280333670332974
E01011493,2.42406015037594,28.57142857142857,7.669172932330827,18.49624060150376,40.6015037593985,36.84210526315789,8.1203007518797,18.947368421052634,665,12.075471698113208,0.37735849056603776,6.60377358490566,74.47924528301887,1.0,79.69924812030075,-6.82699973425458,0.9165822393551514,0.9357866874120193,1.0577357138007826,-0.0871034837529805
E01011494,2.6853035143769968,23.322683706070286,11.182108626198083,20.063694267515924,41.24203821656051,38.53503184713376,7.188498402555911,18.849840255591054,626,10.176125244618394,2.5440313111545985,1.761252446183953,72.03326810176125,1.0,81.629392971246,-5.70335769371254,0.8635258166477489,0.8878396508192935,0.9500970938273521,-0.14673148416109272
E01011496,2.4688524590163934,20.983606557377048,2.9508196721311477,13.2013201320132,0.49504950495049505,86.3036303630363,0.6578947368421052,45.88815789473684,610,0.0,24.249422632794456,1.3856812933025404,92.44572748267899,5.0,70.98360655737706,-1.462782021673481,0.953424133858728,0.9493271521589418,1.0201989580620603,-0.047695423065536584
E01011497,2.554411764705882,26.61764705882353,10.294117647058822,13.402061855670103,53.01914580265096,32.253313696612665,7.817109144542774,18.73156342182891,680,31.782945736434108,0.7751937984496124,0.5813953488372093,70.98255813953489,1.0,75.88235294117646,-1.416899868120558,0.9327102190272981,0.9223602789574651,1.0112388662201754,-0.06966071691682574
E01011500,2.2427745664739884,29.190751445086704,3.1791907514450863,10.771470160116449,11.499272197962155,77.29257641921397,0.43731778425655976,40.2332361516035,692,11.804008908685969,14.92204899777283,2.4498886414253898,87.36971046770601,3.0,64.88439306358381,-1.3363028953229383,0.9507943691262288,0.9310717348779743,1.0800896985732855,-0.05045746576202683
E01011502,2.3668941979522184,30.204778156996586,6.655290102389079,11.243611584327088,31.3458262350937,56.558773424190804,4.436860068259386,22.525597269624573,586,11.027568922305765,0.2506265664160401,0.5012531328320802,76.44360902255639,2.0,68.08873720136519,-1.5037593984962405,1.0262783825940134,1.0254538078742697,1.0820386261220172,0.02593903801011601
E01011504,2.0624169986719787,43.95750332005312,6.108897742363878,10.013351134846461,51.66889185580774,37.78371161548731,7.785234899328859,17.449664429530202,753,50.96660808435852,0.17574692442882248,2.2847100175746924,65.77855887521969,1.0,75.56440903054448,-1.1407793467062555,0.9335483356515863,0.9003494595811918,1.0580389487644501,-0.06876253838895659
E01011505,2.5615384615384613,28.000000000000004,10.153846153846153,11.40215716486903,12.01848998459168,76.42526964560862,3.225806451612903,43.625192012288785,650,18.485523385300667,9.35412026726058,2.2271714922048997,90.3674832962138,4.0,69.07692307692308,-2.6061088132357635,0.876827600035872,0.8430813074964525,1.1144002237306916,-0.13144488514071012
E01011506,2.929657794676806,19.011406844106464,14.638783269961978,20.952380952380953,0.9523809523809524,78.0952380952381,2.48565965583174,47.60994263862332,526,9.198813056379821,2.967359050445104,2.0771513353115725,102.03857566765579,4.0,64.06844106463878,-2.202540694804578,0.8289252216398558,0.8023843619753258,1.0251678708575451,-0.1876253310036171
E01011507,2.4871794871794872,23.227752639517345,6.033182503770739,11.44578313253012,1.6566265060240966,86.59638554216868,1.6541353383458646,52.18045112781955,663,1.8433179723502304,24.88479262672811,3.4562211981566824,92.11059907834101,5.0,65.46003016591251,-2.995391705069117,0.904042791987175,0.883613142217866,1.1172838130058442,-0.10087858344128753
E01011508,3.0,14.376321353065538,12.684989429175475,15.04237288135593,0.423728813559322,84.32203389830508,2.330508474576271,58.05084745762712,473,4.012345679012346,21.296296296296298,2.4691358024691357,118.63888888888889,5.0,68.49894291754757,-0.6172839506172756,0.8522973698116989,0.8062128116055912,1.113507292900117,-0.15981978744750175
E01011509,2.1739130434782608,39.130434782608695,4.813664596273292,14.463452566096425,5.132192846034215,80.09331259720062,1.4018691588785046,36.44859813084112,644,35.86497890295359,2.9535864978902953,1.2658227848101267,88.34249471458774,5.0,73.6024844720497,-3.390055332373232,0.9137562347228854,0.8949102538968644,1.1103348939445996,-0.09019144471528696
E01011510,1.828537170263789,57.793764988009585,4.676258992805756,7.065868263473053,65.26946107784431,26.706586826347305,3.477218225419664,14.98800959232614,834,68.22857142857143,0.34285714285714286,1.2571428571428571,62.374857142857145,1.0,104.91606714628297,0.787275645702612,0.9715383002596237,0.8784476847414897,1.1462430618630495,-0.028874587102705126
E01011511,2.623836126629423,27.746741154562383,12.290502793296088,21.161048689138575,10.674157303370785,67.97752808988764,3.5580524344569286,39.51310861423221,537,34.441805225653205,10.688836104513063,3.32541567695962,100.5249406175772,4.0,78.39851024208566,-7.032253353549844,0.8006675418273547,0.8226741605940797,0.9494303117908433,-0.22230947197092193
E01011512,2.405027932960894,31.424581005586592,7.82122905027933,31.18881118881119,2.937062937062937,65.45454545454545,1.813110181311018,44.21199442119944,716,53.73134328358209,22.22222222222222,3.482587064676617,104.6898839137645,4.0,84.21787709497207,-5.205199299942976,0.8129591159007351,0.7996188002957251,1.0450485051815337,-0.20707445864378282
E01011513,2.2919254658385095,28.985507246376812,3.9337474120082816,21.509824198552224,9.410548086866598,68.45915201654603,1.4492753623188406,47.61904761904761,966,27.421555252387446,9.549795361527966,0.1364256480218281,89.78581173260574,5.0,75.87991718426501,-3.0066922879548597,0.9007410249213857,0.8882651975549853,1.03766255713952,-0.10453749340980835
E01011514,2.735294117647059,21.517027863777088,10.8359133126935,18.82716049382716,1.3888888888888888,79.32098765432099,2.476780185758514,50.0,646,27.33050847457627,9.110169491525424,3.1779661016949152,105.1316348195329,5.0,73.06501547987617,-6.662945295848988,0.7997042570215978,0.7921765887985502,1.0564454418286608,-0.22351329838523673
E01011515,2.2575301204819276,35.69277108433735,5.421686746987952,36.666666666666664,1.3636363636363635,61.66666666666667,1.9667170953101363,37.821482602118,664,54.87804878048781,16.056910569105693,2.2357723577235773,95.46544715447155,5.0,74.09638554216868,-6.63873509900742,0.8216727041812982,0.8315976343786472,1.0150126633690806,-0.19641313331246213
E01011516,2.640909090909091,19.545454545454547,7.878787878787878,10.606060606060606,0.30303030303030304,88.93939393939394,0.6060606060606061,58.03030303030303,660,6.356968215158925,8.312958435207824,1.7114914425427872,105.99022004889976,5.0,61.969696969696976,-0.5178724106379429,0.9278783398483591,0.8891364582442723,1.1268249473370235,-0.0748546540915382
E01011517,2.2990654205607477,33.511348464619495,4.539385847797063,15.240641711229946,17.245989304812834,67.11229946524064,2.2666666666666666,39.33333333333333,749,23.211169284467715,11.8673647469459,2.4432809773123907,88.7870855148342,4.0,76.50200267022697,-5.017452006980793,0.8768282768696668,0.8617596312319846,1.1201848658862672,-0.13144411322895286
E01011518,2.2781655034895314,26.919242273180462,4.3868394815553335,21.115537848605577,10.95617529880478,67.43027888446214,1.3958125623130608,37.28813559322034,1003,13.071895424836603,11.50326797385621,1.3071895424836601,83.94895287958116,4.0,76.27118644067797,-3.529411764705881,0.932267138384584,0.9189266089608485,1.1114886557511527,-0.07013587619882952
E01011519,2.2459736456808197,33.38213762811127,5.563689604685212,8.689248895434462,30.78055964653903,59.941089837997055,3.9764359351988214,27.393225331369663,683,5.842696629213483,2.247191011235955,2.247191011235955,78.85168539325842,2.0,65.15373352855052,-2.1879133943970785,0.9806518857244338,0.9676173447429646,1.1097181882459544,-0.019537738943274832
E01011520,2.22106824925816,29.821958456973295,4.896142433234421,14.285714285714285,3.273809523809524,82.29166666666666,1.1869436201780417,43.17507418397626,674,6.398104265402843,11.374407582938389,2.3696682464454977,85.45734597156398,4.0,62.61127596439169,-4.334724481856123,0.906240633868771,0.8955978378059611,1.1150752634659185,-0.09845040790801561
E01011521,2.1803607214428857,31.362725450901802,3.707414829659319,15.747241725175526,6.218655967903711,75.92778335005015,1.2048192771084338,45.98393574297189,998,6.120218579234972,16.39344262295082,0.9836065573770493,96.41857923497268,4.0,91.68336673346693,-4.043715846994522,0.8589144863117161,0.8407006053173368,1.0690417146846187,-0.1520859122307363
E01011522,2.2966101694915255,24.576271186440678,3.5593220338983054,12.18274111675127,1.353637901861252,86.12521150592217,0.8460236886632826,53.80710659898477,590,8.426966292134832,12.640449438202248,4.49438202247191,95.81741573033707,5.0,60.33898305084746,-6.460674157303359,0.8944479224824701,0.8947665699475216,1.152203714080409,-0.11154859742358944
E01011523,2.2355828220858895,32.26993865030675,5.030674846625767,18.627450980392158,14.215686274509803,66.66666666666666,1.4723926380368098,37.54601226993865,815,12.748344370860929,17.3841059602649,1.6556291390728477,90.12582781456953,3.0,74.11042944785277,-4.474303541130764,0.9279653837797991,0.9187347536633322,1.138026795265241,-0.07476084885309534
E01011524,2.159709618874773,30.127041742286753,2.1778584392014517,17.985611510791365,2.697841726618705,79.31654676258992,1.8050541516245486,44.584837545126355,551,6.199460916442049,24.258760107816713,0.8086253369272237,85.62803234501348,4.0,67.33212341197822,-1.3477088948787186,0.9940944657449278,0.9625044989867038,1.18524655562144,-0.005923040880501912
E01011525,2.153735632183908,32.90229885057471,2.442528735632184,23.52941176470588,4.017216642754662,72.16642754662841,1.8624641833810889,34.097421203438394,696,10.588235294117647,31.76470588235294,1.9607843137254901,74.6156862745098,4.0,73.27586206896551,-3.374183006535947,1.0058000942496037,0.9979249289176176,1.1610676421914505,0.00578333846183122
E01011526,2.585714285714286,15.10204081632653,4.6938775510204085,9.368635437881874,0.8146639511201629,89.40936863543789,0.0,58.36734693877551,490,5.084745762711865,2.3728813559322033,1.3559322033898304,95.81016949152543,5.0,60.204081632653065,-1.0169491525423568,0.9370874453864231,0.926437209252865,1.0135801698450062,-0.06497867624610222
E01011527,2.2522639068564034,30.142302716688228,4.786545924967658,13.824289405684754,0.7751937984496124,85.01291989664082,1.6861219195849546,44.22827496757458,773,13.698630136986301,15.296803652968036,1.82648401826484,90.85388127853881,4.0,56.66235446313066,-4.142797841427981,0.8740441134722039,0.864574967427681,1.0560263707596071,-0.13462443151999984
E01011528,2.5693548387096774,20.64516129032258,6.290322580645161,10.483870967741936,5.64516129032258,83.87096774193549,1.4469453376205788,50.64308681672026,620,10.025706940874036,7.712082262210797,1.0282776349614395,100.66323907455013,5.0,62.74193548387097,-0.25706940874036244,0.9539890485274428,0.9310712406853983,1.0545361843451297,-0.04710308713072322
E01011529,2.3241852487135506,27.958833619210978,4.288164665523156,10.76923076923077,23.076923076923077,65.8119658119658,3.9249146757679183,39.76109215017065,583,13.802816901408452,9.014084507042254,1.4084507042253522,81.49295774647888,2.0,60.891938250428815,-2.2535211267605604,0.9296504616395818,0.9106932784877894,1.0881354896976703,-0.07294661118265904
E01011530,2.14937106918239,29.71698113207547,2.6729559748427674,19.905956112852667,3.918495297805643,76.17554858934169,1.10062893081761,42.76729559748428,636,21.894736842105264,11.157894736842106,1.6842105263157894,86.31157894736842,4.0,74.68553459119497,-7.688988209909842,0.8405868550790411,0.8291818794805194,1.1848258262460303,-0.17365499407914017
E01011531,2.104516129032258,31.61290322580645,2.3225806451612905,7.922077922077922,3.2467532467532463,87.79220779220779,0.3901170351105332,40.96228868660598,775,3.543307086614173,2.952755905511811,2.559055118110236,80.28740157480316,5.0,65.54838709677419,-3.168568951816797,1.018000028039667,1.00553887093818,1.1944163816100626,0.01783994567220788
E01011532,2.272340425531915,34.60992907801418,5.390070921985815,14.184397163120568,34.60992907801418,50.92198581560283,2.4045261669024045,21.074964639321074,705,27.765726681127983,8.893709327548807,0.6507592190889371,66.55748373101952,2.0,65.39007092198581,-1.9522776572667988,0.9911790573595877,0.9781869432687125,1.1109776592306793,-0.008860077462260344
E01011533,1.8493333333333333,45.86666666666667,1.866666666666667,29.733333333333334,16.8,53.333333333333336,2.533333333333333,19.066666666666666,750,43.80453752181501,40.31413612565445,2.7923211169284468,72.36125654450262,2.0,76.4,-9.884679875440572,0.98852265620635,1.0511281192931192,1.1674558665882377,-0.011543716850255195
E01011534,2.3156342182890857,29.5968534906588,3.933136676499508,18.645731108930324,7.262021589793916,72.32580961727183,1.080550098231827,38.50687622789784,1017,11.171960569550931,33.62541073384447,1.642935377875137,90.21467688937568,5.0,89.77384464110128,-0.8621950881965601,0.9508010738712268,0.9456539437403519,0.9951705504757028,-0.05045041405707803
E01011535,2.4920174165457185,21.04499274310595,4.934687953555878,10.189228529839884,1.8922852983988356,87.91848617176127,1.1577424023154848,60.63675832127352,689,2.4390243902439024,14.43089430894309,0.40650406504065045,118.94715447154472,5.0,71.40783744557329,-4.403794037940378,0.921902479845728,0.9305394433154556,1.0522101809380588,-0.08131583125200781
E01011536,2.3422913719943423,24.752475247524753,3.9603960396039604,9.50354609929078,5.815602836879433,83.82978723404256,1.702127659574468,47.801418439716315,707,0.0,6.682027649769585,4.377880184331797,93.53225806451613,4.0,61.386138613861384,-2.0128684462220603,0.9575663277180386,0.948828587557225,1.0613325719274282,-0.04336028855832758
E01011537,2.0746113989637305,35.5440414507772,3.316062176165803,16.339193381592555,9.617373319544985,73.73319544984489,1.6563146997929608,39.85507246376812,965,14.903846153846153,15.384615384615385,2.2435897435897436,80.6698717948718,3.0,64.66321243523316,-4.006410256410242,0.8997656099553991,0.9010959494052088,1.0352512735845114,-0.1056209829593788
E01011538,2.26453488372093,30.813953488372093,4.796511627906977,10.998552821997105,24.60202604920405,63.8205499276411,2.7377521613832854,33.28530259365994,688,9.3711467324291,9.741060419235511,1.6029593094944512,82.23427866831072,1.0,117.87790697674419,-12.453760789149193,0.8351324251311667,0.9076316865221532,0.9725635152704787,-0.18016497373436027
E01011540,2.3043478260869565,28.489702517162474,4.576659038901601,6.864988558352403,30.205949656750576,60.64073226544623,3.669724770642202,30.275229357798167,874,11.006711409395974,0.8053691275167786,1.0738255033557047,73.98255033557047,2.0,85.24027459954233,-1.34228187919464,0.97528251961973,0.9764803615772318,1.0126955210078532,-0.025028086245142786
E01011541,1.6889264581572274,53.00084530853761,1.4370245139475908,37.405223251895535,27.88542544229149,34.540859309182814,2.278481012658228,15.780590717299578,1183,61.416589002795895,33.73718546132339,2.050326188257223,63.75489282385834,2.0,90.70160608622147,-13.150370564024282,0.8566959574018732,0.903786915792371,1.1463313563512882,-0.1546721988258016
E01011545,2.0435435435435436,36.93693693693694,1.951951951951952,30.075187969924812,5.714285714285714,63.30827067669173,1.5082956259426847,20.96530920060332,666,17.346938775510203,40.20408163265306,2.4489795918367347,67.83640081799591,3.0,73.57357357357357,-6.146283330850566,0.9831818511838859,0.9961105763518215,1.169327200907459,-0.01696117982675217
E01011546,2.1762452107279695,35.63218390804598,4.725415070242656,25.287356321839084,9.323116219667945,65.00638569604087,2.0434227330779056,32.18390804597701,783,11.472602739726028,24.486301369863014,2.3972602739726026,82.63698630136986,3.0,74.58492975734356,-2.8675117562870556,0.9745194348285662,0.960478469491577,1.1337578384681943,-0.025810816848507574
E01011547,2.121794871794872,38.88888888888889,5.021367521367521,23.19148936170213,25.425531914893618,50.638297872340424,2.55863539445629,22.388059701492537,936,29.18395573997234,16.459197786998615,1.5214384508990317,78.67219917012449,2.0,77.24358974358975,-5.446389864548051,0.9901666162580025,0.9973052364621695,1.157978066015497,-0.009882050763723914
E01011548,2.349922239502333,27.993779160186627,4.665629860031104,13.239875389408098,5.14018691588785,81.30841121495327,1.8691588785046727,39.719626168224295,643,9.669811320754718,12.264150943396226,3.5377358490566038,86.94103773584905,4.0,65.94090202177294,-3.5377358490566,0.9593709309284543,0.9552909523713994,1.109986529513164,-0.0414774895930767
E01011549,2.7888675623800383,10.36468330134357,5.566218809980806,6.189555125725339,0.3868471953578337,93.42359767891682,0.7707129094412332,70.13487475915221,521,0.0,0.0,0.0,115.67341040462428,5.0,66.41074856046065,0.0,0.9090392663475332,0.8773117627925455,1.041265126563608,-0.0953669884356181
E01011550,2.413547237076649,24.9554367201426,5.169340463458111,12.099644128113878,1.2455516014234875,86.65480427046263,1.6042780748663104,52.584670231729056,561,0.6042296072507553,7.552870090634441,1.812688821752266,89.64954682779457,4.0,59.001782531194294,-0.9063444108761365,0.9060201962007206,0.8859348829878597,1.0161474493648401,-0.09869368157533762
E01011551,2.41120218579235,25.0,4.371584699453552,13.269493844049249,9.849521203830369,76.06019151846786,1.6415868673050615,41.4500683994528,732,3.632887189292543,41.68260038240918,1.147227533460803,94.92543021032505,3.0,71.44808743169399,-1.5957831636608022,0.9581099156361936,0.9677349732049841,0.9783811543432118,-0.04279277310822956
E01011552,2.5383333333333336,27.0,9.166666666666666,10.8153078202995,37.2712146422629,51.74708818635607,5.008347245409015,23.03839732888147,600,10.75,2.25,1.5,79.935,1.0,66.66666666666666,-1.749999999999996,0.9612003040050925,0.9572281740533553,1.0345471349714943,-0.039572458843247664
E01011553,2.2557377049180327,25.901639344262296,3.114754098360656,8.8379705400982,4.582651391162029,86.2520458265139,1.1475409836065573,53.278688524590166,610,0.23923444976076555,19.85645933014354,2.15311004784689,87.37081339712918,4.0,68.52459016393443,-1.4354066985646008,0.9223275232337539,0.8950806086150385,1.090568242616922,-0.08085488723218182
E01011554,2.475298126064736,24.190800681431003,6.984667802385008,11.945392491467576,2.218430034129693,85.49488054607508,0.6825938566552902,56.655290102389074,587,19.047619047619047,7.017543859649122,4.761904761904762,123.9298245614035,5.0,67.97274275979557,-5.152550798483812,0.8297874919162016,0.8184922281382522,1.0396200443411237,-0.1865856448096534
E01011555,2.450354609929078,25.886524822695034,6.73758865248227,11.702127659574469,2.4822695035460995,85.46099290780141,1.5957446808510638,50.88652482269504,564,7.871720116618077,1.1661807580174928,0.8746355685131195,93.40643274853801,5.0,60.815602836879435,-5.027512366669873,0.9096453793932608,0.9019193720562506,1.143121654528086,-0.09470044839571923
E01011556,2.0933165195460277,39.09205548549811,3.278688524590164,32.23767383059418,6.32111251580278,60.682680151706705,2.9077117572692797,25.410872313527182,793,68.7409551374819,2.0260492040520983,1.0130246020260492,77.14616497829233,4.0,87.1374527112232,0.28256820496328494,0.9080675795669649,0.866727083905721,1.0094276853134254,-0.09643647631451882
E01011557,2.339344262295082,33.114754098360656,6.229508196721312,8.823529411764707,11.76470588235294,79.08496732026144,1.4729950900163666,54.50081833060556,610,39.86013986013986,7.459207459207459,2.564102564102564,107.93911007025761,5.0,70.32786885245902,-10.421339666622686,0.7496915443189093,0.7941631643034752,0.9613682946991078,-0.28809343128968173
E01011558,2.4038199181446114,33.0150068212824,8.458390177353342,14.14965986394558,44.48979591836735,40.136054421768705,7.744565217391304,16.168478260869566,733,42.11409395973154,1.174496644295302,2.348993288590604,77.26342281879195,1.0,81.30968622100954,1.1245180636869856,0.9920402896789187,0.9403869894131779,1.1399177624102201,-0.007991557926330483
E01011559,2.4389830508474577,35.42372881355932,9.152542372881356,12.859560067681894,45.68527918781726,40.609137055837564,7.809847198641766,15.959252971137522,590,32.8125,0.390625,1.3671875,74.41015625,1.0,86.77966101694915,-3.570130813953476,0.9210367788322859,0.8938472263318621,1.1617191982991952,-0.0822553099386108
E01011560,2.2367205542725173,39.607390300230946,8.314087759815243,9.815242494226329,54.50346420323326,34.98845265588915,7.75462962962963,12.5,866,42.62948207171315,0.13280212483399734,3.9840637450199203,70.9468791500664,1.0,86.95150115473442,-6.489273131793949,0.9547529292073356,0.9098403625308434,1.3630197367501775,-0.04630268484525499
E01011561,2.2547528517110265,27.9467680608365,4.3726235741444865,19.092627599243855,3.5916824196597354,77.12665406427222,0.946969696969697,59.46969696969697,526,9.60591133004926,35.960591133004925,6.65024630541872,150.2029702970297,5.0,77.18631178707224,1.4122938530734652,0.8262178499754866,0.8002353157504252,0.855333686520799,-0.19089679934425396
E01011562,2.5024,21.6,6.08,8.959999999999999,0.16,90.88000000000001,0.64,65.75999999999999,625,9.112709832134293,2.158273381294964,2.3980815347721824,173.0408653846154,5.0,66.72,-1.7068476879937955,0.7736818767935475,0.7645822060223164,0.8658473167612528,-0.2565945017755915
E01011563,2.278501628664495,30.781758957654727,6.026058631921824,11.456628477905074,1.6366612111292964,86.57937806873977,0.49019607843137253,50.98039215686274,614,46.389496717724285,2.62582056892779,3.50109409190372,152.60352422907488,5.0,74.42996742671009,0.7799922460754005,0.7759707369037568,0.739124090211546,0.8990416592117177,-0.25364046968553594
E01011564,2.5643564356435644,22.607260726072607,5.775577557755775,10.69078947368421,2.302631578947368,86.67763157894737,1.9769357495881383,57.990115321252055,606,22.606382978723406,2.6595744680851063,1.5957446808510638,110.44414893617021,5.0,62.04620462046204,-2.659574468085102,0.8007671645236174,0.7767979841943237,1.0085891064717125,-0.22218505516392234
E01011565,2.480672268907563,25.210084033613445,6.386554621848739,10.641891891891891,1.6891891891891893,87.5,1.5126050420168067,55.96638655462185,595,13.539192399049881,1.9002375296912115,3.0878859857482186,122.63657957244655,5.0,70.75630252100841,1.6430741038739982,0.8325042157398475,0.7824429362329048,1.000710384073525,-0.1833169931885912
E01011566,2.397830018083183,31.82640144665461,6.148282097649186,18.55855855855856,4.1441441441441444,77.29729729729729,2.527075812274368,48.91696750902527,553,19.132653061224488,0.25510204081632654,2.0408163265306123,90.0688775510204,4.0,70.88607594936708,-3.2706299911268832,0.8491402973927006,0.8288912872029793,1.03741771431938,-0.16353085615501398
E01011567,2.6232142857142855,21.607142857142858,8.214285714285714,13.035714285714286,0.5357142857142857,86.07142857142858,1.607142857142857,56.42857142857143,560,8.57843137254902,2.2058823529411766,1.4705882352941175,95.88480392156863,5.0,72.85714285714285,-1.9190299629221363,0.9031739170642014,0.870746192475033,1.1240391537952923,-0.10184014492483151
E01011568,2.109151047409041,40.242557883131205,4.0793825799338475,15.121412803532008,2.207505518763797,79.58057395143487,1.434878587196468,40.507726269315675,907,30.672926447574334,0.7824726134585289,0.3129890453834116,88.18779342723005,5.0,70.45203969128997,-7.163020998445113,0.8083850286153964,0.820605207035849,1.0078964627472966,-0.21271681339730078
E01011569,1.9288888888888889,44.666666666666664,3.0,29.398663697104677,6.347438752783964,64.03118040089086,0.8908685968819599,34.521158129175944,900,45.06849315068493,52.054794520547944,3.6986301369863015,90.7904109589041,4.0,81.11111111111111,-18.026943944695507,0.7959623349009166,0.8977877783045011,1.0646849390340807,-0.2282034122209568
E01011570,2.4043659043659042,25.987525987525988,4.261954261954262,9.015544041450777,8.49740932642487,81.03626943005182,1.3541666666666667,53.645833333333336,962,9.593023255813954,20.348837209302324,4.3604651162790695,117.61426491994177,5.0,71.51767151767152,-3.8062212253571204,0.8526618207181044,0.8587554465207596,0.9532645294262293,-0.15939226881364735
E01011571,2.0821192052980133,34.17218543046358,3.443708609271523,14.814814814814813,13.756613756613756,71.16402116402116,0.5277044854881267,35.224274406332455,755,23.827392120075046,45.96622889305816,4.127579737335835,86.35647279549718,4.0,70.59602649006622,-3.8338137581199083,0.9474013953247566,0.9567402741718241,1.0532510906275503,-0.054032415699864646
E01011572,2.1432009626955475,34.29602888086642,3.6101083032490973,14.371980676328503,3.985507246376811,81.15942028985508,1.0882708585247884,38.08948004836759,831,8.133086876155268,46.21072088724584,2.2181146025878005,85.69259259259259,5.0,65.1022864019254,-3.095023258666163,1.0450205883114898,1.032815224875225,1.22762997559792,0.04403658695618079
E01011573,2.414364640883978,23.572744014732965,5.524861878453039,5.3406998158379375,8.47145488029466,86.1878453038674,1.1049723756906076,52.48618784530387,543,0.8670520231213872,4.624277456647398,1.4450867052023122,93.3757225433526,5.0,63.72007366482505,-1.8407216548725347,1.0032493185741178,1.0014131563103086,1.0787803570809307,0.0032440509462360674
E01011574,1.9412607449856734,42.97994269340974,2.148997134670487,17.073170731707318,21.37733142037303,60.97560975609756,1.291248206599713,35.86800573888092,698,25.89792060491493,39.69754253308129,2.4574669187145557,79.48393194706995,3.0,75.78796561604585,-9.07477566773849,0.8876942335718995,0.9068079520590344,1.1619599387085504,-0.11912792684886794
E01011576,2.5017241379310344,20.344827586206897,5.517241379310345,8.793103448275861,2.2413793103448274,88.44827586206897,0.8620689655172413,71.03448275862068,580,11.298076923076923,23.557692307692307,9.85576923076923,154.91041162227603,5.0,71.72413793103448,-5.594850065189039,0.7253923358922334,0.7201144126620075,0.92435840758537,-0.32104261754311436
E01011578,2.0499194847020936,37.03703703703704,3.22061191626409,16.181229773462782,11.650485436893204,72.00647249190939,1.610305958132045,33.49436392914654,621,19.471153846153847,23.557692307692307,2.8846153846153846,79.68990384615384,4.0,66.98872785829307,-6.2938391395838345,0.8800773189980947,0.874881520516445,1.1400085208196697,-0.12774551287173316
E01011579,2.5854126679462572,18.426103646833013,4.798464491362764,12.692307692307692,9.615384615384617,77.3076923076923,1.7241379310344827,44.06130268199234,521,4.3604651162790695,20.348837209302324,1.1627906976744187,90.26453488372093,4.0,66.02687140115164,-1.1627906976744207,0.8791524988720824,0.8501429604328747,1.0444057851031712,-0.1287969050227886
E01011580,2.2045088566827697,30.917874396135264,2.254428341384863,10.64516129032258,9.193548387096774,80.16129032258064,0.966183574879227,47.02093397745571,621,12.864077669902912,20.631067961165048,3.3980582524271843,103.80582524271844,5.0,66.34460547504025,-1.2960542693552402,0.8755806684656615,0.8382123263179571,1.1116224412243145,-0.13286799162002447
E01011581,2.273224043715847,28.005464480874316,4.371584699453552,6.292749658002736,15.45827633378933,74.6922024623803,0.957592339261286,51.29958960328317,732,16.40625,6.0546875,1.7578125,95.453125,5.0,69.94535519125684,-1.1672430830039549,1.002993243556776,0.969002912898364,1.1942366626540926,0.0029887727225896142
E01011582,2.1725067385444743,37.735849056603776,5.121293800539084,6.7114093959731544,42.281879194630875,49.261744966442954,3.7735849056603774,20.619946091644206,742,29.780033840947546,2.5380710659898478,4.230118443316413,70.39763113367174,1.0,79.64959568733153,-2.2527840081847716,1.1580722045903555,1.1628737369308335,1.2307641756893775,0.14675673004835826
E01011583,2.4234930448222567,22.256568778979908,5.4095826893353935,8.179012345679013,8.024691358024691,83.33333333333334,1.7001545595054095,50.23183925811438,647,3.149606299212598,4.4619422572178475,3.674540682414698,91.02362204724409,5.0,58.887171561051,-4.199475065616798,1.019654026094274,1.0359304152492486,1.1213048693238137,0.019463379654552235
E01011584,2.213157894736842,31.973684210526315,4.2105263157894735,8.81578947368421,10.526315789473683,80.26315789473685,0.3952569169960474,48.08959156785244,760,19.00369003690037,15.682656826568268,1.6605166051660518,96.92435424354244,5.0,71.3157894736842,-1.2259383740334195,1.034756057467949,0.9956899801830806,1.2239625994767644,0.034165705669627
E01011585,2.0915915915915915,37.53753753753754,3.303303303303303,12.686567164179104,24.029850746268657,62.98507462686567,3.153153153153153,24.924924924924923,666,21.27659574468085,16.595744680851062,1.9148936170212765,72.87659574468086,2.0,70.57057057057057,-1.1086558494854626,1.0217396849246563,0.9976201911967126,1.1580323534301853,0.02150674791303311
E01011586,2.6542857142857144,23.714285714285715,11.0,15.736766809728184,1.7167381974248928,80.25751072961373,3.1428571428571432,39.714285714285715,700,11.929824561403509,2.631578947368421,1.7543859649122806,88.0421052631579,3.0,81.42857142857143,-4.675300817488736,0.8540084916443968,0.8302446093262533,1.1174091644944462,-0.15781414186548837
E01011587,2.2050314465408807,34.71698113207547,3.647798742138365,20.65491183879093,4.91183879093199,74.18136020151134,1.1349306431273645,35.93947036569987,795,17.744610281923716,58.043117744610285,5.140961857379768,86.21724709784411,3.0,75.84905660377359,-14.593698175787729,0.8587041011496848,0.919941019809341,1.1742846324467135,-0.15233088531686761
E01011588,2.480225988700565,22.88135593220339,5.367231638418079,11.581920903954803,7.627118644067797,80.7909604519774,1.1283497884344147,53.45557122708039,708,12.992125984251967,16.535433070866144,2.3622047244094486,102.22834645669292,4.0,71.75141242937853,-2.3302830389444584,0.8710395871670483,0.8530579129360906,1.0227376410099216,-0.13806785291327114
E01011589,2.274928774928775,32.05128205128205,4.985754985754986,20.57142857142857,7.7142857142857135,71.57142857142857,1.4245014245014245,33.19088319088319,702,10.695187165775401,65.24064171122996,2.4955436720142603,97.55971479500892,4.0,79.91452991452992,-4.327002274263925,0.8813549949877367,0.8821516845649909,1.0379101199537544,-0.1262947887041562
E01011590,2.5143288084464555,20.96530920060332,6.033182503770739,8.761329305135952,3.3232628398791544,87.61329305135952,1.206636500754148,47.963800904977376,663,2.099737532808399,17.322834645669293,2.8871391076115485,105.0761154855643,5.0,57.466063348416284,-7.135127066462676,0.8694526383534926,0.8952167496413231,1.023500594346763,-0.13989141665007437
E01011591,1.9675480769230769,35.456730769230774,1.3221153846153846,23.97590361445783,4.578313253012048,71.44578313253011,0.8413461538461539,37.37980769230769,832,26.858877086494687,40.819423368740516,1.5174506828528074,79.90881458966565,4.0,79.20673076923077,-5.152506418973912,0.9793643824236411,0.9883990517979934,1.1366252494180435,-0.020851507106223514
E01011592,2.0316455696202533,39.49367088607595,3.0379746835443036,17.2544080604534,15.994962216624685,65.74307304785894,1.008827238335435,27.238335435056747,790,27.348993288590606,41.2751677852349,3.523489932885906,84.10641891891892,4.0,75.44303797468355,-4.684891144213454,0.9312659681960397,0.9229248424275507,1.1410525578331783,-0.07121036237922687
E01011593,2.3048065650644785,24.501758499413835,3.1652989449003512,15.123094958968347,1.1723329425556859,82.29777256740914,0.5861664712778429,48.18288393903868,853,20.648464163822524,12.457337883959044,1.1945392491467577,88.84129692832765,5.0,68.69871043376318,-2.9010238907849817,0.9522735412961256,0.9413097457699662,1.1060528660023075,-0.048902952168827375
E01011594,2.4492063492063494,27.61904761904762,5.873015873015873,7.6190476190476195,34.76190476190476,56.98412698412698,2.2222222222222223,32.38095238095238,630,12.88056206088993,3.747072599531616,0.936768149882904,80.99297423887587,2.0,67.77777777777779,-0.660551440109125,1.0201915223830254,1.0079134154453997,1.0877953763336214,0.01999037671233672
E01011595,2.6766169154228856,27.487562189054728,14.427860696517413,31.755915317559154,1.36986301369863,66.62515566625156,3.2218091697645597,35.31598513011153,804,25.39404553415061,4.728546409807356,1.926444833625219,106.66199649737302,4.0,71.01990049751244,-9.601064434689654,0.7725995693550256,0.7701417368173026,1.1795447286985652,-0.257994386147179
E01011596,2.1150895140664963,33.75959079283887,2.1739130434782608,22.151088348271447,0.5121638924455826,77.33674775928297,1.0243277848911652,36.23559539052496,782,23.875432525951556,9.16955017301038,1.384083044982699,72.00866551126516,5.0,73.91304347826086,-8.447300488822961,0.9130371968196376,0.9452490003515744,1.0899618847307515,-0.09097865790312203
E01011597,2.9086021505376345,22.939068100358423,17.025089605734767,18.36007130124777,1.06951871657754,80.3921568627451,6.761565836298933,33.985765124555165,558,2.806122448979592,9.693877551020408,2.0408163265306123,86.24234693877551,2.0,70.25089605734766,-2.0408163265306034,0.8140901187168936,0.7705298060293151,1.1099465530352126,-0.20568420815318741
E01011598,2.0304232804232805,34.92063492063492,1.5873015873015872,22.177954847277555,5.046480743691899,72.37715803452855,0.5298013245033113,32.980132450331126,756,11.517367458866545,59.41499085923218,2.9250457038391224,83.71297989031079,4.0,72.35449735449735,-4.402646110933118,0.9757678739203894,0.9615723373545539,1.2177521837172673,-0.02453055495402045
E01011599,2.3560283687943264,29.361702127659573,5.531914893617021,16.147308781869686,10.906515580736544,72.37960339943342,1.422475106685633,40.25604551920342,705,6.61625708884688,19.47069943289225,2.4574669187145557,86.10775047258979,4.0,75.0354609929078,-4.974307090178121,0.8573355639307871,0.8356775013145957,1.139508505957505,-0.15392588051059983
E01011600,2.1492753623188405,34.492753623188406,2.753623188405797,13.314037626628075,9.696092619392186,75.68740955137481,0.2911208151382824,39.01018922852984,690,15.942028985507244,28.778467908902694,1.2422360248447204,84.95031055900621,4.0,70.0,-4.761904761904756,0.9061971103286199,0.8909066404660545,1.1660112071881241,-0.09849843553301815
E01011601,2.4270676691729323,27.21804511278195,6.616541353383458,18.796992481203006,21.203007518796994,58.796992481203006,3.6036036036036037,29.129129129129126,665,15.789473684210526,8.966861598440545,1.1695906432748537,86.30409356725146,2.0,77.14285714285715,-4.144736842105267,0.9477787129818261,0.9747409297288558,0.9969270139875003,-0.053634229099655935
E01011602,2.0870044052863435,42.070484581497794,3.1938325991189425,17.014270032930845,20.30735455543359,60.48298572996706,1.5435501653803747,31.31201764057332,908,36.03851444291609,20.77028885832187,0.9628610729023385,79.59559834938102,3.0,80.06607929515418,-5.857688040104203,0.861256121467072,0.8503693440959986,1.1088024990834604,-0.14936334902545312
E01011603,2.2161016949152543,31.497175141242938,2.5423728813559325,20.16925246826516,5.782792665726375,73.48377997179125,0.9873060648801129,38.2228490832158,708,8.0338266384778,41.014799154334035,2.1141649048625792,91.76694915254237,5.0,66.80790960451978,-1.6913319238900604,0.920626164045735,0.8908924527615394,1.1210970596743162,-0.0827012273579113
E01011604,2.1776,30.880000000000003,3.36,17.628205128205128,10.096153846153847,71.9551282051282,1.2861736334405145,37.78135048231511,625,20.51282051282051,39.1025641025641,1.4957264957264957,84.57905982905983,4.0,74.88,-7.3504273504273465,0.8821940613103855,0.8911587437186603,1.1098127346938427,-0.12534322301567688
E01011605,2.4602510460251046,23.291492329149232,3.905160390516039,7.1328671328671325,5.314685314685315,87.27272727272727,0.6983240223463687,53.770949720670394,717,3.1315240083507305,17.745302713987474,3.549060542797495,98.79540709812109,5.0,66.80613668061368,-3.5490605427974997,0.8930698593241647,0.87865573093225,1.0801289224010135,-0.11309047123916283
E01011606,2.6846254927726676,21.419185282522996,11.300919842312746,16.535433070866144,1.0498687664041995,81.75853018372703,3.937007874015748,40.15748031496063,761,2.1148036253776437,11.782477341389729,3.1722054380664653,87.49848942598187,2.0,86.99080157687253,-1.9052825847880817,0.8697631909139124,0.8290091569115252,1.1040495302596816,-0.1395342987369387
E01011607,2.3342696629213484,27.668539325842694,5.056179775280898,15.211267605633802,14.366197183098592,68.73239436619718,2.1156558533145273,34.27362482369535,712,10.909090909090908,11.515151515151516,0.40404040404040403,76.62828282828283,3.0,69.52247191011236,-2.0714608774310195,0.9796150149555622,0.9676429439247597,1.097039644434099,-0.02059562638218531
E01011608,2.3176470588235296,32.436974789915965,6.722689075630252,11.222780569514237,30.65326633165829,57.78894472361809,2.5337837837837838,33.108108108108105,595,22.48803827751196,5.263157894736842,3.588516746411483,82.19856459330144,2.0,70.25210084033613,-7.054811537752559,0.9406183454986139,0.9564974084129484,1.1235999212678303,-0.061217805622889886
E01011609,2.1714719271623673,39.45371775417299,5.311077389984825,12.5948406676783,38.39150227617603,48.406676783004556,3.793626707132018,27.16236722306525,659,41.53225806451613,1.8145161290322582,9.879032258064516,72.67943548387096,2.0,75.26555386949924,-10.565234038479943,0.9648111709948258,0.9937215226983293,1.2159395312089827,-0.035822874516104206
E01011610,2.1965317919075145,32.369942196531795,4.913294797687861,22.334293948126803,4.755043227665706,72.62247838616715,1.8678160919540232,36.49425287356322,692,18.664047151277014,39.489194499017685,1.9646365422396856,82.56777996070727,4.0,73.55491329479769,-6.920803684931731,0.8891247101558633,0.9010755861404262,1.0924215442114837,-0.11751777191657421
E01011611,2.3906752411575565,27.813504823151124,7.07395498392283,9.66183574879227,48.148148148148145,42.028985507246375,7.246376811594203,26.40901771336554,622,21.06430155210643,0.0,2.882483370288248,76.7450110864745,1.0,72.508038585209,-1.1615077605321655,1.03333828612464,1.0268532371610206,1.0940681660044125,0.0327946158353496
E01011612,1.8131720430107527,52.016129032258064,2.28494623655914,23.31536388140162,33.9622641509434,41.23989218328841,1.3477088948787064,21.563342318059302,744,52.32558139534884,33.5548172757475,2.4916943521594686,68.50332225913621,2.0,80.91397849462365,-14.091522880720175,0.8687267220014818,0.9189890773462337,1.2001031771465913,-0.1407266772805609
E01011613,2.5899280575539567,23.453237410071942,8.201438848920864,12.37410071942446,25.323741007194243,62.01438848920864,3.3093525179856114,34.388489208633096,695,12.144212523719165,14.231499051233396,1.1385199240986716,83.66602687140116,3.0,75.8273381294964,-1.7869575307495777,0.8885623122572048,0.8848073593634199,0.9547643240037552,-0.11815050187446959
E01011614,2.1883040935672513,32.046783625730995,5.146198830409357,19.320843091334893,6.791569086651054,71.77985948477752,1.7543859649122806,38.24561403508772,855,33.33333333333333,15.488215488215488,2.1885521885521886,87.74410774410775,4.0,69.47368421052632,-10.126757773816596,0.8946315999512845,0.9285228295976314,1.1234118475288828,-0.11134326561227913
E01011615,2.4270353302611367,27.188940092165897,7.680491551459294,29.53846153846154,2.769230769230769,67.38461538461539,5.376344086021505,32.87250384024578,651,7.838983050847458,50.42372881355932,4.23728813559322,77.78177966101696,2.0,72.50384024577573,-5.334296065465782,1.008475626454875,1.0350064940515369,1.1152788592711096,0.008439910003938053
E01011616,2.361671469740634,33.57348703170029,8.069164265129682,6.599713055954089,51.50645624103299,41.60688665710187,5.579399141630901,22.889842632331902,694,18.33910034602076,1.7301038062283738,1.2110726643598615,71.93598615916954,1.0,83.28530259365994,0.380278109339105,0.9812200243156319,0.9785692323907591,0.9775952828659876,-0.01895855882027862
E01011617,2.395314787701318,25.329428989751097,6.295754026354319,12.262773722627736,40.0,47.00729927007299,6.140350877192982,19.005847953216374,683,2.2916666666666665,8.958333333333334,2.5,75.19375,1.0,70.27818448023426,-1.458333333333317,1.1302171991988366,1.142989237106805,1.1430625817885647,0.12240982593433727
E01011618,2.3286516853932584,32.58426966292135,7.303370786516854,39.436619718309856,15.211267605633802,45.2112676056338,7.876230661040788,26.300984528832632,712,6.6558441558441555,88.63636363636364,5.357142857142857,79.81168831168831,1.0,86.51685393258427,-1.5563564875491376,1.085352990771661,1.1052204689043412,1.0784821052565596,0.08190527119851694
E01011620,2.7987927565392354,18.51106639839034,11.670020120724347,6.0606060606060606,45.656565656565654,48.08080808080808,7.07070707070707,29.292929292929294,497,10.948905109489052,0.9732360097323601,1.2165450121654502,78.38442822384428,1.0,82.69617706237425,-1.2165450121654375,0.9537586977290089,0.9419973014542231,1.0363291857826873,-0.04734457691888351
E01011621,2.6345177664974617,23.85786802030457,10.998307952622675,11.447811447811448,46.2962962962963,41.91919191919192,6.7340067340067336,23.905723905723907,591,8.583690987124463,3.004291845493562,1.2875536480686696,75.431330472103,1.0,78.84940778341793,-5.364806866952798,0.8646031072508483,0.8750011195772706,0.9928970460086122,-0.14548471289565074
E01011622,2.463726884779516,30.440967283072546,9.246088193456615,12.091038406827881,59.17496443812234,25.604551920341397,8.21529745042493,18.8385269121813,703,30.689655172413794,1.5517241379310345,0.3448275862068966,71.17413793103448,1.0,82.50355618776672,-1.2068965517241237,0.9459044876509367,0.9383870656966284,1.0105458386786437,-0.05561367945569505
E01011623,2.4301994301994303,31.48148148148148,7.834757834757834,38.516405135520685,36.947218259629096,23.96576319543509,11.269614835948644,19.686162624821684,702,17.34375,72.1875,3.4375000000000004,68.76682316118936,1.0,91.16809116809117,-4.338285519125684,1.1084810275863044,1.1488487256640216,1.1455479849813173,0.10299063453425832
E01011624,2.5517241379310347,32.275862068965516,11.03448275862069,12.379642365887207,61.07290233837689,25.447042640990368,9.379310344827587,17.93103448275862,725,24.019607843137255,0.6535947712418301,0.8169934640522877,66.140522875817,1.0,84.41379310344827,-4.499457440633914,0.970469866227933,0.9884083106987842,1.0634338495365308,-0.02997492659450395
E01011625,2.34924965893588,34.379263301500686,7.639836289222374,48.49315068493151,15.342465753424658,35.47945205479452,6.967213114754098,22.26775956284153,733,7.7389984825493165,78.60394537177542,4.09711684370258,71.88922610015175,1.0,89.90450204638472,-7.132018209408198,1.0914162390125963,1.156735498202304,1.1529852702856522,0.08747615472526926
E01011626,2.0513698630136985,43.75,5.650684931506849,38.18493150684932,41.3527397260274,19.863013698630137,5.650684931506849,13.44178082191781,1168,56.5015479876161,22.987616099071207,2.0123839009287927,69.37936507936507,1.0,110.6164383561644,-14.915926324763317,0.9552331558378264,1.1055798790905602,1.153107913145192,-0.04579982606071159
E01011627,2.3162393162393164,30.256410256410255,4.615384615384616,8.70307167235495,27.303754266211605,63.82252559726962,2.3890784982935154,42.15017064846416,585,15.949367088607595,9.113924050632912,1.5189873417721518,84.47848101265822,2.0,67.52136752136752,-5.513453238895682,0.9715610469823801,0.9897202234416711,1.1084619655122274,-0.0288511742774271
E01011628,2.1027397260273974,32.70547945205479,2.5684931506849313,8.39041095890411,0.684931506849315,90.75342465753424,0.8561643835616438,48.28767123287671,584,0.5763688760806917,10.37463976945245,1.440922190201729,81.88760806916426,5.0,59.417808219178085,-3.458213256484155,1.0588935690953842,1.0445124805917754,1.2746958186860962,0.05722456024231221
E01011629,2.0930979133226324,34.67094703049759,2.889245585874799,11.04,29.759999999999998,58.879999999999995,1.5948963317384368,30.303030303030305,623,25.176470588235293,19.76470588235294,1.8823529411764703,78.62352941176471,3.0,68.21829855537722,-1.3883109513902037,1.0285299881938976,1.0197772106704617,1.1130029135800104,0.028130586899129586
E01011630,2.2399103139013454,27.802690582959645,2.8026905829596416,17.561521252796418,4.697986577181208,77.62863534675614,1.1210762331838564,43.83408071748879,892,13.747954173486088,12.111292962356792,0.4909983633387889,87.3355155482815,5.0,68.49775784753363,-3.7001964739085014,1.0591736520169324,1.0879035712150749,1.0987368611231956,0.05748903052955226
E01011632,2.2533557046979866,33.053691275167786,3.859060402684564,12.897822445561138,45.7286432160804,40.871021775544385,3.015075376884422,19.430485762144052,596,23.582766439909296,8.616780045351474,1.1337868480725624,72.41136363636363,1.0,73.99328859060402,-2.721088435374164,1.002692299062457,0.9917387014615641,1.1467068899451576,0.0026886813172493523
E01011633,2.2601246105919004,27.725856697819314,3.115264797507788,11.682242990654206,13.862928348909657,73.67601246105919,1.2461059190031152,49.06542056074766,642,17.74580335731415,21.58273381294964,2.3980815347721824,90.67625899280576,4.0,64.95327102803739,-5.275779376498802,0.9411791583023956,0.9490132863214348,1.1100466650299652,-0.060621766124216984
E01011634,2.3214814814814817,28.888888888888886,5.333333333333334,11.799410029498524,21.976401179941004,66.07669616519173,2.643171806167401,39.353891336270195,675,8.200455580865604,25.28473804100228,1.8223234624145785,88.35535307517084,2.0,65.03703703703704,-1.5945330296127547,0.9222689857691588,0.9080359797466476,1.035728500581931,-0.08091835635871329
E01011635,2.2140077821011674,33.98184176394293,3.372243839169909,19.27554980595084,7.373868046571798,72.96248382923673,0.7772020725388601,49.09326424870466,771,10.56782334384858,16.561514195583594,2.2082018927444795,105.59715639810426,4.0,82.23086900129701,-1.8927444794952786,0.866911905475461,0.8617514142790069,0.9465594738297918,-0.14281791581222508
E01011636,2.238379022646007,30.98927294398093,3.4564958283671037,13.007159904534607,10.023866348448687,76.9689737470167,1.5494636471990464,47.91418355184744,839,9.682539682539684,18.412698412698415,2.380952380952381,100.72698412698412,4.0,75.08939213349225,-4.920634920634925,0.9444803187638433,0.9502847374518241,1.096734709529198,-0.057120429987863104
E01011637,2.3296551724137933,26.344827586206897,3.724137931034482,13.950276243093922,9.530386740331492,75.5524861878453,1.9283746556473829,49.03581267217631,725,11.090225563909774,29.32330827067669,1.5037593984962405,96.44736842105263,4.0,73.37931034482759,-1.5037593984962405,1.0228142929889923,1.0167401698449736,1.102554332964683,0.02255793871053533
E01011638,2.2423756019261636,29.213483146067414,2.7287319422150884,10.43338683788122,7.865168539325842,81.38041733547352,1.4423076923076923,53.68589743589743,623,8.732394366197182,17.183098591549296,3.0985915492957745,87.06760563380281,4.0,56.98234349919743,-7.127394592636205,0.9851060412779336,1.0079531558014558,1.184796601640098,-0.01500598748482286
E01011639,2.3510971786833856,27.74294670846395,7.6802507836990594,10.815047021943574,29.62382445141066,58.307210031347964,3.4267912772585665,30.8411214953271,638,10.022779043280181,14.578587699316628,0.0,78.77220956719817,2.0,68.80877742946709,-1.3667425968109215,0.9715993694241605,0.9529711640928697,1.0949233659308386,-0.028811730861987208
E01011641,2.61525974025974,22.24025974025974,7.142857142857142,13.213703099510605,1.468189233278956,84.82871125611744,0.6493506493506493,60.22727272727273,616,20.754716981132077,37.028301886792455,6.132075471698113,125.00471698113208,5.0,68.83116883116884,-3.010587330691439,0.8802365054618086,0.857737729506317,1.1018100494609346,-0.127564651411764
E01011642,2.8016194331983804,23.076923076923077,12.955465587044534,11.991869918699187,1.0162601626016259,85.97560975609755,2.231237322515213,53.9553752535497,494,11.730205278592376,12.903225806451612,2.932551319648094,109.73235294117647,4.0,69.02834008097166,-2.639296187683282,0.8529938593976969,0.8281068208640199,1.063160558009436,-0.1590029303467367
E01011643,2.2764612954186414,35.229067930489734,5.529225908372828,18.48341232227488,2.527646129541864,78.67298578199052,1.579778830963665,47.70932069510268,633,45.366795366795365,24.324324324324326,3.861003861003861,111.16409266409266,5.0,81.83254344391784,-10.145211128569676,0.8009537951335126,0.8356592473386065,1.0503420275330833,-0.22195201755569904
E01011644,2.330357142857143,33.39285714285714,6.964285714285714,12.186379928315413,31.36200716845878,56.09318996415771,3.068592057761733,45.48736462093863,560,50.77262693156733,10.596026490066226,2.207505518763797,99.6887417218543,3.0,80.89285714285714,1.4354504798179124,0.8091581035208268,0.7565002908142039,0.9452858265490751,-0.21176095021327423
E01011645,2.40194489465154,32.739059967585085,7.293354943273905,24.149108589951375,3.727714748784441,70.82658022690438,1.9417475728155338,44.983818770226534,617,42.62626262626263,56.56565656565656,2.4242424242424243,104.35425101214575,4.0,80.22690437601297,-8.857736240913816,0.7967301739661219,0.8299932629087556,0.977823450766986,-0.22723920962639702
E01011646,2.7254601226993866,25.0,13.650306748466257,16.129032258064516,2.9185867895545314,80.64516129032258,3.374233128834356,45.70552147239264,652,16.666666666666664,11.403508771929824,1.3157894736842104,94.41008771929825,4.0,69.93865030674846,-1.1171426323656641,0.9131301635331782,0.8756228583852284,1.1151839750358292,-0.09087684169981086
E01011647,3.4203703703703705,19.814814814814817,29.444444444444446,29.88929889298893,4.059040590405904,66.05166051660517,10.497237569060774,34.06998158379374,540,16.010498687664043,23.62204724409449,3.937007874015748,104.1732283464567,2.0,70.55555555555556,-0.6066698142422777,0.7946627998669055,0.7468399513973194,1.0249085358249552,-0.2298374054161419
E01011648,3.2118055555555554,17.708333333333336,24.305555555555554,17.82006920415225,0.17301038062283738,81.83391003460207,6.239168110918544,43.327556325823224,576,1.0389610389610389,11.688311688311687,3.116883116883117,100.8051948051948,3.0,66.84027777777779,-2.3376623376623384,0.8356970427356643,0.8049070958187349,1.0671435774624853,-0.17948912064839517
E01011649,2.406392694063927,26.48401826484018,6.2404870624048705,10.350076103500761,0.60882800608828,88.73668188736681,0.45662100456621,64.07914764079148,657,5.147058823529411,29.411764705882355,6.862745098039216,130.52334152334151,5.0,62.10045662100456,0.1733620277379222,0.8463385283159631,0.8183891700013172,0.9468489962082697,-0.1668358477415283
E01011650,2.505804311774461,25.870646766169152,8.955223880597014,13.598673300165837,5.970149253731343,80.09950248756219,0.6644518272425249,60.29900332225914,603,21.153846153846153,19.951923076923077,4.567307692307692,132.53605769230768,5.0,68.98839137645108,-4.548757111056134,0.7825960748201601,0.7765861541095351,0.9598878796500685,-0.24513858478170458
E01011651,2.335423197492163,28.213166144200624,3.918495297805643,13.636363636363635,20.37617554858934,65.8307210031348,2.1840873634945397,44.92979719188768,638,30.923694779116467,14.859437751004014,2.208835341365462,93.4859437751004,3.0,78.0564263322884,-1.9952923476382778,0.8723983968663619,0.8374194638520408,1.0916893446333211,-0.13650908226941671
E01011652,2.4493783303730017,28.419182948490228,6.394316163410302,13.571428571428571,6.785714285714286,79.28571428571428,1.7825311942959003,54.367201426024955,563,18.01801801801802,26.426426426426424,1.2012012012012012,110.67267267267268,5.0,59.14742451154529,-3.87381710633129,0.8180782835384109,0.8142415970462811,0.9621221304781065,-0.200797245811251
E01011653,2.170886075949367,36.86708860759494,3.79746835443038,35.54502369668246,1.4218009478672986,62.55924170616114,1.109350237717908,44.057052297939784,632,53.4804753820034,50.25466893039049,3.7351443123938877,96.79626485568761,5.0,93.19620253164557,-12.173375794898577,0.7997478217404526,0.8710770356908596,0.9933464553058411,-0.2234588238318018
E01011654,2.75046904315197,16.51031894934334,6.0037523452157595,5.827067669172932,0.9398496240601504,93.23308270676691,1.1235955056179776,69.66292134831461,533,4.624277456647398,32.65895953757225,5.780346820809249,135.01445086705203,5.0,64.9155722326454,-3.1791907514450823,0.8350210356233921,0.8180461817906067,1.0380651474073659,-0.18029836208525996
E01011655,2.015151515151515,41.59779614325069,3.8567493112947657,27.209944751381215,4.41988950276243,68.23204419889503,1.7931034482758619,38.068965517241374,726,70.78651685393258,30.658105939004816,4.333868378812198,117.32263242375602,5.0,85.81267217630854,0.3038367938694164,0.8464272516331937,0.8015074792444025,0.9813644431446883,-0.16673102128725717
E01011656,2.3865414710485133,33.02034428794992,7.511737089201878,12.695924764890282,47.33542319749217,39.18495297805642,4.38871473354232,31.504702194357364,639,9.44558521560575,0.6160164271047228,1.642710472279261,75.25872689938399,1.0,76.21283255086072,-1.642710472279263,1.0200346463693641,1.0139373842085386,1.0978690159727682,0.019836593748101625
E01011657,2.115894039735099,40.2317880794702,4.801324503311259,7.43801652892562,54.54545454545454,37.52066115702479,6.270627062706271,20.462046204620464,604,28.333333333333332,1.0416666666666665,3.5416666666666665,68.70208333333333,1.0,79.47019867549669,-5.77755905511812,0.9523956319252466,0.960317022091079,1.1278224963855126,-0.04877475076671021
E01011658,2.274300932090546,36.884154460719046,7.723035952063914,11.819389110225764,62.01859229747676,24.302788844621514,7.209612817089453,17.489986648865152,751,35.06343713956171,0.11534025374855825,6.113033448673587,73.46943483275663,1.0,115.44607190412783,-7.226188450307802,1.0159847795350139,1.0839189821243105,1.0860371665953212,0.01585836827145311
E01011659,2.200906344410876,38.972809667673715,7.250755287009064,12.217194570135746,49.924585218702866,37.10407239819005,6.93815987933635,21.266968325791854,662,32.90203327171904,0.18484288354898337,1.8484288354898337,71.24444444444444,1.0,81.72205438066466,-1.8146161128894112,0.9978017506726726,0.9881010919390868,1.0883729741380248,-0.0022006690240948053
E01011660,2.3938992042440317,31.697612732095493,9.151193633952255,13.606340819022458,37.64861294583884,43.72523117569353,4.907161803713528,20.159151193633953,754,15.44011544011544,0.2886002886002886,2.7417027417027415,80.56277056277057,1.0,91.90981432360743,-1.5429015429015647,1.0585977548472627,1.0861342732399453,1.0334809092508506,0.05694515956973224
E01011661,1.8004561003420751,55.30216647662486,4.3329532497149374,5.466970387243736,68.67881548974944,24.829157175398635,4.3329532497149374,14.253135689851767,877,56.8445475638051,1.6241299303944314,2.088167053364269,64.41647331786542,1.0,98.2896237172178,-11.255732867064427,0.8968336088978976,0.9758851975825471,1.0756287949021903,-0.10888493145685643
E01011662,2.6312741312741315,34.55598455598455,14.864864864864865,7.722007722007722,73.55212355212355,18.146718146718147,10.444874274661508,12.379110251450678,518,28.281250000000004,0.15625,1.40625,73.2,1.0,123.55212355212355,-12.13869750656168,0.8493978237048979,0.9430827760097591,0.9350716763138374,-0.16322762326200804
E01011663,2.872448979591837,19.217687074829932,12.585034013605442,8.460236886632826,53.299492385786806,33.840947546531304,8.135593220338983,21.35593220338983,588,7.7067669172932325,0.7518796992481203,1.3157894736842104,80.56954887218045,1.0,90.47619047619048,-0.5639097744360777,0.9928552060915282,0.9892100553052836,1.0221570363049044,-0.007170440179695368
E01011664,2.2889273356401385,33.910034602076124,5.88235294117647,8.996539792387544,38.92733564013841,51.21107266435986,5.709342560553633,25.951557093425603,578,11.631944444444445,0.6944444444444444,1.5625,75.55239786856127,1.0,99.65397923875432,-3.333548331613345,0.9217919051780074,0.937020342443625,0.9754343639224522,-0.08143578027257375
E01011665,2.1391035548686244,38.94899536321484,5.255023183925812,12.808641975308642,29.475308641975307,56.6358024691358,4.179566563467492,34.05572755417957,647,29.262672811059907,6.451612903225806,2.5345622119815667,71.49308755760369,1.0,67.07882534775888,-1.1435001607544737,0.971033373949877,0.9490940307192985,1.0926469911705332,-0.029394440581288848
E01011666,2.4003350083752095,24.623115577889447,4.522613065326634,10.252100840336134,3.361344537815126,86.38655462184875,1.5100671140939599,55.033557046979865,597,3.582089552238806,5.074626865671641,2.0895522388059704,83.92835820895522,3.0,56.11390284757118,-1.194029850746281,1.0100856797523399,0.975634534207797,1.2073854659115475,0.010035158693145398
E01011667,2.9005524861878453,20.994475138121548,15.65377532228361,8.287292817679557,76.61141804788214,14.917127071823206,9.576427255985267,19.337016574585636,543,23.30275229357798,0.3669724770642202,2.5688073394495414,70.38165137614679,1.0,100.3683241252302,-6.067510181602098,0.932600799790305,1.0088524359493873,0.9228500714838663,-0.06977803701627812
E01011668,2.7866666666666666,36.333333333333336,21.666666666666668,69.89966555183946,16.88963210702341,12.709030100334449,4.340567612687813,33.3889816360601,600,33.51749539594843,75.50644567219152,0.7366482504604052,99.35911602209944,3.0,90.5,0.11792562328797329,0.8719398406775419,0.8407138919224061,0.9956754720216207,-0.13703484750177075
E01011669,2.5314285714285716,33.14285714285714,13.904761904761905,61.5678776290631,12.619502868068832,24.665391969407267,3.816793893129771,28.435114503816795,525,26.506024096385545,75.30120481927712,2.4096385542168677,86.5421686746988,2.0,94.85714285714286,-2.5485685653768186,0.904065010647791,0.9107032863300081,0.9690181162964028,-0.10085400674228234
E01011670,2.3529411764705883,37.212276214833764,8.823529411764707,29.246487867177525,52.745849297573436,16.985951468710088,11.0397946084724,14.634146341463413,782,57.88359788359788,12.698412698412698,0.7407407407407408,69.50741525423729,2.0,120.84398976982098,-19.922809306370947,0.8359154438808275,0.9500577418772911,1.1629791896381385,-0.17922781469602336
E01011671,2.615264797507788,33.64485981308411,15.732087227414329,19.405320813771517,55.55555555555556,23.474178403755868,11.856474258970358,20.904836193447736,642,26.455906821963392,12.146422628951747,1.8302828618968388,74.47920133111481,1.0,93.61370716510903,-7.805195705570078,0.9209640527993387,0.9413526917343344,1.1021910622612012,-0.0823342741081552
E01011673,2.3730964467005076,35.659898477157356,10.025380710659897,50.76142131979695,36.29441624365482,12.30964467005076,13.375796178343949,9.80891719745223,788,18.13784764207981,86.81983071342201,2.418379685610641,70.50906892382103,1.0,104.9492385786802,-6.3513358458591735,1.0604985110429161,1.118666497321983,1.1261269710212007,0.058739091007391116
E01011677,2.0703324808184145,48.84910485933504,6.521739130434782,35.083226632522404,49.167733674775924,14.7247119078105,10.61381074168798,7.928388746803069,782,46.50259067357513,46.1139896373057,6.476683937823833,72.55181347150258,1.0,98.72122762148338,0.09756884616086703,1.2072423944175046,1.1149109800370354,1.387866888890015,0.18833874582829382
E01011678,2.058275058275058,45.57109557109557,7.459207459207459,67.32788798133022,23.453908984830804,8.868144690781797,4.900816802800467,13.068844807467912,858,88.48484848484848,35.84415584415584,3.0303030303030303,63.891774891774894,4.0,134.6153846153846,-23.822592501837782,0.6835030000416298,0.8132704040624729,1.03004391534531,-0.38052423359348636
E01011681,2.369158878504673,40.965732087227416,11.370716510903426,42.74570982839314,45.08580343213728,11.54446177847114,11.059190031152648,17.91277258566978,642,67.15758468335787,28.865979381443296,0.5891016200294551,73.77548005908419,1.0,105.7632398753894,6.470764301530241,0.8846198779910805,0.8207483881371668,0.8603917386118982,-0.12259724263705479
E01011684,2.4095092024539877,26.840490797546014,5.214723926380368,9.907120743034056,10.8359133126935,78.48297213622291,2.773497688751926,46.687211093990754,652,14.716981132075471,5.09433962264151,2.4528301886792456,97.43289224952741,4.0,81.28834355828221,-3.2854057740395626,0.8613165210098265,0.8349582988768198,1.0956199416627896,-0.14929322188969132
E01011685,2.24263839811543,30.859835100117785,4.593639575971731,31.330977620730273,5.535924617196701,61.83745583038869,2.0047169811320753,42.45283018867924,849,52.42587601078167,16.442048517520217,1.8867924528301887,112.9365721997301,5.0,87.39693757361601,-4.869141813755329,0.8281937872533852,0.8110117705101555,1.0743090796336898,-0.18850810940401644
E01011686,1.9140722291407224,49.93773349937734,3.7359900373599,9.86267166042447,54.30711610486891,35.33083645443196,5.223880597014925,16.044776119402986,803,46.53215636822195,0.12610340479192939,4.4136191677175285,64.99747793190416,1.0,98.75466998754669,-11.717811361221708,0.9080190099330967,0.9428848568764742,1.1871214057001447,-0.09648996455033382
E01011687,2.54421768707483,27.040816326530614,9.013605442176871,13.26530612244898,5.782312925170068,80.4421768707483,2.380952380952381,52.21088435374149,588,25.91687041564792,18.82640586797066,2.689486552567237,123.40097799511003,5.0,69.5578231292517,-2.4142230282226063,0.9188207411070682,0.8856537424049418,1.179633741480166,-0.08466423429587738
E01011688,2.4934210526315788,20.888157894736842,6.578947368421052,17.898193760262725,15.435139573070607,66.17405582922824,3.594771241830065,45.09803921568628,608,4.05982905982906,10.256410256410255,1.282051282051282,84.56837606837607,4.0,76.97368421052632,-0.8547008547008406,0.9482901000192392,0.9184604862526866,1.0992059357168267,-0.053094810860922735
E01011689,2.012453300124533,36.612702366127024,1.86799501867995,18.02252816020025,17.39674593241552,64.4555694618273,1.3681592039800996,39.55223880597015,803,25.8364312267658,17.657992565055764,1.6728624535315983,77.06877323420075,4.0,66.99875466998755,-5.458712945663269,0.9666365203432256,0.9441041898507295,1.2920729958411126,-0.033932738013805766
E01011690,2.0481927710843375,40.51204819277108,4.969879518072289,32.37951807228915,3.313253012048193,63.704819277108435,0.4524886877828055,41.02564102564102,664,55.714285714285715,42.857142857142854,2.5,94.65178571428571,5.0,84.33734939759037,-6.899534601375956,0.8386629209494185,0.8424506713432492,1.0808043751339376,-0.17594641611641743
E01011691,2.1826086956521737,37.53623188405797,5.797101449275362,21.884057971014492,41.01449275362319,36.52173913043478,3.0478955007256894,29.172714078374458,690,32.94314381270903,20.735785953177256,1.3377926421404682,76.70252100840337,2.0,86.66666666666667,-6.370281892021024,0.9090476190158958,0.9147722340869543,1.1119135556151187,-0.09535780002066396
E01011692,2.089385474860335,36.312849162011176,3.7709497206703912,35.04867872044507,6.11961057023644,58.55354659248957,2.092050209205021,37.238493723849366,716,48.722316865417376,35.43441226575809,1.8739352640545146,96.50596252129472,5.0,81.98324022346368,-4.977764691311293,0.9553401182282907,0.9604050724159957,1.122353731745041,-0.04568785716422601
E01011693,1.9881889763779528,38.05774278215223,2.8871391076115485,47.62532981530343,3.95778364116095,48.41688654353562,1.4492753623188406,26.48221343873518,762,24.71264367816092,65.80459770114942,1.8678160919540232,79.87787356321839,4.0,91.33858267716536,-3.561322130812772,1.0141487336388157,1.0120008410385624,1.1677220419504626,0.014049574529690155
E01011694,2.5267489711934155,27.709190672153632,8.77914951989026,46.58469945355191,3.6885245901639343,49.45355191256831,1.9178082191780823,42.6027397260274,729,35.121107266435985,26.124567474048444,1.5570934256055362,110.72318339100346,5.0,79.28669410150891,-3.7972408214622666,0.8297829807925219,0.8155326097235983,1.0282649785380389,-0.18659108130512486
E01011695,2.275482093663912,38.84297520661157,7.162534435261708,11.691884456671252,50.61898211829436,36.86382393397524,7.702888583218708,15.130674002751032,726,38.654147104851326,0.3129890453834116,2.3474178403755865,74.86541471048513,1.0,88.01652892561982,-3.144913928012516,0.9483643097291006,0.9318395970013716,1.1085651235533547,-0.053016557585557615
E01011696,2.3541033434650456,25.835866261398177,4.711246200607903,4.26179604261796,5.175038051750381,89.95433789954338,0.45662100456621,68.4931506849315,658,6.903765690376569,9.832635983263598,3.556485355648536,155.64644351464435,5.0,72.64437689969606,-4.8117154811715634,0.9005647807380858,0.90414866758638,1.0771075084303419,-0.10473317832161914
E01011697,2.2809315866084425,26.637554585152838,3.7845705967976713,12.209302325581394,13.662790697674417,72.67441860465115,0.7256894049346879,55.00725689404935,687,3.5541195476575123,13.08562197092084,3.0694668820678515,116.5718901453958,4.0,90.1018922852984,-5.52900073717394,0.8243311047418839,0.8386491627918764,0.9360635995872059,-0.19318300364010668
E01011698,2.310126582278481,25.79113924050633,5.063291139240507,9.018987341772151,8.702531645569621,81.9620253164557,0.949367088607595,59.81012658227848,632,5.47945205479452,2.73972602739726,1.095890410958904,95.07123287671233,5.0,57.75316455696202,-1.2615482637782782,1.0717094579068775,1.0598218988785901,1.1690467552804509,0.06925499784192218
E01011699,2.2439446366782008,24.91349480968858,2.422145328719723,11.11111111111111,0.8680555555555556,87.84722222222221,0.6932409012131715,62.56499133448874,578,0.0,1.1299435028248588,1.1299435028248588,95.6638418079096,5.0,61.245674740484425,-2.7660477044407217,0.9123764009247795,0.8939807154906549,1.0994103459477023,-0.09170265374114883
E01011700,2.193708609271523,34.105960264900666,4.470198675496689,9.286898839137644,5.804311774461028,83.91376451077943,0.8291873963515755,49.75124378109453,604,38.02521008403361,2.3109243697478994,1.4705882352941175,90.33403361344538,4.0,78.80794701986756,-15.219275210084026,0.8052660147051293,0.8797833355115813,1.0847029957187337,-0.2165826031013073
E01011701,2.2936241610738257,24.832214765100673,3.859060402684564,8.207705192629817,6.030150753768844,84.25460636515912,1.006711409395973,61.07382550335571,596,9.728506787330318,9.276018099547512,0.6787330316742082,106.6447963800905,5.0,74.16107382550335,0.06976996233778454,0.9921436772281508,0.9531987232429168,1.1474261807661739,-0.007887346269498238
E01011702,2.4879518072289155,19.879518072289155,5.271084337349398,6.315789473684211,2.1052631578947367,90.97744360902256,0.1508295625942685,74.50980392156863,664,7.392996108949417,11.284046692607005,1.1673151750972763,178.25097276264592,5.0,77.40963855421687,-0.07684967745992255,0.8183926417534724,0.8049069109469691,0.8688439636723514,-0.20041305539995843
E01011703,2.1651865008880993,24.156305506216697,2.664298401420959,3.3628318584070795,1.238938053097345,95.39823008849557,0.5300353356890459,75.79505300353357,563,9.935897435897436,0.641025641025641,1.9230769230769231,130.22115384615384,5.0,55.41740674955595,-4.836829836829837,0.8729234174426893,0.8753688736835673,1.0430779808360364,-0.13590745042380584
E01011704,1.8802447552447552,43.61888111888112,1.7482517482517483,20.157068062827225,23.82198952879581,53.31588132635253,1.138353765323993,33.274956217162874,1144,43.135345666991235,18.500486854917234,1.4605647517039921,88.87231968810916,3.0,89.77272727272727,-8.378885985661322,0.8334373551812843,0.8580662683421286,0.9957648333249615,-0.18219673836655753
E01011705,2.127725856697819,34.26791277258567,3.2710280373831773,9.345794392523365,33.8006230529595,56.230529595015575,2.65625,27.968749999999996,642,9.327548806941431,3.036876355748373,1.735357917570499,75.353579175705,2.0,71.80685358255452,-2.1691973969631184,1.0750690523728879,1.0692892508281437,1.1811405485995976,0.07238489428213898
E01011706,2.4829821717990277,17.3419773095624,5.9967585089141,9.40032414910859,2.2690437601296596,88.16855753646678,0.16181229773462785,71.03559870550163,617,11.059907834101383,16.82027649769585,3.4562211981566824,168.66129032258064,5.0,70.34035656401944,-5.343530718360345,0.7879397597612383,0.8129791505234503,0.8626766739417525,-0.2383336390499837
E01011707,2.1747899159663864,33.61344537815126,3.697478991596639,6.408094435075886,13.659359190556492,79.59527824620574,1.5126050420168067,45.54621848739496,595,2.557544757033248,2.557544757033248,2.0460358056265986,91.01790281329923,4.0,65.71428571428571,-2.1628927286715394,0.9316611063606922,0.9156524531903435,1.0759797710949708,-0.070786150206915
E01011708,2.3423566878980893,25.0,3.821656050955414,10.031847133757962,6.8471337579617835,83.12101910828027,0.47770700636942676,64.80891719745223,628,6.63265306122449,19.642857142857142,5.1020408163265305,138.32397959183675,5.0,62.42038216560509,-1.3384983623078828,0.8887869506095182,0.8733494490238944,0.9968111949118775,-0.1178977227969942
E01011709,2.4071005917159765,26.50887573964497,6.272189349112427,7.792207792207792,9.327036599763874,78.98465171192444,0.2366863905325444,61.30177514792899,845,15.96244131455399,12.519561815336463,1.5649452269170578,122.61815336463224,5.0,75.62130177514793,-4.858942493573803,0.828412377752482,0.8289561857002844,0.9936614742787792,-0.18824420781414805
E01011710,2.25518341307815,30.14354066985646,3.6682615629984054,12.779552715654951,7.348242811501597,79.2332268370607,0.6369426751592357,51.433121019108285,627,15.053763440860216,28.817204301075268,0.21505376344086022,107.61075268817204,5.0,74.16267942583733,-1.4341255510549433,0.9067568680090227,0.9019421440075501,0.9753163919654206,-0.09788092653402736
E01011711,2.1474164133738602,34.34650455927052,3.7993920972644375,14.41578148710167,10.773899848254933,74.35508345978755,0.7587253414264037,51.289833080424884,658,17.408906882591094,37.044534412955464,4.4534412955465585,120.1497975708502,5.0,75.07598784194529,-6.477732793522262,0.8764944650331921,0.8861911011006548,1.0861912655679082,-0.13182488949167986
E01011712,2.369885433715221,25.53191489361702,5.400981996726677,16.474464579901152,11.037891268533773,72.48764415156508,1.9639934533551555,55.15548281505729,611,1.9704433497536946,34.48275862068966,8.12807881773399,119.10344827586206,4.0,66.44844517184943,-7.3142000428357274,0.8056928944874617,0.8195054885611921,0.988327434263262,-0.21605263329278152
E01011713,2.5176304654442876,18.899858956276447,5.500705218617771,7.092198581560284,1.4184397163120568,91.48936170212765,0.847457627118644,73.72881355932203,709,4.301075268817205,14.623655913978496,3.225806451612903,163.16559139784945,5.0,65.58533145275035,-1.5848461410133963,0.8059615550025238,0.7991645834822352,0.8796895008940216,-0.21571923612115382
E01011714,2.5130208333333335,23.567708333333336,8.984375,6.847545219638243,10.723514211886306,82.17054263565892,1.423027166882277,46.05433376455368,768,5.295315682281059,0.20366598778004072,1.2219959266802443,86.19755600814663,4.0,63.932291666666664,-1.6293279022403184,0.946187605566987,0.9275460234574215,1.0694330605774607,-0.0553144150391499
E01011715,2.3304647160068845,24.78485370051635,4.475043029259897,7.903780068728522,2.405498281786942,89.17525773195877,1.2048192771084338,56.970740103270224,581,1.08991825613079,10.08174386920981,2.17983651226158,109.64850136239782,5.0,63.16695352839932,-7.901907356948223,0.8948556396729733,0.9124275831814039,1.11198334095038,-0.11109287017173221
E01011716,2.5394524959742353,23.832528180354267,8.695652173913043,10.272873194221509,3.8523274478330656,85.71428571428571,1.7741935483870968,59.193548387096776,621,3.125,2.8846153846153846,2.403846153846154,116.48076923076923,4.0,66.98872785829307,-2.163461538461542,0.8813056255059507,0.8543308204286905,1.0890609150970343,-0.1263508057062097
E01011717,2.227900552486188,34.806629834254146,4.143646408839778,7.734806629834254,29.41988950276243,62.84530386740331,2.071823204419889,40.607734806629836,724,22.753346080305928,0.19120458891013384,0.5736137667304015,80.8604206500956,2.0,72.23756906077348,-4.578657877065173,0.9330156407247856,0.929224395400722,1.1055310077234977,-0.06933331436878332
E01011718,2.358009708737864,30.8252427184466,5.582524271844661,12.5,27.669902912621357,58.009708737864074,3.272727272727273,34.54545454545455,824,9.955423476968797,0.1485884101040119,0.5943536404160475,82.05646359583953,2.0,81.6747572815534,0.35750337194575543,1.0361437764925312,1.0124120853078726,1.0996799827628727,0.03550591460637887
E01011719,2.236133122028526,26.465927099841522,3.011093502377179,5.388272583201268,8.240887480190175,86.05388272583201,0.31695721077654515,50.079239302694134,631,0.0,9.925558312655088,1.9851116625310175,99.49627791563276,4.0,63.86687797147385,-2.6151194287121426,0.9201331229485755,0.8878171663103146,1.1750019520449437,-0.08323692054977361
E01011720,2.1714697406340058,36.59942363112392,5.043227665706052,11.3997113997114,42.56854256854257,45.02164502164502,4.028776978417266,24.74820143884892,694,24.288107202680067,0.5025125628140703,0.8375209380234505,78.78559463986599,1.0,86.02305475504323,2.831426207341925,1.0359098714829769,0.9918447668525227,1.0640766767529517,0.03528014341481109
E01011721,2.527508090614887,27.508090614886733,8.090614886731391,15.6957928802589,39.64401294498382,44.49838187702265,6.3209076175040515,21.71799027552674,618,11.83533447684391,0.17152658662092624,3.7735849056603774,80.8164665523156,1.0,94.33656957928802,2.019268318001388,1.1053079112561164,1.2024684267490946,0.9206192712141952,0.10012394887372485
E01011722,2.3116740088105727,32.929515418502206,6.057268722466961,13.956043956043956,31.318681318681318,54.175824175824175,3.7321624588364433,25.57628979143798,908,18.926974664679584,2.384500745156483,0.8941877794336811,73.58718330849479,2.0,73.89867841409692,-2.1398299446455105,1.0409486494176226,1.038842983767417,1.116506686542622,0.0401324602870747
E01011723,2.402542372881356,29.80225988700565,7.768361581920905,12.236286919831224,49.648382559774966,37.83403656821378,6.179775280898876,21.34831460674157,708,14.055636896046853,0.29282576866764276,2.9282576866764276,74.51244509516837,1.0,96.46892655367232,-6.811025273088289,1.0748781474829223,1.1187999563700108,1.1942487419499448,0.07220730397621886
E01011724,2.2197149643705463,35.15439429928741,5.7007125890736345,9.263657957244655,45.36817102137768,44.29928741092636,5.344418052256532,17.695961995249405,842,32.27953410981697,0.0,0.49916805324459235,71.70666666666666,1.0,71.37767220902613,-2.074848184194178,1.072562224366122,1.075315489542609,1.1349753248119228,0.07005038819404275
E01011725,2.225997045790251,38.99556868537666,5.908419497784342,9.30576070901034,62.77695716395865,26.587887740029544,6.646971935007386,15.36189069423929,677,41.442953020134226,0.0,16.946308724832214,67.77181208053692,1.0,88.0354505169867,-4.684104203965578,1.0670187239182245,1.0814323271710025,1.1770334539263756,0.06486852035517487
E01011726,2.3054711246200608,34.19452887537994,6.838905775075988,9.711684370257966,43.70257966616085,45.52352048558422,5.757575757575758,26.060606060606062,658,22.287968441814595,5.719921104536489,5.128205128205128,75.49704142011835,1.0,77.05167173252279,-4.503951971666742,1.0069223269480732,1.0285745992590745,1.0897925480476927,0.006898477641426916
E01011727,2.276218611521418,29.098966026587885,4.431314623338257,13.215859030837004,9.985315712187958,75.77092511013215,2.806499261447563,37.813884785819795,677,6.471816283924843,6.6805845511482245,1.2526096033402923,78.92066805845512,3.0,70.7533234859675,-2.491101064868362,0.9560823962594183,0.9528087299740463,1.0553377167045357,-0.0449111810888791
E01011728,2.2353896103896105,28.8961038961039,4.058441558441558,10.40650406504065,6.504065040650407,82.92682926829268,1.461038961038961,44.642857142857146,616,4.044943820224719,13.707865168539326,4.044943820224719,96.12584269662922,3.0,72.24025974025975,-2.041724952243429,0.9117126211947525,0.8841913584503183,1.0944061681285966,-0.09243044690395737
E01011729,2.037593984962406,45.48872180451128,4.887218045112782,35.38268506900879,31.74404015056462,31.74404015056462,4.385964912280701,16.165413533834585,798,28.184281842818425,50.0,2.710027100271003,71.15760869565217,1.0,92.4812030075188,-9.075182967398554,0.9918375822282788,1.0390317212166171,1.1704651283552001,-0.008195912694550613
E01011730,2.307121661721068,32.34421364985163,6.6765578635014835,19.469026548672566,36.72566371681416,42.772861356932154,5.769230769230769,20.710059171597635,674,16.415868673050614,14.09028727770178,3.9671682626538987,80.36114911080712,1.0,108.45697329376856,-4.653793538882467,0.9808783021110106,0.9954178818348761,1.0841838193492062,-0.01930688204493452
E01011731,2.3862876254180603,26.421404682274247,5.68561872909699,8.514190317195327,7.6794657762938225,83.80634390651085,1.1705685618729096,42.97658862876254,598,11.868686868686869,1.5151515151515151,6.565656565656567,77.80050505050505,4.0,66.22073578595318,-8.39735381988903,0.9732767810845137,1.0124489825391876,1.1362506287675518,-0.02708677570138381
E01011732,2.3977556109725686,24.81296758104738,6.733167082294264,16.936488169364882,5.72851805728518,77.08592777085927,2.9850746268656714,39.55223880597015,802,11.669658886894076,11.490125673249551,1.2567324955116697,77.8491921005386,4.0,69.45137157107231,-2.6929982046678624,0.9722538786671115,0.9545221827311361,1.1414378012591553,-0.028138316582048094
E01011733,2.1196698762035764,35.213204951856945,3.7138927097661623,13.75515818431912,10.31636863823934,70.97661623108665,2.3319615912208507,43.072702331961594,727,24.554455445544555,14.257425742574256,1.782178217821782,70.4019801980198,3.0,69.46354883081155,-6.023741909074632,0.9848637155908271,1.0133611961575522,1.1034814645938724,-0.015252007188916073
E01011734,2.348446683459278,26.616288832913522,4.36607892527288,20.63758389261745,3.0201342281879198,76.09060402684564,1.6792611251049538,40.218303946263646,1191,24.394966118102616,0.7744433688286544,1.452081316553727,86.1055179090029,5.0,86.73383711167087,-8.166679356515871,0.928494518141062,0.9500828066407833,1.125491363517362,-0.07419080220135342
E01011735,2.386459802538787,33.70944992947813,7.898448519040903,11.016949152542372,49.152542372881356,38.70056497175141,4.80225988700565,19.774011299435028,709,31.97278911564626,0.17006802721088435,4.591836734693878,73.16326530612245,1.0,82.93370944992948,-6.268608239051588,1.016762718519863,1.0751393184854023,1.0685997267223177,0.016623774721170135
E01011736,2.1838006230529596,31.775700934579437,3.7383177570093453,11.370716510903426,11.214953271028037,76.94704049844236,1.5625,47.8125,642,9.375,19.471153846153847,2.8846153846153846,81.49038461538461,4.0,64.797507788162,-9.430027803521778,0.9606968439216997,0.9889896351641786,1.2126488051893656,-0.04009637875795503
E01011737,2.0130208333333335,44.921875,4.427083333333334,29.01960784313726,24.052287581699346,46.27450980392157,3.1372549019607843,25.751633986928102,768,18.887015177065766,46.3743676222597,5.902192242833052,72.46037099494097,1.0,77.21354166666666,-7.736385342907304,1.0643536483093525,1.1235144762936813,1.1835304295684717,0.06236771192530438
E01011738,2.28680981595092,27.607361963190186,3.2208588957055215,11.827956989247312,11.059907834101383,76.65130568356375,1.2269938650306749,48.61963190184049,652,8.620689655172415,14.532019704433496,1.7241379310344827,90.79802955665025,4.0,62.26993865030674,0.0803415837476007,0.9486049396508562,0.9081301701767521,1.1128311314577095,-0.05276285824580821
E01011739,2.1612466124661247,40.37940379403794,6.368563685636857,7.181571815718158,51.0840108401084,41.32791327913279,4.755434782608696,25.0,738,39.92740471869328,0.7259528130671506,1.0889292196007259,71.99092558983666,1.0,74.66124661246613,-0.899406382335155,1.094518067622762,1.0924478158990862,1.1333413942057489,0.09031414549438184
E01032487,2.2910284463894968,32.16630196936542,5.908096280087528,7.6923076923076925,36.92307692307693,54.72527472527473,4.385964912280701,33.33333333333333,457,14.114114114114114,3.003003003003003,1.5015015015015014,75.92792792792793,2.0,72.86652078774617,-3.003003003003002,0.9788241299606857,0.9727767296473072,1.1084295055694762,-0.02140329512177586
E01032488,2.3852242744063323,23.87862796833773,4.749340369393139,6.578947368421052,8.157894736842106,84.34210526315789,0.6596306068601583,65.4353562005277,758,18.250950570342205,0.9505703422053232,1.1406844106463878,100.06844106463879,5.0,69.39313984168865,-13.046888185130411,0.9120003060340413,1.0046439288114064,1.054317405377752,-0.09211495334422024
E01032489,2.1472081218274113,33.807106598984774,3.857868020304569,34.41624365482234,7.715736040609138,56.954314720812185,2.0325203252032518,25.914634146341463,985,25.059665871121716,38.3054892601432,1.9093078758949882,73.61933174224343,3.0,85.0761421319797,-2.9723913512335054,0.973182159577767,0.9749893124595509,1.0674551903968739,-0.027183999952915157
E01032490,2.422145328719723,24.74048442906574,4.671280276816609,16.81109185441941,4.852686308492201,78.33622183708839,2.768166089965398,28.027681660899656,578,0.5063291139240507,2.7848101265822782,1.2658227848101267,76.77215189873418,5.0,68.33910034602077,-0.6786512073183815,0.9330657324220342,0.918061461206443,1.0099571913480967,-0.0692796278597367
E01032491,2.433808553971487,21.58859470468432,3.054989816700611,10.0,2.6530612244897958,87.14285714285714,1.4227642276422763,46.54471544715447,491,2.0,0.0,0.6666666666666667,84.87666666666667,5.0,61.099796334012225,-3.3333333333333215,0.9634220918001811,0.9702285153331258,1.0573402668362228,-0.03726365397130769
E01032492,1.952157598499062,41.93245778611632,4.033771106941838,38.028169014084504,23.004694835680752,38.59154929577465,4.225352112676056,13.333333333333334,1066,39.256678281068524,36.933797909407666,1.7421602787456445,67.0952380952381,2.0,80.76923076923077,-7.3412311265969805,1.081323695413604,1.1460193330099173,1.1769912727011524,0.07818593454928532
E01032493,2.131455399061033,30.359937402190923,2.660406885758998,18.252730109204368,1.0920436817472698,80.34321372854915,1.09375,44.0625,639,13.785557986870897,1.5317286652078774,2.1881838074398248,68.24070021881838,5.0,71.51799687010954,-2.8498411697191806,1.0662966556283213,1.0657149231268226,1.1792449601208208,0.0641915756104828
E01032494,2.5941828254847645,28.116343490304708,12.465373961218837,15.512465373961218,47.50692520775623,36.56509695290859,7.340720221606649,33.10249307479224,722,19.879518072289155,16.867469879518072,2.0080321285140563,80.9839357429719,1.0,68.97506925207756,-1.9013814594477485,0.9485771151045319,0.9480763578954111,1.0133193640651916,-0.052792190745824835
E01032496,2.308499475341028,27.70199370409234,3.04302203567681,14.690451206715634,11.12277019937041,70.93389296956978,0.7345225603357817,41.86778593913956,953,6.397774687065369,16.689847009735743,0.6954102920723227,85.06954102920723,4.0,75.44596012591815,-0.13966217127542313,0.9685229755407554,0.9447095822349384,1.060388183209774,-0.03198307360722121
E01032497,2.5378548895899056,26.498422712933756,9.621451104100947,16.7192429022082,41.798107255520506,40.536277602523654,7.413249211356467,19.400630914826497,634,14.57943925233645,1.3084112149532712,2.2429906542056073,71.27410207939508,1.0,84.38485804416403,-5.158819354075462,0.9176057540449102,0.9254111989891779,1.052579402619261,-0.08598744243150407
E01032498,2.2962447844228095,29.346314325452017,5.980528511821975,16.50485436893204,4.993065187239944,76.69902912621359,2.3578363384188625,43.689320388349515,719,8.193277310924369,15.966386554621847,2.100840336134454,88.39368421052632,2.0,66.20305980528511,-4.088338332608243,0.9079215364958142,0.9034411303618747,1.0759282956096388,-0.09659731766557517
E01032499,2.399429386590585,27.246790299572037,7.988587731811697,14.407988587731813,2.710413694721826,82.31098430813124,2.0,48.285714285714285,701,15.88235294117647,12.156862745098039,0.7843137254901961,92.04705882352941,3.0,72.75320970042796,1.112791530685342,0.9381734587982249,0.8934333395264356,1.068264634379782,-0.06382042298034042
E01032500,2.0981308411214954,42.05607476635514,6.074766355140187,54.91419656786272,19.50078003120125,25.429017160686428,4.694835680751173,19.092331768388107,642,33.97129186602871,82.13716108452951,2.5518341307814993,75.38915470494418,1.0,97.66355140186917,-8.693359645207355,0.9925428710530335,1.085816865572318,1.0254033201815693,-0.007485072338018502
E01032501,2.2412451361867705,25.291828793774318,2.3346303501945527,7.4074074074074066,4.678362573099415,87.91423001949317,0.390625,53.7109375,514,8.857142857142856,4.0,0.8571428571428572,91.95428571428572,5.0,68.09338521400778,-3.1428571428571583,0.9477965912891685,0.9172280233654864,1.2294785335030065,-0.05361536590039121
E01032502,2.2007042253521125,39.7887323943662,5.633802816901409,15.70926143024619,39.390386869871044,44.4314185228605,4.694835680751173,23.122065727699532,852,25.984251968503933,0.15748031496062992,1.2598425196850394,73.1259842519685,1.0,74.53051643192488,-0.5451241671714069,1.0233177753523095,0.9882649609002279,1.1718169891073134,0.023050069576640183
E01032503,2.364975450081833,28.641571194762683,6.219312602291326,10.277324632952691,1.1419249592169658,87.60195758564437,0.8169934640522877,59.31372549019608,611,11.22715404699739,23.759791122715406,4.699738903394255,146.46736292428199,5.0,62.68412438625205,-6.779508418114699,0.7596710373836898,0.7781779144921197,0.9091449928386316,-0.2748697849542117
E01032504,2.379032258064516,27.284946236559136,4.166666666666666,5.7640750670241285,1.2064343163538873,93.02949061662198,0.40214477211796246,63.27077747989276,744,2.8000000000000003,2.4,2.2666666666666666,121.54739652870494,5.0,100.80645161290323,-1.4388059701492373,0.8323888638996986,0.7938726444127049,1.0506198988908233,-0.18345556285621026
E01032606,2.2915766738660905,30.45356371490281,4.427645788336933,15.184381778741866,27.006507592190886,57.59219088937093,3.1487513572204127,30.184581976112923,926,37.697841726618705,2.014388489208633,2.877697841726619,72.25755395683453,2.0,75.05399568034558,-12.162100107148333,0.8842508756981357,0.9795280635967085,1.0521058535795083,-0.12301446056835702
E01032607,1.9201228878648233,47.31182795698925,3.840245775729647,46.22496147919877,19.26040061633282,34.20647149460709,3.0816640986132513,23.57473035439137,651,49.920255183413076,50.079744816586924,2.3923444976076556,64.29186602870813,1.0,96.31336405529954,-16.170944629655292,0.8858392007865001,1.020539750085669,1.0974103308520018,-0.12121983380245807
E01032608,2.0998080614203456,42.41842610364684,5.182341650671785,42.471042471042466,3.667953667953668,53.47490347490348,1.348747591522158,31.79190751445087,521,35.892116182572614,78.83817427385893,4.771784232365145,84.49064449064448,1.0,92.51439539347409,-11.43062288266703,0.8488977483321296,0.9154028799081606,1.0344824206452412,-0.1638165376953437
E01032876,2.507223113964687,21.02728731942215,6.099518459069021,17.307692307692307,3.3653846153846154,79.00641025641025,1.1272141706924315,60.7085346215781,623,29.4234592445328,14.7117296222664,2.1868787276341948,136.77335984095427,5.0,80.73836276083468,-1.442289658276752,0.884097676152005,0.8567823921683713,1.05219893492722,-0.12318772906381702
E01032946,2.283816425120773,36.71497584541063,9.29951690821256,64.4927536231884,12.318840579710146,22.946859903381643,2.527075812274368,22.14199759326113,828,63.30275229357798,53.669724770642205,2.293577981651376,92.7190366972477,5.0,105.31400966183575,-4.210762922493672,0.869073169433723,0.8659690002017275,1.034640949590603,-0.14032795768282302
E01033002,2.079802955665025,43.44827586206896,6.6995073891625605,46.98914116485686,36.821322803553805,15.399802566633761,8.687068114511352,5.133267522211254,1015,89.53488372093024,2.4806201550387597,0.31007751937984496,63.92325581395349,2.0,127.0935960591133,-4.425838086276318,0.8381899873309064,0.8673590557780657,0.8967835101974467,-0.17651048900404698
E01033003,1.9406779661016949,52.79661016949152,4.491525423728813,39.270568278201864,49.44868532654792,9.838846480067854,14.902624894157492,1.7781541066892466,1180,96.90641918020108,0.07733952049497293,0.07733952049497293,51.83810999225407,1.0,109.57627118644069,-3.5891082070879405,0.9049873317961421,0.7403105346855215,1.0282967385338175,-0.09983433339549666
E01033008,1.3478991596638656,68.40336134453781,0.0,75.92592592592592,5.555555555555555,18.35016835016835,1.1764705882352942,3.0252100840336134,595,99.00990099009901,18.217821782178216,0.297029702970297,53.370039682539684,3.0,169.74789915966386,-7.98265819273767,0.5775197209225688,0.3349544653025573,0.8570812140104607,-0.549012688385576
E01033010,1.3994778067885119,67.36292428198433,0.7832898172323759,68.49673202614379,17.908496732026144,13.333333333333334,1.4360313315926894,10.052219321148826,766,97.94472005669738,16.229624379872433,0.28348688873139616,52.110559886605245,2.0,184.2036553524804,-13.58843660872448,0.5211508719275162,0.41761836801425106,0.848160094429322,-0.6517156977146091
E01033011,1.5549597855227881,52.01072386058981,0.40214477211796246,74.86559139784946,6.451612903225806,18.14516129032258,2.546916890080429,1.876675603217158,746,99.41214892227302,4.637491835401699,0.2612671456564337,54.2568988173456,3.0,205.2278820375335,-1.172100823643539,0.9566919517903953,0.6253230527773261,1.0902583709360985,-0.04427382880293599
E01033013,1.9512534818941505,44.15041782729805,4.596100278551532,57.77777777777777,26.52777777777778,14.444444444444443,7.777777777777778,6.527777777777779,718,82.35672891178365,11.976819059884097,0.643915003219575,57.862757731958766,1.0,216.29526462395546,3.62257995277957,1.1910574798589377,0.9295304150676627,1.2616942276342311,0.17484155105489294
E01033015,1.6149732620320856,45.66844919786096,0.42780748663101603,69.989281886388,3.322615219721329,25.723472668810288,1.9251336898395723,0.7486631016042781,935,99.54838709677419,0.0,0.0,61.07806451612903,4.0,165.77540106951872,0.12763882115237,1.0357411505145746,0.19604435963607972,1.0528315194164386,0.035117257902740034
E01033016,1.492154065620542,59.05848787446505,0.5706134094151213,66.66666666666666,12.056737588652481,20.28368794326241,2.1337126600284493,2.1337126600284493,701,98.51767388825542,4.3329532497149374,0.22805017103762829,60.620296465222346,3.0,125.10699001426534,-5.99569405269159,0.6700867194398068,0.25888398573675914,0.8995749776650961,-0.40034814297301224
E01033021,1.8675925925925927,48.7037037037037,4.2592592592592595,38.92493049119555,36.23725671918443,17.701575532900833,6.203703703703703,8.703703703703704,1080,73.43599615014436,9.239653512993263,1.539942252165544,59.712223291626565,1.0,96.2037037037037,-9.544773165762487,1.03991408027653,1.0842330282042634,1.2677113906696305,0.03913809462174334
E01033031,1.8306451612903225,48.963133640552996,3.3410138248847927,49.36562860438293,37.48558246828143,10.4959630911188,8.064516129032258,4.032258064516129,868,92.02657807308971,3.433001107419712,0.9966777408637874,51.4561797752809,2.0,104.03225806451613,-10.76325386604912,0.7990014747287875,0.7864364278479878,1.0621991580254664,-0.22439248749943372
E01033033,1.7737003058103975,44.342507645259936,0.45871559633027525,56.50842266462482,25.42113323124043,17.151607963246555,3.2061068702290076,6.412213740458015,654,99.37106918238993,0.0,0.15723270440251574,59.007861635220124,4.0,97.24770642201835,1.6436370437913599,1.3609663926164328,0.6236384323679033,1.3384924305857497,0.308195030209733
E01033034,1.6104461371055494,47.1164309031556,0.0,74.31991294885746,2.176278563656148,23.286180631120786,1.8498367791077257,1.3057671381936888,919,99.09456740442656,4.527162977867203,0.1006036217303823,57.24672708962739,5.0,108.16104461371054,-1.16977728439603,0.8853307666225774,0.6218327277911544,0.9225319411308356,-0.12179395620431001
E01033035,2.3506493506493507,47.14285714285714,13.896103896103895,3.2383419689119166,89.24870466321244,6.347150259067358,18.15823605706874,5.188067444876784,770,88.09201623815967,0.13531799729364005,4.871447902571042,56.56833558863329,1.0,95.97402597402598,-3.1326203901289595,1.3073569923233703,0.8587248776876564,1.6995719835684109,0.2680075360789869
E01035040,3.243947858472998,24.022346368715084,26.443202979515828,73.50746268656717,11.567164179104477,13.992537313432834,2.425373134328358,39.92537313432835,537,17.8714859437751,62.048192771084345,0.2008032128514056,114.35742971887551,4.0,92.73743016759776,-5.014271963888605,0.7079090711541706,0.715724743155402,0.8258719514958335,-0.345439624109535
E01035041,2.891891891891892,33.78378378378378,21.846846846846844,60.57906458797328,9.57683741648107,28.28507795100223,2.690582959641256,26.681614349775785,444,50.43859649122807,62.93859649122807,1.3157894736842104,101.58114035087719,4.0,102.7027027027027,-3.9312731369708698,0.796528550980148,0.7840118450261329,0.986528371277541,-0.22749230472500634
E01035042,2.0280172413793105,48.060344827586206,7.327586206896551,41.5948275862069,43.31896551724138,14.00862068965517,6.021505376344086,12.473118279569892,464,84.94077834179356,15.5668358714044,0.676818950930626,57.131979695431475,2.0,127.37068965517241,-27.9926032313354,0.6593417000236274,0.7967191094736462,1.0374615243253713,-0.4165133659268268
E01035043,2.52073732718894,41.474654377880185,15.898617511520738,55.55555555555556,34.9537037037037,9.49074074074074,5.324074074074074,19.90740740740741,434,64.08450704225352,52.2887323943662,1.936619718309859,78.87323943661971,2.0,130.87557603686636,4.132268860688882,0.7770285969578343,0.7569846927391026,0.7292473474345806,-0.25227812497021496
E01035044,2.0015408320493067,50.231124807396,6.779661016949152,74.61538461538461,19.230769230769234,5.538461538461538,4.006163328197227,18.02773497688752,649,88.39050131926122,80.21108179419525,1.978891820580475,69.08575197889182,3.0,116.79506933744221,-24.565000356557086,0.60097283411416,0.7236828803612821,0.9028819629605841,-0.5092055466096965
E01035045,1.9067524115755627,54.019292604501615,5.144694533762058,82.47588424437299,11.414790996784566,5.94855305466238,4.019292604501608,11.254019292604502,622,84.51612903225806,23.741935483870968,0.7741935483870968,54.215483870967745,4.0,124.59807073954985,-34.71716188908016,0.6154655108076084,0.8936931591609664,1.0452983161762153,-0.4853763693587968
E01035047,2.0962145110410093,37.53943217665615,6.624605678233439,45.268138801261834,40.063091482649845,14.195583596214512,6.962025316455696,4.430379746835443,634,78.56093979441997,0.881057268722467,0.14684287812041116,65.66813509544787,2.0,107.41324921135646,-5.7682947793111,0.9227808997460497,0.9646971271396978,1.0006994882375666,-0.08036345104797299
E01035048,2.421994884910486,28.005115089514064,4.987212276214834,19.97439180537772,13.700384122919335,63.89244558258643,3.580562659846547,29.923273657289002,782,26.003210272873194,0.32102728731942215,0.32102728731942215,79.30176565008026,3.0,79.66751918158567,-4.4480800098777635,0.9543897735008825,0.9669287261903442,1.0508240045242765,-0.046683123363882195
E01035049,2.1350574712643677,37.93103448275862,3.0172413793103448,26.187050359712234,1.7266187050359711,72.0863309352518,1.8678160919540232,27.729885057471265,696,41.6036308623298,0.0,0.9077155824508321,81.85022692889561,4.0,94.97126436781609,-5.317427272538877,0.9559999708998521,0.9649131085389361,1.0797060972309371,-0.04499739637022147
E01035050,2.638888888888889,21.241830065359476,7.6797385620915035,14.37908496732026,20.098039215686274,65.0326797385621,4.248366013071895,34.64052287581699,612,10.805500982318271,1.9646365422396856,0.5893909626719057,91.42632612966601,3.0,83.16993464052288,-5.455471977488402,0.9358784413631234,0.9510871001061068,1.0567933379322751,-0.06626968127697104
E01035051,2.6429752066115704,18.016528925619834,7.6033057851239665,16.831683168316832,1.3201320132013201,81.51815181518151,1.322314049586777,48.595041322314046,605,2.663934426229508,0.6147540983606558,0.0,89.51024590163935,5.0,80.66115702479338,-0.9095605455297084,0.9423710051089315,0.9437107573471848,0.9662262893598204,-0.05935623363269433
E01035052,2.381112984822934,29.34232715008432,6.745362563237774,20.57335581787521,16.357504215851602,62.394603709949415,2.5295109612141653,28.667790893760543,593,34.74576271186441,22.66949152542373,0.6355932203389831,82.37021276595745,2.0,79.59527824620574,0.31148277023236304,1.012635759785252,1.0156421271205265,0.9935363063541718,0.012556594748656636
E01035053,2.6417682926829267,23.628048780487802,8.079268292682928,17.450682852807283,11.836115326251896,68.43702579666162,1.8292682926829267,39.63414634146341,656,17.472118959107807,6.5055762081784385,0.5576208178438662,91.52044609665427,4.0,82.01219512195121,-0.614337537483578,0.975086544854914,0.9771387212952597,0.9873516502608113,-0.025229047969818588
E01035054,1.5841799709724238,47.82293178519594,0.07256894049346879,77.03488372093024,2.1075581395348837,20.49418604651163,1.3788098693759072,0.43541364296081275,1378,96.60400242571255,0.18192844147968465,0.0,56.837477258944816,5.0,119.66618287373005,-2.558373416601059,0.9462775583888114,0.9660071638265341,0.9795882414360032,-0.05521935086190062
