lsoa21cd,rank_T0,rank_T1,rank_T1c,shift_T1,shift_T1c,hh_size,pct_1person,pct_5plus,pct_private_rent,pct_social_rent,pct_owned,pct_overcrowded,pct_underoccupied,households,pct_flat,pct_pre1930,pct_FG,mean_tfa,imd_quint,epc_coverage,gas_share_gap_pp,ratio_total,ratio_gas,ratio_elec,log_ratio_total
E01011264,120,88,160,-32,40,2.2369337979094075,28.222996515679444,3.658536585365853,6.282722513089005,19.720767888307154,73.47294938917976,1.7482517482517483,41.95804195804196,574.0,0.0,8.895705521472392,1.8404907975460123,82.86196319018404,3.0,56.79442508710801,-1.533742331288357,0.958861982750407,0.931705943867058,1.1338531020272036,-0.0420081323386583
E01011265,425,438,437,13,12,2.0980176211453743,37.77533039647577,2.5330396475770924,22.967032967032967,11.0989010989011,65.49450549450549,1.4285714285714286,34.72527472527472,908.0,31.76178660049628,41.811414392059554,1.8610421836228288,87.56327543424318,4.0,88.76651982378854,-12.00418306438442,0.885426242122993,0.9308465202532844,1.1648936007275428,-0.12168612040297
E01011266,447,474,469,27,22,2.2965879265091864,27.20909886264217,3.5870516185476813,16.856892010535557,2.370500438981563,77.52414398595259,1.0526315789473684,47.280701754385966,1143.0,39.56043956043956,7.912087912087911,0.6593406593406593,115.82747252747252,5.0,79.61504811898513,-4.750249750249758,0.8108516019914958,0.8022119570121459,0.9907752106131388,-0.2096702231246857
E01011267,419,398,406,-21,-13,2.3069444444444445,30.13888888888889,4.861111111111112,13.379310344827584,28.13793103448276,57.37931034482758,2.351313969571231,30.70539419087137,720.0,23.39688041594454,11.95840554592721,1.733102253032929,83.55979202772964,2.0,80.13888888888889,-2.2530329289428,0.9470700325470996,0.930175384348331,1.092223204938239,-0.0543822365271003
E01011268,413,390,412,-23,-1,2.212698412698413,36.34920634920635,6.031746031746032,9.682539682539684,40.0,49.36507936507937,4.920634920634921,25.396825396825395,630.0,48.23747680890538,0.1855287569573284,2.411873840445269,65.55658627087199,2.0,85.55555555555556,-14.79152127907043,0.9585787409981392,1.0250773727077327,1.275918991183936,-0.0423035696377828
E01011269,411,437,448,26,37,2.074074074074074,38.75661375661375,3.835978835978836,13.88888888888889,24.73544973544973,59.39153439153439,0.6613756613756614,28.96825396825397,756.0,29.61730449251248,22.628951747088184,1.9966722129783692,75.38435940099833,3.0,79.4973544973545,-11.280239381552004,0.873545366109552,0.9142907450257552,1.131579001597071,-0.1351952147411393
E01011270,12,29,29,17,17,2.5331369661266567,18.7039764359352,6.038291605301914,2.514792899408284,1.7751479289940828,95.26627218934912,0.8875739644970414,63.46153846153846,679.0,1.4084507042253522,9.577464788732394,5.070422535211268,165.42937853107344,5.0,52.28276877761415,-6.205453793573201,0.7939895775453911,0.7901690899755218,1.0559931568693672,-0.2306849443382944
E01011271,303,319,268,16,-35,2.4295302013422817,23.825503355704697,4.586129753914989,8.632286995515695,5.269058295964125,85.31390134529147,1.340782122905028,48.71508379888268,894.0,12.887438825448614,14.68189233278956,2.936378466557912,105.62950819672132,5.0,68.5682326621924,-0.6525285481239762,0.8994263273900068,0.8581594617072942,1.118428085466804,-0.1059981329036082
E01011272,232,110,144,-122,-88,2.5653710247349824,19.08127208480565,5.477031802120141,7.420494699646643,0.7067137809187279,91.51943462897526,0.8865248226950355,56.02836879432624,566.0,0.0,5.900621118012422,1.2422360248447204,94.96583850931675,5.0,56.8904593639576,-0.6211180124223614,0.9811260222291174,0.9584855673653804,1.0976978219562596,-0.0190543646408187
E01011273,408,357,348,-51,-60,2.048342541436464,38.12154696132597,3.4530386740331496,22.451790633608816,9.090909090909092,68.4573002754821,4.41988950276243,29.41988950276243,724.0,18.23204419889503,28.3609576427256,1.841620626151013,76.64575645756457,4.0,75.0,-5.7090239410681365,0.9555223509998112,0.964164449706717,1.139038669774331,-0.045497123634202
E01011274,297,296,369,-1,72,2.031437125748503,41.31736526946108,4.191616766467066,15.097159940209268,49.17787742899851,35.57548579970104,4.94752623688156,12.893553223388308,668.0,38.87850467289719,14.95327102803738,2.2429906542056077,68.40747663551402,2.0,80.08982035928143,-7.503262459960713,0.9447366491624442,0.9774573693547766,1.0964484847832845,-0.0568490684613411
E01011275,260,231,177,-29,-83,2.324590163934426,27.704918032786885,3.4426229508196724,10.98360655737705,15.081967213114757,72.95081967213115,3.436988543371522,39.60720130932897,610.0,18.4652278177458,12.709832134292563,1.9184652278177456,78.68824940047962,3.0,68.36065573770492,-3.915203836930437,0.9273863804425504,0.9154431280897002,1.1227757834940917,-0.0753849928749568
E01011276,426,414,414,-12,-12,2.191919191919192,30.176767676767675,4.040404040404041,15.636822194199244,7.6923076923076925,76.04035308953343,0.8871989860583016,38.149556400506974,792.0,22.085889570552148,32.668711656441715,2.147239263803681,90.95705521472392,5.0,82.32323232323232,-3.271983640081799,0.9129284833045336,0.9038380964340804,1.0504684624348168,-0.0910977329946373
E01011277,275,148,150,-127,-125,2.503115264797508,22.11838006230529,5.607476635514018,11.838006230529595,5.919003115264798,81.93146417445483,1.25,45.0,642.0,5.194805194805195,12.987012987012983,0.8658008658008658,82.90259740259741,5.0,71.96261682242991,-1.2987012987012991,0.9774701946422766,0.9699669560275058,1.054443083768961,-0.0227874790020396
E01011278,208,300,312,92,104,2.20297699594046,30.98782138024357,2.841677943166441,15.0,1.4864864864864866,83.24324324324324,0.8119079837618403,45.06089309878214,739.0,9.45179584120983,39.31947069943289,2.835538752362949,95.80645161290325,5.0,71.58322056833559,-6.968505713698336,0.8563019847700771,0.8671273121870731,1.0709964099582534,-0.1551321791083733
E01011279,340,344,382,4,42,2.2197231833910034,30.103806228373703,3.1141868512110724,11.072664359861593,13.494809688581316,75.4325259515571,1.038062283737024,40.65743944636678,578.0,16.290726817042607,31.57894736842105,4.761904761904762,93.96741854636592,5.0,69.03114186851211,-7.21140098568569,0.9151988995794862,0.9311417612882408,1.1160785260012855,-0.0886138607398808
E01011280,424,405,395,-19,-29,2.461995249406176,20.42755344418052,4.750593824228028,10.201660735468565,2.965599051008304,85.76512455516014,1.1904761904761905,54.52380952380952,842.0,5.040650406504065,7.154471544715448,1.6260162601626018,99.07479674796748,5.0,73.04038004750593,-2.373094801563058,0.9250969574786946,0.903166033863111,1.09735614431283,-0.0778567280669424
E01011281,341,370,379,29,38,2.354051054384018,29.85571587125416,5.993340732519423,25.055432372505543,27.0509977827051,47.45011086474501,3.650442477876106,32.85398230088495,901.0,24.299065420560748,13.885180240320429,1.4686248331108145,79.7192513368984,2.0,83.12985571587126,-4.939919893190925,0.9185110352831596,0.9148869717133342,1.1045409192154692,-0.0850013599373337
E01011282,294,193,249,-101,-45,2.2439024390243905,37.886178861788615,5.691056910569105,25.76985413290113,26.904376012965965,46.19124797406807,5.032467532467533,33.92857142857143,615.0,22.35772357723577,37.60162601626016,1.6260162601626018,76.74186991869918,1.0,80.0,-4.296066252587993,1.0475143719376916,1.0677633865396468,1.1402321543188436,0.0464200929469475
E01011283,143,121,111,-22,-32,2.490506329113924,30.22151898734177,9.968354430379748,8.372827804107425,57.187993680884674,33.80726698262243,7.886435331230284,24.44794952681388,632.0,19.723865877712036,5.325443786982249,0.9861932938856016,76.51084812623274,1.0,80.22151898734177,-0.1722021726784817,0.9885455065288844,0.9778072358248454,1.0298697591461377,-0.0115206014888669
E01011284,62,30,33,-32,-29,2.028440366972477,44.22018348623853,4.128440366972478,61.46788990825688,14.678899082568808,23.853211009174316,5.40788267644363,10.357470210815766,1090.0,21.78533475026568,77.89585547290116,1.7003188097768331,69.47927736450585,1.0,86.3302752293578,-9.35530655158936,1.1068978823358635,1.2120342379092597,1.169091316392969,0.1015614022590555
E01011286,235,122,213,-113,-22,2.2098976109215016,31.058020477815703,4.778156996587031,19.59114139693356,8.347529812606473,72.06132879045997,2.5597269624573378,40.95563139931741,586.0,8.086253369272237,15.09433962264151,1.3477088948787064,77.28840970350404,3.0,63.31058020477816,-1.9026196391401573,0.996139390571045,0.9894188419648612,1.0895134687345265,-0.0038680808171435
E01011287,399,345,318,-54,-81,2.2377300613496933,28.834355828220858,4.294478527607362,13.32312404287902,18.376722817764165,67.84073506891271,2.3041474654377883,36.71274961597542,652.0,18.8911704312115,13.75770020533881,1.026694045174538,75.27515400410678,3.0,74.69325153374233,-4.255511329764472,0.9635449847813412,0.9657056616901484,1.10404056228827,-0.0371361032904266
E01011292,308,384,317,76,9,2.0384615384615383,48.54469854469855,6.237006237006238,29.853862212943632,54.38413361169102,15.1356993736952,7.187499999999999,12.708333333333332,962.0,57.49086479902557,39.2204628501827,1.8270401948842876,66.82661782661782,1.0,85.34303534303534,-6.456723297912559,0.9007038070322678,0.9843447745445546,0.931099318409311,-0.1045788134529904
E01011293,188,222,97,34,-91,2.3011764705882354,38.94117647058823,11.529411764705882,40.80188679245283,29.36320754716981,28.30188679245283,7.981220657276995,15.610328638497654,850.0,38.62660944206009,36.05150214592275,2.432045779685265,69.29899856938484,1.0,82.23529411764706,-6.584566438195294,0.94275944785132,0.9499376169426632,1.1474677310101862,-0.0589441213066999
E01011294,172,161,188,-11,16,2.26530612244898,40.20408163265306,9.183673469387756,27.402862985685072,42.94478527607362,29.03885480572597,5.327868852459016,18.64754098360656,490.0,25.0,34.65346534653465,2.4752475247524752,72.60606060606061,1.0,82.44897959183673,-6.910465240072384,0.9472515172958048,0.992422519673572,1.0284149878008608,-0.0541906272944698
E01011295,365,253,173,-112,-192,2.2794117647058822,32.62032085561498,6.417112299465241,21.524064171122998,34.090909090909086,41.97860962566845,6.125166444740346,21.43808255659121,748.0,25.164473684210524,12.00657894736842,2.138157894736842,66.95559210526316,1.0,81.28342245989305,-3.226827583764258,1.064889653925207,1.0883565290762032,1.1117810636929597,0.0628711824555292
E01011296,289,229,346,-60,57,2.099099099099099,30.75933075933076,1.9305019305019304,8.774193548387096,5.032258064516129,85.67741935483872,0.3861003861003861,55.85585585585585,777.0,3.354297693920336,9.224318658280922,3.354297693920336,98.55974842767296,5.0,61.38996138996139,-4.144247554822201,0.9468068547142175,0.9469793076190008,1.10722595073127,-0.0546601614929165
E01011297,212,210,162,-2,-50,2.4390934844192635,22.946175637393768,5.524079320113314,10.056657223796034,10.056657223796034,79.88668555240793,0.56657223796034,54.815864022662886,706.0,3.650793650793651,16.666666666666664,2.380952380952381,118.54761904761904,4.0,89.23512747875354,0.6264140015565189,0.9010488306234417,0.8787830744044324,0.9533328599197732,-0.1041958268118941
E01011298,287,227,272,-60,-15,2.199140401146132,33.3810888252149,4.871060171919771,21.45922746781116,24.17739628040057,53.934191702432045,2.9957203994293864,29.529243937232525,698.0,5.668449197860963,13.368983957219251,1.06951871657754,82.29721030042919,2.0,133.9541547277937,-1.0492591109331206,0.9897463795391722,0.9844791304789068,1.0380478304419112,-0.0103065509574525
E01011299,476,463,472,-13,-4,2.4318766066838045,25.36418166238218,5.398457583547557,13.562231759656653,12.188841201716738,70.12875536480688,0.9433962264150944,39.62264150943396,1167.0,14.25598335067638,19.77107180020812,2.8095733610822062,97.25390218522372,3.0,82.34790059982862,-1.79931666456995,0.9614068673802922,0.9614099634817737,1.0137930348292248,-0.0393575804436776
E01011300,131,75,118,-56,-13,2.346278317152104,26.21359223300971,5.177993527508091,8.25242718446602,26.05177993527508,65.21035598705501,3.5541195476575123,32.14862681744749,618.0,2.088772845953003,2.349869451697128,1.827676240208877,80.43342036553524,2.0,61.97411003236246,-2.239151270780304,1.0193862077017488,1.0212623137384305,1.0940511038774294,0.0192006890125273
E01011301,285,102,255,-183,-30,2.244122965641953,24.95479204339964,1.9891500904159127,7.956600361663653,0.9041591320072332,90.77757685352624,0.3597122302158274,55.03597122302158,553.0,1.5673981191222568,1.2539184952978055,0.9404388714733544,81.89028213166144,5.0,57.68535262206148,-2.507836990595602,1.0211488500409596,1.016425089004268,1.1382024660313914,0.0209283170392407
E01011302,230,159,187,-71,-43,2.227912932138284,22.91933418693982,2.9449423815621,5.655526992287918,2.313624678663239,91.25964010282776,0.641025641025641,50.12820512820512,781.0,0.5859375,6.0546875,1.3671875,85.79256360078278,5.0,65.55697823303457,-3.3203125,0.93686585143568,0.92928013742803,1.0798865123538772,-0.0652151751515464
E01011303,324,208,290,-116,-34,2.323232323232323,28.484848484848484,5.656565656565657,11.04417670682731,17.269076305220885,70.08032128514057,1.414141414141414,37.57575757575757,495.0,0.6116207951070336,19.26605504587156,1.2232415902140672,81.7217125382263,3.0,66.06060606060606,-1.3290519877675822,0.9976737302566762,0.9732330333732198,1.15100310979463,-0.0023289797123448
E01011304,435,411,394,-24,-41,2.261363636363636,36.78977272727273,6.534090909090909,17.97432239657632,24.53637660485021,57.06134094151213,3.824362606232295,25.77903682719547,704.0,32.71375464684015,28.438661710037177,1.486988847583643,74.23048327137546,2.0,76.42045454545455,-5.441319875853257,0.9570872736092748,0.9729116773580057,1.1029506094686343,-0.0438606966931758
E01011305,350,184,174,-166,-176,2.2745398773006134,25.4601226993865,3.52760736196319,12.042682926829269,6.402439024390244,81.40243902439023,1.2251148545176112,34.60949464012251,652.0,5.02092050209205,18.410041841004183,2.301255230125523,81.57740585774059,4.0,73.31288343558282,0.2925194655623353,1.043406367021875,1.0243474675813495,1.100658244694101,0.0424907137744978
E01011306,216,64,94,-152,-122,2.391544117647059,20.22058823529412,4.411764705882353,9.926470588235292,0.0,89.70588235294117,1.2915129151291511,46.309963099631,544.0,0.0,17.71771771771772,2.702702702702702,90.4174174174174,5.0,61.21323529411765,-0.9009009009009028,1.0289116047443223,1.0292863851566756,1.0620775607919044,0.02850154912339
E01011307,331,192,259,-139,-72,2.3732718894009217,26.881720430107524,6.7588325652841785,12.59600614439324,19.35483870967742,67.74193548387096,3.5384615384615383,34.61538461538461,651.0,0.7672634271099744,12.78772378516624,1.5345268542199488,81.49872122762149,2.0,60.06144393241167,-2.3017902813299185,1.0357897973593064,1.0447769723115885,1.0866218206333162,0.0351642249488183
E01011308,385,256,284,-129,-101,2.2613981762917934,29.63525835866261,4.25531914893617,11.363636363636363,15.0,73.03030303030303,1.5151515151515151,33.33333333333333,658.0,7.727272727272727,28.63636363636364,2.5,84.90227272727273,3.0,66.8693009118541,-5.289404839764522,1.0270227500863909,1.0439236056494448,1.1781322940490424,0.0266640826839234
E01011309,228,261,300,33,72,2.270392749244713,27.794561933534744,3.927492447129909,12.83987915407855,8.761329305135952,78.24773413897282,1.059001512859304,49.47049924357035,662.0,2.4213075060532687,23.486682808716708,4.600484261501211,116.05339805825244,4.0,62.38670694864048,-4.43775236855376,0.8947535135973773,0.8960078400860213,1.047718909705636,-0.111207002439686
E01011310,248,361,351,113,103,2.25,31.25,5.298913043478261,11.475409836065571,12.295081967213116,73.90710382513662,0.8207934336525308,53.21477428180575,736.0,18.789144050104383,26.931106471816285,3.549060542797495,115.39121338912132,4.0,65.08152173913044,-3.156166416550832,0.8421590361733661,0.8200752253567063,1.057571656798446,-0.1717864035094598
E01011311,29,171,132,142,103,2.6177685950413223,15.289256198347106,6.40495867768595,8.488612836438923,0.8281573498964804,90.6832298136646,0.6211180124223602,76.81159420289855,484.0,1.21580547112462,23.70820668693009,6.68693009118541,234.74539877300612,4.0,67.97520661157024,2.2381873445703304,0.7334402329006994,0.7069433730590279,0.7616426518661685,-0.3100091667902478
E01011312,26,17,27,-9,1,2.68218085106383,40.02659574468085,19.81382978723404,51.32978723404256,31.25,17.287234042553195,14.552736982643523,13.084112149532707,752.0,27.24832214765101,89.39597315436242,3.8926174496644297,77.48243243243243,1.0,99.0691489361702,-8.689410887397464,0.97661388522276,1.093199780618463,0.9570373541818036,-0.0236639095335129
E01011313,56,32,55,-24,-1,2.6738461538461538,29.53846153846154,14.153846153846152,48.54070660522273,4.915514592933948,46.39016897081413,6.605222734254992,27.956989247311824,650.0,3.867403314917127,86.74033149171271,4.6040515653775325,88.04981549815498,1.0,83.53846153846153,-3.72419669607762,1.0233383875739437,1.0469660261621947,1.0839769742461072,0.0230702119161383
E01011314,79,34,67,-45,-12,2.333825701624815,35.89364844903989,10.044313146233383,43.070044709388974,4.172876304023846,52.459016393442624,5.192878338278932,24.480712166172104,677.0,8.990825688073395,83.30275229357798,3.1192660550458715,82.66482504604052,1.0,80.50221565731167,-2.757935175359638,1.0855059713959123,1.1036762694502185,1.1333991241082575,0.0820462113767328
E01011315,123,117,108,-6,-15,2.46142208774584,28.895612708018152,9.531013615733738,28.15829528158295,11.71993911719939,59.96955859969558,5.614567526555387,34.14264036418817,661.0,9.774436090225564,45.48872180451128,4.511278195488721,84.77589453860641,1.0,80.48411497730712,-3.92893999705144,0.9460281493958668,0.9482726359943832,1.0791493900668292,-0.0554829541405493
E01011316,18,28,10,10,-8,2.915351506456241,32.85509325681492,21.664275466284074,58.76436781609196,12.21264367816092,28.304597701149422,14.367816091954024,18.103448275862068,697.0,30.656934306569344,89.63503649635037,2.9197080291970803,78.36716417910448,1.0,98.27833572453372,-18.59660312285924,0.8500535667321416,0.9946044627700822,1.0529253399600125,-0.1624559117985593
E01011317,394,338,405,-56,11,2.003405221339387,48.01362088535755,4.767309875141884,12.570781426953568,57.07814269535674,29.10532276330691,7.248018120045301,12.797281993204985,881.0,51.72910662824207,2.3054755043227666,0.5763688760806917,66.40869565217392,1.0,78.77412031782066,2.439919396932144,1.0657955567120383,0.983337746373484,1.2211817113158312,0.0637215219021026
E01011318,229,262,295,33,66,2.423197492163009,34.63949843260188,9.561128526645769,13.395638629283487,57.16510903426792,28.81619937694704,7.009345794392523,16.510903426791277,638.0,27.95918367346939,0.4081632653061224,1.020408163265306,72.76530612244898,1.0,76.8025078369906,-2.2345844922961544,0.9748765236689216,0.9259953852683486,1.2097779336248058,-0.025444458394964
E01011319,93,57,31,-36,-62,2.605177993527508,29.449838187702262,11.650485436893204,30.79416531604538,6.158833063209076,61.26418152350082,4.862236628849271,34.0356564019449,618.0,11.061946902654867,37.389380530973455,3.761061946902655,79.43111111111111,2.0,73.13915857605178,-7.387273493468161,0.9544082746597944,0.982023181304986,1.133342257898884,-0.0466637382236571
E01011320,63,52,38,-11,-25,2.590711175616836,28.592162554426704,12.481857764876631,24.017467248908297,2.6200873362445414,73.21688500727802,5.797101449275362,41.44927536231884,689.0,6.919642857142858,26.11607142857143,4.910714285714286,85.41071428571429,2.0,65.02177068214804,-5.133928571428559,0.9335293140992796,0.9419550647594184,1.0890964425231864,-0.068782914137453
E01011321,106,101,100,-5,-6,2.493212669683258,29.260935143288087,9.049773755656108,13.855421686746988,50.0,35.54216867469879,6.466165413533835,22.55639097744361,663.0,32.382892057026474,2.6476578411405294,1.8329938900203664,67.86354378818737,1.0,74.05731523378583,-4.073319755600801,0.9314572377416754,0.926016762308556,1.094235723277533,-0.0710049968738224
E01011322,141,189,229,48,88,2.416302765647744,28.38427947598253,8.296943231441048,12.936046511627907,20.78488372093023,66.27906976744185,4.069767441860465,33.72093023255814,687.0,8.712871287128712,0.7920792079207921,2.5742574257425743,77.3108910891089,2.0,73.5080058224163,-7.920792079207917,0.8805338522272099,0.8985980678836789,1.092204443494889,-0.1272269051895728
E01011323,402,317,381,-85,-21,2.119281045751634,39.37908496732026,5.392156862745098,12.581699346405228,23.692810457516337,62.41830065359477,2.941176470588235,38.23529411764706,612.0,21.973094170403588,8.74439461883408,1.5695067264573992,77.67937219730942,2.0,72.87581699346404,-3.5838906142289684,1.004135526133061,0.9970056900392528,1.1601689454980524,0.0041269983480293
E01011324,69,22,36,-47,-33,2.4782608695652173,33.33333333333333,10.144927536231885,7.272727272727272,75.09090909090908,16.90909090909091,13.043478260869565,12.862318840579707,552.0,30.73394495412844,0.6880733944954129,1.376146788990826,62.11697247706422,1.0,78.98550724637681,-3.44036697247706,1.0334180664495929,1.058012155004596,1.071339218746254,0.0328718192511204
E01011325,427,347,365,-80,-62,2.2063914780292944,32.49001331557923,3.7283621837549936,11.451398135818907,22.37017310252996,64.71371504660452,2.933333333333333,34.53333333333333,751.0,24.52830188679245,7.547169811320755,2.5728987993138936,81.3156089193825,2.0,77.62982689747004,0.4313749046147452,1.0338860940430987,0.990323349647579,1.1724520621995718,0.0333246095182193
E01011326,132,90,114,-42,-18,2.359872611464968,27.70700636942675,6.528662420382165,14.308426073131956,46.26391096979332,39.10969793322735,5.723370429252783,23.84737678855326,628.0,11.706349206349206,12.103174603174605,2.976190476190476,72.1984126984127,1.0,80.2547770700637,-3.915465268676288,1.018257415130912,1.0274388270182466,1.12961475801373,0.0180927497500803
E01011327,446,373,420,-73,-26,2.0580152671755725,40.458015267175576,4.122137404580153,17.099236641221374,36.03053435114504,46.10687022900763,2.90519877675841,24.770642201834864,655.0,37.160751565762006,1.0438413361169103,1.0438413361169103,69.97286012526096,2.0,73.12977099236642,-2.8265779073278985,1.0409064806764343,1.0388551912052824,1.146424920697292,0.0400919495516405
E01011328,375,331,378,-44,3,2.244350282485876,32.6271186440678,5.649717514124294,13.437057991513438,31.541725601131542,54.87977369165488,2.9661016949152543,25.847457627118644,708.0,24.299065420560748,10.2803738317757,1.1214953271028036,74.90654205607477,2.0,75.56497175141243,-5.589074227427481,0.967444005842464,0.9847389199407592,1.0995881081828125,-0.0330977308512565
E01011329,255,160,171,-95,-84,2.148201438848921,29.928057553956837,2.877697841726619,17.097701149425287,2.586206896551724,79.74137931034483,0.8633093525179856,43.16546762589928,695.0,13.79310344827586,21.379310344827587,1.6091954022988506,79.70574712643678,4.0,62.58992805755396,-4.935253892041313,0.9854429073577828,0.9944384974906996,1.13947480358368,-0.0146640867333962
E01011330,168,92,120,-76,-48,2.3025641025641024,27.863247863247864,4.786324786324787,10.806174957118351,22.641509433962263,66.38078902229846,3.6020583190394517,39.62264150943396,585.0,9.669811320754718,14.858490566037736,1.650943396226415,81.46698113207547,3.0,72.47863247863248,-2.4528301886792336,1.0148989684983842,0.994518619233642,1.192357588103648,0.0147890691142356
E01011331,291,280,279,-11,-12,2.1261829652996846,36.59305993690852,4.73186119873817,26.18296529968454,14.511041009463725,56.94006309148265,1.740506329113924,31.80379746835443,634.0,18.65671641791045,54.66417910447762,3.544776119402985,83.76822429906542,2.0,84.54258675078864,-6.670762501690941,0.9457379973569916,0.9585596152503598,1.1617819179145326,-0.0557897066867331
E01011332,91,78,85,-13,-6,2.347826086956522,36.66666666666666,8.115942028985506,9.130434782608695,48.40579710144928,42.31884057971014,6.376811594202898,18.40579710144928,690.0,26.23239436619718,3.5211267605633805,2.640845070422535,69.21693121693121,1.0,82.31884057971014,-1.815167779976079,0.970053395463236,0.9640524412414442,1.049479515443935,-0.0304041621304165
E01011333,167,104,152,-63,-15,2.130708661417323,35.74803149606299,2.8346456692913384,11.829652996845423,32.49211356466877,54.73186119873817,2.677165354330709,30.078740157480315,635.0,13.3630289532294,15.812917594654788,2.89532293986637,72.728285077951,2.0,70.70866141732284,-3.176387712844297,0.9789615565451272,0.9660035323585338,1.148317742582014,-0.0212629053072884
E01011334,386,350,221,-36,-165,2.036231884057971,41.01449275362319,3.333333333333333,36.08695652173913,17.681159420289855,45.072463768115945,3.0478955007256894,26.56023222060958,690.0,30.70866141732284,46.14173228346456,3.4645669291338583,75.73543307086614,1.0,92.02898550724638,-12.922014885125666,0.991120803907054,1.0931836699710615,1.1753638974569824,-0.0089188510652744
E01011335,400,363,402,-37,2,2.0853658536585367,33.78048780487805,2.682926829268293,24.84774665042631,11.936662606577343,62.48477466504263,1.3414634146341464,26.21951219512195,820.0,20.32258064516129,20.32258064516129,2.741935483870968,74.52903225806452,2.0,75.60975609756098,-7.703597568059461,0.9488638264044326,0.9663082437301244,1.1595644831278622,-0.0524899823389009
E01011336,429,418,459,-11,30,1.860943168077388,48.73035066505441,2.0556227327690446,19.30036188178528,41.13389626055488,37.273823884197824,4.101326899879373,18.33534378769602,827.0,45.93437945791726,8.98716119828816,1.7118402282453635,64.87874465049929,1.0,84.76420798065296,-11.276091719142912,0.966629566621354,1.0551867481424668,1.1131001239199287,-0.0339399317694075
E01011337,49,74,65,25,16,3.0316901408450705,20.24647887323944,17.6056338028169,7.4074074074074066,66.49029982363317,22.22222222222222,9.84182776801406,15.289982425307558,568.0,14.692982456140353,1.3157894736842104,0.8771929824561403,73.54166666666667,1.0,80.28169014084507,-4.605263157894724,0.8915180887020367,0.9367085796026896,0.8856203365005394,-0.114829551697419
E01011338,418,409,386,-9,-32,2.4610630407911,37.7008652657602,12.484548825710752,2.3543990086741013,88.84758364312268,7.930607187112764,13.878562577447337,10.780669144981411,809.0,80.03355704697987,0.1677852348993288,1.6778523489932886,64.10420168067228,1.0,73.67119901112484,-4.664965014993571,1.08937535098691,1.0907481487573636,1.228579692626304,0.0856044594831784
E01011339,390,453,466,63,76,2.391860465116279,40.69767441860465,10.69767441860465,10.324825986078888,53.36426914153132,34.91879350348028,6.504065040650407,19.16376306620209,860.0,50.41782729805014,0.6963788300835655,4.874651810584958,71.20473537604457,1.0,83.48837209302326,-10.175794005144532,0.8201654284685139,0.8367937850595759,1.0580777382797937,-0.1982492170362529
E01011340,137,124,126,-13,-11,2.614583333333333,29.315476190476197,12.351190476190476,12.314540059347182,54.00593471810089,33.08605341246291,7.313432835820896,22.388059701492537,672.0,13.74764595103578,3.766478342749529,3.0131826741996237,71.39736346516007,1.0,79.01785714285714,-1.1962426663694623,0.965519192663029,0.930256481232942,1.135397632666008,-0.0350892988408893
E01011341,165,140,159,-25,-6,2.4874141876430205,25.400457665903893,7.437070938215102,9.174311926605505,29.931192660550455,58.600917431192656,2.985074626865672,36.969001148105626,874.0,7.834757834757834,11.11111111111111,0.2849002849002849,89.08689458689459,2.0,80.32036613272311,-3.397606363267136,0.9415233702841006,0.939781174087949,1.0545929495483817,-0.0602561087988415
E01011342,45,26,24,-19,-21,2.827272727272727,20.60606060606061,17.272727272727273,11.684370257966616,53.86949924127465,28.224582701062214,11.515151515151516,22.87878787878788,660.0,13.203883495145632,1.1650485436893203,0.9708737864077668,69.80388349514563,1.0,78.03030303030303,-1.2090731508207164,0.960414062128156,0.9473547003819432,1.0463812553060026,-0.0403907727928809
E01011343,472,460,444,-12,-28,2.1080213903743314,36.36363636363637,3.8502673796791447,18.88412017167382,19.63519313304721,60.94420600858369,2.465166130760986,27.867095391211144,935.0,38.146551724137936,2.909482758620689,0.3232758620689655,76.81142241379311,2.0,99.25133689839572,-2.404400760740788,0.9599242496005904,0.9521759023723672,1.0566251602020855,-0.0409009042996016
E01011344,5,4,4,-1,-1,2.4436450839328536,35.851318944844124,10.431654676258994,52.39808153477218,24.820143884892087,22.54196642685851,11.004784688995215,10.645933014354068,834.0,13.087674714104194,86.53113087674714,4.320203303684879,76.01153846153846,1.0,94.36450839328538,-5.660356867472471,1.04515874511657,1.1115840126044594,1.0370348454005105,0.0441687830821991
E01011345,310,369,401,59,91,2.225854383358098,38.48439821693909,6.8350668647845465,13.967310549777118,42.94205052005943,40.41604754829123,3.725782414307005,29.508196721311474,673.0,27.027027027027028,5.405405405405405,1.2612612612612613,73.93693693693693,2.0,82.46656760772659,-9.76646127430203,0.903895071370528,0.9363069811518536,1.1209685608691544,-0.1010419968195564
E01011346,388,412,397,24,9,2.3893805309734515,34.89254108723136,11.50442477876106,15.782828282828282,51.51515151515152,32.196969696969695,6.691919191919192,21.33838383838384,791.0,48.228882833787466,3.2697547683923704,3.5422343324250685,74.0108991825613,1.0,92.79393173198484,-9.1170544597575,0.9300189344177108,0.9596470298619556,1.1308255248664163,-0.0725503334531528
E01011347,7,5,7,-2,0,2.5069885641677256,33.29097839898348,10.927573062261754,47.898089171974526,27.770700636942674,23.312101910828027,10.687022900763358,17.43002544529262,787.0,7.866666666666666,79.06666666666666,5.2,75.16021361815754,1.0,95.29860228716646,-4.838192668371688,0.9900899284673214,1.0301922912521049,1.0267029670644905,-0.0099595031432388
E01011348,86,165,91,79,5,2.620234604105572,32.40469208211144,14.66275659824047,23.494860499265783,49.04552129221732,27.01908957415565,9.852941176470589,20.44117647058824,682.0,36.16,24.8,4.0,69.68327974276528,1.0,91.64222873900292,-13.096539589442813,0.8479123188777922,0.9086337852360894,1.0770128725474724,-0.1649780460859025
E01011349,464,443,424,-21,-40,1.96,51.13513513513514,5.9459459459459465,11.663066954643629,62.20302375809935,24.838012958963283,8.982683982683982,12.987012987012983,925.0,67.23684210526316,11.052631578947368,3.552631578947368,62.4703557312253,1.0,82.16216216216216,-1.9736842105263164,1.1735119160938263,1.0291798571477064,1.5097989124105586,0.1600008905767954
E01011350,241,245,184,4,-57,2.260677466863034,31.516936671575845,4.418262150220913,22.3201174743025,2.7900146842878124,74.59618208516888,2.7900146842878124,48.7518355359765,679.0,34.29158110882957,17.248459958932237,2.2587268993839835,90.35112936344969,5.0,71.72312223858616,-3.0746859565863205,0.9197821834633236,0.8865530568108877,1.185281914688278,-0.0836183940755221
E01011351,403,379,368,-24,-35,1.88864388092613,41.56560088202866,1.8743109151047408,27.012127894156563,10.804851157662624,61.742006615215,0.5530973451327433,41.8141592920354,907.0,33.744855967078195,54.59533607681756,2.469135802469136,89.49725274725274,4.0,80.37486218302095,-2.6015849601545016,0.9513232084542316,0.9230775202429676,1.1775638436274545,-0.0499014125002702
E01011352,367,386,407,19,40,1.8586278586278584,45.01039501039501,1.4553014553014554,40.871369294605806,14.626556016597512,42.32365145228216,1.3485477178423235,27.38589211618257,962.0,47.4460839954597,55.05107832009081,2.724177071509648,81.84772727272727,3.0,91.58004158004158,-9.428141763224753,0.9158662739743362,0.9426693184934576,1.1778795716325656,-0.087884914076441
E01011353,276,307,280,31,4,2.283353010625738,25.14757969303424,4.368358913813459,17.314487632508836,2.591283863368669,79.97644287396938,1.180637544273908,48.28807556080284,847.0,25.67353407290016,6.656101426307448,1.584786053882726,94.07923930269412,5.0,74.49822904368358,-3.363461047764016,0.9075252970027148,0.8824198088320798,1.130908859823613,-0.0970338377465602
E01011354,330,333,265,3,-65,2.4198473282442747,33.587786259541986,10.99236641221374,11.077389984825494,58.725341426403645,28.98330804248862,8.422664624808576,18.68300153139357,655.0,32.7922077922078,1.461038961038961,1.2987012987012987,78.41071428571429,1.0,94.04580152671755,-5.540118224567713,1.0129776787184412,1.0116706676918727,1.19315512512407,0.0128941901949913
E01011355,194,201,208,7,14,2.4433497536945814,29.88505747126437,9.35960591133005,14.00329489291598,39.04448105436573,46.45799011532125,5.090311986863712,31.69129720853859,609.0,17.391304347826086,6.304347826086956,2.1739130434782608,77.9608695652174,2.0,75.53366174055829,-2.329192546583847,0.9439130000567902,0.9295162911447274,1.0691707991514945,-0.0577212780405082
E01011356,364,427,416,63,52,2.0351437699680512,44.19595314164005,5.7507987220447285,30.383795309168445,14.17910447761194,54.90405117270789,1.7094017094017095,31.944444444444443,939.0,56.1038961038961,24.415584415584416,1.948051948051948,79.54805194805195,3.0,82.0021299254526,-6.694637370581713,0.8462448786651726,0.8341999474701173,1.1037592328568857,-0.1669465065728742
E01011357,196,163,147,-33,-49,2.245865490628445,44.21168687982359,9.481808158765158,16.59340659340659,55.05494505494506,27.582417582417584,10.121012101210122,17.491749174917494,907.0,40.51282051282051,31.92307692307692,2.1794871794871797,78.9551282051282,1.0,85.99779492833517,-0.0512820512820422,1.0183374826823013,1.0086078917958534,1.0499586079399044,0.0181713785942519
E01011358,222,315,355,93,133,2.1594405594405592,41.67832167832168,5.734265734265734,11.731843575418994,44.97206703910614,41.62011173184357,3.916083916083916,27.55244755244755,715.0,27.15355805243445,8.05243445692884,3.183520599250937,79.04868913857678,1.0,74.68531468531468,-6.554307116104874,0.8886688517413426,0.8799689102404409,1.1631606474662373,-0.1180306080908993
E01011359,354,329,345,-25,-9,2.229291716686675,45.61824729891957,9.36374549819928,32.77310924369748,19.447779111644657,47.77911164465786,4.561824729891957,38.53541416566627,833.0,45.22691705790297,59.93740219092332,4.068857589984351,97.89358372456964,2.0,76.71068427370949,0.4132805859409116,0.993432184711442,0.955259590687803,1.0897670352472848,-0.0065894782918902
E01011360,32,39,44,7,12,2.954907161803713,34.748010610079575,21.883289124668437,37.18459495351926,19.787516600265604,42.49667994687915,11.93633952254642,29.973474801061005,754.0,20.57926829268293,59.90853658536586,3.048780487804878,97.4405487804878,1.0,87.0026525198939,-4.802224188045001,0.8694552867873155,0.882490816876679,0.9862647140186878,-0.1398883705614521
E01011361,149,181,193,32,44,2.4816112084063047,42.46935201401051,15.674255691768826,21.891418563922944,51.48861646234676,25.65674255691769,9.273840769903762,23.88451443569554,1142.0,51.28913443830571,60.58931860036832,2.394106813996317,93.50969529085872,1.0,95.09632224168126,-2.294478157171742,0.95723448786247,0.9467159984208278,1.0805968852102483,-0.043706893652905
E01011362,398,455,403,57,5,1.8680892337536368,52.86129970902037,4.073714839961203,24.68538238141336,44.6272991287512,30.300096805421106,5.329457364341085,14.244186046511627,1031.0,57.43380855397149,24.03258655804481,1.5274949083503055,64.7795918367347,1.0,95.24733268671191,-19.06000313332289,0.8268732760944267,1.0052375471740722,1.0192832851895397,-0.1901038289593209
E01011363,322,403,303,81,-19,2.277584204413473,35.54006968641115,6.039488966318235,16.82134570765661,55.4524361948956,26.102088167053367,8.111239860950175,11.819235225955968,861.0,48.36448598130841,1.8691588785046729,1.5186915887850467,69.20677570093459,1.0,99.4192799070848,-17.73678035360279,0.9030771215208112,0.9845089749298728,1.3174790341510714,-0.1019473233196561
E01011364,244,449,314,205,70,2.4236902050113893,37.24373576309795,13.439635535307518,31.01482326111745,43.67160775370581,23.3751425313569,10.580204778156997,14.562002275312857,878.0,58.37264150943396,7.783018867924528,3.7735849056603774,66.19716646989374,1.0,96.58314350797266,-33.251974550241336,0.7088794601052373,0.8804805175167916,1.1863636890125755,-0.3440697808599622
E01011366,30,18,35,-12,5,2.2706480304955527,40.53367217280813,9.021601016518424,41.3265306122449,34.69387755102041,23.214285714285715,12.993630573248408,13.375796178343949,787.0,20.32828282828283,66.91919191919192,1.0101010101010102,68.85443037974683,1.0,100.63532401524778,-8.633604957134366,0.9822196100441104,1.0260684194439886,1.1495008327419831,-0.0179403601475572
E01011368,23,9,18,-14,-5,2.305555555555556,40.833333333333336,10.13888888888889,52.01668984700974,31.84979137691238,14.325452016689846,12.89875173370319,11.373092926490983,720.0,15.86021505376344,79.83870967741935,2.28494623655914,68.95816464237517,1.0,103.33333333333334,-8.132922157637068,1.1207791208666018,1.2106919082285317,1.1565125398775535,0.1140240870900205
E01011369,392,393,257,1,-135,2.1370420624151967,36.22795115332429,5.291723202170964,29.324324324324323,17.2972972972973,52.972972972972975,4.048582995951417,30.76923076923077,737.0,34.22459893048128,0.8912655971479502,2.4955436720142603,66.70053475935829,2.0,76.11940298507463,-12.447337002831638,0.9139054352410808,0.927901058140569,1.344953900257572,-0.0900281754177153
E01011370,80,143,110,63,30,2.302052785923754,41.05571847507331,11.730205278592376,50.509461426492,10.480349344978166,37.70014556040756,6.2773722627737225,29.1970802919708,682.0,29.132569558101476,69.0671031096563,4.25531914893617,80.03010033444816,1.0,89.58944281524927,-19.486163259630107,0.8587529038201062,0.9901658440783084,1.1241112164867957,-0.1522740540013897
E01011371,206,215,164,9,-42,2.3058510638297878,49.46808510638298,15.02659574468085,23.04635761589404,56.68874172185431,19.47019867549669,9.271523178807946,9.80132450331126,752.0,57.162534435261705,26.584022038567497,2.203856749311295,68.59310344827587,1.0,96.54255319148936,-1.0625737898465104,1.0382456548429762,0.9879905012387395,1.2398756727698168,0.0375324184421703
E01011372,27,33,37,6,10,3.0,33.04647160068847,22.547332185886404,44.40619621342513,30.46471600688468,20.99827882960413,14.97418244406196,14.457831325301203,581.0,27.1875,80.9375,2.1875,81.80665610142631,1.0,110.1549053356282,-16.20047066549911,0.908820624711434,1.050756803446345,1.0436619132627032,-0.0956075368279653
E01011373,97,183,136,86,39,2.602716468590832,35.82342954159593,15.619694397283531,30.456852791878177,45.17766497461929,23.181049069373945,12.244897959183673,16.49659863945578,589.0,46.1839530332681,38.74755381604697,12.32876712328767,75.69941060903733,1.0,86.75721561969439,-21.78971098695707,0.8521891015074675,0.9682495944755634,1.2326192178649584,-0.159946826653971
E01011374,40,11,16,-29,-24,2.106060606060606,42.42424242424242,4.377104377104377,55.218855218855225,8.922558922558922,35.69023569023569,9.25925925925926,10.606060606060606,594.0,10.196779964221824,83.72093023255815,3.5778175313059037,67.26032315978456,1.0,94.10774410774413,-6.401400426268022,1.1969899333633442,1.2739916572407457,1.2221327579009882,0.1798100166518715
E01011375,9,14,19,5,10,3.020289855072464,30.0,26.666666666666668,52.83018867924528,17.41654571843251,29.31785195936139,17.271407837445572,19.013062409288825,690.0,32.864450127877234,94.8849104859335,5.498721227621484,81.994851994852,1.0,113.33333333333331,-16.25197071085731,0.7984313398832694,0.9265320797969469,0.9408254159266491,-0.2251063013944674
E01011376,54,46,60,-8,6,2.44918998527246,20.3240058910162,4.418262150220913,4.129793510324483,1.7699115044247788,92.47787610619469,0.4424778761061947,62.97935103244839,679.0,3.1746031746031744,1.1904761904761905,1.1904761904761905,107.50396825396824,5.0,74.22680412371135,-0.2230857800806007,0.8896225008758303,0.8517403931468356,1.0547499597028225,-0.1169580625549795
E01011377,68,65,102,-3,34,2.3008264462809915,27.107438016528924,4.132231404958678,5.115511551155116,2.145214521452145,92.57425742574256,0.6622516556291391,56.29139072847682,605.0,2.67639902676399,3.40632603406326,1.45985401459854,105.2043795620438,5.0,67.93388429752066,-1.2165450121654375,0.8920763984074855,0.8535418628361011,1.1310191400172394,-0.1142035016308606
E01011378,318,353,411,35,93,2.028612303290415,47.63948497854077,5.007153075822604,9.98573466476462,54.20827389443652,34.950071326676174,6.008583690987124,26.32331902718169,699.0,51.699463327370296,0.0,0.1788908765652951,67.94096601073345,1.0,79.97138769670958,-12.875871841772025,0.9649880713545886,1.0300732125126892,1.2255092428214898,-0.0356395390101342
E01011379,284,241,319,-43,35,2.119736842105264,41.44736842105263,6.052631578947368,11.973684210526317,40.26315789473684,47.5,4.3478260869565215,22.266139657444008,760.0,35.77235772357724,0.1626016260162601,1.1382113821138211,69.6829268292683,1.0,80.92105263157895,1.8599895793395715,0.9801175223050274,0.9125172350239084,1.176711322626815,-0.0200827937880184
E01011380,121,308,332,187,211,2.294642857142857,28.57142857142857,3.422619047619048,9.62962962962963,7.4074074074074066,82.66666666666667,1.1816838995568686,61.74298375184638,672.0,23.580786026200872,3.4934497816593884,1.7467248908296942,117.3471615720524,5.0,68.15476190476191,-5.523566616428999,0.7990936152095238,0.7893849129935973,1.0492089484326506,-0.2242771746104591
E01011381,148,147,145,-1,-3,2.48141592920354,21.76991150442478,6.548672566371681,8.12720848056537,0.5300353356890459,90.63604240282686,1.0657193605683837,74.06749555950266,565.0,1.511879049676026,4.535637149028078,0.8639308855291578,127.4535637149028,5.0,81.94690265486726,-0.757731236704684,0.8896981114395383,0.853013351122386,1.0765966633053614,-0.1168730744272298
E01011382,157,77,167,-80,10,2.1659973226238285,31.459170013386885,2.5435073627844718,8.46774193548387,1.881720430107527,88.17204301075269,0.9408602150537636,52.284946236559136,747.0,2.208835341365462,0.2008032128514056,0.8032128514056224,85.04417670682732,5.0,66.66666666666666,-1.2048192771084376,0.9701976106911312,0.9430479695966288,1.1297379086225074,-0.0302555058712999
E01011383,163,264,222,101,59,2.218543046357616,36.42384105960264,5.827814569536424,17.771883289124666,15.517241379310343,65.91511936339522,3.5667107001321003,37.12021136063408,755.0,32.34323432343234,3.630363036303631,1.8151815181518156,91.2904290429043,3.0,80.26490066225166,-5.319430906821243,0.8555587837261667,0.8356678647588117,1.16300283992724,-0.1560004752972711
E01011384,243,242,199,-1,-44,2.2822822822822824,30.93093093093093,4.804804804804805,7.819548872180452,18.646616541353385,72.63157894736842,3.007518796992481,39.24812030075188,666.0,27.310924369747895,2.3109243697478994,1.4705882352941175,87.52941176470588,4.0,71.47147147147147,0.2126075655487391,0.9307241628183176,0.880214654454794,1.1372080644492486,-0.0717923261436841
E01011385,117,129,115,12,-2,2.4338919925512106,24.581005586592177,6.890130353817504,10.881801125703564,6.75422138836773,82.36397748592871,1.49812734082397,63.10861423220974,537.0,11.398963730569948,6.735751295336788,3.3678756476683938,133.2098445595855,5.0,71.88081936685289,-2.072538860103623,0.8796046715286653,0.843195968486834,1.1364560553815422,-0.1282827093462556
E01011386,34,62,40,28,6,2.4222520107238608,26.541554959785525,6.434316353887399,16.711229946524064,1.8716577540106951,80.61497326203208,1.0652463382157125,56.99067909454061,746.0,35.72679509632224,6.129597197898424,2.4518388791593697,129.20840630472856,5.0,76.54155495978551,-3.852889667250437,0.8125164287971828,0.8004358578014372,1.0029344730953178,-0.207619144924596
E01011388,460,430,471,-30,11,2.1534246575342464,34.93150684931507,4.52054794520548,10.94391244870041,17.236662106703147,69.49384404924761,1.2345679012345678,38.820301783264746,730.0,23.37662337662337,0.5772005772005772,1.1544011544011543,77.17748917748918,3.0,94.93150684931508,1.2205522317881856,0.9423189590157356,0.8886775222160905,1.1071215862995163,-0.0594114640357844
E01011390,295,213,311,-82,16,2.2562396006655576,28.785357737104828,4.991680532445924,10.79734219269103,23.920265780730897,64.78405315614619,2.491694352159469,40.863787375415285,601.0,11.39240506329114,3.037974683544304,1.0126582278481011,79.69367088607595,2.0,65.72379367720465,-1.2658227848101222,0.981787213052488,0.9732940417599152,1.0576094331464596,-0.0183806814270189
E01011391,133,100,176,-33,43,2.1668984700973573,32.127955493741304,5.146036161335188,5.571030640668524,23.53760445682451,70.33426183844011,2.2253129346314324,42.83727399165508,719.0,3.9911308203991127,2.4390243902439024,1.9955654101995564,78.529933481153,2.0,62.7260083449235,-2.020202020202022,0.9567681123003297,0.9373628605518424,1.1103843726061051,-0.0441942237864491
E01011392,410,346,377,-64,-33,2.437346437346437,23.34152334152334,5.651105651105651,6.142506142506143,17.444717444717444,75.42997542997543,1.351351351351351,46.06879606879607,814.0,4.797047970479705,5.535055350553505,2.029520295202952,93.19557195571956,3.0,66.58476658476658,-2.398523985239842,0.9837525221755886,0.9828400771936576,1.0701952535901704,-0.0163809154158553
E01011393,338,249,232,-89,-106,2.384785005512679,26.350606394707825,5.071664829106946,9.060773480662982,11.049723756906078,77.01657458563535,0.9933774834437088,51.43487858719647,907.0,6.056338028169014,14.366197183098592,1.6901408450704225,97.956338028169,4.0,78.2800441014333,-3.244170907799737,0.9624854774570848,0.9715298152668256,1.0381485180049546,-0.0382363012903038
E01011394,378,320,281,-58,-97,2.2973523421588595,28.105906313645622,4.480651731160896,9.552845528455284,7.317073170731707,83.130081300813,1.6260162601626018,51.016260162601625,491.0,11.212121212121213,43.03030303030303,2.4242424242424243,94.3121212121212,3.0,67.20977596741345,0.4179728317659226,0.944088093578698,0.9198378952301264,1.0199464928260429,-0.0575357977216674
E01011395,273,204,273,-69,0,2.58494623655914,21.29032258064516,9.46236559139785,11.447084233261338,13.174946004319654,75.377969762419,1.7167381974248928,42.06008583690987,465.0,0.9554140127388536,9.872611464968154,1.5923566878980893,89.0828025477707,3.0,67.52688172043011,-1.5923566878980775,0.9562215525389588,0.9602539558343214,0.9956091390698696,-0.0447656432627677
E01011396,423,434,436,11,13,2.1096196868008947,36.80089485458613,3.691275167785235,32.06703910614525,12.737430167597768,54.41340782122906,1.564245810055866,37.31843575418994,894.0,29.61876832844575,42.22873900293255,1.6129032258064515,84.92521994134897,3.0,76.28635346756153,-7.573222863981854,0.8926955296965611,0.9071416734130242,1.118056517298559,-0.1135097084305517
E01011397,170,47,101,-123,-69,2.4621710526315788,22.20394736842105,4.769736842105264,7.565789473684211,8.717105263157894,83.55263157894737,0.6568144499178982,50.57471264367817,608.0,0.0,4.573170731707317,0.9146341463414632,84.0609756097561,5.0,53.94736842105263,-0.9146341463414642,1.0436403222124075,1.038541735612284,1.0991133036798586,0.0427149111465254
E01011398,299,60,71,-239,-228,2.3136456211812626,21.58859470468432,2.4439918533604885,9.73630831643002,0.0,90.06085192697769,1.0121457489878545,44.73684210526316,491.0,0.0,3.1620553359683794,0.0,83.28853754940711,5.0,51.5274949083503,0.2232997840348694,1.1092803716769102,1.1103862523409305,1.0967773331524178,0.1037114912733874
E01011399,253,128,127,-125,-126,2.369774919614148,25.88424437299036,6.270096463022508,13.162118780096309,8.025682182985554,78.49117174959872,2.403846153846154,39.58333333333333,622.0,0.2475247524752475,17.574257425742573,2.722772277227723,89.12128712871286,4.0,64.95176848874597,-2.475247524752477,1.0141117455853976,1.013210762829602,1.112898273739643,0.0140131018440552
E01011400,151,116,158,-35,7,2.3085808580858087,27.72277227722773,4.62046204620462,9.933774834437086,17.715231788079468,72.35099337748345,1.322314049586777,48.595041322314046,606.0,3.603603603603604,2.4024024024024024,1.8018018018018016,84.89189189189189,3.0,54.95049504950495,-4.804804804804796,0.9556498766392728,0.9469109557044116,1.1842465602520005,-0.0453636708372154
E01011401,336,219,224,-117,-112,2.4873595505617976,20.786516853932586,4.634831460674158,8.146067415730338,1.2640449438202246,89.46629213483146,1.2640449438202246,55.75842696629213,712.0,0.9380863039399624,0.1876172607879924,0.9380863039399624,92.51969981238274,5.0,74.85955056179775,-1.0708965830917183,0.9898191924903748,0.9888790711173956,1.0280712535921943,-0.0102329863811998
E01011402,412,397,421,-15,9,2.222598870056497,30.05649717514125,3.163841807909604,9.977324263038549,10.090702947845804,78.45804988662131,0.3389830508474576,43.84180790960452,885.0,2.6785714285714284,10.56547619047619,3.125,102.2157738095238,3.0,75.9322033898305,-3.718354430379744,0.9344616579950376,0.9232603909564792,1.1137878388508005,-0.0677846823610612
E01011403,428,371,391,-57,-37,2.0478325859491777,37.81763826606876,2.5411061285500747,11.940298507462686,10.149253731343284,77.61194029850746,0.5979073243647235,42.89985052316891,669.0,31.818181818181817,2.380952380952381,1.0822510822510822,82.84199134199135,5.0,69.05829596412556,-6.349630761395475,0.9662570983969788,0.9837066762171836,1.155442771226828,-0.0343253327716769
E01011404,296,136,125,-160,-171,2.5359116022099446,19.33701657458564,4.6040515653775325,6.261510128913445,1.1049723756906076,92.44935543278083,0.7366482504604052,48.80294659300184,543.0,0.0,0.7352941176470588,4.779411764705882,95.05882352941175,5.0,50.09208103130756,-5.234297108673969,1.0592381786530738,1.0880577086770231,1.159393736478194,0.0575499503518712
E01011405,369,285,372,-84,3,2.2196969696969697,25.303030303030305,2.727272727272727,6.334841628959276,6.636500754147813,86.27450980392157,0.1519756838905775,53.49544072948328,660.0,13.91509433962264,0.0,1.4150943396226416,86.93632075471699,5.0,64.24242424242425,-1.6509433962264008,0.9707044025198648,0.9441471191243368,1.1535126804095928,-0.0297332828669426
E01011406,210,95,163,-115,-47,2.233788395904437,29.351535836177472,3.0716723549488054,11.282051282051285,0.8547008547008548,87.6923076923077,1.0221465076660987,55.19591141396933,586.0,7.062146892655368,14.689265536723164,3.1073446327683616,94.94915254237289,5.0,60.40955631399317,-2.824858757062143,1.0348847448510934,1.0137732322089512,1.254610133929578,0.0342900628848171
E01011407,314,226,256,-88,-58,2.13464447806354,34.039334341906205,2.5718608169440245,13.273001508295629,9.653092006033184,76.6214177978884,1.3636363636363635,35.45454545454545,661.0,15.955056179775282,6.741573033707865,1.7977528089887642,76.61573033707865,3.0,67.32223903177005,-8.016645859342486,0.9929379339626276,1.0316370112847355,1.1602899603883907,-0.007087120452702
E01011408,217,268,341,51,124,1.9491525423728813,39.24380704041721,2.0860495436766624,15.404699738903393,4.43864229765013,80.0261096605744,0.6527415143603132,33.420365535248045,767.0,14.202334630350194,5.252918287937743,1.556420233463035,74.49027237354086,4.0,67.01434159061279,-12.979290853543237,0.88233332255328,0.9116681054578673,1.3104107700879966,-0.1251853776408108
E01011409,339,431,439,92,100,2.1482602118003027,36.00605143721634,5.29500756429652,30.015082956259427,1.206636500754148,68.62745098039215,0.9022556390977444,45.26315789473684,661.0,25.0,54.56204379562044,1.824817518248175,95.00912408759125,3.0,82.90468986384266,-14.001432135267487,0.8194103119843764,0.887214583772763,1.0623097142171107,-0.1991703291494617
E01011410,475,432,463,-43,-12,2.133848133848134,31.01673101673101,2.831402831402832,8.472400513478819,4.621309370988447,86.77792041078305,0.9009009009009008,48.39124839124839,777.0,5.132743362831858,1.0619469026548671,1.0619469026548671,87.6141592920354,5.0,72.71557271557272,-8.583619288423316,0.9793422763251776,1.030960561759129,1.1056788711896883,-0.0208740792441858
E01011411,416,462,467,46,51,2.338335607094134,24.556616643929058,3.2742155525238745,15.688949522510232,1.364256480218281,82.94679399727148,0.6821282401091405,50.34106412005457,733.0,9.88857938718663,3.7604456824512535,1.1142061281337048,96.00974930362116,5.0,97.95361527967258,-6.963788300835638,0.826382809942193,0.8344431905832115,1.0194835569827707,-0.1906971625278648
E01011412,415,318,358,-97,-57,2.277987421383648,27.67295597484277,3.270440251572327,8.155583437892096,3.638644918444166,87.8293601003764,1.1306532663316584,38.81909547738693,795.0,4.529616724738676,0.6968641114982579,1.0452961672473868,88.7595818815331,5.0,72.20125786163521,-4.181184668989557,1.010763107412901,1.01921287143509,1.1388435887527857,0.0107055974614872
E01011413,78,50,72,-28,-6,2.451178451178451,22.55892255892256,6.0606060606060606,9.612141652613827,0.5059021922428331,89.7133220910624,1.3468013468013469,56.3973063973064,594.0,3.571428571428571,19.34523809523809,3.869047619047619,100.9970238095238,5.0,56.56565656565656,-0.7739099012285977,0.9551864548399612,0.919821802381752,1.1452258917486715,-0.0458487168882694
E01011414,320,278,234,-42,-86,2.322429906542056,25.07788161993769,4.361370716510903,16.018662519440124,0.7776049766718507,83.04821150855366,1.2422360248447204,56.36645962732919,642.0,11.488250652741517,26.631853785900784,4.43864229765013,100.96083550913838,5.0,59.65732087227414,-3.954103271776344,0.94420170782577,0.934120574992385,1.1485393237390795,-0.0574154621173288
E01011415,353,309,334,-44,-19,2.238356164383561,29.726027397260275,3.5616438356164384,21.751025991792066,3.556771545827633,74.4186046511628,1.095890410958904,37.26027397260274,730.0,23.689320388349515,26.01941747572816,1.9417475728155336,83.65369649805447,3.0,70.54794520547945,-4.75036503829701,0.9474915890005722,0.9453234960000824,1.1371964944630826,-0.0539372191092078
E01011416,159,191,155,32,-4,2.4107142857142856,24.83766233766234,6.331168831168831,12.965964343598054,7.455429497568882,79.09238249594813,1.461038961038961,49.51298701298701,616.0,12.594458438287154,23.929471032745592,1.7632241813602016,89.8690176322418,4.0,64.44805194805194,-5.968281850722523,0.8928255019547876,0.9143998179752482,1.02145281910383,-0.1133641237455751
E01011417,405,380,370,-25,-35,2.06765899864682,38.02435723951286,3.653585926928281,12.178619756427606,12.584573748308523,74.96617050067658,1.0825439783491204,33.28822733423545,739.0,28.02547770700637,13.800424628450106,2.760084925690021,77.16348195329087,4.0,63.734776725304464,-10.38918702041225,0.9310027014911924,0.97236459917064,1.1704117659367212,-0.0714931000001581
E01011418,417,295,417,-122,0,2.233974358974359,28.525641025641026,3.205128205128205,16.346153846153847,0.0,83.17307692307693,1.2841091492776886,51.68539325842697,624.0,2.4,1.866666666666667,0.2666666666666666,82.43733333333333,5.0,60.09615384615385,-1.8666666666666831,0.998962279139654,0.9982112811006992,1.0683786807328717,-0.0010382596654232
E01011419,290,273,330,-17,40,2.2289156626506026,24.69879518072289,2.8112449799196786,5.633802816901409,0.2012072434607646,94.16498993963782,0.2012072434607646,64.1851106639839,498.0,1.4388489208633095,2.158273381294964,0.3597122302158274,98.16546762589928,5.0,55.82329317269076,-3.237410071942437,0.9401457447769074,0.9365318202359044,1.0756102530431462,-0.0617203681017218
E01011420,183,127,200,-56,17,2.1587301587301586,29.04761904761905,3.8095238095238098,7.472178060413355,0.6359300476947536,91.7329093799682,0.4769475357710651,56.91573926868044,630.0,0.2506265664160401,2.756892230576441,2.506265664160401,97.16791979949876,4.0,63.33333333333333,-3.258145363408516,0.9610103878219756,0.9426113871622832,1.1842027813765603,-0.0397700606821537
E01011421,88,202,153,114,65,2.5374376039933444,30.948419301164726,10.149750415973378,16.415410385259634,31.155778894472363,51.75879396984925,5.509181969949917,30.05008347245409,601.0,23.015873015873016,4.365079365079365,1.5873015873015872,78.42063492063492,1.0,83.86023294509151,-12.466186903485932,0.8220683482667714,0.8668515214788327,1.0790213284883174,-0.1959317386395913
E01011422,39,53,34,14,-5,2.897810218978102,33.02919708029197,22.26277372262774,56.02189781021898,9.306569343065693,33.941605839416056,11.172161172161172,24.54212454212454,548.0,42.75092936802974,84.94423791821562,2.7881040892193307,92.86617100371748,1.0,98.17518248175182,-5.461281147472574,0.8646108031360086,0.8836221368570422,0.993594252188734,-0.1454758118740777
E01011423,58,66,43,8,-15,2.8531353135313533,24.09240924092409,16.831683168316832,12.355848434925864,36.24382207578254,50.57660626029654,8.085808580858085,30.363036303630363,606.0,9.846827133479213,4.157549234135667,2.844638949671773,78.44638949671773,1.0,75.41254125412541,-2.967916910654278,0.9016562597420512,0.8865691068972733,1.060059514946904,-0.1035219183120016
E01011424,28,42,26,14,-2,3.360627177700348,18.6411149825784,26.82926829268293,14.26086956521739,33.565217391304344,51.47826086956522,11.498257839721257,27.35191637630662,574.0,4.854368932038835,7.281553398058252,1.4563106796116505,81.19660194174757,1.0,71.77700348432056,-1.63400730382115,0.834675602321277,0.8027908082458024,1.0182558305938203,-0.1807121298310806
E01011425,65,54,49,-11,-16,2.5683690280065896,28.665568369028005,12.355848434925864,14.19141914191419,4.455445544554455,81.02310231023102,4.455445544554455,44.88448844884488,607.0,5.426356589147287,6.718346253229974,3.359173126614987,89.23255813953489,3.0,63.75617792421746,-3.100775193798455,0.9293420377746991,0.9078694938006674,1.1455516848105551,-0.0732784294851101
E01011426,15,10,14,-5,-1,3.3947895791583167,26.65330661322645,31.2625250501002,32.92929292929293,26.86868686868687,39.5959595959596,12.625250501002002,27.45490981963928,499.0,25.925925925925924,93.33333333333331,4.444444444444445,101.13148148148149,1.0,108.21643286573146,2.841011743450772,0.9928472939819344,0.952741904906561,1.0266163407948812,-0.0071784092582391
E01011427,25,24,20,-1,-5,3.4793103448275864,24.655172413793103,33.96551724137931,16.80960548885077,44.25385934819897,37.56432246998285,16.323024054982817,22.508591065292094,580.0,12.598425196850393,22.83464566929134,4.133858267716536,82.1259842519685,1.0,87.58620689655172,-0.979204522511623,0.9153638070886868,0.8971537398783215,1.0156597475915403,-0.0884336893542778
E01011428,11,12,15,1,4,3.2848297213622293,26.78018575851393,27.24458204334365,49.69135802469136,10.493827160493826,39.04320987654321,16.203703703703702,18.3641975308642,646.0,20.061728395061728,89.96913580246914,2.7777777777777777,86.9876160990712,1.0,100.30959752321982,-4.558230753935966,0.896556942374223,0.91490146957394,0.9948308211581331,-0.1091934716414505
E01011429,43,44,61,1,18,2.753387533875338,41.46341463414634,21.951219512195124,31.309041835357625,40.62078272604588,27.26045883940621,11.924119241192413,20.73170731707317,738.0,43.843031123139376,81.46143437077131,3.112313937753721,87.41407307171853,1.0,100.13550135501356,-1.55191267744883,0.966008331867862,0.96923389408922,1.0125678891347858,-0.0345828196848049
E01011430,4,8,8,4,4,3.5256673511293632,23.81930184804928,32.648870636550306,43.3264887063655,15.195071868583163,41.06776180698152,16.49484536082474,21.649484536082475,487.0,9.846827133479213,78.33698030634574,3.282275711159737,90.90590809628009,1.0,93.83983572895276,-7.002188183807445,0.8696733874684289,0.8795038867839733,1.1104764936360607,-0.1396375545229551
E01011431,209,276,205,67,-4,2.4813477737665464,37.063778580024064,13.237063778580024,10.817307692307692,57.33173076923077,29.447115384615387,8.413461538461538,10.576923076923077,831.0,33.64485981308411,6.408544726301736,2.9372496662216285,71.30748663101605,1.0,90.1323706377858,-2.922415071947781,0.9245844073956434,0.9199384470271912,1.0232933936226007,-0.0784109317323989
E01011432,1,3,3,2,2,2.9279437609841827,25.48330404217926,19.68365553602812,51.232394366197184,15.316901408450704,33.098591549295776,14.43661971830986,20.598591549295776,569.0,6.884681583476763,95.00860585197934,3.786574870912221,88.23924268502581,1.0,102.10896309314587,-5.335628227194478,0.9336292213633194,0.9670168823245252,1.0055325093834755,-0.0686758988388187
E01011433,3,2,1,-1,-2,2.7782608695652176,30.0,18.40579710144928,63.66279069767442,18.168604651162788,17.587209302325583,15.173410404624278,10.982658959537572,690.0,16.23108665749656,92.70976616231088,3.576341127922971,78.4222833562586,1.0,105.36231884057972,-5.666430661848832,1.0204094446910972,1.0845139184705854,1.023958918580587,0.0202039631140061
E01011434,2,1,2,-1,0,2.7374810318664644,31.10773899848255,17.298937784522003,54.49010654490106,17.50380517503805,27.24505327245053,17.450682852807283,8.19423368740516,659.0,6.976744186046512,93.31395348837208,2.4709302325581395,76.24163027656478,1.0,104.40060698027314,-3.528905994104148,1.03953756274582,1.081274655571545,1.028613270651559,0.0387759630606769
E01011435,31,113,32,82,1,2.933993399339934,23.927392739273927,19.141914191419144,82.83828382838284,6.270627062706271,10.891089108910892,1.9769357495881383,29.159802306425043,606.0,41.20521172638437,66.28664495114006,0.9771986970684038,96.64532019704434,4.0,101.32013201320132,-4.893435537516533,0.7397681084794299,0.744851664337454,0.8702655701023889,-0.3014185088132839
E01011440,105,321,161,216,56,2.5475113122171944,33.18250377073906,13.12217194570136,61.14457831325302,15.963855421686745,22.439759036144576,3.016591251885369,22.92609351432881,663.0,50.0,60.483870967741936,2.419354838709677,88.43387096774194,3.0,93.51432880844644,-7.426576793452099,0.758199782984048,0.7537628828305644,1.0277663494049665,-0.2768083621251506
E01011441,81,290,95,209,14,2.7863372093023258,28.77906976744186,15.843023255813954,63.84839650145773,9.037900874635568,26.53061224489796,3.488372093023256,29.069767441860467,688.0,44.11764705882353,49.55882352941177,2.0588235294117645,85.34218289085545,4.0,98.83720930232558,-10.83560013600816,0.7539355405209759,0.7856090700690538,0.9879320176608896,-0.2824484046538923
E01011442,130,211,77,81,-53,2.974481658692185,33.33333333333333,26.475279106858054,77.03349282296651,10.845295055821373,12.12121212121212,2.232854864433812,29.02711323763955,627.0,49.137931034482754,68.27586206896552,1.5517241379310345,94.7206896551724,4.0,92.50398724082936,-4.857623453081827,0.8861838741071237,0.9054853583820116,0.9894026973842356,-0.1208308170567353
E01011443,192,446,274,254,82,2.517337031900139,42.71844660194174,15.811373092926493,70.33426183844011,12.256267409470752,16.852367688022284,2.920723226703755,15.99443671766342,721.0,75.05882352941177,46.11764705882353,1.1764705882352942,82.02,4.0,117.89181692094311,-26.93924783027965,0.68983813236929,0.8517910243919908,1.0329742438028724,-0.3712982996806955
E01011444,90,190,70,100,-20,3.1169871794871797,33.493589743589745,25.961538461538463,79.96794871794873,12.01923076923077,7.852564102564102,5.288461538461538,22.916666666666664,624.0,54.34173669467787,85.99439775910365,1.2605042016806722,95.07282913165268,2.0,114.42307692307692,-3.7802508390743617,0.8388805917873179,0.835519879609529,0.983068565051964,-0.1756869047088523
E01011445,14,48,13,34,-1,3.73784355179704,12.050739957716702,32.76955602536998,84.59915611814345,5.274261603375527,9.49367088607595,4.2105263157894735,28.21052631578948,473.0,22.489082969432317,81.22270742358079,0.0,105.68340611353712,3.0,96.82875264270614,-3.494870653316784,0.7521003520212989,0.7576488447580388,0.8372601689819925,-0.2848855170987007
E01011446,17,72,23,55,6,3.418786692759296,22.70058708414873,29.74559686888454,75.49019607843137,8.431372549019608,15.490196078431373,7.782101167315175,28.793774319066145,511.0,32.99180327868852,82.17213114754098,2.0491803278688523,98.96926229508196,3.0,95.4990215264188,-6.571269797165879,0.7268456083679817,0.7505971772598198,0.8422494616461962,-0.3190411921339972
E01011447,21,36,17,15,-4,3.1445221445221447,20.04662004662005,19.114219114219114,73.44110854503464,10.623556581986143,14.549653579676674,4.640371229698376,26.68213457076566,429.0,20.098039215686278,79.41176470588235,1.4705882352941175,92.95833333333331,2.0,95.1048951048951,-0.8942766295707671,0.8262832324732896,0.8189845013562189,0.8838892344194452,-0.1908176677799463
E01011448,103,168,68,65,-35,3.4054054054054053,23.492723492723496,31.80873180873181,61.79540709812108,30.89770354906054,7.306889352818372,8.368200836820083,20.920502092050206,481.0,40.97363083164301,67.74847870182555,0.2028397565922921,93.210953346856,2.0,102.4948024948025,0.0,0.8780779114594486,0.8659935076386208,0.9194845402339404,-0.1300199518586127
E01011449,55,21,28,-34,-27,2.405844155844156,24.51298701298701,7.954545454545454,69.65742251223492,19.575856443719413,10.277324632952691,5.863192182410423,11.400651465798044,616.0,8.099173553719009,83.30578512396694,0.8264462809917356,74.47438016528926,2.0,98.21428571428572,-0.5109888677425234,1.0300923462320448,1.0076117732875376,1.1431362660293751,0.0296484547586032
E01011450,346,250,271,-96,-75,2.38996138996139,28.185328185328185,6.177606177606178,17.533718689788053,31.79190751445087,49.51830443159923,5.769230769230769,40.0,518.0,10.61320754716981,2.358490566037736,0.2358490566037736,83.48349056603773,2.0,81.85328185328186,0.0315602715889262,1.0241695822003458,1.012179059851451,1.063404474521579,0.0238821205234135
E01011451,343,457,427,114,84,1.8771593090211127,50.09596928982726,4.414587332053743,41.06463878326996,18.44106463878327,39.73384030418251,1.1385199240986716,23.33965844402277,521.0,75.46777546777547,37.42203742203743,2.079002079002079,82.11850311850311,4.0,92.32245681381956,-9.833315096472983,0.7737601626495084,0.8235979724976854,0.9303385209890576,-0.2564933207891218
E01011452,292,170,69,-122,-223,2.5052790346908,22.77526395173454,5.429864253393665,10.015174506828528,2.579666160849772,87.25341426403642,0.9090909090909092,59.54545454545455,663.0,12.88056206088993,26.46370023419204,3.0444964871194378,111.96487119437938,5.0,64.40422322775264,5.661700642019863,0.9922811577433868,0.934238028040134,0.9725346076672664,-0.0077487867100397
E01011453,379,375,353,-4,-26,2.171631205673759,31.48936170212766,3.2624113475177303,13.71994342291372,8.91089108910891,77.36916548797737,0.4243281471004243,43.56435643564357,705.0,24.843423799582464,21.29436325678497,2.9227557411273484,100.17745302713988,5.0,67.94326241134752,-6.908877908111933,0.912366756928455,0.9556701343693004,1.0059058996067276,-0.0917132239918528
E01011454,203,232,165,29,-38,2.3425655976676385,26.239067055393583,3.061224489795918,18.567251461988302,0.8771929824561403,80.4093567251462,1.3119533527696794,39.94169096209912,686.0,6.82261208576998,44.2495126705653,3.508771929824561,87.302734375,5.0,74.78134110787173,-9.746588693957117,0.8963822998036838,0.9230215197986872,1.1711464141454326,-0.1093882831185862
E01011455,61,114,83,53,22,2.562105263157895,21.26315789473684,5.684210526315789,4.602510460251046,0.4184100418410041,94.97907949790796,0.6302521008403361,66.38655462184873,475.0,6.474820143884892,8.633093525179856,2.5179856115107917,122.7230215827338,5.0,58.526315789473685,-3.0026188254417385,0.8332622587009024,0.8235974005183109,0.9841055296022934,-0.1824068499902329
E01011456,195,314,189,119,-6,2.475482912332838,25.26002971768202,5.49777117384844,5.067064083457526,2.384500745156483,91.8032786885246,0.2976190476190476,60.41666666666666,673.0,17.26457399103139,9.417040358744394,1.5695067264573992,114.82068965517242,5.0,66.2704309063893,-6.331629384617399,0.838961457857214,0.8466627213680178,1.0493732443041,-0.175590511761762
E01011457,84,111,78,27,-6,2.4635332252836304,24.14910858995137,6.320907617504052,13.043478260869565,6.602254428341385,80.03220611916264,0.8130081300813009,53.49593495934959,617.0,13.394919168591224,45.95842956120092,3.4642032332563506,147.09699769053117,5.0,70.17828200972447,-1.447959104237484,0.8540478082150984,0.8376016698606931,0.9783090962297472,-0.1577681052439651
E01011458,73,200,109,127,36,2.621197252208047,17.075564278704615,5.888125613346419,5.980392156862745,3.725490196078432,87.84313725490196,0.7827788649706457,63.20939334637965,1019.0,5.785123966942149,7.55608028335301,1.062573789846517,112.80047225501772,5.0,83.1207065750736,-2.9515938606847647,0.8015199044995942,0.7856072236269589,0.95324051509232,-0.2212454731802605
E01011459,128,395,363,267,235,2.158647594278284,32.50975292587776,3.381014304291288,26.336375488917863,3.259452411994785,69.10039113428944,1.3003901170351104,42.00260078023408,769.0,28.80258899676376,36.56957928802589,3.559870550161812,88.04854368932038,4.0,80.36410923276983,-15.399103991634089,0.7536025713053818,0.8085018986806329,1.059562780380008,-0.2828901436963703
E01011460,304,303,301,-1,-3,2.298780487804878,31.85975609756097,6.554878048780488,21.1890243902439,13.871951219512196,64.48170731707317,2.591463414634146,35.51829268292683,656.0,26.25250501002004,24.04809619238477,1.002004008016032,82.71342685370742,4.0,76.0670731707317,-5.474925935578168,0.9254698097360858,0.926260294587126,1.1274070247721046,-0.0774537679910975
E01011461,114,43,53,-71,-61,2.555555555555556,20.424836601307188,6.372549019607843,4.078303425774878,0.6525285481239804,94.77977161500816,0.326797385620915,67.81045751633987,612.0,1.4705882352941175,3.823529411764706,1.4705882352941175,117.71176470588236,5.0,55.55555555555556,-0.2087286527513998,0.9609872357719051,0.9343814400384004,1.0832867094920835,-0.0397941523353246
E01011462,109,107,140,-2,31,2.379642365887208,30.81155433287483,5.914718019257221,11.55433287482806,31.224209078404403,56.808803301237965,2.33837689133425,36.03851444291609,727.0,10.337972166998012,7.5546719681908545,1.5904572564612325,82.41749502982107,3.0,69.18844566712518,-4.627427469323441,0.9407668814914172,0.9450466406071734,1.0903513888976648,-0.0610599049537646
E01011463,381,182,239,-199,-142,2.2351387054161163,34.61030383091149,5.5482166446499335,9.13907284768212,43.57615894039736,46.75496688741722,4.227212681638045,26.948480845442536,757.0,38.54351687388988,7.8152753108348145,0.3552397868561279,70.33570159857904,2.0,74.37252311756936,3.956177070066436,1.0853801964047938,1.0223858688723118,1.15797195515372,0.0819303370456647
E01011464,463,452,428,-11,-35,1.99888765294772,36.70745272525028,1.7797552836484982,33.74028856825749,4.550499445061043,61.26526082130965,0.778642936596218,27.58620689655172,899.0,37.16577540106952,28.208556149732622,1.3368983957219251,76.22860962566845,4.0,83.20355951056729,-7.801839387792731,0.9261683638478854,0.94788894898682,1.1115898141658582,-0.0766992424526782
E01011465,449,425,429,-24,-20,2.0921052631578947,37.08133971291866,3.349282296650718,18.54066985645933,25.95693779904306,54.90430622009569,1.4336917562724014,27.59856630824373,836.0,40.73033707865169,30.47752808988764,1.6853932584269662,75.66713483146067,3.0,85.16746411483254,-5.2767044587930245,0.9511179313659516,0.950034416681684,1.1457355435545442,-0.0501172163795915
E01011466,173,172,215,-1,42,2.3244094488188978,35.118110236220474,8.031496062992126,9.0625,34.21875,56.09375,5.337519623233909,22.762951334379903,635.0,21.79226069246436,0.2036659877800407,4.073319755600815,74.87780040733197,1.0,77.32283464566929,-5.335156912007378,0.9621405684898652,0.9751474840337468,1.098780535663113,-0.0385947178997414
E01011467,454,475,445,21,-9,2.201474201474201,35.38083538083538,5.773955773955774,38.77300613496932,30.1840490797546,30.06134969325153,5.153374233128835,16.319018404907975,814.0,64.00797607178464,0.1994017946161515,0.5982053838484547,64.44267198404786,1.0,123.21867321867322,-9.28646567185496,0.8261495081698768,0.8210230355922735,1.05019850902093,-0.1909795192131886
E01011468,465,461,458,-4,-7,2.2143634385201305,37.323177366702936,4.787812840043525,12.636165577342048,47.276688453159046,39.869281045751634,4.471101417666303,22.24645583424209,919.0,39.37093275488069,9.219088937093275,0.2169197396963123,76.93238822246455,1.0,100.32644178454842,-12.4098447852801,0.960747127942284,0.9820965298432652,1.3589044691577483,-0.0400440389329776
E01011469,306,152,324,-154,18,2.2416534181240064,28.139904610492845,3.815580286168521,11.234177215189874,8.544303797468354,79.74683544303798,2.3696682464454977,31.753554502369667,629.0,0.2688172043010753,0.0,1.881720430107527,70.14516129032258,3.0,59.14149443561209,-2.881516909195758,1.0005841458344331,1.0021568213784084,1.095142194102869,0.000583975287668
E01011470,377,203,197,-174,-180,2.165,35.5,4.833333333333333,18.166666666666668,24.83333333333333,56.833333333333336,7.357859531772576,23.578595317725757,600.0,16.851441241685144,18.8470066518847,2.4390243902439024,69.88026607538802,2.0,75.16666666666667,-5.986696230598665,1.0535525002856143,1.0881354364717266,1.1560402295864327,0.0521677871785795
E01011471,327,228,203,-99,-124,2.380664652567976,32.62839879154079,6.948640483383686,14.954682779456194,50.60422960725075,33.68580060422961,8.157099697885197,21.299093655589125,662.0,23.07692307692308,23.07692307692308,2.0146520146520146,75.22893772893772,1.0,82.4773413897281,-3.562566465792283,1.0745829206956805,1.1050998547866786,1.1045991963214152,0.0719326055474181
E01011472,169,82,129,-87,-40,2.260504201680672,37.95518207282913,7.703081232492997,10.20979020979021,53.28671328671328,35.38461538461539,4.901960784313726,16.946778711484594,714.0,24.78031634446397,8.611599297012303,1.9332161687170475,70.7311072056239,1.0,79.69187675070029,-2.540211660426384,1.0752594860429183,1.0739722260076878,1.176635712399602,0.0725620148170957
E01011473,155,94,107,-61,-48,2.5073409461663947,30.505709624796083,9.624796084828713,13.008130081300814,62.76422764227642,22.92682926829269,10.048622366288493,12.479740680713128,613.0,30.592734225621417,0.5736137667304015,1.9120458891013383,63.87762906309752,1.0,85.31810766721044,1.0634077370743067,1.062477874497164,1.0751459174679912,1.000321440599101,0.0606037975969432
E01011474,190,89,106,-101,-84,2.430091185410334,30.091185410334347,8.51063829787234,12.32876712328767,59.96955859969558,26.78843226788432,7.76255707762557,16.28614916286149,658.0,30.980392156862745,0.7843137254901961,1.1764705882352942,67.1078431372549,1.0,77.50759878419453,0.1679861524928272,1.0663068365731123,1.065734972395847,1.0624154011053093,0.0642011235126861
E01011475,184,134,143,-50,-41,2.305157593123209,30.37249283667622,5.300859598853868,12.3032904148784,55.50786838340487,31.759656652360512,7.020057306590258,15.902578796561604,698.0,36.8141592920354,0.5309734513274336,1.9469026548672568,67.38407079646018,1.0,80.94555873925502,-0.4364165353376026,1.0146014426575654,1.00265841148143,1.0629791270076083,0.0144958680472983
E01011476,240,153,196,-87,-44,2.48582995951417,31.17408906882591,9.109311740890687,12.57606490872211,40.56795131845842,45.63894523326572,7.551020408163265,21.836734693877556,494.0,3.133159268929504,0.2610966057441253,1.0443864229765014,73.11227154046998,1.0,77.53036437246963,-0.8796409547249584,1.025747441096915,1.041444637587987,1.009636011502174,0.025421557671597
E01011477,442,447,385,5,-57,2.0369967355821545,43.19912948857454,6.093579978237215,28.24427480916031,36.6412213740458,34.35114503816794,4.80349344978166,20.63318777292577,919.0,68.13559322033899,15.141242937853107,1.4689265536723164,67.48474576271187,2.0,96.30032644178456,-6.504553503668098,0.950220368993357,0.9436640251061305,1.1685458465438998,-0.0510613539263905
E01011478,162,109,119,-53,-43,2.193548387096774,38.21339950372209,8.064516129032258,50.0,19.43069306930693,30.1980198019802,2.853598014888337,23.69727047146402,806.0,28.22695035460993,64.25531914893618,4.822695035460993,80.84637268847796,2.0,87.46898263027295,1.7854137688252392,1.061292068848542,1.0297195201831184,1.0868656809170878,0.0594870987044252
E01011479,22,16,21,-6,-1,2.4594155844155843,28.8961038961039,10.064935064935066,72.44732576985413,5.348460291734198,20.097244732576986,3.074433656957929,28.80258899676376,616.0,7.156673114119923,92.26305609284331,0.3868471953578337,96.92456479690522,3.0,83.92857142857143,-2.321083172146998,0.911874319523519,0.9367813445001012,0.9004754638082088,-0.0922531059441382
E01011480,136,97,64,-39,-72,2.4884437596302003,23.42064714946071,8.012326656394453,24.074074074074076,2.469135802469136,72.37654320987654,2.157164869029276,48.69029275808937,649.0,11.11111111111111,11.11111111111111,3.8383838383838382,87.18255578093306,4.0,76.27118644067797,-3.0406252304062464,0.9852996746017326,0.9724938289838364,1.153937273403598,-0.0148094459067489
E01011481,193,269,99,76,-94,2.3592644978783595,35.07779349363508,11.032531824611032,60.4225352112676,20.84507042253521,17.183098591549296,5.758426966292135,21.06741573033708,707.0,37.5,54.63917525773196,0.7731958762886598,73.69419354838709,2.0,109.75954738330977,-5.305577916850601,0.918471673152536,0.9504868172120527,1.002257481443747,-0.0850442151372754
E01011482,96,45,56,-51,-40,1.99197247706422,35.435779816513765,1.94954128440367,57.22477064220184,6.651376146788992,35.89449541284404,2.2883295194508007,25.514874141876437,872.0,13.870541611624834,75.56142668428005,1.9815059445178336,73.85317460317461,2.0,86.81192660550458,-6.472919418758261,1.0526085548951187,1.0879554716324864,1.1871693221408106,0.051271421298699
E01011483,77,141,130,64,53,2.32378223495702,40.54441260744986,11.031518624641834,44.12607449856733,34.52722063037249,20.487106017191977,6.008583690987124,22.03147353361945,698.0,32.72727272727273,57.12121212121212,1.3636363636363635,72.60303030303031,1.0,94.55587392550144,-8.315508021390372,0.852532424280824,0.8888071106340861,1.0096211087379472,-0.159544036200745
E01011484,118,80,103,-38,-15,2.377811094452773,31.93403298350825,8.245877061469265,7.5075075075075075,60.36036036036037,31.98198198198198,7.749627421758569,21.609538002980628,667.0,26.789366053169733,1.0224948875255624,3.067484662576687,72.08588957055214,1.0,73.31334332833583,-3.668845157257883,1.0308876482694396,1.0241288462469142,1.189182189713942,0.030420225546279
E01011485,279,302,359,23,80,2.108923884514436,41.46981627296588,5.6430446194225725,12.287581699346404,41.307189542483655,45.751633986928105,6.422018348623854,22.80471821756225,762.0,47.52475247524752,4.785478547854786,1.4851485148514851,71.20792079207921,1.0,79.52755905511812,-2.6704421414904145,0.9417143087048442,0.9382715259534756,1.0382555943674854,-0.0600533320346252
E01011488,211,99,172,-112,-39,2.0854700854700856,33.76068376068376,2.849002849002849,37.94579172610557,21.540656205420827,39.80028530670471,2.4113475177304964,31.48936170212766,702.0,20.59748427672956,70.44025157232704,2.20125786163522,82.74371069182389,2.0,90.5982905982906,-4.293990976210016,1.111703896409316,1.1420605011455969,1.1835442418853934,0.1058938801620717
E01011489,450,421,419,-29,-31,2.0440835266821344,41.53132250580047,3.944315545243619,28.42227378190255,36.19489559164733,33.990719257540604,4.40324449594438,22.711471610660485,862.0,42.97635605006954,20.723226703755216,13.073713490959666,72.4673157162726,2.0,83.4106728538283,-6.6950505417133765,0.9909924115517807,1.009569154687581,1.1589267023698415,-0.0090484020459665
E01011491,112,142,131,30,19,2.3865131578947367,31.57894736842105,9.210526315789473,13.036303630363037,49.00990099009901,37.12871287128713,7.565789473684211,16.11842105263158,608.0,23.1981981981982,0.6756756756756757,3.603603603603604,68.93018018018019,1.0,73.02631578947368,-4.282765737874095,0.9205138039457278,0.9429408820541672,0.9812448577984832,-0.0828232822826863
E01011492,227,272,230,45,3,2.5707831325301207,27.86144578313253,11.44578313253012,13.93939393939394,55.45454545454545,28.18181818181818,7.250755287009064,20.241691842900305,664.0,26.02965403624382,1.4827018121911038,1.1532125205930808,72.50082372322899,1.0,91.4156626506024,-0.7668841059161546,0.9576428928873576,0.9446352052200802,1.0159640157621672,-0.0432803336703329
E01011493,185,252,225,67,40,2.42406015037594,28.57142857142857,7.669172932330827,18.49624060150376,40.6015037593985,36.84210526315789,8.1203007518797,18.947368421052637,665.0,12.075471698113208,0.3773584905660377,6.60377358490566,74.47924528301887,1.0,79.69924812030075,-6.82699973425458,0.9165822393551514,0.9357866874120192,1.0577357138007826,-0.0871034837529805
E01011494,122,212,185,90,63,2.6853035143769968,23.322683706070286,11.182108626198085,20.063694267515924,41.24203821656051,38.53503184713376,7.188498402555911,18.84984025559105,626.0,10.176125244618394,2.5440313111545985,1.761252446183953,72.03326810176125,1.0,81.629392971246,-5.70335769371254,0.8635258166477489,0.8878396508192935,0.950097093827352,-0.1467314841610927
E01011496,370,291,335,-79,-35,2.4688524590163934,20.983606557377048,2.950819672131148,13.2013201320132,0.495049504950495,86.3036303630363,0.6578947368421052,45.88815789473684,610.0,0.0,24.249422632794456,1.3856812933025404,92.445727482679,5.0,70.98360655737706,-1.462782021673481,0.953424133858728,0.9493271521589418,1.0201989580620603,-0.0476954230655365
E01011497,95,106,98,11,3,2.554411764705882,26.61764705882353,10.294117647058822,13.402061855670103,53.01914580265096,32.253313696612665,7.817109144542774,18.73156342182891,680.0,31.782945736434108,0.7751937984496124,0.5813953488372093,70.98255813953489,1.0,75.88235294117646,-1.416899868120558,0.932710219027298,0.9223602789574652,1.0112388662201754,-0.0696607169168257
E01011500,313,258,325,-55,12,2.2427745664739884,29.190751445086704,3.1791907514450863,10.771470160116449,11.499272197962156,77.29257641921397,0.4373177842565597,40.2332361516035,692.0,11.804008908685969,14.92204899777283,2.4498886414253898,87.36971046770601,3.0,64.88439306358381,-1.3363028953229383,0.9507943691262288,0.9310717348779745,1.0800896985732855,-0.0504574657620268
E01011502,200,118,194,-82,-6,2.3668941979522184,30.204778156996586,6.655290102389079,11.243611584327088,31.3458262350937,56.5587734241908,4.436860068259386,22.525597269624573,586.0,11.027568922305765,0.2506265664160401,0.5012531328320802,76.44360902255639,2.0,68.08873720136519,-1.5037593984962403,1.0262783825940134,1.0254538078742697,1.0820386261220172,0.025939038010116
E01011504,201,238,269,37,68,2.0624169986719787,43.95750332005312,6.108897742363878,10.01335113484646,51.66889185580774,37.78371161548731,7.785234899328859,17.449664429530202,753.0,50.96660808435852,0.1757469244288224,2.2847100175746924,65.77855887521969,1.0,75.56440903054448,-1.1407793467062557,0.9335483356515863,0.9003494595811918,1.05803894876445,-0.0687625383889565
E01011505,147,216,124,69,-23,2.5615384615384613,28.000000000000004,10.153846153846152,11.40215716486903,12.01848998459168,76.42526964560862,3.225806451612903,43.62519201228879,650.0,18.485523385300667,9.35412026726058,2.2271714922049,90.3674832962138,4.0,69.07692307692308,-2.6061088132357635,0.876827600035872,0.8430813074964525,1.1144002237306916,-0.1314448851407101
E01011506,35,55,46,20,11,2.929657794676806,19.011406844106464,14.638783269961978,20.952380952380956,0.9523809523809524,78.0952380952381,2.48565965583174,47.60994263862332,526.0,9.19881305637982,2.967359050445104,2.0771513353115725,102.0385756676558,4.0,64.06844106463878,-2.202540694804578,0.8289252216398558,0.8023843619753258,1.0251678708575451,-0.1876253310036171
E01011507,50,37,47,-13,-3,2.4871794871794872,23.227752639517345,6.033182503770739,11.44578313253012,1.6566265060240966,86.59638554216868,1.6541353383458646,52.18045112781955,663.0,1.8433179723502304,24.88479262672811,3.4562211981566824,92.110599078341,5.0,65.46003016591251,-2.995391705069117,0.904042791987175,0.883613142217866,1.1172838130058442,-0.1008785834412875
E01011508,38,49,42,11,4,3.0,14.376321353065538,12.684989429175475,15.04237288135593,0.423728813559322,84.32203389830508,2.330508474576271,58.05084745762712,473.0,4.012345679012346,21.296296296296298,2.469135802469136,118.63888888888889,5.0,68.49894291754757,-0.6172839506172756,0.8522973698116989,0.8062128116055912,1.113507292900117,-0.1598197874475017
E01011509,332,341,362,9,30,2.1739130434782608,39.130434782608695,4.813664596273292,14.463452566096423,5.132192846034215,80.09331259720062,1.4018691588785046,36.44859813084112,644.0,35.86497890295359,2.9535864978902957,1.2658227848101269,88.34249471458774,5.0,73.6024844720497,-3.390055332373232,0.9137562347228854,0.8949102538968644,1.1103348939445996,-0.0901914447152869
E01011510,414,423,389,9,-25,1.828537170263789,57.79376498800959,4.676258992805756,7.065868263473053,65.26946107784431,26.706586826347305,3.477218225419664,14.98800959232614,834.0,68.22857142857143,0.3428571428571428,1.2571428571428571,62.374857142857145,1.0,104.91606714628296,0.787275645702612,0.9715383002596236,0.8784476847414897,1.1462430618630497,-0.0288745871027051
E01011511,160,349,183,189,23,2.623836126629423,27.746741154562383,12.290502793296088,21.16104868913857,10.674157303370784,67.97752808988764,3.5580524344569286,39.51310861423221,537.0,34.441805225653205,10.688836104513063,3.32541567695962,100.5249406175772,4.0,78.39851024208566,-7.032253353549844,0.8006675418273547,0.8226741605940797,0.9494303117908433,-0.2223094719709219
E01011512,254,401,327,147,73,2.405027932960894,31.424581005586592,7.82122905027933,31.18881118881119,2.937062937062937,65.45454545454545,1.813110181311018,44.21199442119944,716.0,53.73134328358209,22.22222222222222,3.482587064676617,104.6898839137645,4.0,84.21787709497207,-5.205199299942976,0.8129591159007351,0.7996188002957251,1.0450485051815337,-0.2070744586437828
E01011513,438,433,457,-5,19,2.291925465838509,28.98550724637681,3.9337474120082816,21.509824198552224,9.410548086866598,68.45915201654603,1.4492753623188406,47.61904761904761,966.0,27.42155525238745,9.549795361527966,0.1364256480218281,89.78581173260574,5.0,75.87991718426501,-3.00669228795486,0.9007410249213856,0.8882651975549853,1.03766255713952,-0.1045374934098083
E01011514,102,260,146,158,44,2.735294117647059,21.517027863777088,10.8359133126935,18.82716049382716,1.3888888888888888,79.32098765432099,2.476780185758514,50.0,646.0,27.33050847457627,9.110169491525424,3.1779661016949152,105.1316348195329,5.0,73.06501547987617,-6.662945295848988,0.7997042570215978,0.7921765887985502,1.0564454418286608,-0.2235132983852367
E01011515,174,336,287,162,113,2.257530120481928,35.69277108433735,5.421686746987952,36.66666666666666,1.3636363636363635,61.66666666666667,1.9667170953101365,37.821482602118,664.0,54.87804878048781,16.056910569105693,2.2357723577235773,95.46544715447156,5.0,74.09638554216868,-6.63873509900742,0.8216727041812982,0.8315976343786472,1.0150126633690806,-0.1964131333124621
E01011516,52,40,62,-12,10,2.640909090909091,19.545454545454547,7.878787878787878,10.606060606060606,0.303030303030303,88.93939393939394,0.6060606060606061,58.03030303030303,660.0,6.356968215158925,8.312958435207824,1.7114914425427872,105.99022004889976,5.0,61.969696969696976,-0.5178724106379429,0.9278783398483592,0.8891364582442723,1.1268249473370235,-0.0748546540915382
E01011517,204,288,241,84,37,2.299065420560748,33.511348464619495,4.539385847797063,15.240641711229946,17.245989304812834,67.11229946524064,2.2666666666666666,39.33333333333333,749.0,23.211169284467715,11.8673647469459,2.4432809773123907,88.7870855148342,4.0,76.50200267022697,-5.017452006980793,0.8768282768696668,0.8617596312319846,1.1201848658862672,-0.1314441132289528
E01011518,389,366,396,-23,7,2.2781655034895314,26.919242273180465,4.3868394815553335,21.115537848605577,10.95617529880478,67.43027888446214,1.3958125623130608,37.28813559322034,1003.0,13.071895424836605,11.50326797385621,1.30718954248366,83.94895287958116,4.0,76.27118644067797,-3.529411764705881,0.932267138384584,0.9189266089608484,1.1114886557511527,-0.0701358761988295
E01011519,182,119,181,-63,-1,2.24597364568082,33.38213762811127,5.563689604685212,8.689248895434462,30.78055964653903,59.941089837997055,3.976435935198821,27.393225331369663,683.0,5.842696629213483,2.247191011235955,2.247191011235955,78.85168539325842,2.0,65.15373352855052,-2.1879133943970785,0.9806518857244338,0.9676173447429646,1.1097181882459544,-0.0195377389432748
E01011520,205,197,252,-8,47,2.22106824925816,29.82195845697329,4.896142433234421,14.285714285714285,3.273809523809524,82.29166666666666,1.1869436201780417,43.17507418397626,674.0,6.398104265402843,11.374407582938389,2.3696682464454977,85.45734597156398,4.0,62.61127596439169,-4.334724481856123,0.906240633868771,0.8955978378059611,1.1150752634659185,-0.0984504079080156
E01011521,319,394,413,75,94,2.1803607214428857,31.3627254509018,3.707414829659319,15.747241725175526,6.218655967903711,75.92778335005015,1.2048192771084338,45.98393574297189,998.0,6.120218579234972,16.39344262295082,0.9836065573770492,96.41857923497268,4.0,91.68336673346693,-4.043715846994522,0.8589144863117161,0.8407006053173368,1.0690417146846187,-0.1520859122307363
E01011522,218,233,244,15,26,2.296610169491525,24.57627118644068,3.5593220338983054,12.18274111675127,1.353637901861252,86.12521150592217,0.8460236886632826,53.80710659898477,590.0,8.426966292134832,12.640449438202248,4.49438202247191,95.81741573033707,5.0,60.33898305084746,-6.460674157303359,0.8944479224824701,0.8947665699475216,1.152203714080409,-0.1115485974235894
E01011523,274,275,328,1,54,2.235582822085889,32.26993865030675,5.030674846625767,18.62745098039216,14.215686274509803,66.66666666666666,1.4723926380368098,37.54601226993865,815.0,12.748344370860927,17.3841059602649,1.6556291390728477,90.12582781456952,3.0,74.11042944785277,-4.474303541130764,0.9279653837797992,0.9187347536633322,1.138026795265241,-0.0747608488530953
E01011524,345,220,283,-125,-62,2.159709618874773,30.127041742286757,2.177858439201452,17.985611510791365,2.697841726618705,79.31654676258992,1.8050541516245489,44.58483754512636,551.0,6.199460916442049,24.258760107816716,0.8086253369272237,85.62803234501348,4.0,67.33212341197822,-1.3477088948787186,0.9940944657449278,0.9625044989867038,1.18524655562144,-0.0059230408805019
E01011525,433,323,344,-110,-89,2.153735632183908,32.90229885057471,2.442528735632184,23.52941176470588,4.017216642754662,72.16642754662841,1.8624641833810889,34.097421203438394,696.0,10.588235294117649,31.76470588235294,1.96078431372549,74.6156862745098,4.0,73.27586206896551,-3.374183006535947,1.0058000942496037,0.9979249289176176,1.1610676421914503,0.0057833384618312
E01011526,264,235,258,-29,-6,2.585714285714286,15.10204081632653,4.6938775510204085,9.368635437881874,0.8146639511201629,89.40936863543789,0.0,58.36734693877551,490.0,5.084745762711865,2.3728813559322037,1.3559322033898304,95.81016949152544,5.0,60.204081632653065,-1.0169491525423568,0.9370874453864232,0.926437209252865,1.0135801698450062,-0.0649786762461022
E01011527,302,360,347,58,45,2.2522639068564034,30.142302716688228,4.786545924967658,13.824289405684754,0.7751937984496124,85.01291989664082,1.6861219195849546,44.22827496757458,773.0,13.6986301369863,15.296803652968036,1.82648401826484,90.8538812785388,4.0,56.66235446313066,-4.142797841427981,0.8740441134722039,0.864574967427681,1.0560263707596071,-0.1346244315199998
E01011528,342,294,275,-48,-67,2.5693548387096774,20.64516129032258,6.290322580645161,10.483870967741936,5.64516129032258,83.87096774193549,1.4469453376205788,50.64308681672026,620.0,10.025706940874036,7.712082262210797,1.0282776349614395,100.66323907455012,5.0,62.74193548387097,-0.2570694087403624,0.9539890485274428,0.9310712406853984,1.0545361843451295,-0.0471030871307232
E01011529,198,179,235,-19,37,2.3241852487135506,27.958833619210974,4.288164665523156,10.76923076923077,23.07692307692308,65.8119658119658,3.9249146757679183,39.76109215017065,583.0,13.802816901408452,9.014084507042254,1.4084507042253522,81.49295774647888,2.0,60.891938250428815,-2.2535211267605604,0.9296504616395818,0.9106932784877894,1.0881354896976705,-0.072946611182659
E01011530,334,413,446,79,112,2.14937106918239,29.71698113207547,2.672955974842768,19.905956112852667,3.918495297805643,76.17554858934169,1.10062893081761,42.76729559748428,636.0,21.894736842105264,11.157894736842106,1.6842105263157894,86.31157894736842,4.0,74.68553459119497,-7.688988209909842,0.8405868550790411,0.8291818794805194,1.1848258262460305,-0.1736549940791401
E01011531,280,115,151,-165,-129,2.104516129032258,31.61290322580645,2.3225806451612905,7.922077922077922,3.2467532467532463,87.79220779220779,0.3901170351105332,40.96228868660598,775.0,3.543307086614173,2.952755905511811,2.559055118110236,80.28740157480316,5.0,65.54838709677419,-3.168568951816797,1.018000028039667,1.00553887093818,1.1944163816100626,0.0178399456722078
E01011532,286,173,253,-113,-33,2.272340425531915,34.60992907801418,5.390070921985815,14.184397163120568,34.60992907801418,50.92198581560283,2.4045261669024045,21.074964639321077,705.0,27.765726681127983,8.893709327548807,0.6507592190889371,66.55748373101952,2.0,65.39007092198581,-1.9522776572667988,0.9911790573595876,0.9781869432687124,1.1109776592306793,-0.0088600774622603
E01011533,466,429,441,-37,-25,1.8493333333333333,45.86666666666667,1.866666666666667,29.73333333333333,16.8,53.333333333333336,2.533333333333333,19.066666666666663,750.0,43.80453752181501,40.31413612565445,2.7923211169284468,72.36125654450262,2.0,76.4,-9.884679875440572,0.98852265620635,1.0511281192931192,1.1674558665882375,-0.0115437168502551
E01011534,348,293,285,-55,-63,2.3156342182890857,29.5968534906588,3.933136676499508,18.645731108930324,7.262021589793916,72.32580961727183,1.080550098231827,38.50687622789784,1017.0,11.171960569550931,33.62541073384447,1.642935377875137,90.21467688937568,5.0,89.77384464110128,-0.8621950881965601,0.9508010738712268,0.945653943740352,0.9951705504757028,-0.050450414057078
E01011535,307,282,212,-25,-95,2.4920174165457185,21.04499274310595,4.934687953555878,10.189228529839884,1.892285298398836,87.91848617176127,1.1577424023154848,60.63675832127352,689.0,2.4390243902439024,14.43089430894309,0.4065040650406504,118.94715447154472,5.0,71.40783744557329,-4.403794037940378,0.921902479845728,0.9305394433154556,1.0522101809380588,-0.0813158312520078
E01011536,321,270,297,-51,-24,2.3422913719943423,24.752475247524757,3.96039603960396,9.50354609929078,5.815602836879433,83.82978723404256,1.702127659574468,47.80141843971632,707.0,0.0,6.682027649769585,4.377880184331797,93.53225806451611,4.0,61.38613861386138,-2.0128684462220603,0.9575663277180386,0.948828587557225,1.0613325719274282,-0.0433602885583275
E01011537,231,254,305,23,74,2.0746113989637305,35.5440414507772,3.316062176165803,16.339193381592555,9.617373319544985,73.73319544984489,1.6563146997929608,39.85507246376812,965.0,14.903846153846152,15.384615384615383,2.243589743589744,80.6698717948718,3.0,64.66321243523316,-4.006410256410242,0.8997656099553991,0.9010959494052088,1.0352512735845114,-0.1056209829593788
E01011538,152,286,282,134,130,2.26453488372093,30.813953488372093,4.796511627906977,10.998552821997103,24.60202604920405,63.8205499276411,2.7377521613832854,33.28530259365994,688.0,9.3711467324291,9.741060419235511,1.6029593094944512,82.23427866831072,1.0,117.8779069767442,-12.453760789149191,0.8351324251311667,0.9076316865221532,0.9725635152704788,-0.1801649737343602
E01011540,245,167,206,-78,-39,2.3043478260869565,28.489702517162478,4.576659038901601,6.864988558352403,30.205949656750576,60.64073226544623,3.669724770642202,30.275229357798167,874.0,11.006711409395974,0.8053691275167786,1.0738255033557047,73.98255033557047,2.0,85.24027459954233,-1.34228187919464,0.97528251961973,0.9764803615772318,1.0126955210078532,-0.0250280862451427
E01011541,473,476,433,3,-40,1.6889264581572274,53.00084530853761,1.4370245139475908,37.405223251895535,27.88542544229149,34.540859309182814,2.278481012658228,15.780590717299578,1183.0,61.416589002795895,33.73718546132339,2.050326188257223,63.75489282385834,2.0,90.70160608622147,-13.150370564024282,0.8566959574018732,0.903786915792371,1.1463313563512882,-0.1546721988258016
E01011545,351,248,291,-103,-60,2.043543543543544,36.93693693693694,1.951951951951952,30.07518796992481,5.714285714285714,63.30827067669173,1.5082956259426847,20.96530920060332,666.0,17.346938775510203,40.20408163265306,2.4489795918367347,67.83640081799591,3.0,73.57357357357357,-6.146283330850566,0.983181851183886,0.9961105763518217,1.169327200907459,-0.0169611798267521
E01011546,380,312,354,-68,-26,2.176245210727969,35.63218390804598,4.725415070242656,25.287356321839084,9.323116219667943,65.00638569604087,2.0434227330779056,32.18390804597701,783.0,11.472602739726028,24.48630136986301,2.3972602739726026,82.63698630136986,3.0,74.58492975734356,-2.867511756287056,0.9745194348285662,0.960478469491577,1.1337578384681943,-0.0258108168485075
E01011547,462,415,460,-47,-2,2.121794871794872,38.88888888888889,5.021367521367521,23.19148936170213,25.425531914893615,50.63829787234042,2.55863539445629,22.388059701492537,936.0,29.18395573997234,16.459197786998615,1.5214384508990315,78.67219917012449,2.0,77.24358974358975,-5.446389864548051,0.9901666162580024,0.9973052364621696,1.157978066015497,-0.0098820507637239
E01011548,271,187,148,-84,-123,2.349922239502333,27.993779160186627,4.665629860031104,13.239875389408098,5.14018691588785,81.30841121495327,1.8691588785046729,39.719626168224295,643.0,9.669811320754718,12.264150943396226,3.537735849056604,86.94103773584905,4.0,65.94090202177294,-3.5377358490566,0.9593709309284544,0.9552909523713994,1.109986529513164,-0.0414774895930767
E01011549,46,41,50,-5,4,2.7888675623800383,10.36468330134357,5.566218809980806,6.189555125725339,0.3868471953578337,93.42359767891682,0.7707129094412332,70.13487475915221,521.0,0.0,0.0,0.0,115.67341040462428,5.0,66.41074856046065,0.0,0.9090392663475332,0.8773117627925455,1.041265126563608,-0.0953669884356181
E01011550,267,265,343,-2,76,2.413547237076649,24.9554367201426,5.169340463458111,12.099644128113878,1.2455516014234875,86.65480427046263,1.6042780748663104,52.584670231729056,561.0,0.6042296072507553,7.552870090634441,1.812688821752266,89.64954682779457,4.0,59.00178253119429,-0.9063444108761364,0.9060201962007206,0.8859348829878597,1.01614744936484,-0.0986936815753376
E01011551,311,266,296,-45,-15,2.41120218579235,25.0,4.371584699453552,13.269493844049247,9.849521203830369,76.06019151846786,1.6415868673050615,41.4500683994528,732.0,3.632887189292543,41.68260038240918,1.147227533460803,94.92543021032505,3.0,71.44808743169399,-1.5957831636608022,0.9581099156361936,0.967734973204984,0.9783811543432118,-0.0427927731082295
E01011552,76,68,93,-8,17,2.5383333333333336,27.0,9.166666666666666,10.8153078202995,37.2712146422629,51.74708818635607,5.008347245409015,23.03839732888147,600.0,10.75,2.25,1.5,79.935,1.0,66.66666666666666,-1.749999999999996,0.9612003040050924,0.9572281740533553,1.0345471349714943,-0.0395724588432476
E01011553,237,206,302,-31,65,2.2557377049180327,25.901639344262296,3.114754098360656,8.8379705400982,4.582651391162029,86.2520458265139,1.147540983606557,53.278688524590166,610.0,0.2392344497607655,19.85645933014354,2.15311004784689,87.37081339712918,4.0,68.52459016393443,-1.4354066985646008,0.922327523233754,0.8950806086150385,1.090568242616922,-0.0808548872321818
E01011554,186,326,243,140,57,2.475298126064736,24.190800681431003,6.984667802385008,11.945392491467576,2.218430034129693,85.49488054607508,0.6825938566552902,56.655290102389074,587.0,19.047619047619047,7.017543859649122,4.761904761904762,123.9298245614035,5.0,67.97274275979557,-5.152550798483812,0.8297874919162016,0.8184922281382522,1.0396200443411237,-0.1865856448096534
E01011555,139,131,178,-8,39,2.450354609929078,25.886524822695037,6.73758865248227,11.702127659574469,2.4822695035460995,85.46099290780141,1.5957446808510638,50.88652482269504,564.0,7.871720116618077,1.1661807580174928,0.8746355685131195,93.406432748538,5.0,60.81560283687944,-5.027512366669873,0.9096453793932608,0.9019193720562506,1.143121654528086,-0.0947004483957192
E01011556,213,274,237,61,24,2.093316519546028,39.09205548549811,3.278688524590164,32.23767383059418,6.32111251580278,60.68268015170671,2.90771175726928,25.410872313527182,793.0,68.7409551374819,2.0260492040520983,1.0130246020260492,77.14616497829233,4.0,87.1374527112232,0.2825682049632849,0.9080675795669648,0.866727083905721,1.0094276853134254,-0.0964364763145188
E01011557,108,381,207,273,99,2.339344262295082,33.114754098360656,6.229508196721312,8.823529411764707,11.76470588235294,79.08496732026144,1.4729950900163666,54.50081833060556,610.0,39.86013986013986,7.459207459207459,2.564102564102564,107.9391100702576,5.0,70.32786885245902,-10.421339666622686,0.7496915443189093,0.7941631643034752,0.9613682946991078,-0.2880934312896817
E01011558,263,240,245,-23,-18,2.4038199181446114,33.0150068212824,8.458390177353342,14.14965986394558,44.48979591836735,40.13605442176871,7.744565217391304,16.168478260869566,733.0,42.11409395973154,1.174496644295302,2.348993288590604,77.26342281879195,1.0,81.30968622100954,1.1245180636869856,0.9920402896789188,0.940386989413178,1.13991776241022,-0.0079915579263304
E01011559,145,198,186,53,41,2.4389830508474577,35.42372881355932,9.152542372881356,12.859560067681894,45.68527918781726,40.60913705583757,7.809847198641766,15.959252971137522,590.0,32.8125,0.390625,1.3671875,74.41015625,1.0,86.77966101694915,-3.570130813953476,0.921036778832286,0.8938472263318621,1.1617191982991952,-0.0822553099386108
E01011560,272,310,278,38,6,2.2367205542725173,39.60739030023095,8.314087759815243,9.815242494226329,54.50346420323326,34.98845265588915,7.75462962962963,12.5,866.0,42.62948207171315,0.1328021248339973,3.98406374501992,70.9468791500664,1.0,86.95150115473442,-6.489273131793949,0.9547529292073356,0.9098403625308434,1.3630197367501775,-0.0463026848452549
E01011561,226,362,350,136,124,2.2547528517110265,27.9467680608365,4.372623574144487,19.09262759924385,3.5916824196597354,77.12665406427222,0.946969696969697,59.46969696969697,526.0,9.60591133004926,35.960591133004925,6.65024630541872,150.2029702970297,5.0,77.18631178707224,1.4122938530734652,0.8262178499754866,0.8002353157504252,0.855333686520799,-0.1908967993442539
E01011562,36,125,123,89,87,2.5024,21.6,6.08,8.959999999999999,0.16,90.88,0.64,65.75999999999999,625.0,9.112709832134293,2.158273381294964,2.3980815347721824,173.0408653846154,5.0,66.72,-1.7068476879937955,0.7736818767935475,0.7645822060223164,0.8658473167612528,-0.2565945017755915
E01011563,215,417,383,202,168,2.278501628664495,30.781758957654727,6.026058631921824,11.456628477905074,1.6366612111292964,86.57937806873977,0.4901960784313725,50.98039215686274,614.0,46.389496717724285,2.62582056892779,3.50109409190372,152.60352422907488,5.0,74.42996742671009,0.7799922460754005,0.7759707369037568,0.739124090211546,0.8990416592117177,-0.2536404696855359
E01011564,51,133,112,82,61,2.5643564356435644,22.607260726072607,5.775577557755775,10.69078947368421,2.302631578947368,86.67763157894737,1.9769357495881383,57.990115321252055,606.0,22.606382978723406,2.6595744680851063,1.5957446808510638,110.4441489361702,5.0,62.04620462046204,-2.659574468085102,0.8007671645236174,0.7767979841943237,1.0085891064717123,-0.2221850551639223
E01011565,44,84,90,40,46,2.480672268907563,25.210084033613445,6.386554621848739,10.641891891891891,1.6891891891891893,87.5,1.512605042016807,55.96638655462185,595.0,13.53919239904988,1.9002375296912115,3.0878859857482186,122.63657957244656,5.0,70.75630252100841,1.6430741038739982,0.8325042157398475,0.7824429362329048,1.000710384073525,-0.1833169931885912
E01011566,220,325,357,105,137,2.397830018083183,31.82640144665461,6.148282097649186,18.55855855855856,4.144144144144144,77.29729729729729,2.527075812274368,48.91696750902527,553.0,19.132653061224488,0.2551020408163265,2.0408163265306123,90.0688775510204,4.0,70.88607594936708,-3.2706299911268832,0.8491402973927006,0.8288912872029793,1.03741771431938,-0.1635308561550139
E01011567,71,76,88,5,17,2.623214285714285,21.607142857142858,8.214285714285714,13.035714285714286,0.5357142857142857,86.07142857142858,1.607142857142857,56.42857142857143,560.0,8.57843137254902,2.2058823529411766,1.4705882352941175,95.88480392156865,5.0,72.85714285714285,-1.9190299629221363,0.9031739170642014,0.870746192475033,1.1240391537952923,-0.1018401449248315
E01011568,352,450,473,98,121,2.109151047409041,40.242557883131205,4.079382579933848,15.121412803532008,2.207505518763797,79.58057395143487,1.434878587196468,40.50772626931568,907.0,30.672926447574334,0.7824726134585289,0.3129890453834116,88.18779342723005,5.0,70.45203969128997,-7.163020998445113,0.8083850286153964,0.820605207035849,1.0078964627472966,-0.2127168133973007
E01011569,436,470,475,34,39,1.9288888888888889,44.66666666666666,3.0,29.39866369710468,6.347438752783964,64.03118040089086,0.8908685968819599,34.521158129175944,900.0,45.06849315068493,52.05479452054794,3.6986301369863015,90.7904109589041,4.0,81.11111111111111,-18.026943944695507,0.7959623349009166,0.8977877783045011,1.064684939034081,-0.2282034122209568
E01011570,268,356,323,88,55,2.404365904365904,25.987525987525988,4.261954261954262,9.015544041450775,8.49740932642487,81.03626943005182,1.3541666666666667,53.645833333333336,962.0,9.593023255813954,20.348837209302324,4.3604651162790695,117.61426491994176,5.0,71.51767151767152,-3.80622122535712,0.8526618207181044,0.8587554465207596,0.9532645294262292,-0.1593922688136473
E01011571,395,372,380,-23,-15,2.0821192052980133,34.17218543046358,3.443708609271523,14.814814814814811,13.756613756613756,71.16402116402116,0.5277044854881267,35.224274406332455,755.0,23.827392120075046,45.96622889305816,4.127579737335835,86.35647279549718,4.0,70.59602649006622,-3.833813758119908,0.9474013953247566,0.956740274171824,1.0532510906275503,-0.0540324156998646
E01011572,432,304,361,-128,-71,2.1432009626955475,34.29602888086642,3.610108303249097,14.371980676328503,3.985507246376811,81.15942028985508,1.0882708585247884,38.08948004836759,831.0,8.133086876155268,46.21072088724584,2.2181146025878005,85.69259259259259,5.0,65.1022864019254,-3.095023258666163,1.0450205883114898,1.032815224875225,1.22762997559792,0.0440365869561807
E01011573,153,86,117,-67,-36,2.414364640883978,23.572744014732965,5.524861878453039,5.3406998158379375,8.47145488029466,86.1878453038674,1.1049723756906076,52.48618784530387,543.0,0.8670520231213872,4.624277456647398,1.4450867052023122,93.3757225433526,5.0,63.72007366482505,-1.8407216548725347,1.0032493185741178,1.0014131563103086,1.078780357080931,0.003244050946236
E01011574,335,378,426,43,91,1.9412607449856731,42.97994269340974,2.148997134670487,17.073170731707318,21.37733142037303,60.97560975609756,1.291248206599713,35.86800573888092,698.0,25.89792060491493,39.69754253308129,2.457466918714556,79.48393194706995,3.0,75.78796561604585,-9.07477566773849,0.8876942335718995,0.9068079520590344,1.1619599387085504,-0.1191279268488679
E01011576,47,289,214,242,167,2.5017241379310344,20.344827586206897,5.517241379310345,8.793103448275861,2.2413793103448274,88.44827586206897,0.8620689655172413,71.03448275862068,580.0,11.298076923076923,23.557692307692307,9.85576923076923,154.91041162227603,5.0,71.72413793103448,-5.594850065189039,0.7253923358922334,0.7201144126620075,0.92435840758537,-0.3210426175431143
E01011578,256,305,329,49,73,2.0499194847020936,37.03703703703704,3.22061191626409,16.181229773462782,11.650485436893204,72.00647249190939,1.610305958132045,33.49436392914654,621.0,19.471153846153847,23.557692307692307,2.8846153846153846,79.68990384615384,4.0,66.98872785829307,-6.2938391395838345,0.8800773189980947,0.874881520516445,1.1400085208196695,-0.1277455128717331
E01011579,125,174,169,49,44,2.585412667946257,18.426103646833013,4.798464491362764,12.692307692307692,9.615384615384617,77.3076923076923,1.7241379310344829,44.06130268199234,521.0,4.3604651162790695,20.348837209302324,1.162790697674419,90.26453488372093,4.0,66.02687140115164,-1.162790697674421,0.8791524988720824,0.8501429604328747,1.0444057851031712,-0.1287969050227886
E01011580,129,151,254,22,125,2.2045088566827697,30.917874396135264,2.254428341384863,10.64516129032258,9.193548387096774,80.16129032258064,0.966183574879227,47.02093397745571,621.0,12.864077669902912,20.631067961165048,3.3980582524271843,103.80582524271844,5.0,66.34460547504025,-1.2960542693552402,0.8755806684656615,0.8382123263179571,1.1116224412243143,-0.1328679916200244
E01011581,401,287,309,-114,-92,2.273224043715847,28.00546448087432,4.371584699453552,6.292749658002736,15.45827633378933,74.6922024623803,0.957592339261286,51.29958960328317,732.0,16.40625,6.0546875,1.7578125,95.453125,5.0,69.94535519125684,-1.1672430830039549,1.002993243556776,0.969002912898364,1.1942366626540926,0.0029887727225896
E01011582,437,257,326,-180,-111,2.1725067385444743,37.735849056603776,5.121293800539084,6.711409395973154,42.28187919463088,49.26174496644296,3.7735849056603774,20.61994609164421,742.0,29.780033840947542,2.538071065989848,4.230118443316413,70.39763113367174,1.0,79.64959568733153,-2.252784008184772,1.1580722045903555,1.1628737369308335,1.2307641756893777,0.1467567300483582
E01011583,202,85,89,-117,-113,2.4234930448222567,22.256568778979908,5.4095826893353935,8.179012345679013,8.024691358024691,83.33333333333334,1.7001545595054095,50.23183925811438,647.0,3.149606299212598,4.461942257217848,3.674540682414698,91.02362204724407,5.0,58.887171561051,-4.199475065616798,1.019654026094274,1.0359304152492486,1.1213048693238137,0.0194633796545522
E01011584,474,402,423,-72,-51,2.213157894736842,31.973684210526315,4.2105263157894735,8.81578947368421,10.526315789473683,80.26315789473685,0.3952569169960474,48.08959156785244,760.0,19.00369003690037,15.682656826568268,1.6605166051660518,96.92435424354244,5.0,71.3157894736842,-1.2259383740334195,1.034756057467949,0.9956899801830806,1.2239625994767644,0.034165705669627
E01011585,288,135,261,-153,-27,2.0915915915915915,37.53753753753754,3.303303303303303,12.686567164179104,24.029850746268657,62.98507462686567,3.153153153153153,24.924924924924923,666.0,21.27659574468085,16.595744680851062,1.9148936170212765,72.87659574468086,2.0,70.57057057057057,-1.1086558494854626,1.0217396849246565,0.9976201911967126,1.1580323534301853,0.0215067479130331
E01011586,176,292,210,116,34,2.6542857142857144,23.714285714285715,11.0,15.736766809728184,1.7167381974248928,80.25751072961373,3.1428571428571432,39.71428571428572,700.0,11.929824561403509,2.631578947368421,1.7543859649122806,88.0421052631579,3.0,81.42857142857143,-4.675300817488736,0.8540084916443968,0.8302446093262533,1.1174091644944462,-0.1578141418654883
E01011587,187,281,267,94,80,2.2050314465408807,34.71698113207547,3.647798742138365,20.65491183879093,4.91183879093199,74.18136020151134,1.1349306431273645,35.93947036569987,795.0,17.744610281923716,58.043117744610285,5.140961857379768,86.21724709784411,3.0,75.84905660377359,-14.593698175787727,0.8587041011496848,0.919941019809341,1.1742846324467135,-0.1523308853168676
E01011588,252,330,266,78,14,2.480225988700565,22.88135593220339,5.367231638418079,11.581920903954805,7.627118644067797,80.7909604519774,1.1283497884344147,53.45557122708039,708.0,12.992125984251969,16.535433070866144,2.3622047244094486,102.22834645669292,4.0,71.75141242937853,-2.3302830389444584,0.8710395871670483,0.8530579129360906,1.0227376410099216,-0.1380678529132711
E01011589,180,237,220,57,40,2.274928774928775,32.05128205128205,4.985754985754986,20.57142857142857,7.7142857142857135,71.57142857142857,1.4245014245014245,33.19088319088319,702.0,10.6951871657754,65.24064171122996,2.4955436720142603,97.55971479500892,4.0,79.91452991452992,-4.327002274263925,0.8813549949877367,0.8821516845649909,1.0379101199537544,-0.1262947887041562
E01011590,126,180,135,54,9,2.5143288084464555,20.96530920060332,6.033182503770739,8.761329305135952,3.3232628398791544,87.61329305135952,1.206636500754148,47.963800904977376,663.0,2.099737532808399,17.322834645669293,2.8871391076115485,105.0761154855643,5.0,57.46606334841629,-7.135127066462676,0.8694526383534926,0.8952167496413231,1.023500594346763,-0.1398914166500743
E01011591,461,410,455,-51,-6,1.9675480769230769,35.456730769230774,1.3221153846153846,23.97590361445783,4.578313253012048,71.44578313253011,0.8413461538461539,37.37980769230769,832.0,26.858877086494687,40.81942336874052,1.5174506828528074,79.90881458966565,4.0,79.20673076923077,-5.152506418973912,0.9793643824236412,0.9883990517979934,1.1366252494180435,-0.0208515071062235
E01011592,357,339,336,-18,-21,2.0316455696202533,39.49367088607595,3.037974683544304,17.2544080604534,15.994962216624684,65.74307304785894,1.008827238335435,27.238335435056747,790.0,27.34899328859061,41.2751677852349,3.523489932885906,84.10641891891892,4.0,75.44303797468355,-4.684891144213454,0.9312659681960396,0.9229248424275508,1.1410525578331785,-0.0712103623792268
E01011593,471,440,442,-31,-29,2.3048065650644785,24.501758499413835,3.1652989449003512,15.123094958968348,1.172332942555686,82.29777256740914,0.5861664712778429,48.18288393903868,853.0,20.648464163822524,12.457337883959044,1.1945392491467577,88.84129692832765,5.0,68.69871043376318,-2.9010238907849817,0.9522735412961256,0.9413097457699662,1.1060528660023077,-0.0489029521688273
E01011594,166,103,138,-63,-28,2.4492063492063494,27.61904761904762,5.873015873015873,7.6190476190476195,34.76190476190476,56.98412698412698,2.2222222222222223,32.38095238095238,630.0,12.88056206088993,3.747072599531616,0.936768149882904,80.99297423887587,2.0,67.77777777777779,-0.660551440109125,1.0201915223830254,1.0079134154453997,1.0877953763336214,0.0199903767123367
E01011595,278,442,415,164,137,2.6766169154228856,27.487562189054728,14.427860696517412,31.755915317559158,1.36986301369863,66.62515566625156,3.22180916976456,35.31598513011153,804.0,25.39404553415061,4.728546409807356,1.926444833625219,106.66199649737302,4.0,71.01990049751244,-9.601064434689654,0.7725995693550256,0.7701417368173026,1.1795447286985652,-0.257994386147179
E01011596,383,358,422,-25,39,2.1150895140664963,33.75959079283887,2.1739130434782608,22.151088348271447,0.5121638924455826,77.33674775928297,1.0243277848911652,36.23559539052496,782.0,23.87543252595156,9.16955017301038,1.384083044982699,72.00866551126516,5.0,73.91304347826086,-8.447300488822961,0.9130371968196376,0.9452490003515744,1.0899618847307515,-0.090978657903122
E01011597,10,15,6,5,-4,2.9086021505376345,22.939068100358423,17.025089605734767,18.36007130124777,1.06951871657754,80.3921568627451,6.761565836298933,33.985765124555165,558.0,2.806122448979592,9.693877551020408,2.0408163265306123,86.24234693877551,2.0,70.25089605734766,-2.0408163265306034,0.8140901187168936,0.7705298060293151,1.1099465530352126,-0.2056842081531874
E01011598,316,243,313,-73,-3,2.0304232804232805,34.92063492063492,1.5873015873015872,22.177954847277555,5.046480743691899,72.37715803452855,0.5298013245033113,32.980132450331126,756.0,11.517367458866543,59.41499085923218,2.9250457038391224,83.71297989031079,4.0,72.35449735449735,-4.402646110933118,0.9757678739203894,0.961572337354554,1.2177521837172671,-0.0245305549540204
E01011599,135,224,217,89,82,2.3560283687943264,29.361702127659573,5.531914893617021,16.147308781869686,10.906515580736544,72.37960339943342,1.422475106685633,40.25604551920342,705.0,6.61625708884688,19.47069943289225,2.457466918714556,86.10775047258979,4.0,75.0354609929078,-4.974307090178121,0.8573355639307871,0.8356775013145957,1.139508505957505,-0.1539258805105998
E01011600,361,364,404,3,43,2.1492753623188405,34.492753623188406,2.753623188405797,13.314037626628076,9.696092619392186,75.68740955137481,0.2911208151382824,39.01018922852984,690.0,15.942028985507244,28.77846790890269,1.2422360248447204,84.95031055900621,4.0,70.0,-4.761904761904756,0.90619711032862,0.8909066404660545,1.166011207188124,-0.0984984355330181
E01011601,349,328,315,-21,-34,2.4270676691729323,27.21804511278195,6.616541353383458,18.79699248120301,21.203007518796998,58.796992481203006,3.603603603603604,29.12912912912913,665.0,15.789473684210526,8.966861598440545,1.1695906432748535,86.30409356725146,2.0,77.14285714285715,-4.144736842105267,0.947778712981826,0.9747409297288558,0.9969270139875004,-0.0536342290996559
E01011602,456,466,477,10,21,2.0870044052863435,42.070484581497794,3.1938325991189425,17.014270032930845,20.30735455543359,60.48298572996706,1.5435501653803747,31.31201764057332,908.0,36.03851444291609,20.77028885832187,0.9628610729023384,79.59559834938102,3.0,80.06607929515418,-5.857688040104203,0.861256121467072,0.8503693440959986,1.1088024990834604,-0.1493633490254531
E01011603,238,205,298,-33,60,2.2161016949152543,31.497175141242938,2.5423728813559325,20.16925246826516,5.782792665726375,73.48377997179125,0.9873060648801129,38.2228490832158,708.0,8.0338266384778,41.01479915433404,2.1141649048625792,91.76694915254237,5.0,66.80790960451978,-1.6913319238900604,0.920626164045735,0.8908924527615394,1.1210970596743162,-0.0827012273579113
E01011604,358,387,388,29,30,2.1776,30.880000000000003,3.36,17.628205128205128,10.096153846153848,71.9551282051282,1.2861736334405145,37.78135048231511,625.0,20.51282051282051,39.1025641025641,1.4957264957264955,84.57905982905983,4.0,74.88,-7.350427350427346,0.8821940613103855,0.8911587437186603,1.109812734693843,-0.1253432230156768
E01011605,328,359,310,31,-18,2.4602510460251046,23.291492329149232,3.905160390516039,7.1328671328671325,5.314685314685315,87.27272727272727,0.6983240223463687,53.7709497206704,717.0,3.1315240083507305,17.745302713987474,3.549060542797495,98.79540709812107,5.0,66.80613668061368,-3.5490605427975,0.8930698593241647,0.87865573093225,1.0801289224010135,-0.1130904712391628
E01011606,83,105,84,22,1,2.684625492772668,21.419185282523,11.300919842312746,16.535433070866144,1.0498687664041997,81.75853018372703,3.937007874015748,40.15748031496063,761.0,2.114803625377644,11.782477341389727,3.1722054380664653,87.49848942598187,2.0,86.99080157687253,-1.9052825847880817,0.8697631909139124,0.8290091569115252,1.1040495302596816,-0.1395342987369387
E01011607,360,267,246,-93,-114,2.3342696629213484,27.66853932584269,5.056179775280898,15.211267605633802,14.366197183098592,68.73239436619718,2.1156558533145278,34.27362482369535,712.0,10.909090909090908,11.515151515151516,0.404040404040404,76.62828282828283,3.0,69.52247191011236,-2.0714608774310195,0.9796150149555622,0.9676429439247596,1.097039644434099,-0.0205956263821853
E01011608,277,301,333,24,56,2.3176470588235296,32.436974789915965,6.722689075630252,11.222780569514237,30.65326633165829,57.78894472361809,2.533783783783784,33.108108108108105,595.0,22.48803827751196,5.263157894736842,3.588516746411483,82.19856459330144,2.0,70.25210084033613,-7.054811537752559,0.940618345498614,0.9564974084129484,1.1235999212678305,-0.0612178056228898
E01011609,468,459,435,-9,-33,2.1714719271623677,39.45371775417299,5.311077389984825,12.5948406676783,38.39150227617603,48.40667678300456,3.793626707132018,27.16236722306525,659.0,41.53225806451613,1.8145161290322585,9.879032258064516,72.67943548387096,2.0,75.26555386949924,-10.565234038479945,0.9648111709948258,0.9937215226983293,1.215939531208983,-0.0358228745161042
E01011610,363,385,392,22,29,2.1965317919075145,32.369942196531795,4.913294797687861,22.334293948126803,4.755043227665706,72.62247838616715,1.8678160919540232,36.49425287356322,692.0,18.66404715127701,39.489194499017685,1.9646365422396856,82.56777996070727,4.0,73.55491329479769,-6.920803684931731,0.8891247101558633,0.9010755861404262,1.0924215442114835,-0.1175177719165742
E01011611,124,93,116,-31,-8,2.3906752411575565,27.813504823151124,7.07395498392283,9.66183574879227,48.14814814814815,42.028985507246375,7.246376811594203,26.40901771336554,622.0,21.06430155210643,0.0,2.882483370288248,76.7450110864745,1.0,72.508038585209,-1.1615077605321655,1.03333828612464,1.0268532371610206,1.0940681660044125,0.0327946158353496
E01011612,329,400,461,71,132,1.8131720430107527,52.016129032258064,2.28494623655914,23.31536388140162,33.9622641509434,41.23989218328841,1.3477088948787064,21.563342318059306,744.0,52.32558139534884,33.5548172757475,2.491694352159469,68.50332225913621,2.0,80.91397849462365,-14.091522880720175,0.8687267220014818,0.9189890773462336,1.200103177146591,-0.1407266772805609
E01011613,396,420,430,24,34,2.5899280575539567,23.453237410071942,8.201438848920864,12.37410071942446,25.323741007194243,62.01438848920864,3.309352517985612,34.388489208633096,695.0,12.144212523719164,14.231499051233396,1.1385199240986716,83.66602687140116,3.0,75.8273381294964,-1.7869575307495775,0.8885623122572048,0.8848073593634199,0.9547643240037552,-0.1181505018744695
E01011614,459,456,438,-3,-21,2.1883040935672518,32.046783625730995,5.146198830409357,19.320843091334893,6.791569086651054,71.77985948477752,1.7543859649122806,38.24561403508772,855.0,33.33333333333333,15.488215488215488,2.1885521885521886,87.74410774410775,4.0,69.47368421052632,-10.126757773816596,0.8946315999512845,0.9285228295976314,1.1234118475288828,-0.1113432656122791
E01011615,181,91,74,-90,-107,2.4270353302611367,27.188940092165897,7.680491551459294,29.53846153846154,2.769230769230769,67.38461538461539,5.376344086021505,32.87250384024578,651.0,7.838983050847458,50.42372881355932,4.23728813559322,77.78177966101696,2.0,72.50384024577573,-5.334296065465782,1.008475626454875,1.0350064940515369,1.1152788592711096,0.008439910003938
E01011616,156,123,122,-33,-34,2.361671469740634,33.57348703170029,8.069164265129682,6.599713055954089,51.50645624103299,41.60688665710187,5.579399141630901,22.889842632331906,694.0,18.33910034602076,1.7301038062283738,1.2110726643598615,71.93598615916954,1.0,83.28530259365994,0.380278109339105,0.981220024315632,0.9785692323907592,0.9775952828659876,-0.0189585588202786
E01011617,110,25,63,-85,-47,2.395314787701318,25.329428989751097,6.295754026354319,12.262773722627736,40.0,47.00729927007299,6.140350877192982,19.00584795321637,683.0,2.2916666666666665,8.958333333333334,2.5,75.19375,1.0,70.27818448023426,-1.458333333333317,1.1302171991988366,1.142989237106805,1.143062581788565,0.1224098259343372
E01011618,53,19,48,-34,-5,2.3286516853932584,32.58426966292135,7.303370786516854,39.436619718309856,15.211267605633802,45.2112676056338,7.876230661040788,26.300984528832632,712.0,6.655844155844156,88.63636363636364,5.357142857142857,79.81168831168831,1.0,86.51685393258427,-1.5563564875491376,1.085352990771661,1.1052204689043412,1.0784821052565596,0.0819052711985169
E01011620,75,70,80,-5,5,2.7987927565392354,18.51106639839034,11.670020120724349,6.0606060606060606,45.65656565656565,48.08080808080808,7.07070707070707,29.29292929292929,497.0,10.948905109489052,0.97323600973236,1.2165450121654502,78.38442822384428,1.0,82.69617706237425,-1.2165450121654375,0.9537586977290088,0.9419973014542232,1.0363291857826873,-0.0473445769188835
E01011621,33,38,59,5,26,2.6345177664974617,23.85786802030457,10.998307952622676,11.447811447811448,46.2962962962963,41.91919191919192,6.7340067340067336,23.905723905723907,591.0,8.583690987124463,3.004291845493562,1.2875536480686696,75.431330472103,1.0,78.84940778341793,-5.364806866952798,0.8646031072508483,0.8750011195772706,0.9928970460086122,-0.1454847128956507
E01011622,48,35,30,-13,-18,2.463726884779516,30.440967283072546,9.246088193456616,12.09103840682788,59.17496443812234,25.6045519203414,8.21529745042493,18.8385269121813,703.0,30.689655172413797,1.5517241379310345,0.3448275862068966,71.17413793103448,1.0,82.50355618776672,-1.2068965517241237,0.9459044876509368,0.9383870656966284,1.0105458386786437,-0.055613679455695
E01011623,42,13,22,-29,-20,2.4301994301994303,31.48148148148148,7.834757834757834,38.516405135520685,36.947218259629096,23.96576319543509,11.269614835948644,19.686162624821684,702.0,17.34375,72.1875,3.4375000000000004,68.76682316118936,1.0,91.16809116809117,-4.338285519125684,1.1084810275863044,1.1488487256640216,1.1455479849813173,0.1029906345342583
E01011624,74,69,82,-5,8,2.5517241379310347,32.27586206896552,11.03448275862069,12.379642365887207,61.07290233837689,25.447042640990368,9.379310344827587,17.93103448275862,725.0,24.01960784313725,0.6535947712418301,0.8169934640522877,66.140522875817,1.0,84.41379310344827,-4.499457440633914,0.970469866227933,0.9884083106987842,1.0634338495365308,-0.0299749265945039
E01011625,20,7,12,-13,-8,2.34924965893588,34.379263301500686,7.639836289222374,48.49315068493151,15.342465753424658,35.47945205479452,6.967213114754098,22.26775956284153,733.0,7.738998482549315,78.60394537177542,4.09711684370258,71.88922610015175,1.0,89.90450204638472,-7.132018209408198,1.0914162390125963,1.156735498202304,1.1529852702856522,0.0874761547252692
E01011626,448,458,400,10,-48,2.0513698630136985,43.75,5.650684931506849,38.18493150684932,41.3527397260274,19.863013698630137,5.650684931506849,13.44178082191781,1168.0,56.5015479876161,22.987616099071207,2.0123839009287927,69.37936507936507,1.0,110.6164383561644,-14.915926324763316,0.9552331558378264,1.1055798790905602,1.153107913145192,-0.0457998260607115
E01011627,236,186,233,-50,-3,2.3162393162393164,30.256410256410252,4.615384615384616,8.70307167235495,27.303754266211605,63.82252559726962,2.389078498293516,42.15017064846416,585.0,15.949367088607596,9.113924050632912,1.5189873417721518,84.47848101265822,2.0,67.52136752136752,-5.513453238895682,0.97156104698238,0.9897202234416712,1.1084619655122274,-0.0288511742774271
E01011628,225,63,157,-162,-68,2.102739726027397,32.70547945205479,2.568493150684932,8.39041095890411,0.684931506849315,90.75342465753424,0.8561643835616438,48.28767123287671,584.0,0.5763688760806917,10.37463976945245,1.440922190201729,81.88760806916426,5.0,59.417808219178085,-3.458213256484155,1.0588935690953842,1.0445124805917754,1.2746958186860962,0.0572245602423122
E01011629,356,223,331,-133,-25,2.0930979133226324,34.67094703049759,2.889245585874799,11.04,29.76,58.88,1.5948963317384368,30.303030303030305,623.0,25.176470588235293,19.76470588235294,1.8823529411764703,78.62352941176471,3.0,68.21829855537722,-1.3883109513902037,1.0285299881938976,1.0197772106704617,1.1130029135800104,0.0281305868991295
E01011630,477,404,462,-73,-15,2.239910313901345,27.802690582959645,2.8026905829596416,17.561521252796418,4.697986577181208,77.62863534675614,1.1210762331838564,43.83408071748879,892.0,13.747954173486088,12.111292962356792,0.4909983633387889,87.3355155482815,5.0,68.49775784753363,-3.700196473908501,1.0591736520169324,1.0879035712150749,1.0987368611231956,0.0574890305295522
E01011632,104,71,121,-33,17,2.253355704697986,33.053691275167786,3.859060402684564,12.897822445561138,45.7286432160804,40.87102177554439,3.015075376884422,19.43048576214405,596.0,23.582766439909296,8.616780045351474,1.1337868480725624,72.41136363636363,1.0,73.99328859060402,-2.721088435374164,1.002692299062457,0.991738701461564,1.1467068899451576,0.0026886813172493
E01011633,382,337,321,-45,-61,2.2601246105919004,27.725856697819317,3.115264797507788,11.682242990654206,13.862928348909657,73.67601246105919,1.2461059190031152,49.06542056074766,642.0,17.74580335731415,21.58273381294964,2.3980815347721824,90.67625899280576,4.0,64.95327102803739,-5.275779376498802,0.9411791583023956,0.9490132863214348,1.1100466650299652,-0.0606217661242169
E01011634,270,263,320,-7,50,2.3214814814814817,28.88888888888889,5.333333333333334,11.799410029498524,21.976401179941004,66.07669616519173,2.643171806167401,39.3538913362702,675.0,8.200455580865604,25.28473804100228,1.8223234624145783,88.35535307517084,2.0,65.03703703703704,-1.594533029612755,0.9222689857691588,0.9080359797466476,1.035728500581931,-0.0809183563587132
E01011635,333,389,418,56,85,2.2140077821011674,33.98184176394293,3.372243839169909,19.27554980595084,7.373868046571798,72.96248382923673,0.7772020725388601,49.09326424870466,771.0,10.56782334384858,16.561514195583594,2.2082018927444795,105.59715639810426,4.0,82.23086900129701,-1.8927444794952784,0.866911905475461,0.8617514142790069,0.9465594738297918,-0.142817915812225
E01011636,387,342,356,-45,-31,2.238379022646007,30.98927294398093,3.456495828367104,13.007159904534609,10.023866348448689,76.9689737470167,1.5494636471990464,47.91418355184744,839.0,9.682539682539684,18.41269841269841,2.380952380952381,100.72698412698412,4.0,75.08939213349225,-4.920634920634925,0.9444803187638432,0.950284737451824,1.096734709529198,-0.0571204299878631
E01011637,458,377,373,-81,-85,2.3296551724137933,26.344827586206897,3.724137931034482,13.950276243093922,9.530386740331492,75.5524861878453,1.9283746556473829,49.03581267217631,725.0,11.090225563909774,29.32330827067669,1.5037593984962403,96.44736842105264,4.0,73.37931034482759,-1.5037593984962403,1.0228142929889923,1.0167401698449736,1.102554332964683,0.0225579387105353
E01011638,261,175,226,-86,-35,2.242375601926164,29.21348314606741,2.7287319422150884,10.43338683788122,7.865168539325842,81.38041733547352,1.4423076923076923,53.68589743589743,623.0,8.732394366197182,17.183098591549296,3.0985915492957745,87.06760563380281,4.0,56.98234349919743,-7.127394592636205,0.9851060412779336,1.0079531558014558,1.184796601640098,-0.0150059874848228
E01011639,214,145,219,-69,5,2.3510971786833856,27.74294670846395,7.6802507836990594,10.815047021943574,29.62382445141066,58.30721003134797,3.4267912772585665,30.8411214953271,638.0,10.02277904328018,14.578587699316628,0.0,78.77220956719817,2.0,68.80877742946709,-1.3667425968109217,0.9715993694241604,0.9529711640928696,1.0949233659308386,-0.0288117308619872
E01011641,94,98,39,4,-55,2.61525974025974,22.24025974025974,7.142857142857142,13.213703099510605,1.468189233278956,84.82871125611744,0.6493506493506493,60.22727272727273,616.0,20.75471698113208,37.028301886792455,6.132075471698113,125.00471698113208,5.0,68.83116883116884,-3.010587330691439,0.8802365054618086,0.857737729506317,1.1018100494609346,-0.127564651411764
E01011642,66,112,76,46,10,2.8016194331983804,23.07692307692308,12.955465587044534,11.991869918699187,1.016260162601626,85.97560975609755,2.231237322515213,53.9553752535497,494.0,11.730205278592376,12.903225806451612,2.932551319648094,109.73235294117649,4.0,69.02834008097166,-2.639296187683282,0.8529938593976969,0.8281068208640199,1.063160558009436,-0.1590029303467367
E01011643,258,407,371,149,113,2.2764612954186414,35.229067930489734,5.529225908372828,18.48341232227488,2.527646129541864,78.67298578199052,1.579778830963665,47.70932069510268,633.0,45.366795366795365,24.324324324324326,3.861003861003861,111.16409266409266,5.0,81.83254344391784,-10.145211128569676,0.8009537951335126,0.8356592473386065,1.0503420275330833,-0.221952017555699
E01011644,384,454,470,70,86,2.330357142857143,33.39285714285714,6.964285714285714,12.186379928315413,31.36200716845878,56.09318996415771,3.068592057761733,45.48736462093863,560.0,50.77262693156733,10.596026490066226,2.207505518763797,99.6887417218543,3.0,80.89285714285714,1.4354504798179124,0.8091581035208268,0.7565002908142039,0.9452858265490752,-0.2117609502132742
E01011645,144,340,251,196,107,2.40194489465154,32.739059967585085,7.293354943273905,24.14910858995137,3.727714748784441,70.82658022690438,1.9417475728155336,44.98381877022653,617.0,42.62626262626263,56.56565656565656,2.4242424242424243,104.35425101214577,4.0,80.22690437601297,-8.857736240913816,0.7967301739661219,0.8299932629087556,0.977823450766986,-0.227239209626397
E01011646,154,150,113,-4,-41,2.725460122699386,25.0,13.650306748466257,16.129032258064516,2.9185867895545314,80.64516129032258,3.374233128834356,45.70552147239264,652.0,16.666666666666664,11.403508771929824,1.3157894736842104,94.41008771929825,4.0,69.93865030674846,-1.117142632365664,0.9131301635331782,0.8756228583852284,1.1151839750358292,-0.0908768416998108
E01011647,24,59,25,35,1,3.4203703703703705,19.814814814814817,29.444444444444446,29.88929889298893,4.059040590405904,66.05166051660517,10.497237569060774,34.06998158379374,540.0,16.010498687664043,23.62204724409449,3.937007874015748,104.1732283464567,2.0,70.55555555555556,-0.6066698142422777,0.7946627998669055,0.7468399513973194,1.0249085358249552,-0.2298374054161419
E01011648,16,20,9,4,-7,3.211805555555556,17.708333333333336,24.305555555555557,17.82006920415225,0.1730103806228373,81.83391003460207,6.239168110918544,43.32755632582322,576.0,1.0389610389610389,11.688311688311687,3.116883116883117,100.8051948051948,3.0,66.84027777777779,-2.3376623376623384,0.8356970427356643,0.8049070958187349,1.0671435774624851,-0.1794891206483951
E01011649,85,126,87,41,2,2.406392694063927,26.48401826484018,6.240487062404871,10.35007610350076,0.60882800608828,88.73668188736681,0.45662100456621,64.07914764079148,657.0,5.147058823529411,29.411764705882355,6.862745098039216,130.52334152334151,5.0,62.10045662100456,0.1733620277379222,0.8463385283159631,0.8183891700013172,0.9468489962082696,-0.1668358477415283
E01011650,100,298,179,198,79,2.505804311774461,25.870646766169152,8.955223880597014,13.598673300165837,5.970149253731343,80.09950248756219,0.6644518272425249,60.29900332225914,603.0,21.153846153846157,19.95192307692308,4.567307692307692,132.53605769230768,5.0,68.98839137645108,-4.548757111056134,0.7825960748201601,0.7765861541095351,0.9598878796500684,-0.2451385847817045
E01011651,283,367,338,84,55,2.335423197492163,28.213166144200624,3.918495297805643,13.636363636363637,20.37617554858934,65.8307210031348,2.18408736349454,44.92979719188768,638.0,30.923694779116467,14.859437751004014,2.208835341365462,93.4859437751004,3.0,78.0564263322884,-1.9952923476382776,0.8723983968663619,0.8374194638520408,1.0916893446333211,-0.1365090822694167
E01011652,115,259,182,144,67,2.4493783303730017,28.419182948490228,6.394316163410302,13.571428571428571,6.785714285714286,79.28571428571428,1.7825311942959003,54.36720142602496,563.0,18.01801801801802,26.426426426426424,1.2012012012012012,110.67267267267268,5.0,59.14742451154529,-3.87381710633129,0.8180782835384109,0.8142415970462811,0.9621221304781064,-0.200797245811251
E01011653,219,391,294,172,75,2.170886075949367,36.86708860759494,3.79746835443038,35.54502369668246,1.4218009478672986,62.55924170616114,1.109350237717908,44.05705229793978,632.0,53.4804753820034,50.25466893039049,3.735144312393888,96.7962648556876,5.0,93.19620253164555,-12.173375794898575,0.7997478217404526,0.8710770356908596,0.9933464553058412,-0.2234588238318018
E01011654,41,56,45,15,4,2.75046904315197,16.51031894934334,6.00375234521576,5.827067669172932,0.9398496240601504,93.23308270676692,1.1235955056179776,69.66292134831461,533.0,4.624277456647398,32.65895953757225,5.780346820809249,135.01445086705203,5.0,64.9155722326454,-3.1791907514450823,0.8350210356233921,0.8180461817906067,1.038065147407366,-0.1802983620852599
E01011655,300,388,364,88,64,2.015151515151515,41.59779614325069,3.8567493112947657,27.20994475138121,4.41988950276243,68.23204419889503,1.793103448275862,38.068965517241374,726.0,70.78651685393258,30.658105939004816,4.333868378812198,117.32263242375602,5.0,85.81267217630854,0.3038367938694164,0.8464272516331937,0.8015074792444025,0.9813644431446884,-0.1667310212872571
E01011656,113,73,133,-40,20,2.3865414710485133,33.02034428794992,7.511737089201878,12.695924764890282,47.33542319749217,39.18495297805642,4.38871473354232,31.504702194357364,639.0,9.44558521560575,0.6160164271047228,1.642710472279261,75.25872689938399,1.0,76.21283255086072,-1.642710472279263,1.020034646369364,1.0139373842085386,1.0978690159727682,0.0198365937481016
E01011657,57,51,79,-6,22,2.115894039735099,40.2317880794702,4.801324503311259,7.43801652892562,54.54545454545454,37.52066115702479,6.270627062706271,20.462046204620464,604.0,28.33333333333333,1.0416666666666663,3.5416666666666665,68.70208333333333,1.0,79.47019867549669,-5.77755905511812,0.9523956319252466,0.960317022091079,1.1278224963855126,-0.0487747507667102
E01011658,337,351,276,14,-61,2.274300932090546,36.884154460719046,7.723035952063914,11.819389110225764,62.01859229747676,24.302788844621517,7.209612817089453,17.489986648865152,751.0,35.06343713956171,0.1153402537485582,6.113033448673587,73.46943483275663,1.0,115.44607190412783,-7.226188450307802,1.015984779535014,1.0839189821243105,1.0860371665953212,0.0158583682714531
E01011659,161,132,168,-29,7,2.200906344410876,38.97280966767372,7.250755287009064,12.217194570135746,49.92458521870287,37.10407239819005,6.93815987933635,21.26696832579185,662.0,32.90203327171904,0.1848428835489833,1.8484288354898335,71.24444444444444,1.0,81.72205438066466,-1.8146161128894112,0.9978017506726726,0.9881010919390868,1.0883729741380248,-0.0022006690240948
E01011660,269,207,250,-62,-19,2.393899204244032,31.697612732095493,9.151193633952255,13.606340819022458,37.64861294583884,43.72523117569353,4.907161803713528,20.159151193633956,754.0,15.44011544011544,0.2886002886002886,2.741702741702741,80.56277056277057,1.0,91.90981432360743,-1.542901542901565,1.0585977548472627,1.0861342732399453,1.0334809092508506,0.0569451595697322
E01011661,242,355,228,113,-14,1.8004561003420751,55.30216647662486,4.3329532497149374,5.466970387243736,68.67881548974944,24.829157175398635,4.3329532497149374,14.253135689851767,877.0,56.8445475638051,1.6241299303944314,2.088167053364269,64.41647331786542,1.0,98.2896237172178,-11.255732867064427,0.8968336088978976,0.9758851975825472,1.0756287949021903,-0.1088849314568564
E01011662,37,58,58,21,21,2.6312741312741315,34.55598455598455,14.864864864864863,7.722007722007722,73.55212355212355,18.146718146718147,10.444874274661508,12.379110251450678,518.0,28.281250000000004,0.15625,1.40625,73.2,1.0,123.55212355212356,-12.13869750656168,0.8493978237048979,0.9430827760097592,0.9350716763138374,-0.163227623262008
E01011663,171,157,142,-14,-29,2.872448979591837,19.21768707482993,12.585034013605442,8.460236886632826,53.299492385786806,33.840947546531304,8.135593220338983,21.35593220338983,588.0,7.706766917293232,0.7518796992481203,1.3157894736842104,80.56954887218045,1.0,90.47619047619048,-0.5639097744360777,0.9928552060915282,0.9892100553052836,1.0221570363049044,-0.0071704401796953
E01011664,134,155,170,21,36,2.2889273356401385,33.910034602076124,5.88235294117647,8.996539792387544,38.92733564013841,51.21107266435986,5.709342560553633,25.951557093425603,578.0,11.631944444444445,0.6944444444444444,1.5625,75.55239786856127,1.0,99.65397923875432,-3.333548331613345,0.9217919051780074,0.937020342443625,0.9754343639224522,-0.0814357802725737
E01011665,179,130,201,-49,22,2.1391035548686244,38.94899536321484,5.255023183925812,12.808641975308642,29.475308641975307,56.6358024691358,4.179566563467492,34.05572755417957,647.0,29.262672811059907,6.451612903225806,2.5345622119815667,71.49308755760369,1.0,67.07882534775888,-1.1435001607544737,0.971033373949877,0.9490940307192984,1.0926469911705332,-0.0293944405812888
E01011666,64,31,52,-33,-12,2.400335008375209,24.623115577889447,4.522613065326634,10.252100840336134,3.361344537815126,86.38655462184875,1.51006711409396,55.033557046979865,597.0,3.582089552238806,5.074626865671641,2.0895522388059704,83.92835820895522,3.0,56.11390284757118,-1.194029850746281,1.01008567975234,0.975634534207797,1.2073854659115475,0.0100351586931453
E01011667,60,87,75,27,15,2.9005524861878453,20.994475138121548,15.65377532228361,8.287292817679557,76.61141804788214,14.917127071823206,9.576427255985267,19.33701657458564,543.0,23.30275229357798,0.3669724770642202,2.568807339449541,70.38165137614679,1.0,100.3683241252302,-6.067510181602098,0.932600799790305,1.0088524359493871,0.9228500714838664,-0.0697780370162781
E01011668,70,120,54,50,-16,2.786666666666666,36.333333333333336,21.666666666666668,69.89966555183946,16.88963210702341,12.709030100334449,4.340567612687813,33.3889816360601,600.0,33.51749539594843,75.50644567219152,0.7366482504604052,99.35911602209944,3.0,90.5,0.1179256232879732,0.8719398406775419,0.8407138919224061,0.9956754720216208,-0.1370348475017707
E01011669,59,83,41,24,-18,2.531428571428572,33.14285714285714,13.904761904761903,61.5678776290631,12.619502868068832,24.665391969407267,3.816793893129771,28.435114503816795,525.0,26.506024096385545,75.30120481927712,2.409638554216868,86.5421686746988,2.0,94.85714285714286,-2.548568565376818,0.904065010647791,0.910703286330008,0.9690181162964028,-0.1008540067422823
E01011670,444,467,450,23,6,2.3529411764705883,37.21227621483376,8.823529411764707,29.246487867177525,52.74584929757344,16.985951468710088,11.0397946084724,14.634146341463412,782.0,57.88359788359788,12.698412698412698,0.7407407407407408,69.50741525423729,2.0,120.84398976982098,-19.922809306370947,0.8359154438808275,0.9500577418772912,1.1629791896381385,-0.1792278146960233
E01011671,191,246,180,55,-11,2.615264797507788,33.64485981308411,15.732087227414327,19.40532081377152,55.55555555555556,23.474178403755868,11.856474258970358,20.904836193447736,642.0,26.455906821963392,12.146422628951749,1.8302828618968388,74.47920133111481,1.0,93.61370716510903,-7.805195705570078,0.9209640527993388,0.9413526917343344,1.1021910622612012,-0.0823342741081552
E01011673,8,6,5,-2,-3,2.373096446700508,35.65989847715736,10.025380710659896,50.76142131979695,36.29441624365482,12.30964467005076,13.375796178343949,9.80891719745223,788.0,18.13784764207981,86.81983071342201,2.418379685610641,70.50906892382103,1.0,104.9492385786802,-6.3513358458591735,1.060498511042916,1.118666497321983,1.1261269710212007,0.0587390910073911
E01011677,150,176,105,26,-45,2.0703324808184145,48.84910485933504,6.521739130434782,35.083226632522404,49.16773367477592,14.7247119078105,10.61381074168798,7.928388746803069,782.0,46.50259067357513,46.1139896373057,6.476683937823833,72.55181347150258,1.0,98.72122762148338,0.097568846160867,1.2072423944175046,1.1149109800370354,1.387866888890015,0.1883387458282938
E01011678,430,481,398,51,-32,2.058275058275058,45.57109557109557,7.459207459207459,67.32788798133022,23.453908984830804,8.868144690781797,4.900816802800467,13.068844807467912,858.0,88.48484848484848,35.84415584415584,3.0303030303030303,63.891774891774894,4.0,134.6153846153846,-23.822592501837786,0.6835030000416298,0.8132704040624729,1.03004391534531,-0.3805242335934863
E01011681,312,399,366,87,54,2.369158878504673,40.965732087227416,11.370716510903426,42.74570982839314,45.08580343213728,11.54446177847114,11.059190031152648,17.91277258566978,642.0,67.15758468335787,28.865979381443296,0.5891016200294551,73.77548005908419,1.0,105.7632398753894,6.470764301530241,0.8846198779910805,0.8207483881371668,0.8603917386118982,-0.1225972426370547
E01011684,99,154,137,55,38,2.409509202453988,26.84049079754601,5.214723926380368,9.907120743034056,10.8359133126935,78.48297213622291,2.773497688751926,46.687211093990754,652.0,14.716981132075473,5.09433962264151,2.4528301886792456,97.4328922495274,4.0,81.28834355828221,-3.2854057740395626,0.8613165210098265,0.8349582988768198,1.0956199416627896,-0.1492932218896913
E01011685,376,445,443,69,67,2.24263839811543,30.859835100117785,4.593639575971731,31.330977620730277,5.535924617196701,61.83745583038869,2.0047169811320757,42.45283018867924,849.0,52.42587601078167,16.442048517520217,1.8867924528301887,112.9365721997301,5.0,87.39693757361601,-4.869141813755329,0.8281937872533852,0.8110117705101555,1.0743090796336898,-0.1885081094040164
E01011686,239,311,337,72,98,1.9140722291407224,49.93773349937734,3.7359900373599,9.86267166042447,54.30711610486891,35.33083645443196,5.223880597014925,16.044776119402986,803.0,46.53215636822195,0.1261034047919293,4.4136191677175285,64.99747793190416,1.0,98.75466998754668,-11.717811361221708,0.9080190099330968,0.9428848568764742,1.187121405700145,-0.0964899645503338
E01011687,111,96,73,-15,-38,2.54421768707483,27.040816326530614,9.013605442176871,13.26530612244898,5.782312925170068,80.4421768707483,2.380952380952381,52.21088435374149,588.0,25.91687041564792,18.82640586797066,2.689486552567237,123.40097799511004,5.0,69.5578231292517,-2.4142230282226063,0.9188207411070682,0.8856537424049418,1.179633741480166,-0.0846642342958773
E01011688,301,255,286,-46,-15,2.4934210526315788,20.88815789473684,6.578947368421052,17.898193760262725,15.435139573070607,66.17405582922824,3.594771241830065,45.09803921568628,608.0,4.05982905982906,10.256410256410255,1.282051282051282,84.56837606837607,4.0,76.97368421052632,-0.8547008547008406,0.9482901000192392,0.9184604862526866,1.099205935716827,-0.0530948108609227
E01011689,409,368,408,-41,-1,2.012453300124533,36.612702366127024,1.86799501867995,18.02252816020025,17.39674593241552,64.4555694618273,1.3681592039800996,39.55223880597015,803.0,25.8364312267658,17.657992565055764,1.6728624535315983,77.06877323420075,4.0,66.99875466998755,-5.458712945663269,0.9666365203432256,0.9441041898507296,1.2920729958411126,-0.0339327380138057
E01011690,391,448,374,57,-17,2.048192771084337,40.51204819277108,4.969879518072289,32.37951807228915,3.313253012048193,63.70481927710844,0.4524886877828055,41.02564102564102,664.0,55.71428571428572,42.85714285714285,2.5,94.65178571428572,5.0,84.33734939759037,-6.899534601375956,0.8386629209494185,0.8424506713432492,1.0808043751339376,-0.1759464161164174
E01011691,434,439,468,5,34,2.1826086956521737,37.53623188405797,5.797101449275362,21.88405797101449,41.01449275362319,36.52173913043478,3.0478955007256894,29.172714078374455,690.0,32.94314381270903,20.735785953177256,1.3377926421404682,76.70252100840337,2.0,86.66666666666667,-6.370281892021024,0.9090476190158958,0.9147722340869544,1.1119135556151187,-0.0953578000206639
E01011692,451,419,432,-32,-19,2.089385474860335,36.312849162011176,3.7709497206703912,35.04867872044507,6.11961057023644,58.55354659248957,2.092050209205021,37.238493723849366,716.0,48.722316865417376,35.43441226575809,1.8739352640545144,96.50596252129472,5.0,81.98324022346368,-4.977764691311293,0.9553401182282908,0.9604050724159956,1.122353731745041,-0.045687857164226
E01011693,223,144,191,-79,-32,1.9881889763779528,38.05774278215223,2.8871391076115485,47.62532981530343,3.95778364116095,48.41688654353562,1.4492753623188406,26.48221343873518,762.0,24.71264367816092,65.80459770114942,1.8678160919540232,79.87787356321839,4.0,91.33858267716536,-3.561322130812772,1.0141487336388155,1.0120008410385624,1.1677220419504626,0.0140495745296901
E01011694,72,149,86,77,14,2.5267489711934155,27.709190672153632,8.77914951989026,46.58469945355191,3.6885245901639343,49.45355191256831,1.9178082191780823,42.6027397260274,729.0,35.121107266435985,26.124567474048444,1.5570934256055362,110.72318339100346,5.0,79.28669410150891,-3.7972408214622666,0.8297829807925219,0.8155326097235983,1.0282649785380389,-0.1865910813051248
E01011695,197,234,198,37,1,2.275482093663912,38.84297520661157,7.162534435261708,11.691884456671252,50.61898211829436,36.86382393397524,7.702888583218708,15.130674002751032,726.0,38.654147104851326,0.3129890453834116,2.3474178403755865,74.86541471048513,1.0,88.01652892561982,-3.144913928012516,0.9483643097291006,0.9318395970013716,1.108565123553355,-0.0530165575855576
E01011696,98,79,66,-19,-32,2.3541033434650456,25.835866261398177,4.711246200607903,4.26179604261796,5.175038051750381,89.95433789954338,0.45662100456621,68.4931506849315,658.0,6.903765690376569,9.832635983263598,3.556485355648536,155.64644351464435,5.0,72.64437689969606,-4.8117154811715634,0.9005647807380858,0.90414866758638,1.077107508430342,-0.1047331783216191
E01011697,234,376,375,142,141,2.2809315866084425,26.63755458515284,3.7845705967976713,12.209302325581394,13.662790697674415,72.67441860465115,0.7256894049346879,55.00725689404935,687.0,3.5541195476575123,13.08562197092084,3.0694668820678515,116.5718901453958,4.0,90.1018922852984,-5.52900073717394,0.8243311047418839,0.8386491627918764,0.936063599587206,-0.1931830036401066
E01011698,246,81,134,-165,-112,2.310126582278481,25.79113924050633,5.063291139240507,9.018987341772153,8.702531645569621,81.9620253164557,0.949367088607595,59.81012658227848,632.0,5.47945205479452,2.73972602739726,1.095890410958904,95.07123287671232,5.0,57.75316455696202,-1.2615482637782782,1.0717094579068775,1.05982189887859,1.1690467552804509,0.0692549978419221
E01011699,224,196,376,-28,152,2.2439446366782008,24.91349480968858,2.422145328719723,11.11111111111111,0.8680555555555556,87.84722222222221,0.6932409012131715,62.56499133448874,578.0,0.0,1.1299435028248588,1.1299435028248588,95.6638418079096,5.0,61.245674740484425,-2.7660477044407217,0.9123764009247796,0.8939807154906549,1.0994103459477025,-0.0917026537411488
E01011700,455,477,431,22,-24,2.193708609271523,34.105960264900666,4.470198675496689,9.286898839137644,5.804311774461028,83.91376451077943,0.8291873963515755,49.75124378109453,604.0,38.02521008403361,2.3109243697478994,1.4705882352941175,90.33403361344538,4.0,78.80794701986756,-15.219275210084026,0.8052660147051293,0.8797833355115813,1.0847029957187335,-0.2165826031013073
E01011701,397,277,242,-120,-155,2.2936241610738257,24.832214765100677,3.859060402684564,8.207705192629817,6.030150753768844,84.25460636515912,1.006711409395973,61.07382550335571,596.0,9.728506787330318,9.276018099547512,0.6787330316742082,106.6447963800905,5.0,74.16107382550335,0.0697699623377845,0.9921436772281508,0.9531987232429168,1.147426180766174,-0.0078873462694982
E01011702,82,177,104,95,22,2.4879518072289155,19.879518072289155,5.271084337349398,6.315789473684211,2.1052631578947367,90.97744360902256,0.1508295625942685,74.50980392156863,664.0,7.392996108949417,11.284046692607005,1.1673151750972763,178.25097276264592,5.0,77.40963855421687,-0.0768496774599225,0.8183926417534724,0.8049069109469691,0.8688439636723514,-0.2004130553999584
E01011703,146,185,238,39,92,2.1651865008880997,24.156305506216697,2.664298401420959,3.3628318584070795,1.238938053097345,95.39823008849557,0.5300353356890459,75.79505300353357,563.0,9.935897435897436,0.641025641025641,1.9230769230769231,130.22115384615384,5.0,55.41740674955595,-4.836829836829837,0.8729234174426893,0.8753688736835673,1.0430779808360364,-0.1359074504238058
E01011704,452,469,482,17,30,1.8802447552447552,43.61888111888112,1.7482517482517483,20.157068062827225,23.82198952879581,53.31588132635253,1.138353765323993,33.274956217162874,1144.0,43.13534566699124,18.500486854917234,1.460564751703992,88.87231968810916,3.0,89.77272727272727,-8.378885985661322,0.8334373551812843,0.8580662683421286,0.9957648333249616,-0.1821967383665575
E01011705,373,158,307,-215,-66,2.127725856697819,34.26791277258567,3.2710280373831773,9.345794392523365,33.8006230529595,56.230529595015575,2.65625,27.96875,642.0,9.327548806941431,3.036876355748373,1.735357917570499,75.353579175705,2.0,71.80685358255452,-2.1691973969631184,1.075069052372888,1.0692892508281435,1.1811405485995976,0.0723848942821389
E01011706,116,313,211,197,95,2.482982171799028,17.3419773095624,5.9967585089141,9.40032414910859,2.26904376012966,88.16855753646678,0.1618122977346278,71.03559870550163,617.0,11.059907834101384,16.82027649769585,3.4562211981566824,168.66129032258064,5.0,70.34035656401944,-5.343530718360345,0.7879397597612383,0.8129791505234503,0.8626766739417525,-0.2383336390499837
E01011707,249,218,340,-31,91,2.1747899159663864,33.61344537815126,3.697478991596639,6.408094435075886,13.659359190556492,79.59527824620574,1.512605042016807,45.54621848739496,595.0,2.557544757033248,2.557544757033248,2.0460358056265986,91.01790281329924,4.0,65.71428571428571,-2.16289272867154,0.9316611063606922,0.9156524531903436,1.0759797710949708,-0.070786150206915
E01011708,189,209,204,20,15,2.3423566878980893,25.0,3.821656050955414,10.031847133757962,6.847133757961784,83.12101910828027,0.4777070063694267,64.80891719745223,628.0,6.63265306122449,19.642857142857142,5.1020408163265305,138.32397959183675,5.0,62.42038216560509,-1.3384983623078828,0.8887869506095182,0.8733494490238944,0.9968111949118776,-0.1178977227969942
E01011709,366,435,409,69,43,2.4071005917159765,26.50887573964497,6.272189349112427,7.792207792207792,9.327036599763874,78.98465171192444,0.2366863905325444,61.30177514792899,845.0,15.96244131455399,12.519561815336465,1.5649452269170578,122.61815336463224,5.0,75.62130177514793,-4.858942493573803,0.828412377752482,0.8289561857002844,0.9936614742787792,-0.188244207814148
E01011710,326,324,367,-2,41,2.25518341307815,30.14354066985646,3.668261562998405,12.779552715654953,7.348242811501597,79.2332268370607,0.6369426751592357,51.433121019108285,627.0,15.053763440860216,28.817204301075268,0.2150537634408602,107.61075268817204,5.0,74.16267942583733,-1.434125551054943,0.9067568680090228,0.90194214400755,0.9753163919654206,-0.0978809265340273
E01011711,257,299,308,42,51,2.14741641337386,34.34650455927052,3.7993920972644375,14.41578148710167,10.773899848254931,74.35508345978755,0.7587253414264037,51.28983308042488,658.0,17.408906882591094,37.04453441295546,4.453441295546559,120.1497975708502,5.0,75.07598784194529,-6.477732793522262,0.8764944650331921,0.8861911011006548,1.0861912655679082,-0.1318248894916798
E01011712,127,297,304,170,177,2.369885433715221,25.53191489361702,5.400981996726677,16.474464579901152,11.037891268533771,72.48764415156508,1.9639934533551555,55.15548281505729,611.0,1.9704433497536944,34.48275862068966,8.12807881773399,119.10344827586206,4.0,66.44844517184943,-7.314200042835727,0.8056928944874617,0.8195054885611921,0.988327434263262,-0.2160526332927815
E01011713,89,217,141,128,52,2.517630465444288,18.899858956276447,5.500705218617771,7.092198581560284,1.4184397163120568,91.48936170212764,0.847457627118644,73.72881355932203,709.0,4.301075268817205,14.623655913978496,3.225806451612903,163.16559139784945,5.0,65.58533145275035,-1.5848461410133965,0.8059615550025238,0.7991645834822352,0.8796895008940216,-0.2157192361211538
E01011714,431,392,425,-39,-6,2.513020833333333,23.567708333333336,8.984375,6.847545219638243,10.723514211886306,82.17054263565892,1.423027166882277,46.05433376455368,768.0,5.295315682281059,0.2036659877800407,1.2219959266802445,86.19755600814663,4.0,63.93229166666666,-1.6293279022403184,0.946187605566987,0.9275460234574217,1.069433060577461,-0.0553144150391499
E01011715,305,327,322,22,17,2.3304647160068845,24.78485370051635,4.475043029259897,7.903780068728522,2.405498281786942,89.17525773195877,1.2048192771084338,56.970740103270224,581.0,1.08991825613079,10.08174386920981,2.17983651226158,109.64850136239782,5.0,63.16695352839932,-7.901907356948223,0.8948556396729733,0.912427583181404,1.11198334095038,-0.1110928701717322
E01011716,119,139,156,20,37,2.5394524959742357,23.832528180354267,8.695652173913043,10.272873194221509,3.8523274478330656,85.71428571428571,1.7741935483870968,59.193548387096776,621.0,3.125,2.8846153846153846,2.403846153846154,116.48076923076924,4.0,66.98872785829307,-2.163461538461542,0.8813056255059507,0.8543308204286905,1.0890609150970345,-0.1263508057062097
E01011717,407,396,440,-11,33,2.227900552486188,34.806629834254146,4.143646408839778,7.734806629834254,29.41988950276243,62.84530386740331,2.071823204419889,40.60773480662984,724.0,22.753346080305928,0.1912045889101338,0.5736137667304015,80.8604206500956,2.0,72.23756906077348,-4.578657877065173,0.9330156407247856,0.929224395400722,1.1055310077234977,-0.0693333143687833
E01011718,422,335,384,-87,-38,2.358009708737864,30.8252427184466,5.582524271844661,12.5,27.66990291262136,58.00970873786408,3.272727272727273,34.54545454545455,824.0,9.955423476968797,0.1485884101040119,0.5943536404160475,82.05646359583953,2.0,81.6747572815534,0.3575033719457554,1.0361437764925312,1.0124120853078726,1.0996799827628727,0.0355059146063788
E01011719,178,164,262,-14,84,2.236133122028526,26.46592709984152,3.011093502377179,5.388272583201268,8.240887480190175,86.05388272583201,0.3169572107765451,50.07923930269413,631.0,0.0,9.925558312655088,1.9851116625310172,99.49627791563276,4.0,63.86687797147385,-2.615119428712142,0.9201331229485756,0.8878171663103146,1.1750019520449435,-0.0832369205497736
E01011720,393,348,399,-45,6,2.1714697406340058,36.59942363112392,5.043227665706052,11.3997113997114,42.56854256854257,45.02164502164502,4.028776978417266,24.74820143884892,694.0,24.288107202680067,0.5025125628140703,0.8375209380234505,78.78559463986599,1.0,86.02305475504323,2.831426207341925,1.0359098714829769,0.9918447668525228,1.0640766767529517,0.035280143414811
E01011721,347,334,306,-13,-41,2.527508090614887,27.508090614886733,8.090614886731391,15.6957928802589,39.64401294498382,44.49838187702265,6.320907617504052,21.71799027552674,618.0,11.83533447684391,0.1715265866209262,3.7735849056603774,80.8164665523156,1.0,94.33656957928802,2.019268318001388,1.1053079112561164,1.2024684267490946,0.9206192712141952,0.1001239488737248
E01011722,443,382,410,-61,-33,2.3116740088105727,32.929515418502206,6.057268722466961,13.956043956043956,31.31868131868132,54.175824175824175,3.7321624588364433,25.57628979143798,908.0,18.926974664679584,2.384500745156483,0.8941877794336811,73.58718330849479,2.0,73.89867841409692,-2.1398299446455105,1.0409486494176226,1.038842983767417,1.116506686542622,0.0401324602870747
E01011723,404,365,390,-39,-14,2.402542372881356,29.80225988700565,7.768361581920905,12.236286919831224,49.648382559774966,37.83403656821378,6.179775280898876,21.34831460674157,708.0,14.055636896046853,0.2928257686676427,2.928257686676428,74.51244509516837,1.0,96.46892655367232,-6.811025273088289,1.0748781474829223,1.1187999563700108,1.1942487419499448,0.0722073039762188
E01011724,315,247,292,-68,-23,2.2197149643705463,35.15439429928741,5.7007125890736345,9.263657957244655,45.36817102137768,44.29928741092636,5.344418052256532,17.695961995249405,842.0,32.27953410981697,0.0,0.4991680532445923,71.70666666666666,1.0,71.37767220902613,-2.074848184194178,1.072562224366122,1.075315489542609,1.1349753248119228,0.0700503881940427
E01011725,259,221,227,-38,-32,2.225997045790251,38.99556868537666,5.908419497784342,9.30576070901034,62.77695716395865,26.587887740029544,6.646971935007386,15.36189069423929,677.0,41.44295302013423,0.0,16.946308724832214,67.77181208053692,1.0,88.0354505169867,-4.684104203965578,1.0670187239182245,1.0814323271710025,1.1770334539263756,0.0648685203551748
E01011726,250,194,231,-56,-19,2.3054711246200608,34.19452887537994,6.838905775075988,9.711684370257966,43.70257966616085,45.52352048558422,5.757575757575758,26.060606060606062,658.0,22.287968441814595,5.719921104536489,5.128205128205128,75.49704142011835,1.0,77.05167173252279,-4.503951971666742,1.0069223269480732,1.0285745992590745,1.0897925480476929,0.0068984776414269
E01011727,309,225,288,-84,-21,2.276218611521418,29.098966026587885,4.431314623338257,13.215859030837004,9.985315712187958,75.77092511013215,2.806499261447563,37.8138847858198,677.0,6.471816283924843,6.6805845511482245,1.2526096033402925,78.92066805845512,3.0,70.7533234859675,-2.491101064868362,0.9560823962594184,0.9528087299740464,1.0553377167045357,-0.0449111810888791
E01011728,177,156,166,-21,-11,2.2353896103896105,28.8961038961039,4.058441558441558,10.40650406504065,6.504065040650407,82.92682926829268,1.461038961038961,44.642857142857146,616.0,4.044943820224719,13.707865168539326,4.044943820224719,96.12584269662922,3.0,72.24025974025975,-2.041724952243429,0.9117126211947524,0.8841913584503183,1.0944061681285966,-0.0924304469039573
E01011729,175,137,202,-38,27,2.037593984962406,45.48872180451128,4.887218045112782,35.38268506900879,31.74404015056462,31.74404015056462,4.385964912280701,16.165413533834585,798.0,28.184281842818425,50.0,2.710027100271003,71.15760869565217,1.0,92.4812030075188,-9.075182967398554,0.9918375822282788,1.0390317212166171,1.1704651283552,-0.0081959126945506
E01011730,265,251,248,-14,-17,2.307121661721068,32.34421364985163,6.676557863501484,19.469026548672566,36.72566371681416,42.77286135693216,5.769230769230769,20.710059171597635,674.0,16.415868673050614,14.09028727770178,3.967168262653898,80.36114911080712,1.0,108.45697329376856,-4.653793538882467,0.9808783021110106,0.995417881834876,1.0841838193492062,-0.0193068820449345
E01011731,359,283,277,-76,-82,2.3862876254180603,26.421404682274247,5.68561872909699,8.514190317195327,7.6794657762938225,83.80634390651085,1.1705685618729096,42.97658862876254,598.0,11.868686868686869,1.5151515151515151,6.565656565656567,77.80050505050505,4.0,66.22073578595318,-8.39735381988903,0.9732767810845137,1.0124489825391876,1.1362506287675518,-0.0270867757013838
E01011732,368,279,240,-89,-128,2.3977556109725686,24.81296758104738,6.733167082294264,16.936488169364882,5.72851805728518,77.08592777085927,2.985074626865672,39.55223880597015,802.0,11.669658886894076,11.490125673249551,1.2567324955116697,77.8491921005386,4.0,69.45137157107231,-2.6929982046678624,0.9722538786671115,0.954522182731136,1.1414378012591553,-0.028138316582048
E01011733,362,284,260,-78,-102,2.1196698762035764,35.213204951856945,3.713892709766162,13.75515818431912,10.31636863823934,70.97661623108665,2.3319615912208507,43.0727023319616,727.0,24.554455445544555,14.257425742574256,1.782178217821782,70.4019801980198,3.0,69.46354883081155,-6.023741909074632,0.9848637155908272,1.0133611961575522,1.1034814645938724,-0.015252007188916
E01011734,441,424,465,-17,24,2.348446683459278,26.61628883291352,4.36607892527288,20.63758389261745,3.02013422818792,76.09060402684564,1.6792611251049538,40.218303946263646,1191.0,24.394966118102616,0.7744433688286544,1.452081316553727,86.1055179090029,5.0,86.73383711167087,-8.166679356515871,0.928494518141062,0.9500828066407832,1.125491363517362,-0.0741908022013534
E01011735,325,316,342,-9,17,2.386459802538787,33.70944992947813,7.898448519040903,11.016949152542372,49.15254237288136,38.70056497175141,4.80225988700565,19.774011299435028,709.0,31.97278911564626,0.1700680272108843,4.591836734693878,73.16326530612245,1.0,82.93370944992948,-6.268608239051588,1.016762718519863,1.0751393184854023,1.0685997267223175,0.0166237747211701
E01011736,298,244,270,-54,-28,2.18380062305296,31.77570093457944,3.738317757009345,11.370716510903426,11.214953271028037,76.94704049844236,1.5625,47.8125,642.0,9.375,19.471153846153847,2.8846153846153846,81.49038461538461,4.0,64.797507788162,-9.430027803521778,0.9606968439216996,0.9889896351641786,1.2126488051893656,-0.040096378757955
E01011737,282,169,223,-113,-59,2.013020833333333,44.921875,4.427083333333334,29.01960784313726,24.052287581699343,46.27450980392157,3.1372549019607843,25.751633986928105,768.0,18.887015177065766,46.3743676222597,5.902192242833052,72.46037099494097,1.0,77.21354166666666,-7.736385342907304,1.0643536483093523,1.1235144762936813,1.1835304295684717,0.0623677119253043
E01011738,293,239,299,-54,6,2.28680981595092,27.607361963190183,3.220858895705521,11.827956989247312,11.059907834101384,76.65130568356375,1.2269938650306749,48.61963190184049,652.0,8.620689655172415,14.532019704433496,1.7241379310344829,90.79802955665023,4.0,62.26993865030674,0.0803415837476007,0.9486049396508562,0.908130170176752,1.1128311314577095,-0.0527628582458082
E01011739,266,138,209,-128,-57,2.1612466124661247,40.37940379403794,6.368563685636857,7.181571815718158,51.0840108401084,41.32791327913279,4.755434782608696,25.0,738.0,39.92740471869328,0.7259528130671506,1.088929219600726,71.99092558983666,1.0,74.66124661246613,-0.899406382335155,1.094518067622762,1.0924478158990862,1.1333413942057489,0.0903141454943818
E01032487,262,214,264,-48,2,2.2910284463894968,32.16630196936542,5.908096280087528,7.6923076923076925,36.92307692307693,54.72527472527473,4.385964912280701,33.33333333333333,457.0,14.114114114114114,3.003003003003003,1.5015015015015014,75.92792792792793,2.0,72.86652078774617,-3.003003003003002,0.9788241299606856,0.9727767296473072,1.1084295055694762,-0.0214032951217758
E01032488,453,441,456,-12,3,2.3852242744063323,23.87862796833773,4.749340369393139,6.578947368421052,8.157894736842106,84.34210526315789,0.6596306068601583,65.4353562005277,758.0,18.250950570342205,0.9505703422053232,1.1406844106463878,100.0684410646388,5.0,69.39313984168865,-13.046888185130411,0.9120003060340413,1.0046439288114064,1.054317405377752,-0.0921149533442202
E01032489,420,374,387,-46,-33,2.1472081218274117,33.807106598984774,3.857868020304569,34.41624365482234,7.715736040609138,56.954314720812185,2.032520325203252,25.914634146341463,985.0,25.05966587112172,38.3054892601432,1.909307875894988,73.61933174224343,3.0,85.0761421319797,-2.9723913512335054,0.973182159577767,0.9749893124595508,1.067455190396874,-0.0271839999529151
E01032490,233,199,236,-34,3,2.422145328719723,24.74048442906574,4.671280276816609,16.81109185441941,4.852686308492201,78.33622183708839,2.768166089965398,28.027681660899656,578.0,0.5063291139240507,2.7848101265822782,1.2658227848101269,76.77215189873418,5.0,68.33910034602077,-0.6786512073183815,0.9330657324220342,0.918061461206443,1.0099571913480967,-0.0692796278597367
E01032491,355,271,360,-84,5,2.433808553971487,21.58859470468432,3.054989816700611,10.0,2.653061224489796,87.14285714285714,1.4227642276422765,46.54471544715447,491.0,2.0,0.0,0.6666666666666667,84.87666666666667,5.0,61.09979633401223,-3.333333333333321,0.9634220918001812,0.9702285153331258,1.0573402668362228,-0.0372636539713076
E01032492,421,332,263,-89,-158,1.952157598499062,41.93245778611632,4.033771106941838,38.0281690140845,23.004694835680752,38.59154929577465,4.225352112676056,13.333333333333334,1066.0,39.25667828106853,36.93379790940767,1.7421602787456445,67.0952380952381,2.0,80.76923076923077,-7.34123112659698,1.081323695413604,1.146019333009917,1.1769912727011524,0.0781859345492853
E01032493,371,108,192,-263,-179,2.131455399061033,30.359937402190923,2.660406885758998,18.252730109204368,1.0920436817472698,80.34321372854915,1.09375,44.0625,639.0,13.785557986870897,1.5317286652078774,2.1881838074398248,68.24070021881838,5.0,71.51799687010954,-2.849841169719181,1.066296655628321,1.0657149231268226,1.1792449601208208,0.0641915756104828
E01032494,164,162,154,-2,-10,2.5941828254847645,28.116343490304708,12.465373961218836,15.512465373961218,47.50692520775623,36.56509695290859,7.340720221606649,33.10249307479224,722.0,19.879518072289155,16.867469879518072,2.0080321285140563,80.9839357429719,1.0,68.97506925207756,-1.9013814594477485,0.948577115104532,0.9480763578954112,1.0133193640651916,-0.0527921907458248
E01032496,457,406,454,-51,-3,2.308499475341028,27.70199370409234,3.04302203567681,14.690451206715634,11.12277019937041,70.93389296956978,0.7345225603357817,41.86778593913956,953.0,6.397774687065369,16.689847009735743,0.6954102920723227,85.06954102920723,4.0,75.44596012591815,-0.1396621712754231,0.9685229755407554,0.9447095822349384,1.060388183209774,-0.0319830736072212
E01032497,158,178,175,20,17,2.5378548895899056,26.49842271293376,9.621451104100949,16.7192429022082,41.798107255520506,40.53627760252365,7.413249211356467,19.400630914826497,634.0,14.57943925233645,1.3084112149532712,2.2429906542056077,71.27410207939508,1.0,84.38485804416403,-5.158819354075462,0.9176057540449102,0.925411198989178,1.052579402619261,-0.085987442431504
E01032498,140,146,190,6,50,2.296244784422809,29.346314325452017,5.980528511821975,16.50485436893204,4.993065187239944,76.69902912621359,2.3578363384188625,43.68932038834952,719.0,8.193277310924369,15.966386554621849,2.100840336134454,88.39368421052632,2.0,66.20305980528511,-4.088338332608243,0.9079215364958142,0.9034411303618748,1.0759282956096388,-0.0965973176655751
E01032499,323,306,293,-17,-30,2.399429386590585,27.24679029957204,7.988587731811697,14.407988587731811,2.710413694721826,82.31098430813124,2.0,48.285714285714285,701.0,15.88235294117647,12.15686274509804,0.7843137254901961,92.0470588235294,3.0,72.75320970042796,1.112791530685342,0.9381734587982248,0.8934333395264356,1.068264634379782,-0.0638204229803404
E01032500,67,61,51,-6,-16,2.0981308411214954,42.05607476635514,6.074766355140187,54.91419656786272,19.50078003120125,25.429017160686428,4.694835680751173,19.092331768388107,642.0,33.97129186602871,82.13716108452951,2.5518341307815,75.38915470494418,1.0,97.66355140186916,-8.693359645207355,0.9925428710530336,1.085816865572318,1.025403320181569,-0.0074850723380185
E01032501,107,67,128,-40,21,2.2412451361867705,25.29182879377432,2.3346303501945527,7.4074074074074066,4.678362573099415,87.91423001949317,0.390625,53.7109375,514.0,8.857142857142856,4.0,0.8571428571428572,91.95428571428572,5.0,68.09338521400778,-3.1428571428571583,0.9477965912891684,0.9172280233654864,1.2294785335030065,-0.0536153659003912
E01032502,247,166,247,-81,0,2.2007042253521125,39.7887323943662,5.633802816901409,15.70926143024619,39.39038686987104,44.4314185228605,4.694835680751173,23.12206572769953,852.0,25.984251968503933,0.1574803149606299,1.2598425196850394,73.1259842519685,1.0,74.53051643192488,-0.5451241671714069,1.0233177753523095,0.988264960900228,1.1718169891073134,0.0230500695766401
E01032503,142,383,393,241,251,2.364975450081833,28.641571194762683,6.219312602291326,10.277324632952691,1.1419249592169658,87.60195758564437,0.8169934640522877,59.31372549019608,611.0,11.22715404699739,23.75979112271541,4.699738903394255,146.467362924282,5.0,62.68412438625205,-6.779508418114699,0.7596710373836898,0.7781779144921197,0.9091449928386316,-0.2748697849542117
E01032504,19,23,57,4,38,2.379032258064516,27.284946236559136,4.166666666666666,5.7640750670241285,1.206434316353887,93.02949061662198,0.4021447721179624,63.27077747989276,744.0,2.8000000000000003,2.4,2.2666666666666666,121.54739652870494,5.0,100.80645161290325,-1.4388059701492373,0.8323888638996986,0.7938726444127049,1.0506198988908233,-0.1834555628562102
E01032606,482,479,478,-3,-4,2.2915766738660905,30.45356371490281,4.427645788336933,15.184381778741866,27.00650759219089,57.59219088937093,3.1487513572204127,30.184581976112923,926.0,37.69784172661871,2.014388489208633,2.877697841726619,72.25755395683453,2.0,75.05399568034558,-12.162100107148332,0.8842508756981357,0.9795280635967084,1.0521058535795085,-0.123014460568357
E01032607,251,343,195,92,-56,1.9201228878648235,47.31182795698925,3.840245775729647,46.22496147919877,19.26040061633282,34.20647149460709,3.0816640986132517,23.57473035439137,651.0,49.92025518341308,50.07974481658693,2.392344497607656,64.29186602870813,1.0,96.31336405529954,-16.170944629655292,0.8858392007865001,1.020539750085669,1.0974103308520018,-0.121219833802458
E01032608,101,188,218,87,117,2.0998080614203456,42.41842610364684,5.182341650671785,42.47104247104247,3.667953667953668,53.47490347490348,1.348747591522158,31.79190751445087,521.0,35.892116182572614,78.83817427385893,4.771784232365145,84.49064449064448,1.0,92.51439539347408,-11.43062288266703,0.8488977483321296,0.9154028799081606,1.0344824206452412,-0.1638165376953437
E01032876,199,230,96,31,-103,2.507223113964687,21.02728731942215,6.099518459069021,17.307692307692307,3.3653846153846154,79.00641025641025,1.1272141706924317,60.7085346215781,623.0,29.4234592445328,14.7117296222664,2.1868787276341948,136.77335984095427,5.0,80.73836276083468,-1.442289658276752,0.884097676152005,0.8567823921683713,1.05219893492722,-0.123187729063817
E01032946,221,322,139,101,-82,2.283816425120773,36.71497584541063,9.29951690821256,64.4927536231884,12.318840579710146,22.946859903381643,2.527075812274368,22.14199759326113,828.0,63.30275229357798,53.669724770642205,2.293577981651376,92.7190366972477,5.0,105.31400966183575,-4.210762922493672,0.869073169433723,0.8659690002017275,1.034640949590603,-0.140327957682823
E01033002,479,480,476,1,-3,2.079802955665025,43.44827586206896,6.6995073891625605,46.98914116485686,36.821322803553805,15.39980256663376,8.687068114511352,5.133267522211254,1015.0,89.53488372093024,2.48062015503876,0.3100775193798449,63.92325581395349,2.0,127.0935960591133,-4.425838086276318,0.8381899873309064,0.8673590557780657,0.8967835101974467,-0.1765104890040469
E01033003,483,482,484,-1,1,1.9406779661016949,52.79661016949152,4.491525423728813,39.27056827820186,49.44868532654792,9.838846480067854,14.902624894157492,1.7781541066892466,1180.0,96.90641918020108,0.0773395204949729,0.0773395204949729,51.83810999225407,1.0,109.57627118644068,-3.5891082070879405,0.904987331796142,0.7403105346855215,1.0282967385338175,-0.0998343333954966
E01033008,469,488,487,19,18,1.3478991596638656,68.40336134453781,0.0,75.92592592592592,5.555555555555555,18.35016835016835,1.1764705882352942,3.0252100840336134,595.0,99.009900990099,18.217821782178216,0.297029702970297,53.37003968253968,3.0,169.74789915966386,-7.98265819273767,0.5775197209225688,0.3349544653025573,0.8570812140104607,-0.549012688385576
E01033010,374,485,480,111,106,1.399477806788512,67.36292428198433,0.7832898172323759,68.49673202614379,17.908496732026144,13.333333333333334,1.4360313315926894,10.052219321148826,766.0,97.94472005669738,16.229624379872433,0.2834868887313961,52.110559886605245,2.0,184.2036553524804,-13.58843660872448,0.5211508719275162,0.417618368014251,0.848160094429322,-0.6517156977146091
E01033011,487,486,485,-1,-2,1.554959785522788,52.01072386058981,0.4021447721179624,74.86559139784946,6.451612903225806,18.14516129032258,2.546916890080429,1.876675603217158,746.0,99.41214892227302,4.637491835401699,0.2612671456564337,54.2568988173456,3.0,205.2278820375335,-1.172100823643539,0.9566919517903952,0.6253230527773261,1.0902583709360985,-0.0442738288029359
E01033013,406,428,316,22,-90,1.9512534818941505,44.15041782729805,4.596100278551532,57.77777777777777,26.52777777777778,14.444444444444445,7.777777777777778,6.527777777777779,718.0,82.35672891178365,11.976819059884097,0.643915003219575,57.862757731958766,1.0,216.29526462395543,3.62257995277957,1.1910574798589375,0.9295304150676628,1.2616942276342311,0.1748415510548929
E01033015,440,464,451,24,11,1.6149732620320856,45.66844919786096,0.427807486631016,69.989281886388,3.322615219721329,25.723472668810288,1.9251336898395723,0.7486631016042781,935.0,99.5483870967742,0.0,0.0,61.07806451612903,4.0,165.77540106951872,0.12763882115237,1.0357411505145746,0.1960443596360797,1.0528315194164386,0.03511725790274
E01033016,481,487,486,6,5,1.492154065620542,59.05848787446505,0.5706134094151213,66.66666666666666,12.05673758865248,20.28368794326241,2.1337126600284493,2.1337126600284493,701.0,98.51767388825542,4.3329532497149374,0.2280501710376282,60.620296465222346,3.0,125.10699001426534,-5.99569405269159,0.6700867194398068,0.2588839857367591,0.8995749776650961,-0.4003481429730122
E01033021,478,472,453,-6,-25,1.8675925925925927,48.7037037037037,4.25925925925926,38.92493049119555,36.23725671918443,17.701575532900833,6.203703703703703,8.703703703703704,1080.0,73.43599615014436,9.239653512993264,1.539942252165544,59.712223291626565,1.0,96.2037037037037,-9.544773165762487,1.03991408027653,1.0842330282042634,1.2677113906696305,0.0391380946217433
E01033031,344,444,339,100,-5,1.8306451612903225,48.963133640553,3.3410138248847927,49.36562860438293,37.48558246828143,10.4959630911188,8.064516129032258,4.032258064516129,868.0,92.02657807308972,3.433001107419712,0.9966777408637874,51.4561797752809,2.0,104.03225806451611,-10.76325386604912,0.7990014747287875,0.7864364278479878,1.0621991580254664,-0.2243924874994337
E01033033,486,478,479,-8,-7,1.7737003058103975,44.342507645259936,0.4587155963302752,56.50842266462482,25.42113323124043,17.151607963246555,3.206106870229008,6.412213740458015,654.0,99.37106918238992,0.0,0.1572327044025157,59.00786163522013,4.0,97.24770642201835,1.64363704379136,1.3609663926164328,0.6236384323679033,1.3384924305857495,0.308195030209733
E01033034,485,483,483,-2,-2,1.6104461371055494,47.1164309031556,0.0,74.31991294885746,2.176278563656148,23.286180631120786,1.8498367791077257,1.3057671381936888,919.0,99.09456740442656,4.527162977867203,0.1006036217303823,57.24672708962739,5.0,108.16104461371054,-1.16977728439603,0.8853307666225774,0.6218327277911544,0.9225319411308356,-0.12179395620431
E01033035,281,354,289,73,8,2.3506493506493507,47.14285714285714,13.896103896103895,3.2383419689119166,89.24870466321244,6.347150259067358,18.15823605706874,5.188067444876784,770.0,88.09201623815967,0.13531799729364,4.871447902571042,56.56833558863329,1.0,95.97402597402598,-3.1326203901289595,1.3073569923233703,0.8587248776876564,1.6995719835684109,0.2680075360789869
E01035040,6,27,11,21,5,3.243947858472998,24.022346368715084,26.443202979515828,73.50746268656717,11.567164179104475,13.992537313432834,2.425373134328358,39.92537313432835,537.0,17.8714859437751,62.048192771084345,0.2008032128514056,114.35742971887552,4.0,92.73743016759776,-5.014271963888605,0.7079090711541706,0.715724743155402,0.8258719514958335,-0.345439624109535
E01035041,87,236,92,149,5,2.891891891891892,33.78378378378378,21.846846846846844,60.57906458797328,9.57683741648107,28.28507795100223,2.690582959641256,26.681614349775785,444.0,50.43859649122807,62.93859649122807,1.3157894736842104,101.5811403508772,4.0,102.7027027027027,-3.9312731369708698,0.796528550980148,0.7840118450261329,0.986528371277541,-0.2274923047250063
E01035042,207,468,452,261,245,2.0280172413793105,48.060344827586206,7.327586206896551,41.5948275862069,43.31896551724138,14.00862068965517,6.021505376344086,12.473118279569892,464.0,84.94077834179356,15.5668358714044,0.676818950930626,57.13197969543148,2.0,127.3706896551724,-27.9926032313354,0.6593417000236274,0.7967191094736462,1.0374615243253713,-0.4165133659268268
E01035043,138,352,216,214,78,2.52073732718894,41.474654377880185,15.898617511520738,55.55555555555556,34.9537037037037,9.49074074074074,5.324074074074074,19.90740740740741,434.0,64.08450704225352,52.2887323943662,1.936619718309859,78.87323943661971,2.0,130.87557603686636,4.132268860688882,0.7770285969578343,0.7569846927391026,0.7292473474345806,-0.2522781249702149
E01035044,13,195,81,182,68,2.0015408320493067,50.231124807396,6.779661016949152,74.61538461538461,19.230769230769237,5.538461538461538,4.006163328197227,18.02773497688752,649.0,88.39050131926122,80.21108179419525,1.978891820580475,69.08575197889182,3.0,116.7950693374422,-24.56500035655709,0.60097283411416,0.7236828803612821,0.902881962960584,-0.5092055466096965
E01035045,92,422,149,330,57,1.9067524115755627,54.019292604501615,5.144694533762058,82.47588424437299,11.414790996784566,5.94855305466238,4.019292604501608,11.254019292604502,622.0,84.51612903225806,23.741935483870968,0.7741935483870968,54.21548387096775,4.0,124.59807073954984,-34.71716188908016,0.6154655108076084,0.8936931591609664,1.0452983161762153,-0.4853763693587968
E01035046,317,416,349,99,32,,,,,,,,,,,,,,,,,,,,
E01035047,467,471,447,4,-20,2.0962145110410093,37.53943217665615,6.624605678233439,45.26813880126184,40.063091482649845,14.195583596214512,6.962025316455696,4.430379746835443,634.0,78.56093979441997,0.881057268722467,0.1468428781204111,65.66813509544787,2.0,107.41324921135646,-5.7682947793111,0.9227808997460496,0.9646971271396978,1.0006994882375666,-0.0803634510479729
E01035048,484,473,481,-11,-3,2.421994884910486,28.005115089514064,4.987212276214834,19.97439180537772,13.700384122919337,63.89244558258643,3.580562659846547,29.923273657289,782.0,26.003210272873197,0.3210272873194221,0.3210272873194221,79.30176565008026,3.0,79.66751918158567,-4.448080009877764,0.9543897735008824,0.9669287261903442,1.0508240045242765,-0.0466831233638821
E01035049,488,484,488,-4,0,2.135057471264368,37.93103448275862,3.0172413793103448,26.187050359712234,1.7266187050359711,72.0863309352518,1.8678160919540232,27.729885057471265,696.0,41.6036308623298,0.0,0.907715582450832,81.85022692889561,4.0,94.97126436781608,-5.317427272538877,0.955999970899852,0.964913108538936,1.0797060972309371,-0.0449973963702214
E01035050,445,436,449,-9,4,2.638888888888889,21.24183006535948,7.679738562091503,14.37908496732026,20.098039215686278,65.0326797385621,4.248366013071895,34.64052287581699,612.0,10.805500982318271,1.9646365422396856,0.5893909626719057,91.426326129666,3.0,83.16993464052288,-5.455471977488402,0.9358784413631234,0.9510871001061068,1.0567933379322751,-0.066269681276971
E01035051,439,408,464,-31,25,2.6429752066115704,18.016528925619838,7.6033057851239665,16.831683168316832,1.32013201320132,81.51815181518151,1.322314049586777,48.595041322314046,605.0,2.663934426229508,0.6147540983606558,0.0,89.51024590163935,5.0,80.66115702479338,-0.9095605455297084,0.9423710051089316,0.9437107573471848,0.9662262893598204,-0.0593562336326943
E01035052,470,451,434,-19,-36,2.381112984822934,29.34232715008432,6.745362563237774,20.57335581787521,16.357504215851602,62.394603709949415,2.5295109612141653,28.667790893760543,593.0,34.74576271186441,22.66949152542373,0.6355932203389831,82.37021276595745,2.0,79.59527824620574,0.311482770232363,1.012635759785252,1.0156421271205265,0.9935363063541718,0.0125565947486566
E01035053,480,465,474,-15,-6,2.6417682926829267,23.6280487804878,8.079268292682928,17.450682852807283,11.836115326251896,68.43702579666162,1.829268292682927,39.63414634146341,656.0,17.472118959107807,6.505576208178439,0.5576208178438662,91.52044609665428,4.0,82.01219512195121,-0.614337537483578,0.975086544854914,0.9771387212952596,0.9873516502608112,-0.0252290479698185
E01035054,372,426,352,54,-20,1.5841799709724238,47.82293178519594,0.0725689404934687,77.03488372093024,2.107558139534884,20.49418604651163,1.3788098693759072,0.4354136429608127,1378.0,96.60400242571257,0.1819284414796846,0.0,56.837477258944816,5.0,119.66618287373004,-2.558373416601059,0.9462775583888114,0.966007163826534,0.9795882414360032,-0.0552193508619006
