tree
version=v4
num_class=1
num_tree_per_iteration=1
label_index=0
max_feature_idx=1
objective=regression
feature_names=PROP_TYPE MAIN_HEAT_FUEL
feature_infos=-1:5:1:2:0:3:4 [1:2]
tree_sizes=1082 1103 1104 1101 1103 1104 1101 1103 1099 1101 1105 1185 1182 1183 1183 1101 1180 1181 1184 1184 1186 1182 1185 1182 1186 1183 1185 1186 1185 1185 1182 1185 1186 1182 1187 1187 1186 1184 1180 1184 1185 1186 1187 1185 1184 1188 1182 1176 1180 1182 1177 1178 1174 1179 1174 1178 1182 1173 1178 1180 1182 1180 1183 1186 1184 1180 1185 1183 1180 1177 1100 1176 1172 1175 1179 1170 1169 1172 1173 1173 1172 1177 1174 1177 1171 1178 1178 1176 1177 1181 1181 1186 1185 1179 1182 1179 1181 1181 1183 1177 1176 1181 1182 1183 1184 1182 1184 1186 1187 1187 1184 1182 1185 1174 1176 1178 1182 1175 1176 1179 1175 1171 1172 1175 1173 1092 1177 1176 1175 1174 1169 1177 1177 1180 1183 1176 1185 1180 1183 1184 1185 1185 1188 1185 1188 1186 1192 1190 1193 1191 1191 1191 1197 1192 1198 1196 1195 1193 1196 1197 1194 1197 1195 1191 1198 1201 1195 1192 1198 1200 1200 1196 1199 1200 1203 1200 1204 1115 1201 1206 1207 1207 1206 1208 1209 1208 1212 1211 1215 1214 1211 1214 1215 1214 1217 1217 1216 1215 1219 1219

Tree=0
num_leaves=11
num_cat=9
split_feature=1 0 0 0 0 0 0 0 0 0
split_gain=2.21766e+11 1.47651e+11 1.06215e+11 7.25479e+10 2.34378e+10 1.45283e+10 2.0912e+09 1.0889e+09 1.03832e+09 3.3357e+08
threshold=1.5000000000000002 0 1 2 3 4 5 6 7 8
decision_type=2 1 1 1 1 1 1 1 1 1
left_child=1 -1 -2 -3 -4 -5 7 -7 -6 -10
right_child=2 3 4 5 8 6 -8 -9 9 -11
leaf_value=3403.2960084193032 3385.248424468029 3299.5091774894258 3524.6595083065772 3356.2977189051394 3433.4416660332204 3344.9104311471065 3328.0796088548573 3337.1061214778733 3463.757034920432 3449.9821775627361
leaf_weight=94147 122512 111473 15155 167398 8284 65411 49101 142342 7984 16193
leaf_count=94147 122512 111473 15155 167398 8284 65411 49101 142342 7984 16193
internal_value=3359.23 3345.55 3409.89 3335.4 3473.25 3344.84 3337.37 3339.56 3449.2 3454.57
internal_weight=800000 629872 170128 535725 47616 424252 256854 207753 32461 24177
internal_count=800000 629872 170128 535725 47616 424252 256854 207753 32461 24177
cat_boundaries=0 1 2 3 4 5 6 7 8 9
cat_threshold=1 32 32 1 2 12 8 4 16
is_linear=0
shrinkage=1


Tree=1
num_leaves=11
num_cat=9
split_feature=1 0 0 0 0 0 0 0 0 0
split_gain=2.00153e+11 1.33257e+11 9.58689e+10 6.54751e+10 2.11534e+10 1.31119e+10 1.88739e+09 9.82723e+08 9.37033e+08 3.0125e+08
threshold=1.5000000000000002 0 1 2 3 4 5 6 7 8
decision_type=2 1 1 1 1 1 1 1 1 1
left_child=1 -1 -2 -3 -4 -5 7 -7 -6 -10
right_child=2 3 4 5 8 6 -8 -9 9 -11
leaf_value=41.859974681207198 24.714639642779936 -56.738017686096683 157.1605185570923 -2.7886433888276954 70.502587303380551 -13.606667340907311 -29.596155978924017 -21.020730008976614 99.304253119267557 86.214401141715655
leaf_weight=94147 122512 111473 15155 167398 8284 65411 49101 142342 7984 16193
leaf_count=94147 122512 111473 15155 167398 8284 65411 49101 142342 7984 16193
internal_value=0.000234227 -12.9975 48.1223 -22.6384 108.32 -13.6775 -20.7736 -18.6872 85.4768 90.5763
internal_weight=800000 629872 170128 535725 47616 424252 256854 207753 32461 24177
internal_count=800000 629872 170128 535725 47616 424252 256854 207753 32461 24177
cat_boundaries=0 1 2 3 4 5 6 7 8 9
cat_threshold=1 32 32 1 2 12 8 4 16
is_linear=0
shrinkage=0.05


Tree=2
num_leaves=11
num_cat=9
split_feature=1 0 0 0 0 0 0 0 0 0
split_gain=1.80646e+11 1.20266e+11 8.65309e+10 5.90918e+10 1.90916e+10 1.18337e+10 1.70344e+09 8.86901e+08 8.45628e+08 2.72062e+08
threshold=1.5000000000000002 0 1 2 3 4 5 6 7 8
decision_type=2 1 1 1 1 1 1 1 1 1
left_child=1 -1 -2 -3 -4 -5 7 -7 -6 -10
right_child=2 3 4 5 8 6 -8 -9 9 -11
leaf_value=39.767196818509277 23.4790105494328 -53.901370502558258 149.30767259031171 -2.6492191934669886 66.981707225450705 -12.926436872749505 -28.116648367407954 -19.969769020697985 94.345248498647024 81.906341323141532
leaf_weight=94147 122512 111473 15155 167398 8284 65411 49101 142342 7984 16193
leaf_count=94147 122512 111473 15155 167398 8284 65411 49101 142342 7984 16193
internal_value=0.000445128 -12.3477 45.7174 -21.5066 102.909 -12.9937 -19.7351 -17.7529 81.2069 86.0514
internal_weight=800000 629872 170128 535725 47616 424252 256854 207753 32461 24177
internal_count=800000 629872 170128 535725 47616 424252 256854 207753 32461 24177
cat_boundaries=0 1 2 3 4 5 6 7 8 9
cat_threshold=1 32 32 1 2 12 8 4 16
is_linear=0
shrinkage=0.05


Tree=3
num_leaves=11
num_cat=9
split_feature=1 0 0 0 0 0 0 0 0 0
split_gain=1.63041e+11 1.08541e+11 7.81025e+10 5.33308e+10 1.72308e+10 1.068e+10 1.53742e+09 8.0042e+08 7.63139e+08 2.45702e+08
threshold=1.5000000000000002 0 1 2 3 4 5 6 7 8
decision_type=2 1 1 1 1 1 1 1 1 1
left_child=1 -1 -2 -3 -4 -5 7 -7 -6 -10
right_child=2 3 4 5 8 6 -8 -9 9 -11
leaf_value=37.779048606656779 22.305155533717283 -51.2065438905693 141.84721120517403 -2.5167669403977984 63.636662722266323 -12.280216049125764 -26.711103203542748 -18.971349497515124 89.633890048450084 77.813550588909962
leaf_weight=94147 122512 111473 15155 167398 8284 65411 49101 142342 7984 16193
leaf_count=94147 122512 111473 15155 167398 8284 65411 49101 142342 7984 16193
internal_value=0.000634077 -11.7304 43.4328 -20.4313 97.7672 -12.3441 -18.7485 -16.8653 77.1503 81.7524
internal_weight=800000 629872 170128 535725 47616 424252 256854 207753 32461 24177
internal_count=800000 629872 170128 535725 47616 424252 256854 207753 32461 24177
cat_boundaries=0 1 2 3 4 5 6 7 8 9
cat_threshold=1 32 32 1 2 12 8 4 16
is_linear=0
shrinkage=0.05


Tree=4
num_leaves=11
num_cat=9
split_feature=1 0 0 0 0 0 0 0 0 0
split_gain=1.47151e+11 9.79592e+10 7.0495e+10 4.81314e+10 1.55514e+10 9.63887e+09 1.38758e+09 7.22373e+08 6.88697e+08 2.21896e+08
threshold=1.5000000000000002 0 1 2 3 4 5 6 7 8
decision_type=2 1 1 1 1 1 1 1 1 1
left_child=1 -1 -2 -3 -4 -5 7 -7 -6 -10
right_child=2 3 4 5 8 6 -8 -9 9 -11
leaf_value=35.890297226135196 21.189988350881848 -48.646446047730606 134.75953124484332 -2.3909363549480038 60.458663778532724 -11.666299815946225 -25.37582253923739 -18.022848719517221 85.157800567880827 73.925275681091378
leaf_weight=94147 122512 111473 15155 167398 8284 65411 49101 142342 7984 16193
leaf_count=94147 122512 111473 15155 167398 8284 65411 49101 142342 7984 16193
internal_value=0.000803021 -11.1439 41.2623 -19.4099 92.8828 -11.727 -17.8111 -16.0221 73.2964 77.6683
internal_weight=800000 629872 170128 535725 47616 424252 256854 207753 32461 24177
internal_count=800000 629872 170128 535725 47616 424252 256854 207753 32461 24177
cat_boundaries=0 1 2 3 4 5 6 7 8 9
cat_threshold=1 32 32 1 2 12 8 4 16
is_linear=0
shrinkage=0.05


Tree=5
num_leaves=11
num_cat=9
split_feature=1 0 0 0 0 0 0 0 0 0
split_gain=1.3281e+11 8.84092e+10 6.36285e+10 4.3439e+10 1.40356e+10 8.69919e+09 1.25234e+09 6.51936e+08 6.21517e+08 2.00397e+08
threshold=1.5000000000000002 0 1 2 3 4 5 6 7 8
decision_type=2 1 1 1 1 1 1 1 1 1
left_child=1 -1 -2 -3 -4 -5 7 -7 -6 -10
right_child=2 3 4 5 8 6 -8 -9 9 -11
leaf_value=34.095972972536728 20.130574980734988 -46.214343206442123 128.02599701056653 -2.2713961999309027 57.439375081906292 -11.083072456589257 -24.107287896646771 -17.121768977673682 80.905237049563766 70.231290542523908
leaf_weight=94147 122512 111473 15155 167398 8284 65411 49101 142342 7984 16193
leaf_count=94147 122512 111473 15155 167398 8284 65411 49101 142342 7984 16193
internal_value=0.000953809 -10.5868 39.2003 -18.4395 88.2424 -11.1407 -16.9207 -15.2211 69.6349 73.7882
internal_weight=800000 629872 170128 535725 47616 424252 256854 207753 32461 24177
internal_count=800000 629872 170128 535725 47616 424252 256854 207753 32461 24177
cat_boundaries=0 1 2 3 4 5 6 7 8 9
cat_threshold=1 32 32 1 2 12 8 4 16
is_linear=0
shrinkage=0.05


Tree=6
num_leaves=11
num_cat=9
split_feature=1 0 0 0 0 0 0 0 0 0
split_gain=1.19867e+11 7.97901e+10 5.74309e+10 3.9204e+10 1.26676e+10 7.85113e+09 1.13029e+09 5.88367e+08 5.6089e+08 1.8098e+08
threshold=1.5000000000000002 0 1 2 3 4 5 6 7 8
decision_type=2 1 1 1 1 1 1 1 1 1
left_child=1 -1 -2 -3 -4 -5 7 -7 -6 -10
right_child=2 3 4 5 8 6 -8 -9 9 -11
leaf_value=32.391355485243196 19.124128348124572 -43.903832964272127 121.62891606472681 -2.157833214739501 54.570869686070594 -10.529003305284013 -22.902169263502458 -16.265741015003144 76.865034011366504 66.721894297522994
leaf_weight=94147 122512 111473 15155 167398 8284 65411 49101 142342 7984 16193
leaf_count=94147 122512 111473 15155 167398 8284 65411 49101 142342 7984 16193
internal_value=0.00108734 -10.0575 37.2413 -17.5176 83.8338 -10.5837 -16.0748 -14.4601 66.1564 70.1019
internal_weight=800000 629872 170128 535725 47616 424252 256854 207753 32461 24177
internal_count=800000 629872 170128 535725 47616 424252 256854 207753 32461 24177
cat_boundaries=0 1 2 3 4 5 6 7 8 9
cat_threshold=1 32 32 1 2 12 8 4 16
is_linear=0
shrinkage=0.05


Tree=7
num_leaves=11
num_cat=9
split_feature=1 0 0 0 0 0 0 0 0 0
split_gain=1.08185e+11 7.20114e+10 5.18369e+10 3.53819e+10 1.14329e+10 7.08574e+09 1.02013e+09 5.30997e+08 5.06176e+08 1.63445e+08
threshold=1.5000000000000002 0 1 2 3 4 5 6 7 8
decision_type=2 1 1 1 1 1 1 1 1 1
left_child=1 -1 -2 -3 -4 -5 7 -7 -6 -10
right_child=2 3 4 5 8 6 -8 -9 9 -11
leaf_value=30.771958511594853 18.168001113077491 -41.708839001286286 115.55148084241173 -2.0499488848624967 51.84561647201464 -10.002634579986546 -21.757294013336079 -15.45251006061366 73.026592234882798 63.387859717029293
leaf_weight=94147 122512 111473 15155 167398 8284 65411 49101 142342 7984 16193
leaf_count=94147 122512 111473 15155 167398 8284 65411 49101 142342 7984 16193
internal_value=0.00120509 -9.55465 35.3803 -16.6418 79.6454 -10.0546 -15.2711 -13.7372 62.8516 66.5997
internal_weight=800000 629872 170128 535725 47616 424252 256854 207753 32461 24177
internal_count=800000 629872 170128 535725 47616 424252 256854 207753 32461 24177
cat_boundaries=0 1 2 3 4 5 6 7 8 9
cat_threshold=1 32 32 1 2 12 8 4 16
is_linear=0
shrinkage=0.05


Tree=8
num_leaves=11
num_cat=9
split_feature=1 0 0 0 0 0 0 0 0 0
split_gain=9.76413e+10 6.4991e+10 4.67878e+10 3.19325e+10 1.03186e+10 6.39497e+09 9.20704e+08 4.79221e+08 4.568e+08 1.47608e+08
threshold=1.5000000000000002 0 1 2 3 4 5 6 7 8
decision_type=2 1 1 1 1 1 1 1 1 1
left_child=1 -1 -2 -3 -4 -5 7 -7 -6 -10
right_child=2 3 4 5 8 6 -8 -9 9 -11
leaf_value=29.233524289016664 17.259676299100835 -39.623582400365279 109.77771748440597 -1.947457066800687 49.256461152623359 -9.5025778755359074 -20.669652031563743 -14.679939864339543 69.379829037675634 60.22042328059905
leaf_weight=94147 122512 111473 15155 167398 8284 65411 49101 142342 7984 16193
leaf_count=94147 122512 111473 15155 167398 8284 65411 49101 142342 7984 16193
internal_value=0.00130887 -9.07697 33.6122 -15.8098 75.6664 -9.55191 -14.5077 -13.0504 59.712 63.2726
internal_weight=800000 629872 170128 535725 47616 424252 256854 207753 32461 24177
internal_count=800000 629872 170128 535725 47616 424252 256854 207753 32461 24177
cat_boundaries=0 1 2 3 4 5 6 7 8 9
cat_threshold=1 32 32 1 2 12 8 4 16
is_linear=0
shrinkage=0.05


Tree=9
num_leaves=11
num_cat=9
split_feature=1 0 0 0 0 0 0 0 0 0
split_gain=8.81254e+10 5.8655e+10 4.22305e+10 2.88193e+10 9.31288e+09 5.77154e+09 8.3097e+08 4.32493e+08 4.12241e+08 1.33306e+08
threshold=1.5000000000000002 0 1 2 3 4 5 6 7 8
decision_type=2 1 1 1 1 1 1 1 1 1
left_child=1 -1 -2 -3 -4 -5 7 -7 -6 -10
right_child=2 3 4 5 8 6 -8 -9 9 -11
leaf_value=27.77200266170815 16.396760693845874 -37.642580198430466 104.29244923293845 -1.8500902603760192 46.796606053540245 -9.0275212483693164 -19.636379312239242 -13.945994642763456 65.915176100631882 57.21125741728013
leaf_weight=94147 122512 111473 15155 167398 8284 65411 49101 142342 7984 16193
leaf_count=94147 122512 111473 15155 167398 8284 65411 49101 142342 7984 16193
internal_value=0.00139842 -8.62317 31.9325 -15.0194 71.8861 -9.07437 -13.7824 -12.3979 56.7291 60.1116
internal_weight=800000 629872 170128 535725 47616 424252 256854 207753 32461 24177
internal_count=800000 629872 170128 535725 47616 424252 256854 207753 32461 24177
cat_boundaries=0 1 2 3 4 5 6 7 8 9
cat_threshold=1 32 32 1 2 12 8 4 16
is_linear=0
shrinkage=0.05


Tree=10
num_leaves=11
num_cat=9
split_feature=1 0 0 0 0 0 0 0 0 0
split_gain=7.95368e+10 5.29367e+10 3.81171e+10 2.60096e+10 8.40517e+09 5.20888e+09 7.49982e+08 3.90322e+08 3.72028e+08 1.2039e+08
threshold=1.5000000000000002 0 1 2 3 4 5 6 7 8
decision_type=2 1 1 1 1 1 1 1 1 1
left_child=1 -1 -2 -3 -4 -5 7 -7 -6 -10
right_child=2 3 4 5 8 6 -8 -9 9 -11
leaf_value=26.383550031815879 15.576988897527386 -35.760620078374309 99.081266460349525 -1.7575912507772333 44.459598274451729 -8.5762149595102404 -18.654759756852851 -13.248744340260888 62.623543720092357 54.352462762527637
leaf_weight=94147 122512 111473 15155 167398 8284 65411 49101 142342 7984 16193
leaf_count=94147 122512 111473 15155 167398 8284 65411 49101 142342 7984 16193
internal_value=0.00147608 -8.19205 30.3367 -14.2685 68.2946 -8.62071 -13.0933 -11.7781 53.8953 57.1086
internal_weight=800000 629872 170128 535725 47616 424252 256854 207753 32461 24177
internal_count=800000 629872 170128 535725 47616 424252 256854 207753 32461 24177
cat_boundaries=0 1 2 3 4 5 6 7 8 9
cat_threshold=1 32 32 1 2 12 8 4 16
is_linear=0
shrinkage=0.05


Tree=11
num_leaves=12
num_cat=10
split_feature=1 0 0 0 0 0 0 0 0 0 0
split_gain=7.17853e+10 4.77759e+10 3.44043e+10 2.34739e+10 7.58595e+09 4.70108e+09 6.76887e+08 3.52262e+08 3.36025e+08 6.48759e+07 4.06097e+07
threshold=1.5000000000000002 0 1 2 3 4 5 6 7 8 9
decision_type=2 1 1 1 1 1 1 1 1 1 1
left_child=1 -1 -2 -3 -4 -5 7 -7 9 -6 -10
right_child=2 3 4 5 8 6 -8 -9 10 -11 -12
leaf_value=25.06451363215875 14.798205298086593 -33.972749831692887 94.130472705053734 -1.6697162238553256 59.496280946652831 -8.1474708301031473 -17.722210936397676 -12.586353257857537 49.119003503631902 52.613026782307536 42.239298566621073
leaf_weight=94147 122512 111473 15155 167398 7984 65411 49101 142342 4669 11524 8284
leaf_count=94147 122512 111473 15155 167398 7984 65411 49101 142342 4669 11524 8284
internal_value=0.00154318 -7.78249 28.8207 -13.5552 64.8827 -8.18972 -12.4387 -11.1892 51.203 55.4592 44.7551
internal_weight=800000 629872 170128 535725 47616 424252 256854 207753 32461 19508 12953
internal_count=800000 629872 170128 535725 47616 424252 256854 207753 32461 19508 12953
cat_boundaries=0 1 2 3 4 5 6 7 8 9 10
cat_threshold=1 32 32 1 2 12 8 18 16 8
is_linear=0
shrinkage=0.05


Tree=12
num_leaves=12
num_cat=10
split_feature=1 0 0 0 0 0 0 0 0 0 0
split_gain=6.47898e+10 4.31183e+10 3.10539e+10 2.11854e+10 6.8463e+09 4.24278e+09 6.10916e+08 3.17914e+08 3.03219e+08 5.85837e+07 3.66901e+07
threshold=1.5000000000000002 0 1 2 3 4 5 6 7 8 9
decision_type=2 1 1 1 1 1 1 1 1 1 1
left_child=1 -1 -2 -3 -4 -5 7 -7 9 -6 -10
right_child=2 3 4 5 8 6 -8 -9 10 -11 -12
leaf_value=23.811420978410951 14.058352794855976 -32.274266213954043 89.427052518389942 -1.5862356286095376 56.525186738402425 -7.74015756485975 -16.836279762208488 -11.957077676649375 46.668302605391112 49.984653480720205 40.129880360450869
leaf_weight=94147 122512 111473 15155 167398 7984 65411 49101 142342 4669 11524 8284
leaf_count=94147 122512 111473 15155 167398 7984 65411 49101 142342 4669 11524 8284
internal_value=0.00163051 -7.3934 27.3806 -12.8775 61.6416 -7.78028 -11.8169 -10.6298 48.646 52.6891 42.5209
internal_weight=800000 629872 170128 535725 47616 424252 256854 207753 32461 19508 12953
internal_count=800000 629872 170128 535725 47616 424252 256854 207753 32461 19508 12953
cat_boundaries=0 1 2 3 4 5 6 7 8 9 10
cat_threshold=1 32 32 1 2 12 8 18 16 8
is_linear=0
shrinkage=0.05


Tree=13
num_leaves=12
num_cat=10
split_feature=1 0 0 0 0 0 0 0 0 0 0
split_gain=5.8476e+10 3.89147e+10 2.80298e+10 1.912e+10 6.17878e+09 3.82917e+09 5.51375e+08 2.86915e+08 2.73616e+08 5.29017e+07 3.31489e+07
threshold=1.5000000000000002 0 1 2 3 4 5 6 7 8 9
decision_type=2 1 1 1 1 1 1 1 1 1 1
left_child=1 -1 -2 -3 -4 -5 7 -7 9 -6 -10
right_child=2 3 4 5 8 6 -8 -9 10 -11 -12
leaf_value=22.62097495609564 13.355493304187755 -30.660697773902555 84.958645217837656 -1.5069285155037651 53.702465030375734 -7.3532106676596003 -15.994639705965476 -11.359266949992938 44.339875928141367 47.487591040591262 38.125805282201831
leaf_weight=94147 122512 111473 15155 167398 7984 65411 49101 142342 4669 11524 8284
leaf_count=94147 122512 111473 15155 167398 7984 65411 49101 142342 4669 11524 8284
internal_value=0.00170482 -7.02377 26.0124 -12.2337 58.5625 -7.39131 -11.2261 -10.0984 46.2167 50.0574 40.3982
internal_weight=800000 629872 170128 535725 47616 424252 256854 207753 32461 19508 12953
internal_count=800000 629872 170128 535725 47616 424252 256854 207753 32461 19508 12953
cat_boundaries=0 1 2 3 4 5 6 7 8 9 10
cat_threshold=1 32 32 1 2 12 8 18 16 8
is_linear=0
shrinkage=0.05


Tree=14
num_leaves=12
num_cat=10
split_feature=1 0 0 0 0 0 0 0 0 0 0
split_gain=5.27775e+10 3.51209e+10 2.53001e+10 1.72559e+10 5.57633e+09 3.45587e+09 4.97637e+08 2.58938e+08 2.46903e+08 4.77708e+07 2.99493e+07
threshold=1.5000000000000002 0 1 2 3 4 5 6 7 8 9
decision_type=2 1 1 1 1 1 1 1 1 1 1
left_child=1 -1 -2 -3 -4 -5 7 -7 9 -6 -10
right_child=2 3 4 5 8 6 -8 -9 10 -11 -12
leaf_value=21.490047252128182 12.687773916123986 -29.12779864212526 80.713515750647304 -1.4315863551201859 51.020702002911619 -6.9856063837350604 -15.195068039416112 -10.791343025626849 42.127616867649174 45.11526934665639 36.221814056255745
leaf_weight=94147 122512 111473 15155 167398 7984 65411 49101 142342 4669 11524 8284
leaf_count=94147 122512 111473 15155 167398 7984 65411 49101 142342 4669 11524 8284
internal_value=0.00176893 -6.67262 24.7126 -11.622 55.6372 -7.02179 -10.6649 -9.5935 43.9087 47.5571 38.3815
internal_weight=800000 629872 170128 535725 47616 424252 256854 207753 32461 19508 12953
internal_count=800000 629872 170128 535725 47616 424252 256854 207753 32461 19508 12953
cat_boundaries=0 1 2 3 4 5 6 7 8 9 10
cat_threshold=1 32 32 1 2 12 8 18 16 8
is_linear=0
shrinkage=0.05


Tree=15
num_leaves=11
num_cat=9
split_feature=1 0 0 0 0 0 0 0 0 0
split_gain=4.76344e+10 3.16969e+10 2.28363e+10 1.55736e+10 5.03263e+09 3.11896e+09 4.49136e+08 2.3369e+08 2.22858e+08 7.21774e+07
threshold=1.5000000000000002 0 1 2 3 4 5 6 7 8
decision_type=2 1 1 1 1 1 1 1 1 1
left_child=1 -1 -2 -3 -4 -5 7 -7 -6 -10
right_child=2 3 4 5 8 6 -8 -9 9 -11
leaf_value=20.415658874671347 12.053437389242951 -27.671538845301541 76.680499364473704 -1.3600119815289284 34.412906092323389 -6.6363803733785689 -14.43546959563848 -10.251814454958065 48.472858376201167 42.069033931003986
leaf_weight=94147 122512 111473 15155 167398 8284 65411 49101 142342 7984 16193
leaf_count=94147 122512 111473 15155 167398 8284 65411 49101 142342 7984 16193
internal_value=0.0018214 -6.33902 23.4778 -11.041 52.858 -6.67074 -10.1317 -9.11387 41.7159 44.2029
internal_weight=800000 629872 170128 535725 47616 424252 256854 207753 32461 24177
internal_count=800000 629872 170128 535725 47616 424252 256854 207753 32461 24177
cat_boundaries=0 1 2 3 4 5 6 7 8 9
cat_threshold=1 32 32 1 2 12 8 4 16
is_linear=0
shrinkage=0.05


Tree=16
num_leaves=12
num_cat=10
split_feature=1 0 0 0 0 0 0 0 0 0 0
split_gain=4.2992e+10 2.86068e+10 2.0612e+10 1.40553e+10 4.54211e+09 2.8149e+09 4.05363e+08 2.10903e+08 2.04163e+08 3.81433e+07 2.31784e+07
threshold=1.5000000000000002 0 1 2 3 4 5 6 7 8 9
decision_type=2 1 1 1 1 1 1 1 1 1 1
left_child=1 -1 -2 -3 -4 -5 7 -7 9 -6 -10
right_child=2 3 4 5 8 6 -8 -9 10 -11 -12
leaf_value=19.394983556025821 11.450814208493069 -26.28808687647437 72.849002250460089 -1.2920149272593124 46.052246336427544 -6.3046100362588007 -13.713843817316775 -9.7392598147752452 37.926784131995227 40.759835000895578 32.694334515474317
leaf_weight=94147 122512 111473 15155 167398 7984 65411 49101 142342 4669 11524 8284
leaf_count=94147 122512 111473 15155 167398 7984 65411 49101 142342 4669 11524 8284
internal_value=0.00183882 -6.0221 22.3045 -10.489 50.2173 -6.33724 -9.62516 -8.65822 39.632 42.9483 34.6082
internal_weight=800000 629872 170128 535725 47616 424252 256854 207753 32461 19508 12953
internal_count=800000 629872 170128 535725 47616 424252 256854 207753 32461 19508 12953
cat_boundaries=0 1 2 3 4 5 6 7 8 9 10
cat_threshold=1 32 32 1 2 12 8 18 16 8
is_linear=0
shrinkage=0.05


Tree=17
num_leaves=12
num_cat=10
split_feature=1 0 0 0 0 0 0 0 0 0 0
split_gain=3.88024e+10 2.58179e+10 1.86047e+10 1.2685e+10 4.09925e+09 2.54049e+09 3.65855e+08 1.90339e+08 1.84231e+08 3.4444e+07 2.09418e+07
threshold=1.5000000000000002 0 1 2 3 4 5 6 7 8 9
decision_type=2 1 1 1 1 1 1 1 1 1 1
left_child=1 -1 -2 -3 -4 -5 7 -7 9 -6 -10
right_child=2 3 4 5 8 6 -8 -9 10 -11 -12
leaf_value=18.425338262335583 10.878322152469826 -24.973800505870486 69.208952303832021 -1.2274167726637586 43.752512695242359 -5.9894277359596328 -13.028290776904363 -9.252331060705238 36.03449635968348 38.723608675394978 31.061588876713667
leaf_weight=94147 122512 111473 15155 167398 7984 65411 49101 142342 4669 11524 8284
leaf_count=94147 122512 111473 15155 167398 7984 65411 49101 142342 4669 11524 8284
internal_value=0.00187485 -5.72103 21.19 -9.96461 47.7088 -6.02042 -9.14396 -8.22534 37.6529 40.8031 32.8805
internal_weight=800000 629872 170128 535725 47616 424252 256854 207753 32461 19508 12953
internal_count=800000 629872 170128 535725 47616 424252 256854 207753 32461 19508 12953
cat_boundaries=0 1 2 3 4 5 6 7 8 9 10
cat_threshold=1 32 32 1 2 12 8 18 16 8
is_linear=0
shrinkage=0.05


Tree=18
num_leaves=12
num_cat=10
split_feature=1 0 0 0 0 0 0 0 0 0 0
split_gain=3.50211e+10 2.33009e+10 1.67929e+10 1.14483e+10 3.69957e+09 2.29282e+09 3.30198e+08 1.71779e+08 1.66245e+08 3.11035e+07 1.89211e+07
threshold=1.5000000000000002 0 1 2 3 4 5 6 7 8 9
decision_type=2 1 1 1 1 1 1 1 1 1 1
left_child=1 -1 -2 -3 -4 -5 7 -7 9 -6 -10
right_child=2 3 4 5 8 6 -8 -9 10 -11 -12
leaf_value=17.504168643384421 10.334447993762979 -23.725223572733253 65.750789491607534 -1.1660503590299514 41.567626737898102 -5.6900036014483355 -12.377010348146541 -8.7897464576471762 34.236625397044847 36.789108334576547 29.510384433310321
leaf_weight=94147 122512 111473 15155 167398 7984 65411 49101 142342 4669 11524 8284
leaf_count=94147 122512 111473 15155 167398 7984 65411 49101 142342 4669 11524 8284
internal_value=0.0019014 -5.435 20.1312 -9.46643 45.3257 -5.71943 -8.68682 -7.81411 35.7725 38.7651 31.2391
internal_weight=800000 629872 170128 535725 47616 424252 256854 207753 32461 19508 12953
internal_count=800000 629872 170128 535725 47616 424252 256854 207753 32461 19508 12953
cat_boundaries=0 1 2 3 4 5 6 7 8 9 10
cat_threshold=1 32 32 1 2 12 8 18 16 8
is_linear=0
shrinkage=0.05


Tree=19
num_leaves=12
num_cat=10
split_feature=1 0 0 0 0 0 0 0 0 0 0
split_gain=3.16083e+10 2.10293e+10 1.51575e+10 1.03322e+10 3.33885e+09 2.0693e+09 2.98016e+08 1.55029e+08 1.50015e+08 2.8087e+07 1.70953e+07
threshold=1.5000000000000002 0 1 2 3 4 5 6 7 8 9
decision_type=2 1 1 1 1 1 1 1 1 1 1
left_child=1 -1 -2 -3 -4 -5 7 -7 9 -6 -10
right_child=2 3 4 5 8 6 -8 -9 10 -11 -12
leaf_value=16.629054368976849 9.8177693209960495 -22.53906789843753 62.465417182449464 -1.1077520141783401 39.491844337726796 -5.4055466609627194 -11.758284903371715 -8.3502908421082633 32.528449328247873 34.951246964425046 28.036642198755796
leaf_weight=94147 122512 111473 15155 167398 7984 65411 49101 142342 4669 11524 8284
leaf_count=94147 122512 111473 15155 167398 7984 65411 49101 142342 4669 11524 8284
internal_value=0.00192151 -5.16328 19.1253 -8.99315 43.0616 -5.43349 -8.25253 -7.42344 33.9861 36.8288 29.6796
internal_weight=800000 629872 170128 535725 47616 424252 256854 207753 32461 19508 12953
internal_count=800000 629872 170128 535725 47616 424252 256854 207753 32461 19508 12953
cat_boundaries=0 1 2 3 4 5 6 7 8 9 10
cat_threshold=1 32 32 1 2 12 8 18 16 8
is_linear=0
shrinkage=0.05


Tree=20
num_leaves=12
num_cat=10
split_feature=1 0 0 0 0 0 0 0 0 0 0
split_gain=2.85281e+10 1.89792e+10 1.36814e+10 9.32489e+09 3.01331e+09 1.86757e+09 2.68971e+08 1.39913e+08 1.35369e+08 2.53629e+07 1.54457e+07
threshold=1.5000000000000002 0 1 2 3 4 5 6 7 8 9
decision_type=2 1 1 1 1 1 1 1 1 1 1
left_child=1 -1 -2 -3 -4 -5 7 -7 9 -6 -10
right_child=2 3 4 5 8 6 -8 -9 10 -11 -12
leaf_value=15.797688421291546 9.3269182775001962 -21.412215856626702 59.344205482991043 -1.0523668744095103 37.519720189616713 -5.1353099463400405 -11.170489576237619 -7.9328056323015126 30.905503666566513 33.205201022017654 26.636500681018671
leaf_weight=94147 122512 111473 15155 167398 7984 65411 49101 142342 4669 11524 8284
leaf_count=94147 122512 111473 15155 167398 7984 65411 49101 142342 4669 11524 8284
internal_value=0.00193432 -4.90514 18.1696 -8.54354 40.9106 -5.16185 -7.83995 -7.0523 32.2889 34.9893 28.1979
internal_weight=800000 629872 170128 535725 47616 424252 256854 207753 32461 19508 12953
internal_count=800000 629872 170128 535725 47616 424252 256854 207753 32461 19508 12953
cat_boundaries=0 1 2 3 4 5 6 7 8 9 10
cat_threshold=1 32 32 1 2 12 8 18 16 8
is_linear=0
shrinkage=0.05


Tree=21
num_leaves=12
num_cat=10
split_feature=1 0 0 0 0 0 0 0 0 0 0
split_gain=2.5748e+10 1.71289e+10 1.23491e+10 8.41579e+09 2.71951e+09 1.6855e+09 2.42757e+08 1.2627e+08 1.22153e+08 2.29031e+07 1.39553e+07
threshold=1.5000000000000002 0 1 2 3 4 5 6 7 8 9
decision_type=2 1 1 1 1 1 1 1 1 1 1
left_child=1 -1 -2 -3 -4 -5 7 -7 9 -6 -10
right_child=2 3 4 5 8 6 -8 -9 10 -11 -12
leaf_value=15.007889354670198 8.8606107886176044 -20.341701601088889 56.378952513599501 -0.99975170338916064 35.646081151525649 -4.8785831517364606 -10.612081074709321 -7.5361943959787858 29.363530308192907 31.546379203062159 25.306280398271099
leaf_weight=94147 122512 111473 15155 167398 7984 65411 49101 142342 4669 11524 8284
leaf_count=94147 122512 111473 15155 167398 7984 65411 49101 142342 4669 11524 8284
internal_value=0.00194121 -4.65991 17.2617 -8.11641 38.867 -4.90379 -7.448 -6.69972 30.6764 33.2417 26.7903
internal_weight=800000 629872 170128 535725 47616 424252 256854 207753 32461 19508 12953
internal_count=800000 629872 170128 535725 47616 424252 256854 207753 32461 19508 12953
cat_boundaries=0 1 2 3 4 5 6 7 8 9 10
cat_threshold=1 32 32 1 2 12 8 18 16 8
is_linear=0
shrinkage=0.05


Tree=22
num_leaves=12
num_cat=10
split_feature=1 0 0 0 0 0 0 0 0 0 0
split_gain=2.32388e+10 1.5459e+10 1.11465e+10 7.59531e+09 2.45435e+09 1.52119e+09 2.19097e+08 1.13958e+08 1.10228e+08 2.06819e+07 1.26086e+07
threshold=1.5000000000000002 0 1 2 3 4 5 6 7 8 9
decision_type=2 1 1 1 1 1 1 1 1 1 1
left_child=1 -1 -2 -3 -4 -5 7 -7 9 -6 -10
right_child=2 3 4 5 8 6 -8 -9 10 -11 -12
leaf_value=14.257575184169307 8.4176169671487866 -19.324707607458066 53.561861527696365 -0.94976726028120084 33.866008300819423 -4.6346906890241728 -10.081583175807539 -7.1594104830865266 27.89849334972795 29.97042656480615 24.042494576644806
leaf_weight=94147 122512 111473 15155 167398 7984 65411 49101 142342 4669 11524 8284
leaf_count=94147 122512 111473 15155 167398 7984 65411 49101 142342 4669 11524 8284
internal_value=0.00194316 -4.42694 16.3992 -7.71063 36.9255 -4.65863 -7.07565 -6.36476 29.1444 31.5813 25.4529
internal_weight=800000 629872 170128 535725 47616 424252 256854 207753 32461 19508 12953
internal_count=800000 629872 170128 535725 47616 424252 256854 207753 32461 19508 12953
cat_boundaries=0 1 2 3 4 5 6 7 8 9 10
cat_threshold=1 32 32 1 2 12 8 18 16 8
is_linear=0
shrinkage=0.05


Tree=23
num_leaves=12
num_cat=10
split_feature=1 0 0 0 0 0 0 0 0 0 0
split_gain=2.09742e+10 1.39519e+10 1.0061e+10 6.85483e+09 2.21505e+09 1.37289e+09 1.97743e+08 1.02846e+08 9.94662e+07 1.86761e+07 1.1392e+07
threshold=1.5000000000000002 0 1 2 3 4 5 6 7 8 9
decision_type=2 1 1 1 1 1 1 1 1 1 1
left_child=1 -1 -2 -3 -4 -5 7 -7 9 -6 -10
right_child=2 3 4 5 8 6 -8 -9 10 -11 -12
leaf_value=13.544772849666401 7.9967726783925563 -18.358559110230235 50.8855400622123 -0.90228373022479613 32.174824577872684 -4.4029934067404772 -9.5776073248340605 -6.8014644434227769 26.506550910560005 28.473203956851393 22.841815734714494
leaf_weight=94147 122512 111473 15155 167398 7984 65411 49101 142342 4669 11524 8284
leaf_count=94147 122512 111473 15155 167398 7984 65411 49101 142342 4669 11524 8284
internal_value=0.00193962 -4.20561 15.5797 -7.32514 35.081 -4.42572 -6.72191 -6.04655 27.689 30.0039 24.1822
internal_weight=800000 629872 170128 535725 47616 424252 256854 207753 32461 19508 12953
internal_count=800000 629872 170128 535725 47616 424252 256854 207753 32461 19508 12953
cat_boundaries=0 1 2 3 4 5 6 7 8 9 10
cat_threshold=1 32 32 1 2 12 8 18 16 8
is_linear=0
shrinkage=0.05


Tree=24
num_leaves=12
num_cat=10
split_feature=1 0 0 0 0 0 0 0 0 0 0
split_gain=1.89303e+10 1.25917e+10 9.08122e+09 6.18653e+09 1.99908e+09 1.23905e+09 1.78471e+08 9.28179e+07 8.97555e+07 1.68648e+07 1.02927e+07
threshold=1.5000000000000002 0 1 2 3 4 5 6 7 8 9
decision_type=2 1 1 1 1 1 1 1 1 1 1
left_child=1 -1 -2 -3 -4 -5 7 -7 9 -6 -10
right_child=2 3 4 5 8 6 -8 -9 10 -11 -12
leaf_value=12.867603301475269 7.5969652498164013 -17.440712347409857 48.342935076861188 -0.85717053495879425 30.568096653163096 -4.182876184604349 -9.0988242295129602 -6.4614163702038345 25.184053462029116 27.050778566019488 21.701102689096146
leaf_weight=94147 122512 111473 15155 167398 7984 65411 49101 142342 4669 11524 8284
leaf_count=94147 122512 111473 15155 167398 7984 65411 49101 142342 4669 11524 8284
internal_value=0.00193138 -3.99535 14.8012 -6.95892 33.3287 -4.20446 -6.38585 -5.74425 26.3062 28.5052 22.975
internal_weight=800000 629872 170128 535725 47616 424252 256854 207753 32461 19508 12953
internal_count=800000 629872 170128 535725 47616 424252 256854 207753 32461 19508 12953
cat_boundaries=0 1 2 3 4 5 6 7 8 9 10
cat_threshold=1 32 32 1 2 12 8 18 16 8
is_linear=0
shrinkage=0.05


Tree=25
num_leaves=12
num_cat=10
split_feature=1 0 0 0 0 0 0 0 0 0 0
split_gain=1.70855e+10 1.13642e+10 8.19686e+09 5.5834e+09 1.80416e+09 1.11826e+09 1.61077e+08 8.37674e+07 8.09929e+07 1.52292e+07 9.29943e+06
threshold=1.5000000000000002 0 1 2 3 4 5 6 7 8 9
decision_type=2 1 1 1 1 1 1 1 1 1 1
left_child=1 -1 -2 -3 -4 -5 7 -7 9 -6 -10
right_child=2 3 4 5 8 6 -8 -9 10 -11 -12
leaf_value=12.224292921881451 7.2171489691073099 -16.568755068655211 45.927386380543702 -0.81431576573836206 29.041604126659905 -3.9737643935260887 -8.6439769017757317 -6.138367820512288 23.927542337766951 25.699414920583639 20.6173581306636
leaf_weight=94147 122512 111473 15155 167398 7984 65411 49101 142342 4669 11524 8284
leaf_count=94147 122512 111473 15155 167398 7984 65411 49101 142342 4669 11524 8284
internal_value=0.00191955 -3.79561 14.0617 -6.61101 31.6638 -3.99426 -6.0666 -5.45707 24.9925 27.0814 21.8281
internal_weight=800000 629872 170128 535725 47616 424252 256854 207753 32461 19508 12953
internal_count=800000 629872 170128 535725 47616 424252 256854 207753 32461 19508 12953
cat_boundaries=0 1 2 3 4 5 6 7 8 9 10
cat_threshold=1 32 32 1 2 12 8 18 16 8
is_linear=0
shrinkage=0.05


Tree=26
num_leaves=12
num_cat=10
split_feature=1 0 0 0 0 0 0 0 0 0 0
split_gain=1.54205e+10 1.02563e+10 7.39862e+09 5.03906e+09 1.62825e+09 1.00924e+09 1.45378e+08 7.55993e+07 7.30856e+07 1.37522e+07 8.40209e+06
threshold=1.5000000000000002 0 1 2 3 4 5 6 7 8 9
decision_type=2 1 1 1 1 1 1 1 1 1 1
left_child=1 -1 -2 -3 -4 -5 7 -7 9 -6 -10
right_child=2 3 4 5 8 6 -8 -9 10 -11 -12
leaf_value=11.61314300238236 6.8563190062458084 -15.740392066046949 43.632530460791585 -0.77360149596812544 27.591340367268227 -3.7751073500627599 -8.2118642886495063 -5.8314698862549808 22.733723723090954 24.415555768850588 19.587730773500802
leaf_weight=94147 122512 111473 15155 167398 7984 65411 49101 142342 4669 11524 8284
leaf_count=94147 122512 111473 15155 167398 7984 65411 49101 142342 4669 11524 8284
internal_value=0.00190388 -3.60584 13.359 -6.28049 30.0822 -3.79457 -5.7633 -5.18424 23.7444 25.7288 20.7384
internal_weight=800000 629872 170128 535725 47616 424252 256854 207753 32461 19508 12953
internal_count=800000 629872 170128 535725 47616 424252 256854 207753 32461 19508 12953
cat_boundaries=0 1 2 3 4 5 6 7 8 9 10
cat_threshold=1 32 32 1 2 12 8 18 16 8
is_linear=0
shrinkage=0.05


Tree=27
num_leaves=12
num_cat=10
split_feature=1 0 0 0 0 0 0 0 0 0 0
split_gain=1.39178e+10 9.25638e+09 6.67811e+09 4.54779e+09 1.4695e+09 9.10853e+08 1.31209e+08 6.82278e+07 6.59504e+07 1.24184e+07 7.59126e+06
threshold=1.5000000000000002 0 1 2 3 4 5 6 7 8 9
decision_type=2 1 1 1 1 1 1 1 1 1 1
left_child=1 -1 -2 -3 -4 -5 7 -7 9 -6 -10
right_child=2 3 4 5 8 6 -8 -9 10 -11 -12
leaf_value=11.032547917123907 6.5135324306690112 -14.953441689927045 41.452342598723618 -0.73492354849613528 26.213498284705196 -3.5863801376254845 -7.8013554084017249 -5.5399176231834266 21.599463827035756 23.195836429891955 18.609528010961434
leaf_weight=94147 122512 111473 15155 167398 7984 65411 49101 142342 4669 11524 8284
leaf_count=94147 122512 111473 15155 167398 7984 65411 49101 142342 4669 11524 8284
internal_value=0.00188537 -3.42557 12.6915 -5.9665 28.5795 -3.60487 -5.47517 -4.92505 22.5587 24.4437 19.7031
internal_weight=800000 629872 170128 535725 47616 424252 256854 207753 32461 19508 12953
internal_count=800000 629872 170128 535725 47616 424252 256854 207753 32461 19508 12953
cat_boundaries=0 1 2 3 4 5 6 7 8 9 10
cat_threshold=1 32 32 1 2 12 8 18 16 8
is_linear=0
shrinkage=0.05


Tree=28
num_leaves=12
num_cat=10
split_feature=1 0 0 0 0 0 0 0 0 0 0
split_gain=1.25615e+10 8.35398e+09 6.02777e+09 4.10441e+09 1.32622e+09 8.22056e+08 1.18421e+08 6.1575e+07 5.95117e+07 1.1214e+07 6.85874e+06
threshold=1.5000000000000002 0 1 2 3 4 5 6 7 8 9
decision_type=2 1 1 1 1 1 1 1 1 1 1
left_child=1 -1 -2 -3 -4 -5 7 -7 9 -6 -10
right_child=2 3 4 5 8 6 -8 -9 10 -11 -12
leaf_value=10.480979636632195 6.1878797632720763 -14.205838197999819 39.381088683835515 -0.69817950046621891 24.904464204567269 -3.4070899054384611 -7.4113668660621803 -5.2629417191626882 20.521802238726064 22.037050187197057 17.680172878625971
leaf_weight=94147 122512 111473 15155 167398 7984 65411 49101 142342 4669 11524 8284
leaf_count=94147 122512 111473 15155 167398 7984 65411 49101 142342 4669 11524 8284
internal_value=0.00186283 -3.25431 12.0573 -5.6682 27.1519 -3.42464 -5.20145 -4.67882 21.4321 23.2227 18.7195
internal_weight=800000 629872 170128 535725 47616 424252 256854 207753 32461 19508 12953
internal_count=800000 629872 170128 535725 47616 424252 256854 207753 32461 19508 12953
cat_boundaries=0 1 2 3 4 5 6 7 8 9 10
cat_threshold=1 32 32 1 2 12 8 18 16 8
is_linear=0
shrinkage=0.05


Tree=29
num_leaves=12
num_cat=10
split_feature=1 0 0 0 0 0 0 0 0 0 0
split_gain=1.13374e+10 7.53955e+09 5.44077e+09 3.70427e+09 1.19691e+09 7.41916e+08 1.0688e+08 5.55711e+07 5.37017e+07 1.01264e+07 6.19688e+06
threshold=1.5000000000000002 0 1 2 3 4 5 6 7 8 9
decision_type=2 1 1 1 1 1 1 1 1 1 1
left_child=1 -1 -2 -3 -4 -5 7 -7 9 -6 -10
right_child=2 3 4 5 8 6 -8 -9 10 -11 -12
leaf_value=9.9569846960110073 5.8785128115946055 -13.495610362981305 37.413335385421618 -0.66327281406883254 23.660796318669782 -3.2367598993010982 -7.0408741445576926 -4.9998129901583717 19.497903777259264 20.936153021606227 16.797228987285365
leaf_weight=94147 122512 111473 15155 167398 7984 65411 49101 142342 4669 11524 8284
leaf_count=94147 122512 111473 15155 167398 7984 65411 49101 142342 4669 11524 8284
internal_value=0.00183871 -3.09161 11.4548 -5.38482 25.7956 -3.25343 -4.94141 -4.4449 20.3618 22.0628 17.785
internal_weight=800000 629872 170128 535725 47616 424252 256854 207753 32461 19508 12953
internal_count=800000 629872 170128 535725 47616 424252 256854 207753 32461 19508 12953
cat_boundaries=0 1 2 3 4 5 6 7 8 9 10
cat_threshold=1 32 32 1 2 12 8 18 16 8
is_linear=0
shrinkage=0.05


Tree=30
num_leaves=12
num_cat=10
split_feature=1 0 0 0 0 0 0 0 0 0 0
split_gain=1.02325e+10 6.80452e+09 4.91092e+09 3.34313e+09 1.08021e+09 6.69588e+08 9.6463e+07 5.01524e+07 4.84589e+07 9.1443e+06 5.59886e+06
threshold=1.5000000000000002 0 1 2 3 4 5 6 7 8 9
decision_type=2 1 1 1 1 1 1 1 1 1 1
left_child=1 -1 -2 -3 -4 -5 7 -7 9 -6 -10
right_child=2 3 4 5 8 6 -8 -9 10 -11 -12
leaf_value=9.4591882978328918 5.584613728968093 -12.820890555725621 35.54390559522539 -0.63011187634999699 22.479237876215489 -3.0749468480557978 -6.6889017856181017 -4.749839314195003 18.525090998221369 19.890255287144409 15.958382473562262
leaf_weight=94147 122512 111473 15155 167398 7984 65411 49101 142342 4669 11524 8284
leaf_count=94147 122512 111473 15155 167398 7984 65411 49101 142342 4669 11524 8284
internal_value=0.00181266 -2.93704 10.8825 -5.11561 24.5071 -3.09078 -4.69437 -4.22267 19.345 20.9608 16.8971
internal_weight=800000 629872 170128 535725 47616 424252 256854 207753 32461 19508 12953
internal_count=800000 629872 170128 535725 47616 424252 256854 207753 32461 19508 12953
cat_boundaries=0 1 2 3 4 5 6 7 8 9 10
cat_threshold=1 32 32 1 2 12 8 18 16 8
is_linear=0
shrinkage=0.05


Tree=31
num_leaves=12
num_cat=10
split_feature=1 0 0 0 0 0 0 0 0 0 0
split_gain=9.23537e+09 6.14114e+09 4.43268e+09 3.0172e+09 9.74886e+08 6.04311e+08 8.70616e+07 4.52622e+07 4.37278e+07 8.25744e+06 5.0586e+06
threshold=1.5000000000000002 0 1 2 3 4 5 6 7 8 9
decision_type=2 1 1 1 1 1 1 1 1 1 1
left_child=1 -1 -2 -3 -4 -5 7 -7 9 -6 -10
right_child=2 3 4 5 8 6 -8 -9 10 -11 -12
leaf_value=8.9862808273239096 5.3054043234053321 -12.179902945875103 33.767881225173404 -0.59860724946383381 21.35667933921442 -2.9212231855540711 -6.3545264110769857 -4.5123641917611605 17.600820060366367 18.896601865633496 15.161423056390678
leaf_weight=94147 122512 111473 15155 167398 7984 65411 49101 142342 4669 11524 8284
leaf_count=94147 122512 111473 15155 167398 7984 65411 49101 142342 4669 11524 8284
internal_value=0.00178422 -2.79021 10.3387 -4.85985 23.2829 -2.93626 -4.45968 -4.01156 18.3789 19.9139 16.0536
internal_weight=800000 629872 170128 535725 47616 424252 256854 207753 32461 19508 12953
internal_count=800000 629872 170128 535725 47616 424252 256854 207753 32461 19508 12953
cat_boundaries=0 1 2 3 4 5 6 7 8 9 10
cat_threshold=1 32 32 1 2 12 8 18 16 8
is_linear=0
shrinkage=0.05


Tree=32
num_leaves=12
num_cat=10
split_feature=1 0 0 0 0 0 0 0 0 0 0
split_gain=8.33538e+09 5.54244e+09 4.00101e+09 2.72305e+09 8.79833e+08 5.45398e+08 7.85763e+07 4.08488e+07 3.94588e+07 7.45661e+06 4.57044e+06
threshold=1.5000000000000002 0 1 2 3 4 5 6 7 8 9
decision_type=2 1 1 1 1 1 1 1 1 1 1
left_child=1 -1 -2 -3 -4 -5 7 -7 9 -6 -10
right_child=2 3 4 5 8 6 -8 -9 10 -11 -12
leaf_value=8.5370130226758132 5.0401558059543188 -11.570961795724545 32.080597065976853 -0.56867869867485987 20.290183126350808 -2.7751843074211346 -6.0368628524553776 -4.2867616547012224 16.722658867702496 17.952591298137897 14.404265179874409
leaf_weight=94147 122512 111473 15155 167398 7984 65411 49101 142342 4669 11524 8284
leaf_count=94147 122512 111473 15155 167398 7984 65411 49101 142342 4669 11524 8284
internal_value=0.00175409 -2.65071 9.82208 -4.61689 22.1199 -2.78946 -4.23672 -3.811 17.4611 18.9192 15.2522
internal_weight=800000 629872 170128 535725 47616 424252 256854 207753 32461 19508 12953
internal_count=800000 629872 170128 535725 47616 424252 256854 207753 32461 19508 12953
cat_boundaries=0 1 2 3 4 5 6 7 8 9 10
cat_threshold=1 32 32 1 2 12 8 18 16 8
is_linear=0
shrinkage=0.05


Tree=33
num_leaves=12
num_cat=10
split_feature=1 0 0 0 0 0 0 0 0 0 0
split_gain=7.5231e+09 5.00211e+09 3.61137e+09 2.45757e+09 7.94047e+08 4.92228e+08 7.09181e+07 3.68657e+07 3.56065e+07 6.73342e+06 4.1294e+06
threshold=1.5000000000000002 0 1 2 3 4 5 6 7 8 9
decision_type=2 1 1 1 1 1 1 1 1 1 1
left_child=1 -1 -2 -3 -4 -5 7 -7 9 -6 -10
right_child=2 3 4 5 8 6 -8 -9 10 -11 -12
leaf_value=8.1102076651036992 4.7881693744209528 -10.992465880664312 30.477624212039252 -0.54024825034919255 19.276943685604628 -2.6364456530786864 -5.7350806435095691 -4.0724381315150602 15.888312968853118 17.055740634676116 13.684919119099696
leaf_weight=94147 122512 111473 15155 167398 7984 65411 49101 142342 4669 11524 8284
leaf_count=94147 122512 111473 15155 167398 7984 65411 49101 142342 4669 11524 8284
internal_value=0.00172237 -2.51819 9.33129 -4.38607 21.015 -2.65 -4.02491 -3.62046 16.5891 17.9742 14.4908
internal_weight=800000 629872 170128 535725 47616 424252 256854 207753 32461 19508 12953
internal_count=800000 629872 170128 535725 47616 424252 256854 207753 32461 19508 12953
cat_boundaries=0 1 2 3 4 5 6 7 8 9 10
cat_threshold=1 32 32 1 2 12 8 18 16 8
is_linear=0
shrinkage=0.05


Tree=34
num_leaves=12
num_cat=10
split_feature=1 0 0 0 0 0 0 0 0 0 0
split_gain=6.78997e+09 4.51445e+09 3.25969e+09 2.21798e+09 7.16626e+08 4.44242e+08 6.40063e+07 3.3271e+07 3.21302e+07 6.08033e+06 3.73087e+06
threshold=1.5000000000000002 0 1 2 3 4 5 6 7 8 9
decision_type=2 1 1 1 1 1 1 1 1 1 1
left_child=1 -1 -2 -3 -4 -5 7 -7 9 -6 -10
right_child=2 3 4 5 8 6 -8 -9 10 -11 -12
leaf_value=7.7047412308478078 4.5487774079114631 -10.442890678536749 28.954750053183773 -0.51323639215104133 18.314298609312935 -2.5046442191075755 -5.4483867679673708 -3.8688310861463586 15.095592578595253 16.203694810432392 13.001502623395917
leaf_weight=94147 122512 111473 15155 167398 7984 65411 49101 142342 4669 11524 8284
leaf_count=94147 122512 111473 15155 167398 7984 65411 49101 142342 4669 11524 8284
internal_value=0.00168939 -2.39229 8.86502 -4.16678 19.9652 -2.51752 -3.82369 -3.43946 15.7607 17.0764 13.7674
internal_weight=800000 629872 170128 535725 47616 424252 256854 207753 32461 19508 12953
internal_count=800000 629872 170128 535725 47616 424252 256854 207753 32461 19508 12953
cat_boundaries=0 1 2 3 4 5 6 7 8 9 10
cat_threshold=1 32 32 1 2 12 8 18 16 8
is_linear=0
shrinkage=0.05


Tree=35
num_leaves=12
num_cat=10
split_feature=1 0 0 0 0 0 0 0 0 0 0
split_gain=6.12828e+09 4.07434e+09 2.94225e+09 2.00174e+09 6.46754e+08 4.00935e+08 5.77682e+07 3.00268e+07 2.89935e+07 5.49068e+06 3.37084e+06
threshold=1.5000000000000002 0 1 2 3 4 5 6 7 8 9
decision_type=2 1 1 1 1 1 1 1 1 1 1
left_child=1 -1 -2 -3 -4 -5 7 -7 9 -6 -10
right_child=2 3 4 5 8 6 -8 -9 10 -11 -12
leaf_value=7.3195452538408894 4.3213566722490961 -9.9207937221866374 27.507966080472841 -0.48757521313359953 17.399733142027237 -2.3794315846860195 -5.1760234951994812 -3.6754030733701017 14.342422845787054 15.394209628157254 12.352206520896836
leaf_weight=94147 122512 111473 15155 167398 7984 65411 49101 142342 4669 11524 8284
leaf_count=94147 122512 111473 15155 167398 7984 65411 49101 142342 4669 11524 8284
internal_value=0.00165546 -2.27269 8.42205 -3.95847 18.9679 -2.39166 -3.63253 -3.2675 14.9736 16.2235 13.0801
internal_weight=800000 629872 170128 535725 47616 424252 256854 207753 32461 19508 12953
internal_count=800000 629872 170128 535725 47616 424252 256854 207753 32461 19508 12953
cat_boundaries=0 1 2 3 4 5 6 7 8 9 10
cat_threshold=1 32 32 1 2 12 8 18 16 8
is_linear=0
shrinkage=0.05


Tree=36
num_leaves=12
num_cat=10
split_feature=1 0 0 0 0 0 0 0 0 0 0
split_gain=5.53108e+09 3.67713e+09 2.65572e+09 1.80659e+09 5.83694e+08 3.61848e+08 5.2138e+07 2.70989e+07 2.61629e+07 4.95815e+06 3.04554e+06
threshold=1.5000000000000002 0 1 2 3 4 5 6 7 8 9
decision_type=2 1 1 1 1 1 1 1 1 1 1
left_child=1 -1 -2 -3 -4 -5 7 -7 9 -6 -10
right_child=2 3 4 5 8 6 -8 -9 10 -11 -12
leaf_value=6.9536052364287499 4.1053071805929973 -9.4247984665028692 26.133473957789995 -0.46319887713772795 16.530836156048654 -2.2604775554765264 -4.917274640964866 -3.4916451529055297 13.626837755233005 14.625169316933105 11.735344099360315
leaf_weight=94147 122512 111473 15155 167398 7984 65411 49101 142342 4669 11524 8284
leaf_count=94147 122512 111473 15155 167398 7984 65411 49101 142342 4669 11524 8284
internal_value=0.00162082 -2.15907 8.00122 -3.76056 18.0204 -2.27209 -3.45092 -3.10414 14.2258 15.4132 12.4271
internal_weight=800000 629872 170128 535725 47616 424252 256854 207753 32461 19508 12953
internal_count=800000 629872 170128 535725 47616 424252 256854 207753 32461 19508 12953
cat_boundaries=0 1 2 3 4 5 6 7 8 9 10
cat_threshold=1 32 32 1 2 12 8 18 16 8
is_linear=0
shrinkage=0.05


Tree=37
num_leaves=12
num_cat=10
split_feature=1 0 0 0 0 0 0 0 0 0 0
split_gain=4.99208e+09 3.31865e+09 2.39709e+09 1.63046e+09 5.26783e+08 3.26572e+08 4.70564e+07 2.44567e+07 2.36086e+07 4.4773e+06 2.75163e+06
threshold=1.5000000000000002 0 1 2 3 4 5 6 7 8 9
decision_type=2 1 1 1 1 1 1 1 1 1 1
left_child=1 -1 -2 -3 -4 -5 7 -7 9 -6 -10
right_child=2 3 4 5 8 6 -8 -9 10 -11 -12
leaf_value=6.6059628386958202 3.9000605035123188 -8.9536005502954037 24.827661903449268 -0.44003979724645048 15.70532878744981 -2.1474697423377407 -4.6714597107851406 -3.3170757504049231 12.946950871263159 13.894542411842565 11.149283840859226
leaf_weight=94147 122512 111473 15155 167398 7984 65411 49101 142342 4669 11524 8284
leaf_count=94147 122512 111473 15155 167398 7984 65411 49101 142342 4669 11524 8284
internal_value=0.00158608 -2.05112 7.60142 -3.57255 17.1203 -2.1585 -3.2784 -2.94895 13.5154 14.6433 11.8068
internal_weight=800000 629872 170128 535725 47616 424252 256854 207753 32461 19508 12953
internal_count=800000 629872 170128 535725 47616 424252 256854 207753 32461 19508 12953
cat_boundaries=0 1 2 3 4 5 6 7 8 9 10
cat_threshold=1 32 32 1 2 12 8 18 16 8
is_linear=0
shrinkage=0.05


Tree=38
num_leaves=12
num_cat=10
split_feature=1 0 0 0 0 0 0 0 0 0 0
split_gain=4.5056e+09 2.99511e+09 2.16366e+09 1.4715e+09 4.75421e+08 2.94735e+08 4.24703e+07 2.20719e+07 2.13037e+07 4.04302e+06 2.48611e+06
threshold=1.5000000000000002 0 1 2 3 4 5 6 7 8 9
decision_type=2 1 1 1 1 1 1 1 1 1 1
left_child=1 -1 -2 -3 -4 -5 7 -7 9 -6 -10
right_child=2 3 4 5 8 6 -8 -9 10 -11 -12
leaf_value=6.2756988651308818 3.7050722129532412 -8.5059608888665874 23.58710037410043 -0.41803980427946813 14.921038605434942 -2.0401130872249378 -4.4379354644823241 -3.1512333101887 12.300990283873938 13.20041788976652 10.592490661773793
leaf_weight=94147 122512 111473 15155 167398 7984 65411 49101 142342 4669 11524 8284
leaf_count=94147 122512 111473 15155 167398 7984 65411 49101 142342 4669 11524 8284
internal_value=0.00154971 -1.94858 7.22159 -3.39395 16.2651 -2.05058 -3.1145 -2.80151 12.8405 13.9119 11.2173
internal_weight=800000 629872 170128 535725 47616 424252 256854 207753 32461 19508 12953
internal_count=800000 629872 170128 535725 47616 424252 256854 207753 32461 19508 12953
cat_boundaries=0 1 2 3 4 5 6 7 8 9 10
cat_threshold=1 32 32 1 2 12 8 18 16 8
is_linear=0
shrinkage=0.05


Tree=39
num_leaves=12
num_cat=10
split_feature=1 0 0 0 0 0 0 0 0 0 0
split_gain=4.06652e+09 2.70312e+09 1.95295e+09 1.32804e+09 4.29067e+08 2.66002e+08 3.8331e+07 1.99196e+07 1.92239e+07 3.65092e+06 2.2462e+06
threshold=1.5000000000000002 0 1 2 3 4 5 6 7 8 9
decision_type=2 1 1 1 1 1 1 1 1 1 1
left_child=1 -1 -2 -3 -4 -5 7 -7 9 -6 -10
right_child=2 3 4 5 8 6 -8 -9 10 -11 -12
leaf_value=5.9619478101957331 3.5198334301221097 -8.0807002864078115 22.408523890101947 -0.39713908412551535 14.17592448174193 -1.9381250478089365 -4.2160834555153945 -2.9936821057794605 11.687253965794417 12.540970502826605 10.063501522320854
leaf_weight=94147 122512 111473 15155 167398 7984 65411 49101 142342 4669 11524 8284
leaf_count=94147 122512 111473 15155 167398 7984 65411 49101 142342 4669 11524 8284
internal_value=0.00151362 -1.85116 6.86074 -3.22427 15.4526 -1.94807 -2.95879 -2.66145 12.1992 13.217 10.6574
internal_weight=800000 629872 170128 535725 47616 424252 256854 207753 32461 19508 12953
internal_count=800000 629872 170128 535725 47616 424252 256854 207753 32461 19508 12953
cat_boundaries=0 1 2 3 4 5 6 7 8 9 10
cat_threshold=1 32 32 1 2 12 8 18 16 8
is_linear=0
shrinkage=0.05


Tree=40
num_leaves=12
num_cat=10
split_feature=1 0 0 0 0 0 0 0 0 0 0
split_gain=3.67024e+09 2.43959e+09 1.76276e+09 1.19857e+09 3.87232e+08 2.40071e+08 3.45952e+07 1.79774e+07 1.73471e+07 3.29684e+06 2.02943e+06
threshold=1.5000000000000002 0 1 2 3 4 5 6 7 8 9
decision_type=2 1 1 1 1 1 1 1 1 1 1
left_child=1 -1 -2 -3 -4 -5 7 -7 9 -6 -10
right_child=2 3 4 5 8 6 -8 -9 10 -11 -12
leaf_value=5.6638829141877718 3.3438564689737604 -7.6767021793065631 21.288834031416645 -0.37728256958370443 13.468014416755484 -1.8412328378760723 -4.0053222077182822 -2.8440088224703106 11.104140950056905 11.914463565906454 9.5609340045893081
leaf_weight=94147 122512 111473 15155 167398 7984 65411 49101 142342 4669 11524 8284
leaf_count=94147 122512 111473 15155 167398 7984 65411 49101 142342 4669 11524 8284
internal_value=0.0014773 -1.75861 6.51792 -3.06307 14.6807 -1.85068 -2.81087 -2.52839 11.59 12.5569 10.1253
internal_weight=800000 629872 170128 535725 47616 424252 256854 207753 32461 19508 12953
internal_count=800000 629872 170128 535725 47616 424252 256854 207753 32461 19508 12953
cat_boundaries=0 1 2 3 4 5 6 7 8 9 10
cat_threshold=1 32 32 1 2 12 8 18 16 8
is_linear=0
shrinkage=0.05


Tree=41
num_leaves=12
num_cat=10
split_feature=1 0 0 0 0 0 0 0 0 0 0
split_gain=3.31257e+09 2.20176e+09 1.5911e+09 1.08172e+09 3.49476e+08 2.16667e+08 3.12234e+07 1.62244e+07 1.56534e+07 2.97709e+06 1.83356e+06
threshold=1.5000000000000002 0 1 2 3 4 5 6 7 8 9
decision_type=2 1 1 1 1 1 1 1 1 1 1
left_child=1 -1 -2 -3 -4 -5 7 -7 9 -6 -10
right_child=2 3 4 5 8 6 -8 -9 10 -11 -12
leaf_value=5.3807196159690562 3.1766747684659031 -7.2929022968533435 20.225094121938643 -0.35842001338961205 12.79545490949608 -1.7491854582982904 -3.8050959259599924 -2.7018185624369373 10.550118487939592 11.319256052864226 9.0834672428827457
leaf_weight=94147 122512 111473 15155 167398 7984 65411 49101 142342 4669 11524 8284
leaf_count=94147 122512 111473 15155 167398 7984 65411 49101 142342 4669 11524 8284
internal_value=0.00144019 -1.67069 6.19223 -2.90993 13.9474 -1.75815 -2.67034 -2.40198 11.0112 11.9297 9.61986
internal_weight=800000 629872 170128 535725 47616 424252 256854 207753 32461 19508 12953
internal_count=800000 629872 170128 535725 47616 424252 256854 207753 32461 19508 12953
cat_boundaries=0 1 2 3 4 5 6 7 8 9 10
cat_threshold=1 32 32 1 2 12 8 18 16 8
is_linear=0
shrinkage=0.05


Tree=42
num_leaves=12
num_cat=10
split_feature=1 0 0 0 0 0 0 0 0 0 0
split_gain=2.98976e+09 1.98711e+09 1.43615e+09 9.76257e+08 3.15401e+08 1.95544e+08 2.81803e+07 1.46425e+07 1.41252e+07 2.68834e+06 1.65662e+06
threshold=1.5000000000000002 0 1 2 3 4 5 6 7 8 9
decision_type=2 1 1 1 1 1 1 1 1 1 1
left_child=1 -1 -2 -3 -4 -5 7 -7 9 -6 -10
right_child=2 3 4 5 8 6 -8 -9 10 -11 -12
leaf_value=5.1117107581085506 3.0178573696727851 -6.9282891721195003 19.214505202645249 -0.34050088699436731 12.156482168564596 -1.6617390807253209 -3.6148801582836501 -2.5667377835165803 10.023740541438157 10.753786796479204 8.629839397597836
leaf_weight=94147 122512 111473 15155 167398 7984 65411 49101 142342 4669 11524 8284
leaf_count=94147 122512 111473 15155 167398 7984 65411 49101 142342 4669 11524 8284
internal_value=0.00140376 -1.58716 5.88282 -2.76445 13.2507 -1.67026 -2.53684 -2.28189 10.4613 11.3338 9.13963
internal_weight=800000 629872 170128 535725 47616 424252 256854 207753 32461 19508 12953
internal_count=800000 629872 170128 535725 47616 424252 256854 207753 32461 19508 12953
cat_boundaries=0 1 2 3 4 5 6 7 8 9 10
cat_threshold=1 32 32 1 2 12 8 18 16 8
is_linear=0
shrinkage=0.05


Tree=43
num_leaves=12
num_cat=10
split_feature=1 0 0 0 0 0 0 0 0 0 0
split_gain=2.69841e+09 1.79338e+09 1.29629e+09 8.8108e+08 2.84649e+08 1.76481e+08 2.54339e+07 1.32147e+07 1.27462e+07 2.42762e+06 1.49674e+06
threshold=1.5000000000000002 0 1 2 3 4 5 6 7 8 9
decision_type=2 1 1 1 1 1 1 1 1 1 1
left_child=1 -1 -2 -3 -4 -5 7 -7 9 -6 -10
right_child=2 3 4 5 8 6 -8 -9 10 -11 -12
leaf_value=4.8561532987916713 2.866977895290626 -6.5819063995843941 18.254415325601226 -0.32347623216972565 11.549420312085033 -1.5786655880267433 -3.4341738839302987 -2.438409290901125 9.5236249362793099 10.216563166120096 8.1988685634126437
leaf_weight=94147 122512 111473 15155 167398 7984 65411 49101 142342 4669 11524 8284
leaf_count=94147 122512 111473 15155 167398 7984 65411 49101 142342 4669 11524 8284
internal_value=0.00136756 -1.50781 5.58887 -2.62624 12.5888 -1.58675 -2.41001 -2.16781 9.93891 10.7677 8.68336
internal_weight=800000 629872 170128 535725 47616 424252 256854 207753 32461 19508 12953
internal_count=800000 629872 170128 535725 47616 424252 256854 207753 32461 19508 12953
cat_boundaries=0 1 2 3 4 5 6 7 8 9 10
cat_threshold=1 32 32 1 2 12 8 18 16 8
is_linear=0
shrinkage=0.05


Tree=44
num_leaves=12
num_cat=10
split_feature=1 0 0 0 0 0 0 0 0 0 0
split_gain=2.43545e+09 1.61855e+09 1.17006e+09 7.95181e+08 2.56895e+08 1.59276e+08 2.2955e+07 1.19261e+07 1.15018e+07 2.19217e+06 1.35228e+06
threshold=1.5000000000000002 0 1 2 3 4 5 6 7 8 9
decision_type=2 1 1 1 1 1 1 1 1 1 1
left_child=1 -1 -2 -3 -4 -5 7 -7 9 -6 -10
right_child=2 3 4 5 8 6 -8 -9 10 -11 -12
leaf_value=4.6133723707150578 2.7236407744110207 -6.2528405875212183 17.342295355295295 -0.30730353965678842 10.972670367243055 -1.4997441359605368 -3.2624996271852114 -2.3164978213480141 9.0484601678132872 9.7061766315931806 7.7894220249492463
leaf_weight=94147 122512 111473 15155 167398 7984 65411 49101 142342 4669 11524 8284
leaf_count=94147 122512 111473 15155 167398 7984 65411 49101 142342 4669 11524 8284
internal_value=0.00133116 -1.43243 5.3096 -2.49494 11.96 -1.50742 -2.28953 -2.05943 9.44257 10.2299 8.24988
internal_weight=800000 629872 170128 535725 47616 424252 256854 207753 32461 19508 12953
internal_count=800000 629872 170128 535725 47616 424252 256854 207753 32461 19508 12953
cat_boundaries=0 1 2 3 4 5 6 7 8 9 10
cat_threshold=1 32 32 1 2 12 8 18 16 8
is_linear=0
shrinkage=0.05


Tree=45
num_leaves=12
num_cat=10
split_feature=1 0 0 0 0 0 0 0 0 0 0
split_gain=2.19812e+09 1.46075e+09 1.05611e+09 7.17658e+08 2.31848e+08 1.43749e+08 2.07178e+07 1.07633e+07 1.03789e+07 1.97954e+06 1.22178e+06
threshold=1.5000000000000002 0 1 2 3 4 5 6 7 8 9
decision_type=2 1 1 1 1 1 1 1 1 1 1
left_child=1 -1 -2 -3 -4 -5 7 -7 9 -6 -10
right_child=2 3 4 5 8 6 -8 -9 10 -11 -12
leaf_value=4.3827261134199835 2.5874701141997805 -5.9402269609925096 16.475755109387659 -0.29193812147812553 10.424722740606633 -1.4247683452183395 -3.0994079968810402 -2.2006814885115347 8.5970033767514309 9.2212920319296074 7.4004183825711793
leaf_weight=94147 122512 111473 15155 167398 7984 65411 49101 142342 4669 11524 8284
leaf_count=94147 122512 111473 15155 167398 7984 65411 49101 142342 4669 11524 8284
internal_value=0.00129493 -1.36081 5.04429 -2.37021 11.3626 -1.43206 -2.17507 -1.95647 8.97102 9.71891 7.83804
internal_weight=800000 629872 170128 535725 47616 424252 256854 207753 32461 19508 12953
internal_count=800000 629872 170128 535725 47616 424252 256854 207753 32461 19508 12953
cat_boundaries=0 1 2 3 4 5 6 7 8 9 10
cat_threshold=1 32 32 1 2 12 8 18 16 8
is_linear=0
shrinkage=0.05


Tree=46
num_leaves=12
num_cat=10
split_feature=1 0 0 0 0 0 0 0 0 0 0
split_gain=1.98391e+09 1.31835e+09 9.53264e+08 6.47691e+08 2.09242e+08 1.29735e+08 1.86986e+07 9.71378e+06 9.36562e+06 1.78757e+06 1.10388e+06
threshold=1.5000000000000002 0 1 2 3 4 5 6 7 8 9
decision_type=2 1 1 1 1 1 1 1 1 1 1
left_child=1 -1 -2 -3 -4 -5 7 -7 9 -6 -10
right_child=2 3 4 5 8 6 -8 -9 10 -11 -12
leaf_value=4.1636154495839355 2.4581037884269468 -5.6432416460711963 15.652507906862505 -0.27734216476981 9.904140684191276 -1.3535401183721829 -2.9444685146893144 -2.0906550862594337 8.168072883082548 8.7606237423405489 7.0308420565894698
leaf_weight=94147 122512 111473 15155 167398 7984 65411 49101 142342 4669 11524 8284
leaf_count=94147 122512 111473 15155 167398 7984 65411 49101 142342 4669 11524 8284
internal_value=0.00125886 -1.29278 4.79223 -2.25171 10.795 -1.36047 -2.06633 -1.85865 8.52302 9.23346 7.44675
internal_weight=800000 629872 170128 535725 47616 424252 256854 207753 32461 19508 12953
internal_count=800000 629872 170128 535725 47616 424252 256854 207753 32461 19508 12953
cat_boundaries=0 1 2 3 4 5 6 7 8 9 10
cat_threshold=1 32 32 1 2 12 8 18 16 8
is_linear=0
shrinkage=0.05


Tree=47
num_leaves=12
num_cat=10
split_feature=1 0 0 0 0 0 0 0 0 0 0
split_gain=1.79058e+09 1.18982e+09 8.60431e+08 5.84547e+08 1.8884e+08 1.17088e+08 1.68762e+07 8.76657e+06 8.45124e+06 1.61419e+06 997340
threshold=1.5000000000000002 0 1 2 3 4 5 6 7 8 9
decision_type=2 1 1 1 1 1 1 1 1 1 1
left_child=1 -1 -2 -3 -4 -5 7 -7 9 -6 -10
right_child=2 3 4 5 8 6 -8 -9 10 -11 -12
leaf_value=3.9554567604004576 2.3352111536597855 -5.361105579986563 14.870397859731211 -0.26347642371910407 9.4095530309288211 -1.2858743326509197 -2.797275433908621 -1.9861287805918053 7.7605428862403576 8.322973769769856 6.679726448650098
leaf_weight=94147 122512 111473 15155 167398 7984 65411 49101 142342 4669 11524 8284
leaf_count=94147 122512 111473 15155 167398 7984 65411 49101 142342 4669 11524 8284
internal_value=0.00122358 -1.22815 4.55278 -2.13914 10.2557 -1.29245 -1.96302 -1.76573 8.09739 8.77227 7.075
internal_weight=800000 629872 170128 535725 47616 424252 256854 207753 32461 19508 12953
internal_count=800000 629872 170128 535725 47616 424252 256854 207753 32461 19508 12953
cat_boundaries=0 1 2 3 4 5 6 7 8 9 10
cat_threshold=1 32 32 1 2 12 8 18 16 8
is_linear=0
shrinkage=0.05


Tree=48
num_leaves=12
num_cat=10
split_feature=1 0 0 0 0 0 0 0 0 0 0
split_gain=1.61608e+09 1.07382e+09 7.76639e+08 5.27558e+08 1.70428e+08 1.05673e+08 1.52314e+07 7.91179e+06 7.62616e+06 1.45763e+06 901103
threshold=1.5000000000000002 0 1 2 3 4 5 6 7 8 9
decision_type=2 1 1 1 1 1 1 1 1 1 1
left_child=1 -1 -2 -3 -4 -5 7 -7 9 -6 -10
right_child=2 3 4 5 8 6 -8 -9 10 -11 -12
leaf_value=3.75770365863319 2.2184596553340512 -5.0930740377455015 14.127368905821768 -0.25030234741495822 8.9396614089500073 -1.2215895072623129 -2.6574397320491148 -1.8868297598610384 7.3733471031702598 7.9071852382390695 6.346139080322649
leaf_weight=94147 122512 111473 15155 167398 7984 65411 49101 142342 4669 11524 8284
leaf_count=94147 122512 111473 15155 167398 7984 65411 49101 142342 4669 11524 8284
internal_value=0.00118844 -1.16675 4.32528 -2.03219 9.74345 -1.22784 -1.86488 -1.67745 7.69302 8.33411 6.72181
internal_weight=800000 629872 170128 535725 47616 424252 256854 207753 32461 19508 12953
internal_count=800000 629872 170128 535725 47616 424252 256854 207753 32461 19508 12953
cat_boundaries=0 1 2 3 4 5 6 7 8 9 10
cat_threshold=1 32 32 1 2 12 8 18 16 8
is_linear=0
shrinkage=0.05


Tree=49
num_leaves=12
num_cat=10
split_feature=1 0 0 0 0 0 0 0 0 0 0
split_gain=1.4586e+09 9.69136e+08 7.01007e+08 4.76125e+08 1.53811e+08 9.53712e+07 1.37469e+07 7.14031e+06 6.88163e+06 1.31626e+06 814124
threshold=1.5000000000000002 0 1 2 3 4 5 6 7 8 9
decision_type=2 1 1 1 1 1 1 1 1 1 1
left_child=1 -1 -2 -3 -4 -5 7 -7 9 -6 -10
right_child=2 3 4 5 8 6 -8 -9 10 -11 -12
leaf_value=3.5698366613349677 2.1075458430902971 -4.8384423470953299 13.421466739409599 -0.23778871856911121 8.4932397656778349 -1.1605202580214047 -2.5245949493841322 -1.7924947888097884 7.0054642723981946 7.5121699875100179 6.0292172040081553
leaf_weight=94147 122512 111473 15155 167398 7984 65411 49101 142342 4669 11524 8284
leaf_count=94147 122512 111473 15155 167398 7984 65411 49101 142342 4669 11524 8284
internal_value=0.00115351 -1.10842 4.10916 -1.93059 9.25675 -1.16645 -1.77165 -1.59358 7.30884 7.91784 6.38625
internal_weight=800000 629872 170128 535725 47616 424252 256854 207753 32461 19508 12953
internal_count=800000 629872 170128 535725 47616 424252 256854 207753 32461 19508 12953
cat_boundaries=0 1 2 3 4 5 6 7 8 9 10
cat_threshold=1 32 32 1 2 12 8 18 16 8
is_linear=0
shrinkage=0.05


Tree=50
num_leaves=12
num_cat=10
split_feature=1 0 0 0 0 0 0 0 0 0 0
split_gain=1.31645e+09 8.74655e+08 6.32741e+08 4.29706e+08 1.38814e+08 8.60737e+07 1.24071e+07 6.44408e+06 6.20979e+06 1.18862e+06 735559
threshold=1.5000000000000002 0 1 2 3 4 5 6 7 8 9
decision_type=2 1 1 1 1 1 1 1 1 1 1
left_child=1 -1 -2 -3 -4 -5 7 -7 9 -6 -10
right_child=2 3 4 5 8 6 -8 -9 10 -11 -12
leaf_value=3.39136356629378 2.0021741298326141 -4.596542781492345 12.75083588723102 -0.22590023542705487 8.0691109293664969 -1.1025031922383646 -2.3983921312207603 -1.7028766964236792 6.6559403945961995 7.1368846810626811 5.7281177757848223
leaf_weight=94147 122512 111473 15155 167398 7984 65411 49101 142342 4669 11524 8284
leaf_count=94147 122512 111473 15155 167398 7984 65411 49101 142342 4669 11524 8284
internal_value=0.00111849 -1.053 3.90383 -1.83407 8.79435 -1.10814 -1.68308 -1.51391 6.94384 7.52235 6.06743
internal_weight=800000 629872 170128 535725 47616 424252 256854 207753 32461 19508 12953
internal_count=800000 629872 170128 535725 47616 424252 256854 207753 32461 19508 12953
cat_boundaries=0 1 2 3 4 5 6 7 8 9 10
cat_threshold=1 32 32 1 2 12 8 18 16 8
is_linear=0
shrinkage=0.05


Tree=51
num_leaves=12
num_cat=10
split_feature=1 0 0 0 0 0 0 0 0 0 0
split_gain=1.18817e+09 7.89385e+08 5.71122e+08 3.87814e+08 1.2528e+08 7.76826e+07 1.11979e+07 5.81575e+06 5.60352e+06 1.07332e+06 664560
threshold=1.5000000000000002 0 1 2 3 4 5 6 7 8 9
decision_type=2 1 1 1 1 1 1 1 1 1 1
left_child=1 -1 -2 -3 -4 -5 7 -7 9 -6 -10
right_child=2 3 4 5 8 6 -8 -9 10 -11 -12
leaf_value=3.2218142745871043 1.902076964531618 -4.3667365639375042 12.113714169440316 -0.21460584927121348 7.66615830472269 -1.0473856478391521 -2.2784963865552599 -1.6177390719687417 6.3238529459511428 6.7803520532048767 5.442060325701668
leaf_weight=94147 122512 111473 15155 167398 7984 65411 49101 142342 4669 11524 8284
leaf_count=94147 122512 111473 15155 167398 7984 65411 49101 142342 4669 11524 8284
internal_value=0.00108556 -1.00036 3.70876 -1.74238 8.35506 -1.05273 -1.59893 -1.43822 6.59707 7.14663 5.76454
internal_weight=800000 629872 170128 535725 47616 424252 256854 207753 32461 19508 12953
internal_count=800000 629872 170128 535725 47616 424252 256854 207753 32461 19508 12953
cat_boundaries=0 1 2 3 4 5 6 7 8 9 10
cat_threshold=1 32 32 1 2 12 8 18 16 8
is_linear=0
shrinkage=0.05


Tree=52
num_leaves=12
num_cat=10
split_feature=1 0 0 0 0 0 0 0 0 0 0
split_gain=1.07238e+09 7.12428e+08 5.15504e+08 3.50004e+08 1.13065e+08 7.01095e+07 1.01065e+07 5.24864e+06 5.05643e+06 969232 600430
threshold=1.5000000000000002 0 1 2 3 4 5 6 7 8 9
decision_type=2 1 1 1 1 1 1 1 1 1 1
left_child=1 -1 -2 -3 -4 -5 7 -7 9 -6 -10
right_child=2 3 4 5 8 6 -8 -9 10 -11 -12
leaf_value=3.0607414427635855 1.8069807923110019 -4.1484178140450574 11.508428624156597 -0.2038763833730419 7.283329531572031 -0.99502499433033975 -2.164594915458796 -1.5368571372518276 6.0083387025122619 6.4416253695976637 5.1702844607332743
leaf_weight=94147 122512 111473 15155 167398 7984 65411 49101 142342 4669 11524 8284
leaf_count=94147 122512 111473 15155 167398 7984 65411 49101 142342 4669 11524 8284
internal_value=0.00105277 -0.950342 3.52344 -1.65527 7.93771 -1.0001 -1.519 -1.36632 6.26762 6.78966 5.47677
internal_weight=800000 629872 170128 535725 47616 424252 256854 207753 32461 19508 12953
internal_count=800000 629872 170128 535725 47616 424252 256854 207753 32461 19508 12953
cat_boundaries=0 1 2 3 4 5 6 7 8 9 10
cat_threshold=1 32 32 1 2 12 8 18 16 8
is_linear=0
shrinkage=0.05


Tree=53
num_leaves=12
num_cat=10
split_feature=1 0 0 0 0 0 0 0 0 0 0
split_gain=9.67875e+08 6.42974e+08 4.65302e+08 3.15882e+08 1.02041e+08 6.32746e+07 9.1215e+06 4.73683e+06 4.56279e+06 875221 542492
threshold=1.5000000000000002 0 1 2 3 4 5 6 7 8 9
decision_type=2 1 1 1 1 1 1 1 1 1 1
left_child=1 -1 -2 -3 -4 -5 7 -7 9 -6 -10
right_child=2 3 4 5 8 6 -8 -9 10 -11 -12
leaf_value=2.9077200581770501 1.7166371090526056 -3.9410169976792022 10.933387731494898 -0.19368370577022198 6.9196182998025426 -0.94528244040158538 -2.0563861383670088 -1.4600190147866396 5.7085664858800733 6.1198253093568669 4.9120790257809226
leaf_weight=94147 122512 111473 15155 167398 7984 65411 49101 142342 4669 11524 8284
leaf_count=94147 122512 111473 15155 167398 7984 65411 49101 142342 4669 11524 8284
internal_value=0.00101971 -0.90283 3.34738 -1.57251 7.54121 -0.950105 -1.44306 -1.29801 5.95463 6.45053 5.20336
internal_weight=800000 629872 170128 535725 47616 424252 256854 207753 32461 19508 12953
internal_count=800000 629872 170128 535725 47616 424252 256854 207753 32461 19508 12953
cat_boundaries=0 1 2 3 4 5 6 7 8 9 10
cat_threshold=1 32 32 1 2 12 8 18 16 8
is_linear=0
shrinkage=0.05


Tree=54
num_leaves=12
num_cat=10
split_feature=1 0 0 0 0 0 0 0 0 0 0
split_gain=8.73555e+08 5.8029e+08 4.19989e+08 2.85086e+08 9.20914e+07 5.71063e+07 8.2325e+06 4.27496e+06 4.11732e+06 790329 490121
threshold=1.5000000000000002 0 1 2 3 4 5 6 7 8 9
decision_type=2 1 1 1 1 1 1 1 1 1 1
left_child=1 -1 -2 -3 -4 -5 7 -7 9 -6 -10
right_child=2 3 4 5 8 6 -8 -9 10 -11 -12
leaf_value=2.7623502546274552 1.6308127777873123 -3.7439836462964311 10.387077032680997 -0.1839979778519156 6.574069315652892 -0.8980250529458943 -1.9535877356956739 -1.3870233986663649 5.4237444367870404 5.8141006024722657 4.6667754199955018
leaf_weight=94147 122512 111473 15155 167398 7984 65411 49101 142342 4669 11524 8284
leaf_count=94147 122512 111473 15155 167398 7984 65411 49101 142342 4669 11524 8284
internal_value=0.0009885 -0.857693 3.18012 -1.49389 7.16451 -0.902604 -1.37091 -1.23311 5.65726 6.12834 4.9436
internal_weight=800000 629872 170128 535725 47616 424252 256854 207753 32461 19508 12953
internal_count=800000 629872 170128 535725 47616 424252 256854 207753 32461 19508 12953
cat_boundaries=0 1 2 3 4 5 6 7 8 9 10
cat_threshold=1 32 32 1 2 12 8 18 16 8
is_linear=0
shrinkage=0.05


Tree=55
num_leaves=12
num_cat=10
split_feature=1 0 0 0 0 0 0 0 0 0 0
split_gain=7.88427e+08 5.23717e+08 3.79089e+08 2.57292e+08 8.31125e+07 5.1539e+07 7.43019e+06 3.85812e+06 3.71535e+06 713682 442827
threshold=1.5000000000000002 0 1 2 3 4 5 6 7 8 9
decision_type=2 1 1 1 1 1 1 1 1 1 1
left_child=1 -1 -2 -3 -4 -5 7 -7 9 -6 -10
right_child=2 3 4 5 8 6 -8 -9 10 -11 -12
leaf_value=2.6242465974439932 1.5492789835707335 -3.5568005280430408 9.8680685019312318 -0.17479998976288433 6.2457770510557324 -0.85313028323559426 -1.8559300887495116 -1.317676816351617 5.153138718887333 5.5236455365733796 4.4337146606794864
leaf_weight=94147 122512 111473 15155 167398 7984 65411 49101 142342 4669 11524 8284
leaf_count=94147 122512 111473 15155 167398 7984 65411 49101 142342 4669 11524 8284
internal_value=0.000956976 -0.814813 3.02121 -1.41921 6.80663 -0.85748 -1.30237 -1.17146 5.37474 5.82224 4.69681
internal_weight=800000 629872 170128 535725 47616 424252 256854 207753 32461 19508 12953
internal_count=800000 629872 170128 535725 47616 424252 256854 207753 32461 19508 12953
cat_boundaries=0 1 2 3 4 5 6 7 8 9 10
cat_threshold=1 32 32 1 2 12 8 18 16 8
is_linear=0
shrinkage=0.05


Tree=56
num_leaves=12
num_cat=10
split_feature=1 0 0 0 0 0 0 0 0 0 0
split_gain=7.11595e+08 4.72661e+08 3.42172e+08 2.32208e+08 7.50089e+07 4.65146e+07 6.70601e+06 3.48195e+06 3.35263e+06 644460 400083
threshold=1.5000000000000002 0 1 2 3 4 5 6 7 8 9
decision_type=2 1 1 1 1 1 1 1 1 1 1
left_child=1 -1 -2 -3 -4 -5 7 -7 9 -6 -10
right_child=2 3 4 5 8 6 -8 -9 10 -11 -12
leaf_value=2.4930502951147075 1.4718218696769092 -3.3789772497855171 9.3749922437633266 -0.16606032704188745 5.9338784548769246 -0.81047928439807526 -1.7631517575842599 -1.2517984291402307 4.8960297425757826 5.2477035830333865 4.2122970718575123
leaf_weight=94147 122512 111473 15155 167398 7984 65411 49101 142342 4669 11524 8284
leaf_count=94147 122512 111473 15155 167398 7984 65411 49101 142342 4669 11524 8284
internal_value=0.000926671 -0.774076 2.87025 -1.34825 6.46663 -0.814611 -1.23726 -1.11289 5.10633 5.53143 4.46234
internal_weight=800000 629872 170128 535725 47616 424252 256854 207753 32461 19508 12953
internal_count=800000 629872 170128 535725 47616 424252 256854 207753 32461 19508 12953
cat_boundaries=0 1 2 3 4 5 6 7 8 9 10
cat_threshold=1 32 32 1 2 12 8 18 16 8
is_linear=0
shrinkage=0.05


Tree=57
num_leaves=12
num_cat=10
split_feature=1 0 0 0 0 0 0 0 0 0 0
split_gain=6.4225e+08 4.2658e+08 3.0885e+08 2.0957e+08 6.76954e+07 4.198e+07 6.05241e+06 3.14243e+06 3.02533e+06 581949 361470
threshold=1.5000000000000002 0 1 2 3 4 5 6 7 8 9
decision_type=2 1 1 1 1 1 1 1 1 1 1
left_child=1 -1 -2 -3 -4 -5 7 -7 9 -6 -10
right_child=2 3 4 5 8 6 -8 -9 10 -11 -12
leaf_value=2.3684091559039522 1.3982374276297735 -3.210042259765709 8.9065513650709907 -0.15775740021807871 5.637555673010862 -0.76996182042156869 -1.6750110798348521 -1.1892127341308714 4.6517506073774193 4.9855481547748735 4.0019349750162814
leaf_weight=94147 122512 111473 15155 167398 7984 65411 49101 142342 4669 11524 8284
leaf_count=94147 122512 111473 15155 167398 7984 65411 49101 142342 4669 11524 8284
internal_value=0.00089697 -0.735376 2.72683 -1.28085 6.14361 -0.773885 -1.17541 -1.05726 4.85133 5.25515 4.23957
internal_weight=800000 629872 170128 535725 47616 424252 256854 207753 32461 19508 12953
internal_count=800000 629872 170128 535725 47616 424252 256854 207753 32461 19508 12953
cat_boundaries=0 1 2 3 4 5 6 7 8 9 10
cat_threshold=1 32 32 1 2 12 8 18 16 8
is_linear=0
shrinkage=0.05


Tree=58
num_leaves=12
num_cat=10
split_feature=1 0 0 0 0 0 0 0 0 0 0
split_gain=5.79663e+08 3.84993e+08 2.78773e+08 1.89138e+08 6.10949e+07 3.78876e+07 5.46252e+06 2.83602e+06 2.72996e+06 525511 326590
threshold=1.5000000000000002 0 1 2 3 4 5 6 7 8 9
decision_type=2 1 1 1 1 1 1 1 1 1 1
left_child=1 -1 -2 -3 -4 -5 7 -7 9 -6 -10
right_child=2 3 4 5 8 6 -8 -9 10 -11 -12
leaf_value=2.2500010989036094 1.3283335083442953 -3.0495559088644857 8.4615133703881042 -0.14986919951201921 5.35603069317827 -0.7314700123644986 -1.5912774338228701 -1.1297567463569647 4.4196634669669752 4.7364852274472691 3.8020786796157724
leaf_weight=94147 122512 111473 15155 167398 7984 65411 49101 142342 4669 11524 8284
leaf_count=94147 122512 111473 15155 167398 7984 65411 49101 142342 4669 11524 8284
internal_value=0.000867819 -0.698611 2.59058 -1.21681 5.83672 -0.735195 -1.11664 -1.0044 4.60906 4.99266 4.02793
internal_weight=800000 629872 170128 535725 47616 424252 256854 207753 32461 19508 12953
internal_count=800000 629872 170128 535725 47616 424252 256854 207753 32461 19508 12953
cat_boundaries=0 1 2 3 4 5 6 7 8 9 10
cat_threshold=1 32 32 1 2 12 8 18 16 8
is_linear=0
shrinkage=0.05


Tree=59
num_leaves=12
num_cat=10
split_feature=1 0 0 0 0 0 0 0 0 0 0
split_gain=5.23174e+08 3.4746e+08 2.51625e+08 1.70699e+08 5.5138e+07 3.41939e+07 4.93016e+06 2.55947e+06 2.46343e+06 474549 295068
threshold=1.5000000000000002 0 1 2 3 4 5 6 7 8 9
decision_type=2 1 1 1 1 1 1 1 1 1 1
left_child=1 -1 -2 -3 -4 -5 7 -7 9 -6 -10
right_child=2 3 4 5 8 6 -8 -9 10 -11 -12
leaf_value=2.1375130462402385 1.2619203180234744 -2.8970915674516342 8.0387170082517407 -0.14237736367535878 5.0885669333176651 -0.69490226950360967 -1.511730906379378 -1.0732718466479712 4.1991530008921387 4.4998661768215253 3.6122051215901965
leaf_weight=94147 122512 111473 15155 167398 7984 65411 49101 142342 4669 11524 8284
leaf_count=94147 122512 111473 15155 167398 7984 65411 49101 142342 4669 11524 8284
internal_value=0.000838883 -0.663684 2.46113 -1.15598 5.54517 -0.698439 -1.06082 -0.954181 4.37889 4.74329 3.82685
internal_weight=800000 629872 170128 535725 47616 424252 256854 207753 32461 19508 12953
internal_count=800000 629872 170128 535725 47616 424252 256854 207753 32461 19508 12953
cat_boundaries=0 1 2 3 4 5 6 7 8 9 10
cat_threshold=1 32 32 1 2 12 8 18 16 8
is_linear=0
shrinkage=0.05


Tree=60
num_leaves=12
num_cat=10
split_feature=1 0 0 0 0 0 0 0 0 0 0
split_gain=4.72191e+08 3.13586e+08 2.27121e+08 1.54057e+08 4.97619e+07 3.08605e+07 4.44967e+06 2.30993e+06 2.22292e+06 428512 266584
threshold=1.5000000000000002 0 1 2 3 4 5 6 7 8 9
decision_type=2 1 1 1 1 1 1 1 1 1 1
left_child=1 -1 -2 -3 -4 -5 7 -7 9 -6 -10
right_child=2 3 4 5 8 6 -8 -9 10 -11 -12
leaf_value=2.0306492832450846 1.1988292185442664 -2.7522500066179862 7.6370456859124518 -0.13525825980183764 4.8344528087532943 -0.66016085148112769 -1.4361601580405643 -1.019612527164272 3.9896425309968979 4.2750691084467354 3.4318151128358205
leaf_weight=94147 122512 111473 15155 167398 7984 65411 49101 142342 4669 11524 8284
leaf_count=94147 122512 111473 15155 167398 7984 65411 49101 142342 4669 11524 8284
internal_value=0.000811177 -0.630503 2.33815 -1.09818 5.26817 -0.663521 -1.00778 -0.906476 4.16021 4.50637 3.63581
internal_weight=800000 629872 170128 535725 47616 424252 256854 207753 32461 19508 12953
internal_count=800000 629872 170128 535725 47616 424252 256854 207753 32461 19508 12953
cat_boundaries=0 1 2 3 4 5 6 7 8 9 10
cat_threshold=1 32 32 1 2 12 8 18 16 8
is_linear=0
shrinkage=0.05


Tree=61
num_leaves=12
num_cat=10
split_feature=1 0 0 0 0 0 0 0 0 0 0
split_gain=4.26175e+08 2.83015e+08 2.05003e+08 1.39038e+08 4.49101e+07 2.78519e+07 4.016e+06 2.08469e+06 2.00589e+06 386957 240852
threshold=1.5000000000000002 0 1 2 3 4 5 6 7 8 9
decision_type=2 1 1 1 1 1 1 1 1 1 1
left_child=1 -1 -2 -3 -4 -5 7 -7 9 -6 -10
right_child=2 3 4 5 8 6 -8 -9 10 -11 -12
leaf_value=1.9291265524310945 1.1388905414912511 -2.614649050818926 7.2554457158441794 -0.12849606559297203 4.5930332999841434 -0.62715803163767836 -1.3643670066188329 -0.96863550532329112 3.790585085825422 4.061498893032832 3.2604314753254382
leaf_weight=94147 122512 111473 15155 167398 7984 65411 49101 142342 4669 11524 8284
leaf_count=94147 122512 111473 15155 167398 7984 65411 49101 142342 4669 11524 8284
internal_value=0.000783535 -0.598981 2.22132 -1.04328 5.00502 -0.630349 -0.957401 -0.861157 3.95246 4.28128 3.45431
internal_weight=800000 629872 170128 535725 47616 424252 256854 207753 32461 19508 12953
internal_count=800000 629872 170128 535725 47616 424252 256854 207753 32461 19508 12953
cat_boundaries=0 1 2 3 4 5 6 7 8 9 10
cat_threshold=1 32 32 1 2 12 8 18 16 8
is_linear=0
shrinkage=0.05


Tree=62
num_leaves=12
num_cat=10
split_feature=1 0 0 0 0 0 0 0 0 0 0
split_gain=3.84645e+08 2.55423e+08 1.85039e+08 1.25483e+08 4.05312e+07 2.51367e+07 3.62458e+06 1.8814e+06 1.81007e+06 349423 217608
threshold=1.5000000000000002 0 1 2 3 4 5 6 7 8 9
decision_type=2 1 1 1 1 1 1 1 1 1 1
left_child=1 -1 -2 -3 -4 -5 7 -7 9 -6 -10
right_child=2 3 4 5 8 6 -8 -9 10 -11 -12
leaf_value=1.8326801868787428 1.0819540595547508 -2.4839288469756688 6.8929128923111138 -0.12207225228717755 4.3636695761605448 -0.59580601868893523 -1.296161928130469 -0.92020647288092317 3.6014609482176767 3.858602082404806 3.0976050744034858
leaf_weight=94147 122512 111473 15155 167398 7984 65411 49101 142342 4669 11524 8284
leaf_count=94147 122512 111473 15155 167398 7984 65411 49101 142342 4669 11524 8284
internal_value=0.000757442 -0.569035 2.11032 -0.991122 4.75501 -0.598835 -0.909537 -0.818103 3.75508 4.06744 3.28186
internal_weight=800000 629872 170128 535725 47616 424252 256854 207753 32461 19508 12953
internal_count=800000 629872 170128 535725 47616 424252 256854 207753 32461 19508 12953
cat_boundaries=0 1 2 3 4 5 6 7 8 9 10
cat_threshold=1 32 32 1 2 12 8 18 16 8
is_linear=0
shrinkage=0.05


Tree=63
num_leaves=12
num_cat=10
split_feature=1 0 0 0 0 0 0 0 0 0 0
split_gain=3.47161e+08 2.30523e+08 1.67019e+08 1.13249e+08 3.65793e+07 2.26862e+07 3.27132e+06 1.69796e+06 1.63335e+06 315542 196609
threshold=1.5000000000000002 0 1 2 3 4 5 6 7 8 9
decision_type=2 1 1 1 1 1 1 1 1 1 1
left_child=1 -1 -2 -3 -4 -5 7 -7 9 -6 -10
right_child=2 3 4 5 8 6 -8 -9 10 -11 -12
leaf_value=1.7410574238139054 1.0278592062479828 -2.3597439620949578 6.5484917289842048 -0.11596912471103096 4.1457614881502627 -0.56602058497089081 -1.2313677591010552 -0.87420072938212268 3.4217750043842523 3.6658368407574069 2.9429104378863307
leaf_weight=94147 122512 111473 15155 167398 7984 65411 49101 142342 4669 11524 8284
leaf_count=94147 122512 111473 15155 167398 7984 65411 49101 142342 4669 11524 8284
internal_value=0.000731123 -0.540587 2.00487 -0.941572 4.51749 -0.568898 -0.864066 -0.777202 3.56755 3.86428 3.11803
internal_weight=800000 629872 170128 535725 47616 424252 256854 207753 32461 19508 12953
internal_count=800000 629872 170128 535725 47616 424252 256854 207753 32461 19508 12953
cat_boundaries=0 1 2 3 4 5 6 7 8 9 10
cat_threshold=1 32 32 1 2 12 8 18 16 8
is_linear=0
shrinkage=0.05


Tree=64
num_leaves=12
num_cat=10
split_feature=1 0 0 0 0 0 0 0 0 0 0
split_gain=3.1333e+08 2.08049e+08 1.50754e+08 1.02208e+08 3.30128e+07 2.04745e+07 2.95247e+06 1.53239e+06 1.47388e+06 284935 177629
threshold=1.5000000000000002 0 1 2 3 4 5 6 7 8 9
decision_type=2 1 1 1 1 1 1 1 1 1 1
left_child=1 -1 -2 -3 -4 -5 7 -7 9 -6 -10
right_child=2 3 4 5 8 6 -8 -9 10 -11 -12
leaf_value=1.6540121834071257 0.97647107145609258 -2.2417669230228672 6.221285753523679 -0.11017145232721975 3.9387313900514038 -0.53772398615617401 -1.1698108259320941 -0.83049399613449781 3.2510490268284147 3.4827042700451836 2.7959437278830808
leaf_weight=94147 122512 111473 15155 167398 7984 65411 49101 142342 4669 11524 8284
leaf_count=94147 122512 111473 15155 167398 7984 65411 49101 142342 4669 11524 8284
internal_value=0.000705965 -0.51356 1.90469 -0.894498 4.29183 -0.540456 -0.820868 -0.738346 3.38939 3.67126 2.96237
internal_weight=800000 629872 170128 535725 47616 424252 256854 207753 32461 19508 12953
internal_count=800000 629872 170128 535725 47616 424252 256854 207753 32461 19508 12953
cat_boundaries=0 1 2 3 4 5 6 7 8 9 10
cat_threshold=1 32 32 1 2 12 8 18 16 8
is_linear=0
shrinkage=0.05


Tree=65
num_leaves=12
num_cat=10
split_feature=1 0 0 0 0 0 0 0 0 0 0
split_gain=2.82796e+08 1.87766e+08 1.36073e+08 9.22435e+07 2.9794e+07 1.84785e+07 2.66473e+06 1.38297e+06 1.32999e+06 257298 160488
threshold=1.5000000000000002 0 1 2 3 4 5 6 7 8 9
decision_type=2 1 1 1 1 1 1 1 1 1 1
left_child=1 -1 -2 -3 -4 -5 7 -7 9 -6 -10
right_child=2 3 4 5 8 6 -8 -9 10 -11 -12
leaf_value=1.5713228674362465 0.92765003227447718 -2.129688314738281 5.9104274197863624 -0.1046628410369229 3.7420422414436558 -0.51084165897177847 -1.1113321555483424 -0.78897138976965031 3.08884614050503 3.3087215671883272 2.65631390172716
leaf_weight=94147 122512 111473 15155 167398 7984 65411 49101 142342 4669 11524 8284
leaf_count=94147 122512 111473 15155 167398 7984 65411 49101 142342 4669 11524 8284
internal_value=0.000681969 -0.487884 1.80952 -0.849777 4.07745 -0.513436 -0.779829 -0.701431 3.22013 3.48789 2.81449
internal_weight=800000 629872 170128 535725 47616 424252 256854 207753 32461 19508 12953
internal_count=800000 629872 170128 535725 47616 424252 256854 207753 32461 19508 12953
cat_boundaries=0 1 2 3 4 5 6 7 8 9 10
cat_threshold=1 32 32 1 2 12 8 18 16 8
is_linear=0
shrinkage=0.05


Tree=66
num_leaves=12
num_cat=10
split_feature=1 0 0 0 0 0 0 0 0 0 0
split_gain=2.55237e+08 1.69461e+08 1.22822e+08 8.32505e+07 2.6889e+07 1.66771e+07 2.40502e+06 1.24813e+06 1.20014e+06 232341 144996
threshold=1.5000000000000002 0 1 2 3 4 5 6 7 8 9
decision_type=2 1 1 1 1 1 1 1 1 1 1
left_child=1 -1 -2 -3 -4 -5 7 -7 9 -6 -10
right_child=2 3 4 5 8 6 -8 -9 10 -11 -12
leaf_value=1.4927622029031753 0.88126942355661475 -2.0232141257211369 5.6150990715114899 -0.099430548126102469 3.5551716609570216 -0.48530296546328561 -1.0557770474465689 -0.74952586484220685 2.9347338015464004 3.1434277493639096 2.523659774530989
leaf_weight=94147 122512 111473 15155 167398 7984 65411 49101 142342 4669 11524 8284
leaf_count=94147 122512 111473 15155 167398 7984 65411 49101 142342 4669 11524 8284
internal_value=0.000657306 -0.463493 1.7191 -0.807293 3.87377 -0.487768 -0.740843 -0.666363 3.05932 3.31368 2.67398
internal_weight=800000 629872 170128 535725 47616 424252 256854 207753 32461 19508 12953
internal_count=800000 629872 170128 535725 47616 424252 256854 207753 32461 19508 12953
cat_boundaries=0 1 2 3 4 5 6 7 8 9 10
cat_threshold=1 32 32 1 2 12 8 18 16 8
is_linear=0
shrinkage=0.05


Tree=67
num_leaves=12
num_cat=10
split_feature=1 0 0 0 0 0 0 0 0 0 0
split_gain=2.30365e+08 1.5294e+08 1.10861e+08 7.51341e+07 2.42673e+07 1.50513e+07 2.17061e+06 1.12642e+06 1.08297e+06 209804 131001
threshold=1.5000000000000002 0 1 2 3 4 5 6 7 8 9
decision_type=2 1 1 1 1 1 1 1 1 1 1
left_child=1 -1 -2 -3 -4 -5 7 -7 9 -6 -10
right_child=2 3 4 5 8 6 -8 -9 10 -11 -12
leaf_value=1.4181328516810576 0.83721379455706146 -1.9220614459328282 5.3345295398132349 -0.094458385824396654 3.3776350711863552 -0.46104242809938989 -1.0029988571130952 -0.71205283747880233 2.7883099110010829 2.9863936507931323 2.397629213718325
leaf_weight=94147 122512 111473 15155 167398 7984 65411 49101 142342 4669 11524 8284
leaf_count=94147 122512 111473 15155 167398 7984 65411 49101 142342 4669 11524 8284
internal_value=0.000635196 -0.44032 1.6332 -0.766932 3.68027 -0.463382 -0.703805 -0.633048 2.90654 3.14816 2.5405
internal_weight=800000 629872 170128 535725 47616 424252 256854 207753 32461 19508 12953
internal_count=800000 629872 170128 535725 47616 424252 256854 207753 32461 19508 12953
cat_boundaries=0 1 2 3 4 5 6 7 8 9 10
cat_threshold=1 32 32 1 2 12 8 18 16 8
is_linear=0
shrinkage=0.05


Tree=68
num_leaves=12
num_cat=10
split_feature=1 0 0 0 0 0 0 0 0 0 0
split_gain=2.07916e+08 1.3803e+08 1.00065e+08 6.78092e+07 2.19012e+07 1.3584e+07 1.95908e+06 1.01659e+06 977240 189453 118358
threshold=1.5000000000000002 0 1 2 3 4 5 6 7 8 9
decision_type=2 1 1 1 1 1 1 1 1 1 1
left_child=1 -1 -2 -3 -4 -5 7 -7 9 -6 -10
right_child=2 3 4 5 8 6 -8 -9 10 -11 -12
leaf_value=1.3472337790072437 0.79535644277065543 -1.8259676792831134 5.0679788031925517 -0.089735856729165384 3.208963910704826 -0.43799337560936175 -0.95286009319103704 -0.67645228072285757 2.6491937935721754 2.8372048622238508 2.2778915972803944
leaf_weight=94147 122512 111473 15155 167398 7984 65411 49101 142342 4669 11524 8284
leaf_count=94147 122512 111473 15155 167398 7984 65411 49101 142342 4669 11524 8284
internal_value=0.000612717 -0.418307 1.55159 -0.72859 3.49643 -0.440216 -0.668619 -0.601398 2.76139 2.99092 2.41367
internal_weight=800000 629872 170128 535725 47616 424252 256854 207753 32461 19508 12953
internal_count=800000 629872 170128 535725 47616 424252 256854 207753 32461 19508 12953
cat_boundaries=0 1 2 3 4 5 6 7 8 9 10
cat_threshold=1 32 32 1 2 12 8 18 16 8
is_linear=0
shrinkage=0.05


Tree=69
num_leaves=12
num_cat=10
split_feature=1 0 0 0 0 0 0 0 0 0 0
split_gain=1.87654e+08 1.24573e+08 9.03202e+07 6.11984e+07 1.97658e+07 1.22598e+07 1.76813e+06 917467 881831 171089 106934
threshold=1.5000000000000002 0 1 2 3 4 5 6 7 8 9
decision_type=2 1 1 1 1 1 1 1 1 1 1
left_child=1 -1 -2 -3 -4 -5 7 -7 9 -6 -10
right_child=2 3 4 5 8 6 -8 -9 10 -11 -12
leaf_value=1.2798790897416503 0.75559069375267474 -1.7346781251145178 4.8147479866850391 -0.08524846252697349 3.0487205827477757 -0.41609640087785948 -0.90522597500259949 -0.64263203141125746 2.5170159607928237 2.6954634124533605 2.1641343106641693
leaf_weight=94147 122512 111473 15155 167398 7984 65411 49101 142342 4669 11524 8284
leaf_count=94147 122512 111473 15155 167398 7984 65411 49101 142342 4669 11524 8284
internal_value=0.00059095 -0.397393 1.47406 -0.692164 3.32178 -0.418207 -0.635192 -0.571331 2.62349 2.84153 2.29318
internal_weight=800000 629872 170128 535725 47616 424252 256854 207753 32461 19508 12953
internal_count=800000 629872 170128 535725 47616 424252 256854 207753 32461 19508 12953
cat_boundaries=0 1 2 3 4 5 6 7 8 9 10
cat_threshold=1 32 32 1 2 12 8 18 16 8
is_linear=0
shrinkage=0.05


Tree=70
num_leaves=11
num_cat=9
split_feature=1 0 0 0 0 0 0 0 0 0
split_gain=1.69367e+08 1.12429e+08 8.15244e+07 5.5232e+07 1.78385e+07 1.10645e+07 1.59581e+06 828006 795870 258276
threshold=1.5000000000000002 0 1 2 3 4 5 6 7 8
decision_type=2 1 1 1 1 1 1 1 1 1
left_child=1 -1 -2 -3 -4 -5 7 -7 -6 -10
right_child=2 3 4 5 8 6 -8 -9 9 -11
leaf_value=1.2158939984235291 0.71781411853823351 -1.6479510624562939 4.5741655768178457 -0.080987026907655288 2.0560596474429516 -0.3952948658838904 -0.85997372549758078 -0.61050272769334146 2.8964718897401736 2.5134792936471397
leaf_weight=94147 122512 111473 15155 167398 8284 65411 49101 142342 7984 16193
leaf_count=94147 122512 111473 15155 167398 8284 65411 49101 142342 7984 16193
internal_value=0.000569987 -0.377525 1.40041 -0.657559 3.15585 -0.397299 -0.603436 -0.542767 2.49248 2.6411
internal_weight=800000 629872 170128 535725 47616 424252 256854 207753 32461 24177
internal_count=800000 629872 170128 535725 47616 424252 256854 207753 32461 24177
cat_boundaries=0 1 2 3 4 5 6 7 8 9
cat_threshold=1 32 32 1 2 12 8 4 16
is_linear=0
shrinkage=0.05


Tree=71
num_leaves=12
num_cat=10
split_feature=1 0 0 0 0 0 0 0 0 0 0
split_gain=1.52861e+08 1.01468e+08 7.35837e+07 4.98473e+07 1.60999e+07 9.98582e+06 1.44027e+06 747255 729183 136609 82762
threshold=1.5000000000000002 0 1 2 3 4 5 6 7 8 9
decision_type=2 1 1 1 1 1 1 1 1 1 1
left_child=1 -1 -2 -3 -4 -5 7 -7 9 -6 -10
right_child=2 3 4 5 8 6 -8 -9 10 -11 -12
leaf_value=1.1551064766920587 0.6819264529506821 -1.5655608246856672 4.3456122772991561 -0.076939075239715507 2.7518314381435509 -0.37553387796413612 -0.81698287469388087 -0.57997850104772852 2.2660300827148663 2.4352456148894053 1.9533774591739821
leaf_weight=94147 122512 111473 15155 167398 7984 65411 49101 142342 4669 11524 8284
leaf_count=94147 122512 111473 15155 167398 7984 65411 49101 142342 4669 11524 8284
internal_value=0.000548141 -0.358651 1.33042 -0.624685 2.99818 -0.377436 -0.573267 -0.51563 2.36797 2.56616 2.06774
internal_weight=800000 629872 170128 535725 47616 424252 256854 207753 32461 19508 12953
internal_count=800000 629872 170128 535725 47616 424252 256854 207753 32461 19508 12953
cat_boundaries=0 1 2 3 4 5 6 7 8 9 10
cat_threshold=1 32 32 1 2 12 8 18 16 8
is_linear=0
shrinkage=0.05


Tree=72
num_leaves=12
num_cat=10
split_feature=1 0 0 0 0 0 0 0 0 0 0
split_gain=1.37965e+08 9.15758e+07 6.64178e+07 4.49876e+07 1.45301e+07 9.0124e+06 1.2999e+06 674403 657988 123363 74776
threshold=1.5000000000000002 0 1 2 3 4 5 6 7 8 9
decision_type=2 1 1 1 1 1 1 1 1 1 1
left_child=1 -1 -2 -3 -4 -5 7 -7 9 -6 -10
right_child=2 3 4 5 8 6 -8 -9 10 -11 -12
leaf_value=1.0973551956613177 0.64783375395965104 -1.4872898218568293 4.1284719723865928 -0.073090353532934887 2.6144128894900325 -0.35675909842633735 -0.7761421259578124 -0.5509822912828245 2.152972840559638 2.3135877968761855 1.8558284640110974
leaf_weight=94147 122512 111473 15155 167398 7984 65411 49101 142342 4669 11524 8284
leaf_count=94147 122512 111473 15155 167398 7984 65411 49101 142342 4669 11524 8284
internal_value=0.000528565 -0.34072 1.26395 -0.593453 2.84842 -0.358566 -0.544608 -0.489851 2.24972 2.43798 1.96451
internal_weight=800000 629872 170128 535725 47616 424252 256854 207753 32461 19508 12953
internal_count=800000 629872 170128 535725 47616 424252 256854 207753 32461 19508 12953
cat_boundaries=0 1 2 3 4 5 6 7 8 9 10
cat_threshold=1 32 32 1 2 12 8 18 16 8
is_linear=0
shrinkage=0.05


Tree=73
num_leaves=12
num_cat=10
split_feature=1 0 0 0 0 0 0 0 0 0 0
split_gain=1.2452e+08 8.2648e+07 5.99498e+07 4.06016e+07 1.31134e+07 8.13382e+06 1.17321e+06 608644 593755 111398 67560.4
threshold=1.5000000000000002 0 1 2 3 4 5 6 7 8 9
decision_type=2 1 1 1 1 1 1 1 1 1 1
left_child=1 -1 -2 -3 -4 -5 7 -7 9 -6 -10
right_child=2 3 4 5 8 6 -8 -9 10 -11 -12
leaf_value=1.0424919727461204 0.61544428647271832 -1.4129315882529052 3.9221884994934464 -0.069436174030614653 2.4838540326126344 -0.33892427988402668 -0.73734343361882226 -0.5234356868986576 2.0455507962666508 2.1980076420921089 1.763145830316776
leaf_weight=94147 122512 111473 15155 167398 7984 65411 49101 142342 4669 11524 8284
leaf_count=94147 122512 111473 15155 167398 7984 65411 49101 142342 4669 11524 8284
internal_value=0.000509005 -0.323686 1.20079 -0.563784 2.70614 -0.34064 -0.517381 -0.465361 2.13737 2.31621 1.86644
internal_weight=800000 629872 170128 535725 47616 424252 256854 207753 32461 19508 12953
internal_count=800000 629872 170128 535725 47616 424252 256854 207753 32461 19508 12953
cat_boundaries=0 1 2 3 4 5 6 7 8 9 10
cat_threshold=1 32 32 1 2 12 8 18 16 8
is_linear=0
shrinkage=0.05


Tree=74
num_leaves=12
num_cat=10
split_feature=1 0 0 0 0 0 0 0 0 0 0
split_gain=1.12385e+08 7.45907e+07 5.41117e+07 3.66432e+07 1.18348e+07 7.34084e+06 1.05887e+06 549300 535783 100594 61037.9
threshold=1.5000000000000002 0 1 2 3 4 5 6 7 8 9
decision_type=2 1 1 1 1 1 1 1 1 1 1
left_child=1 -1 -2 -3 -4 -5 7 -7 9 -6 -10
right_child=2 3 4 5 8 6 -8 -9 10 -11 -12
leaf_value=0.9903739548932764 0.58467270812263461 -1.3422913884564389 3.7262044842849265 -0.065965262611644856 2.3598163687171776 -0.32198000469829641 -0.70048351951186361 -0.49726565256940924 1.9434898472566031 2.0882019085302828 1.6750979307389473
leaf_weight=94147 122512 111473 15155 167398 7984 65411 49101 142342 4669 11524 8284
leaf_count=94147 122512 111473 15155 167398 7984 65411 49101 142342 4669 11524 8284
internal_value=0.000490127 -0.307503 1.14079 -0.535597 2.57096 -0.32361 -0.491515 -0.442095 2.03063 2.20052 1.77327
internal_weight=800000 629872 170128 535725 47616 424252 256854 207753 32461 19508 12953
internal_count=800000 629872 170128 535725 47616 424252 256854 207753 32461 19508 12953
cat_boundaries=0 1 2 3 4 5 6 7 8 9 10
cat_threshold=1 32 32 1 2 12 8 18 16 8
is_linear=0
shrinkage=0.05


Tree=75
num_leaves=12
num_cat=10
split_feature=1 0 0 0 0 0 0 0 0 0 0
split_gain=1.01433e+08 6.7319e+07 4.88421e+07 3.30708e+07 1.06809e+07 6.62522e+06 955672 495738 483473 90838.1 55151.6
threshold=1.5000000000000002 0 1 2 3 4 5 6 7 8 9
decision_type=2 1 1 1 1 1 1 1 1 1 1
left_child=1 -1 -2 -3 -4 -5 7 -7 9 -6 -10
right_child=2 3 4 5 8 6 -8 -9 10 -11 -12
leaf_value=0.9408619516402803 0.55544160827110167 -1.2751831416121024 3.5400193657011947 -0.062667040569022545 2.241972698150112 -0.30588395505643839 -0.66546745268446217 -0.4724043346515221 1.8465273932122501 1.9838818201019093 1.5914425762986919
leaf_weight=94147 122512 111473 15155 167398 7984 65411 49101 142342 4669 11524 8284
leaf_count=94147 122512 111473 15155 167398 7984 65411 49101 142342 4669 11524 8284
internal_value=0.00047223 -0.292129 1.08378 -0.50882 2.44253 -0.307432 -0.466942 -0.419993 1.92922 2.0906 1.68474
internal_weight=800000 629872 170128 535725 47616 424252 256854 207753 32461 19508 12953
internal_count=800000 629872 170128 535725 47616 424252 256854 207753 32461 19508 12953
cat_boundaries=0 1 2 3 4 5 6 7 8 9 10
cat_threshold=1 32 32 1 2 12 8 18 16 8
is_linear=0
shrinkage=0.05


Tree=76
num_leaves=12
num_cat=10
split_feature=1 0 0 0 0 0 0 0 0 0 0
split_gain=9.15486e+07 6.0756e+07 4.40857e+07 2.98467e+07 9.63955e+06 5.97933e+06 862531 447397 436280 82030 49827
threshold=1.5000000000000002 0 1 2 3 4 5 6 7 8 9
decision_type=2 1 1 1 1 1 1 1 1 1 1
left_child=1 -1 -2 -3 -4 -5 7 -7 9 -6 -10
right_child=2 3 4 5 8 6 -8 -9 10 -11 -12
leaf_value=0.8938227709787796 0.52767151748687868 -1.211429956354257 3.3631388935726783 -0.059533861945895508 2.1300170894142747 -0.29059202267363737 -0.63220062347904271 -0.44878532430141366 1.7543935471759136 1.884774501397702 1.5119663715937468
leaf_weight=94147 122512 111473 15155 167398 7984 65411 49101 142342 4669 11524 8284
leaf_count=94147 122512 111473 15155 167398 7984 65411 49101 142342 4669 11524 8284
internal_value=0.000454799 -0.277525 1.02963 -0.483382 2.32053 -0.292062 -0.443598 -0.398995 1.83288 1.98618 1.60064
internal_weight=800000 629872 170128 535725 47616 424252 256854 207753 32461 19508 12953
internal_count=800000 629872 170128 535725 47616 424252 256854 207753 32461 19508 12953
cat_boundaries=0 1 2 3 4 5 6 7 8 9 10
cat_threshold=1 32 32 1 2 12 8 18 16 8
is_linear=0
shrinkage=0.05


Tree=77
num_leaves=12
num_cat=10
split_feature=1 0 0 0 0 0 0 0 0 0 0
split_gain=8.26272e+07 5.48329e+07 3.97924e+07 2.69369e+07 8.6996e+06 5.3964e+06 778463 403774 393683 74073.6 45018
threshold=1.5000000000000002 0 1 2 3 4 5 6 7 8 9
decision_type=2 1 1 1 1 1 1 1 1 1 1
left_child=1 -1 -2 -3 -4 -5 7 -7 9 -6 -10
right_child=2 3 4 5 8 6 -8 -9 10 -11 -12
leaf_value=0.84913690007251896 0.50129131531828652 -1.1508639343925853 3.1950874771837587 -0.056557913794743279 2.0236490126278865 -0.27606442133789699 -0.60059640961336513 -0.42634763524708386 1.6668620373556111 1.7906178913476958 1.4364613953860146
leaf_weight=94147 122512 111473 15155 167398 7984 65411 49101 142342 4669 11524 8284
leaf_count=94147 122512 111473 15155 167398 7984 65411 49101 142342 4669 11524 8284
internal_value=0.000438055 -0.26365 0.978181 -0.459215 2.20461 -0.277461 -0.42142 -0.379047 1.74135 1.88698 1.52073
internal_weight=800000 629872 170128 535725 47616 424252 256854 207753 32461 19508 12953
internal_count=800000 629872 170128 535725 47616 424252 256854 207753 32461 19508 12953
cat_boundaries=0 1 2 3 4 5 6 7 8 9 10
cat_threshold=1 32 32 1 2 12 8 18 16 8
is_linear=0
shrinkage=0.05


Tree=78
num_leaves=12
num_cat=10
split_feature=1 0 0 0 0 0 0 0 0 0 0
split_gain=7.45753e+07 4.94872e+07 3.59173e+07 2.43107e+07 7.85142e+06 4.87032e+06 702594 364402 355252 66888 40676
threshold=1.5000000000000002 0 1 2 3 4 5 6 7 8 9
decision_type=2 1 1 1 1 1 1 1 1 1 1
left_child=1 -1 -2 -3 -4 -5 7 -7 9 -6 -10
right_child=2 3 4 5 8 6 -8 -9 10 -11 -12
leaf_value=0.8066840919108853 0.47622978294015006 -1.0933256682545662 3.0354417349000675 -0.053730226943254605 1.9225924921357873 -0.26226351082236604 -0.57057308108005933 -0.40503178179846921 1.5836985259209975 1.7011657907000775 1.3647225413864021
leaf_weight=94147 122512 111473 15155 167398 7984 65411 49101 142342 4669 11524 8284
leaf_count=94147 122512 111473 15155 167398 7984 65411 49101 142342 4669 11524 8284
internal_value=0.000421879 -0.250469 0.929304 -0.436257 2.09449 -0.263589 -0.400352 -0.360096 1.65439 1.79273 1.44481
internal_weight=800000 629872 170128 535725 47616 424252 256854 207753 32461 19508 12953
internal_count=800000 629872 170128 535725 47616 424252 256854 207753 32461 19508 12953
cat_boundaries=0 1 2 3 4 5 6 7 8 9 10
cat_threshold=1 32 32 1 2 12 8 18 16 8
is_linear=0
shrinkage=0.05


Tree=79
num_leaves=12
num_cat=10
split_feature=1 0 0 0 0 0 0 0 0 0 0
split_gain=6.73078e+07 4.46627e+07 3.24196e+07 2.19406e+07 7.08588e+06 4.39552e+06 634117 328875 320569 60401 36750.6
threshold=1.5000000000000002 0 1 2 3 4 5 6 7 8 9
decision_type=2 1 1 1 1 1 1 1 1 1 1
left_child=1 -1 -2 -3 -4 -5 7 -7 9 -6 -10
right_child=2 3 4 5 8 6 -8 -9 10 -11 -12
leaf_value=0.76635411083834382 0.45241836451738449 -1.0386648193772314 2.8837690459671803 -0.051044168644750726 1.8265830260442144 -0.24915169825372915 -0.5420501550954574 -0.3847819876802146 1.504682281101889 1.6161809724808069 1.2965687592057744
leaf_weight=94147 122512 111473 15155 167398 7984 65411 49101 142342 4669 11524 8284
leaf_count=94147 122512 111473 15155 167398 7984 65411 49101 142342 4669 11524 8284
internal_value=0.000405643 -0.237947 0.882867 -0.414447 1.98986 -0.250411 -0.380337 -0.342093 1.57177 1.70318 1.37269
internal_weight=800000 629872 170128 535725 47616 424252 256854 207753 32461 19508 12953
internal_count=800000 629872 170128 535725 47616 424252 256854 207753 32461 19508 12953
cat_boundaries=0 1 2 3 4 5 6 7 8 9 10
cat_threshold=1 32 32 1 2 12 8 18 16 8
is_linear=0
shrinkage=0.05


Tree=80
num_leaves=12
num_cat=10
split_feature=1 0 0 0 0 0 0 0 0 0 0
split_gain=6.07487e+07 4.03086e+07 2.92623e+07 1.98016e+07 6.39499e+06 3.967e+06 572308 296802 289272 54544 33204.1
threshold=1.5000000000000002 0 1 2 3 4 5 6 7 8 9
decision_type=2 1 1 1 1 1 1 1 1 1 1
left_child=1 -1 -2 -3 -4 -5 7 -7 9 -6 -10
right_child=2 3 4 5 8 6 -8 -9 10 -11 -12
leaf_value=0.72804090727426041 0.42980062216016801 -0.98673622318339105 2.7396745204705439 -0.04849238950938263 1.7353685919690318 -0.23669684749998671 -0.51495217864717435 -0.36554401184824648 1.4296084237164937 1.5354410840089552 1.2318181787021252
leaf_weight=94147 122512 111473 15155 167398 7984 65411 49101 142342 4669 11524 8284
leaf_count=94147 122512 111473 15155 167398 7984 65411 49101 142342 4669 11524 8284
internal_value=0.000390606 -0.22605 0.838753 -0.393726 1.89047 -0.237892 -0.361322 -0.32499 1.49328 1.61811 1.30416
internal_weight=800000 629872 170128 535725 47616 424252 256854 207753 32461 19508 12953
internal_count=800000 629872 170128 535725 47616 424252 256854 207753 32461 19508 12953
cat_boundaries=0 1 2 3 4 5 6 7 8 9 10
cat_threshold=1 32 32 1 2 12 8 18 16 8
is_linear=0
shrinkage=0.05


Tree=81
num_leaves=12
num_cat=10
split_feature=1 0 0 0 0 0 0 0 0 0 0
split_gain=5.48285e+07 3.63789e+07 2.64128e+07 1.78711e+07 5.77144e+06 3.5803e+06 516539 267863 261033 49251.9 30000.2
threshold=1.5000000000000002 0 1 2 3 4 5 6 7 8 9
decision_type=2 1 1 1 1 1 1 1 1 1 1
left_child=1 -1 -2 -3 -4 -5 7 -7 9 -6 -10
right_child=2 3 4 5 8 6 -8 -9 10 -11 -12
leaf_value=0.69164377120942033 0.40830997077093284 -0.93740407186521024 2.6027805403581441 -0.04606649090762828 1.6487092513694508 -0.22486307807120368 -0.48921101521135885 -0.34726776247602298 1.3582822884917642 1.4587391129188281 1.1703025514314283
leaf_weight=94147 122512 111473 15155 167398 7984 65411 49101 142342 4669 11524 8284
leaf_count=94147 122512 111473 15155 167398 7984 65411 49101 142342 4669 11524 8284
internal_value=0.000376009 -0.214749 0.796841 -0.374042 1.79603 -0.225998 -0.343258 -0.308741 1.41871 1.53729 1.23906
internal_weight=800000 629872 170128 535725 47616 424252 256854 207753 32461 19508 12953
internal_count=800000 629872 170128 535725 47616 424252 256854 207753 32461 19508 12953
cat_boundaries=0 1 2 3 4 5 6 7 8 9 10
cat_threshold=1 32 32 1 2 12 8 18 16 8
is_linear=0
shrinkage=0.05


Tree=82
num_leaves=12
num_cat=10
split_feature=1 0 0 0 0 0 0 0 0 0 0
split_gain=4.94855e+07 3.28323e+07 2.38406e+07 1.61288e+07 5.20873e+06 3.23128e+06 466189 241746 235548 44476.2 27106.8
threshold=1.5000000000000002 0 1 2 3 4 5 6 7 8 9
decision_type=2 1 1 1 1 1 1 1 1 1 1
left_child=1 -1 -2 -3 -4 -5 7 -7 9 -6 -10
right_child=2 3 4 5 8 6 -8 -9 10 -11 -12
leaf_value=0.65706451963200663 0.38789679376714853 -0.89053725324164201 2.4727283497655352 -0.043763298927829014 1.5663764296515692 -0.21362249081061291 -0.46475518303851909 -0.3299067411340193 1.290514764512011 1.3858634166376873 1.1118558772822762
leaf_weight=94147 122512 111473 15155 167398 7984 65411 49101 142342 4669 11524 8284
leaf_count=94147 122512 111473 15155 167398 7984 65411 49101 142342 4669 11524 8284
internal_value=0.000361612 -0.204012 0.757024 -0.355342 1.70632 -0.2147 -0.326098 -0.293307 1.34786 1.46051 1.1772
internal_weight=800000 629872 170128 535725 47616 424252 256854 207753 32461 19508 12953
internal_count=800000 629872 170128 535725 47616 424252 256854 207753 32461 19508 12953
cat_boundaries=0 1 2 3 4 5 6 7 8 9 10
cat_threshold=1 32 32 1 2 12 8 18 16 8
is_linear=0
shrinkage=0.05


Tree=83
num_leaves=12
num_cat=10
split_feature=1 0 0 0 0 0 0 0 0 0 0
split_gain=4.4663e+07 2.96314e+07 2.15188e+07 1.45564e+07 4.70083e+06 2.91627e+06 420756 218173 212548 40162.9 24490.6
threshold=1.5000000000000002 0 1 2 3 4 5 6 7 8 9
decision_type=2 1 1 1 1 1 1 1 1 1 1
left_child=1 -1 -2 -3 -4 -5 7 -7 9 -6 -10
right_child=2 3 4 5 8 6 -8 -9 10 -11 -12
leaf_value=0.62421410506916442 0.36850312848070188 -0.84601445437369471 2.3491688188451607 -0.041574834207519513 1.4881542097010074 -0.2029424782433146 -0.44152205848744341 -0.31341192579489152 1.2261273910497901 1.3166285914359399 1.0563313860188399
leaf_weight=94147 122512 111473 15155 167398 7984 65411 49101 142342 4669 11524 8284
leaf_count=94147 122512 111473 15155 167398 7984 65411 49101 142342 4669 11524 8284
internal_value=0.000347851 -0.193813 0.719196 -0.337576 1.62108 -0.203966 -0.309795 -0.278642 1.28054 1.38756 1.11843
internal_weight=800000 629872 170128 535725 47616 424252 256854 207753 32461 19508 12953
internal_count=800000 629872 170128 535725 47616 424252 256854 207753 32461 19508 12953
cat_boundaries=0 1 2 3 4 5 6 7 8 9 10
cat_threshold=1 32 32 1 2 12 8 18 16 8
is_linear=0
shrinkage=0.05


Tree=84
num_leaves=12
num_cat=10
split_feature=1 0 0 0 0 0 0 0 0 0 0
split_gain=4.03109e+07 2.67428e+07 1.94232e+07 1.31373e+07 4.24252e+06 2.63192e+06 379754 196889 191799 36267.1 22127.6
threshold=1.5000000000000002 0 1 2 3 4 5 6 7 8 9
decision_type=2 1 1 1 1 1 1 1 1 1 1
left_child=1 -1 -2 -3 -4 -5 7 -7 9 -6 -10
right_child=2 3 4 5 8 6 -8 -9 10 -11 -12
leaf_value=0.5930082768626278 0.3500823476748447 -0.8037184709530969 2.2317915626976146 -0.039497907883784496 1.4138402777550845 -0.19279806962142038 -0.41945089311198347 -0.29774073977758209 1.16495237371865 1.2508557902313466 1.0035780894718946
leaf_weight=94147 122512 111473 15155 167398 7984 65411 49101 142342 4669 11524 8284
leaf_count=94147 122512 111473 15155 167398 7984 65411 49101 142342 4669 11524 8284
internal_value=0.000334988 -0.184123 0.683262 -0.320699 1.54011 -0.193769 -0.294306 -0.26471 1.2166 1.31825 1.0626
internal_weight=800000 629872 170128 535725 47616 424252 256854 207753 32461 19508 12953
internal_count=800000 629872 170128 535725 47616 424252 256854 207753 32461 19508 12953
cat_boundaries=0 1 2 3 4 5 6 7 8 9 10
cat_threshold=1 32 32 1 2 12 8 18 16 8
is_linear=0
shrinkage=0.05


Tree=85
num_leaves=12
num_cat=10
split_feature=1 0 0 0 0 0 0 0 0 0 0
split_gain=3.63824e+07 2.41356e+07 1.75317e+07 1.18564e+07 3.82887e+06 2.37536e+06 342740 177698 173074 32747.6 19990.9
threshold=1.5000000000000002 0 1 2 3 4 5 6 7 8 9
decision_type=2 1 1 1 1 1 1 1 1 1 1
left_child=1 -1 -2 -3 -4 -5 7 -7 9 -6 -10
right_child=2 3 4 5 8 6 -8 -9 10 -11 -12
leaf_value=0.56336036770125797 0.33257843658550135 -0.76353471766298098 2.1202758933449988 -0.037522019003938506 1.343234505699908 -0.18315847535657495 -0.39848220829312092 -0.28285555325023942 1.1068266662732993 1.1883685895014577 0.95346088255345751
leaf_weight=94147 122512 111473 15155 167398 7984 65411 49101 142342 4669 11524 8284
leaf_count=94147 122512 111473 15155 167398 7984 65411 49101 142342 4669 11524 8284
internal_value=0.000322296 -0.174917 0.64912 -0.304665 1.46318 -0.184082 -0.279593 -0.251476 1.15584 1.25241 1.00955
internal_weight=800000 629872 170128 535725 47616 424252 256854 207753 32461 19508 12953
internal_count=800000 629872 170128 535725 47616 424252 256854 207753 32461 19508 12953
cat_boundaries=0 1 2 3 4 5 6 7 8 9 10
cat_threshold=1 32 32 1 2 12 8 18 16 8
is_linear=0
shrinkage=0.05


Tree=86
num_leaves=12
num_cat=10
split_feature=1 0 0 0 0 0 0 0 0 0 0
split_gain=3.28371e+07 2.17826e+07 1.58244e+07 1.07006e+07 3.45553e+06 2.1438e+06 309340 160368 156179 29576 18061.5
threshold=1.5000000000000002 0 1 2 3 4 5 6 7 8 9
decision_type=2 1 1 1 1 1 1 1 1 1 1
left_child=1 -1 -2 -3 -4 -5 7 -7 9 -6 -10
right_child=2 3 4 5 8 6 -8 -9 10 -11 -12
leaf_value=0.53519451140101482 0.31595233128296213 -0.72536259934139202 2.0143298778540224 -0.035645723778551172 1.2761616292404241 -0.17400243928283377 -0.37856311991506475 -0.26871354455852475 1.0516018062810863 1.1289984645764128 0.90584448220386615
leaf_weight=94147 122512 111473 15155 167398 7984 65411 49101 142342 4669 11524 8284
leaf_count=94147 122512 111473 15155 167398 7984 65411 49101 142342 4669 11524 8284
internal_value=0.000309802 -0.166173 0.616685 -0.289434 1.39009 -0.174879 -0.265615 -0.238904 1.09812 1.18985 0.959154
internal_weight=800000 629872 170128 535725 47616 424252 256854 207753 32461 19508 12953
internal_count=800000 629872 170128 535725 47616 424252 256854 207753 32461 19508 12953
cat_boundaries=0 1 2 3 4 5 6 7 8 9 10
cat_threshold=1 32 32 1 2 12 8 18 16 8
is_linear=0
shrinkage=0.05


Tree=87
num_leaves=12
num_cat=10
split_feature=1 0 0 0 0 0 0 0 0 0 0
split_gain=2.96369e+07 1.9659e+07 1.42835e+07 9.6573e+06 3.11864e+06 1.93481e+06 279182 144731 140928 26702.9 16319.3
threshold=1.5000000000000002 0 1 2 3 4 5 6 7 8 9
decision_type=2 1 1 1 1 1 1 1 1 1 1
left_child=1 -1 -2 -3 -4 -5 7 -7 9 -6 -10
right_child=2 3 4 5 8 6 -8 -9 10 -11 -12
leaf_value=0.50843803477633942 0.30015161670532198 -0.68909669329401668 1.9136840528518975 -0.033863891394917307 1.212427269317879 -0.16530438863382518 -0.35963735901436306 -0.25527940383316011 0.99913748711901718 1.0726002023024515 0.86060785250345251
leaf_weight=94147 122512 111473 15155 167398 7984 65411 49101 142342 4669 11524 8284
leaf_count=94147 122512 111473 15155 167398 7984 65411 49101 142342 4669 11524 8284
internal_value=0.0002973 -0.157865 0.585868 -0.274964 1.32065 -0.166136 -0.252336 -0.22696 1.04328 1.13042 0.911274
internal_weight=800000 629872 170128 535725 47616 424252 256854 207753 32461 19508 12953
internal_count=800000 629872 170128 535725 47616 424252 256854 207753 32461 19508 12953
cat_boundaries=0 1 2 3 4 5 6 7 8 9 10
cat_threshold=1 32 32 1 2 12 8 18 16 8
is_linear=0
shrinkage=0.05


Tree=88
num_leaves=12
num_cat=10
split_feature=1 0 0 0 0 0 0 0 0 0 0
split_gain=2.6749e+07 1.77424e+07 1.28924e+07 8.71579e+06 2.81458e+06 1.74619e+06 251974 130625 127168 24115.6 14744.6
threshold=1.5000000000000002 0 1 2 3 4 5 6 7 8 9
decision_type=2 1 1 1 1 1 1 1 1 1 1
left_child=1 -1 -2 -3 -4 -5 7 -7 9 -6 -10
right_child=2 3 4 5 8 6 -8 -9 10 -11 -12
leaf_value=0.48301816749667958 0.28514887968509733 -0.65464541992127012 1.8180646643432656 -0.03217094628855801 1.1518837897992893 -0.157039415149552 -0.34165989015406828 -0.24251732673486381 0.94928752129137528 1.0190138490976857 0.81762895862366869
leaf_weight=94147 122512 111473 15155 167398 7984 65411 49101 142342 4669 11524 8284
leaf_count=94147 122512 111473 15155 167398 7984 65411 49101 142342 4669 11524 8284
internal_value=0.000286036 -0.149973 0.556596 -0.261217 1.25468 -0.15783 -0.239721 -0.215613 0.99118 1.07396 0.865782
internal_weight=800000 629872 170128 535725 47616 424252 256854 207753 32461 19508 12953
internal_count=800000 629872 170128 535725 47616 424252 256854 207753 32461 19508 12953
cat_boundaries=0 1 2 3 4 5 6 7 8 9 10
cat_threshold=1 32 32 1 2 12 8 18 16 8
is_linear=0
shrinkage=0.05


Tree=89
num_leaves=12
num_cat=10
split_feature=1 0 0 0 0 0 0 0 0 0 0
split_gain=2.41422e+07 1.60127e+07 1.16368e+07 7.86605e+06 2.54012e+06 1.57594e+06 227415 117881 114751 21777.5 13320.4
threshold=1.5000000000000002 0 1 2 3 4 5 6 7 8 9
decision_type=2 1 1 1 1 1 1 1 1 1 1
left_child=1 -1 -2 -3 -4 -5 7 -7 9 -6 -10
right_child=2 3 4 5 8 6 -8 -9 10 -11 -12
leaf_value=0.45886995967486305 0.27089225779519827 -0.62191529618003516 1.7272155661100292 -0.030563164120880938 1.0943609338836251 -0.1491895840093326 -0.32457941607605989 -0.23039094927713713 0.90192199157939867 0.96810507585007244 0.77679877534152975
leaf_weight=94147 122512 111473 15155 167398 7984 65411 49101 142342 4669 11524 8284
leaf_count=94147 122512 111473 15155 167398 7984 65411 49101 142342 4669 11524 8284
internal_value=0.000274933 -0.142475 0.528783 -0.248158 1.19201 -0.14994 -0.227736 -0.204833 0.94168 1.02031 0.822561
internal_weight=800000 629872 170128 535725 47616 424252 256854 207753 32461 19508 12953
internal_count=800000 629872 170128 535725 47616 424252 256854 207753 32461 19508 12953
cat_boundaries=0 1 2 3 4 5 6 7 8 9 10
cat_threshold=1 32 32 1 2 12 8 18 16 8
is_linear=0
shrinkage=0.05


Tree=90
num_leaves=12
num_cat=10
split_feature=1 0 0 0 0 0 0 0 0 0 0
split_gain=2.17895e+07 1.44516e+07 1.05037e+07 7.09921e+06 2.29246e+06 1.4223e+06 205248 106391 103552 19664.4 12036.3
threshold=1.5000000000000002 0 1 2 3 4 5 6 7 8 9
decision_type=2 1 1 1 1 1 1 1 1 1 1
left_child=1 -1 -2 -3 -4 -5 7 -7 9 -6 -10
right_child=2 3 4 5 8 6 -8 -9 10 -11 -12
leaf_value=0.4359283738846455 0.25734584516414211 -0.5908241436149414 1.6409148962396305 -0.029035750767236558 1.0397138335986946 -0.14173096367450613 -0.30835363548421579 -0.21887348416120372 0.85692493975175243 0.91974613729787491 0.73800363449812334
leaf_weight=94147 122512 111473 15155 167398 7984 65411 49101 142342 4669 11524 8284
leaf_count=94147 122512 111473 15155 167398 7984 65411 49101 142342 4669 11524 8284
internal_value=0.00026326 -0.135353 0.502359 -0.235752 1.13247 -0.142444 -0.216351 -0.194593 0.894656 0.969353 0.781498
internal_weight=800000 629872 170128 535725 47616 424252 256854 207753 32461 19508 12953
internal_count=800000 629872 170128 535725 47616 424252 256854 207753 32461 19508 12953
cat_boundaries=0 1 2 3 4 5 6 7 8 9 10
cat_threshold=1 32 32 1 2 12 8 18 16 8
is_linear=0
shrinkage=0.05


Tree=91
num_leaves=12
num_cat=10
split_feature=1 0 0 0 0 0 0 0 0 0 0
split_gain=1.96661e+07 1.30428e+07 9.48078e+06 6.40707e+06 2.06892e+06 1.28365e+06 185246 96016.5 93445.5 17757.9 10874.7
threshold=1.5000000000000002 0 1 2 3 4 5 6 7 8 9
decision_type=2 1 1 1 1 1 1 1 1 1 1
left_child=1 -1 -2 -3 -4 -5 7 -7 9 -6 -10
right_child=2 3 4 5 8 6 -8 -9 10 -11 -12
leaf_value=0.41413650972126553 0.24448111542634018 -0.56128476409961381 1.5589191216916249 -0.027583860932412038 0.98779525289184777 -0.13464530290527923 -0.29293958917122115 -0.20793021517120427 0.8141686363998808 0.87379921468639155 0.70114647734444036
leaf_weight=94147 122512 111473 15155 167398 7984 65411 49101 142342 4669 11524 8284
leaf_count=94147 122512 111473 15155 167398 7984 65411 49101 142342 4669 11524 8284
internal_value=0.000253597 -0.128585 0.477258 -0.223965 1.0759 -0.135323 -0.205535 -0.184864 0.849978 0.920936 0.742483
internal_weight=800000 629872 170128 535725 47616 424252 256854 207753 32461 19508 12953
internal_count=800000 629872 170128 535725 47616 424252 256854 207753 32461 19508 12953
cat_boundaries=0 1 2 3 4 5 6 7 8 9 10
cat_threshold=1 32 32 1 2 12 8 18 16 8
is_linear=0
shrinkage=0.05


Tree=92
num_leaves=12
num_cat=10
split_feature=1 0 0 0 0 0 0 0 0 0 0
split_gain=1.77497e+07 1.17713e+07 8.55755e+06 5.78245e+06 1.86723e+06 1.15852e+06 167198 86650.7 84318.4 16035.6 9824.04
threshold=1.5000000000000002 0 1 2 3 4 5 6 7 8 9
decision_type=2 1 1 1 1 1 1 1 1 1 1
left_child=1 -1 -2 -3 -4 -5 7 -7 9 -6 -10
right_child=2 3 4 5 8 6 -8 -9 10 -11 -12
leaf_value=0.3934325992315984 0.23225830841814804 -0.53322343904139324 1.481030829756951 -0.026204204002223837 0.93846602145212421 -0.12791471038313162 -0.27829706068862875 -0.19753367672264543 0.77354696224479247 0.83014589736009781 0.66613577954706471
leaf_weight=94147 122512 111473 15155 167398 7984 65411 49101 142342 4669 11524 8284
leaf_count=94147 122512 111473 15155 167398 7984 65411 49101 142342 4669 11524 8284
internal_value=0.000243954 -0.122156 0.453411 -0.212768 1.02216 -0.128557 -0.195259 -0.175621 0.807532 0.874936 0.70542
internal_weight=800000 629872 170128 535725 47616 424252 256854 207753 32461 19508 12953
internal_count=800000 629872 170128 535725 47616 424252 256854 207753 32461 19508 12953
cat_boundaries=0 1 2 3 4 5 6 7 8 9 10
cat_threshold=1 32 32 1 2 12 8 18 16 8
is_linear=0
shrinkage=0.05


Tree=93
num_leaves=12
num_cat=10
split_feature=1 0 0 0 0 0 0 0 0 0 0
split_gain=1.60201e+07 1.06237e+07 7.7241e+06 5.21871e+06 1.68516e+06 1.04557e+06 150899 78204 76085.1 14481.7 8876.59
threshold=1.5000000000000002 0 1 2 3 4 5 6 7 8 9
decision_type=2 1 1 1 1 1 1 1 1 1 1
left_child=1 -1 -2 -3 -4 -5 7 -7 9 -6 -10
right_child=2 3 4 5 8 6 -8 -9 10 -11 -12
leaf_value=0.37376079192469924 0.22064798101307265 -0.50656529526550409 1.4070253259248167 -0.02489476013484665 0.89160113140198782 -0.12151990215185887 -0.26438466702589974 -0.18765869208691 0.7349529184116006 0.78867093780455411 0.63286732387795697
leaf_weight=94147 122512 111473 15155 167398 7984 65411 49101 142342 4669 11524 8284
leaf_count=94147 122512 111473 15155 167398 7984 65411 49101 142342 4669 11524 8284
internal_value=0.000233828 -0.11605 0.430756 -0.202131 0.971095 -0.12213 -0.185498 -0.166842 0.767203 0.831232 0.670203
internal_weight=800000 629872 170128 535725 47616 424252 256854 207753 32461 19508 12953
internal_count=800000 629872 170128 535725 47616 424252 256854 207753 32461 19508 12953
cat_boundaries=0 1 2 3 4 5 6 7 8 9 10
cat_threshold=1 32 32 1 2 12 8 18 16 8
is_linear=0
shrinkage=0.05


Tree=94
num_leaves=12
num_cat=10
split_feature=1 0 0 0 0 0 0 0 0 0 0
split_gain=1.44589e+07 9.58792e+06 6.97193e+06 4.70991e+06 1.52085e+06 943641 136192 70578.9 68659.2 13075.7 8019.54
threshold=1.5000000000000002 0 1 2 3 4 5 6 7 8 9
decision_type=2 1 1 1 1 1 1 1 1 1 1
left_child=1 -1 -2 -3 -4 -5 7 -7 9 -6 -10
right_child=2 3 4 5 8 6 -8 -9 10 -11 -12
leaf_value=0.35507429988247741 0.20961588261629949 -0.48123816826388383 1.3367210867378998 -0.023649481867261044 0.84707661004313417 -0.11544415600514379 -0.25116737487128693 -0.17827589285431303 0.69828237588396957 0.74927524345388696 0.60126249811463628
leaf_weight=94147 122512 111473 15155 167398 7984 65411 49101 142342 4669 11524 8284
leaf_count=94147 122512 111473 15155 167398 7984 65411 49101 142342 4669 11524 8284
internal_value=0.000224998 -0.110247 0.409232 -0.192025 0.922588 -0.116024 -0.176224 -0.1585 0.728891 0.789716 0.636746
internal_weight=800000 629872 170128 535725 47616 424252 256854 207753 32461 19508 12953
internal_count=800000 629872 170128 535725 47616 424252 256854 207753 32461 19508 12953
cat_boundaries=0 1 2 3 4 5 6 7 8 9 10
cat_threshold=1 32 32 1 2 12 8 18 16 8
is_linear=0
shrinkage=0.05


Tree=95
num_leaves=12
num_cat=10
split_feature=1 0 0 0 0 0 0 0 0 0 0
split_gain=1.30497e+07 8.6532e+06 6.293e+06 4.25073e+06 1.37256e+06 851657 122915 63695.2 61955.4 11806.8 7245.54
threshold=1.5000000000000002 0 1 2 3 4 5 6 7 8 9
decision_type=2 1 1 1 1 1 1 1 1 1 1
left_child=1 -1 -2 -3 -4 -5 7 -7 9 -6 -10
right_child=2 3 4 5 8 6 -8 -9 10 -11 -12
leaf_value=0.33732305879389418 0.19913402473137862 -0.45717793312964816 1.2699265315215893 -0.02246625213180185 0.8047742781115379 -0.10967349813097478 -0.23861070928371461 -0.16936261414597245 0.66344313315790826 0.71184456623342651 0.57123622091701298
leaf_weight=94147 122512 111473 15155 167398 7984 65411 49101 142342 4669 11524 8284
leaf_count=94147 122512 111473 15155 167398 7984 65411 49101 142342 4669 11524 8284
internal_value=0.000216077 -0.104735 0.388781 -0.182424 0.876502 -0.110223 -0.167413 -0.150576 0.692491 0.750271 0.604959
internal_weight=800000 629872 170128 535725 47616 424252 256854 207753 32461 19508 12953
internal_count=800000 629872 170128 535725 47616 424252 256854 207753 32461 19508 12953
cat_boundaries=0 1 2 3 4 5 6 7 8 9 10
cat_threshold=1 32 32 1 2 12 8 18 16 8
is_linear=0
shrinkage=0.05


Tree=96
num_leaves=12
num_cat=10
split_feature=1 0 0 0 0 0 0 0 0 0 0
split_gain=1.17781e+07 7.8096e+06 5.68014e+06 3.83631e+06 1.23874e+06 768631 110939 57486.3 55906.7 10663.1 6546.74
threshold=1.5000000000000002 0 1 2 3 4 5 6 7 8 9
decision_type=2 1 1 1 1 1 1 1 1 1 1
left_child=1 -1 -2 -3 -4 -5 7 -7 9 -6 -10
right_child=2 3 4 5 8 6 -8 -9 10 -11 -12
leaf_value=0.32045882411695753 0.1891802306211115 -0.43432083625526902 1.2064740655699699 -0.021343105102605384 0.76458836627776006 -0.10418987056965244 -0.22668375129557564 -0.1608951737696607 0.63034323690079752 0.67628133847226879 0.54270811538567509
leaf_weight=94147 122512 111473 15155 167398 7984 65411 49101 142342 4669 11524 8284
leaf_count=94147 122512 111473 15155 167398 7984 65411 49101 142342 4669 11524 8284
internal_value=0.000207861 -0.0994989 0.369356 -0.173304 0.83272 -0.104713 -0.159044 -0.143047 0.657908 0.712796 0.574759
internal_weight=800000 629872 170128 535725 47616 424252 256854 207753 32461 19508 12953
internal_count=800000 629872 170128 535725 47616 424252 256854 207753 32461 19508 12953
cat_boundaries=0 1 2 3 4 5 6 7 8 9 10
cat_threshold=1 32 32 1 2 12 8 18 16 8
is_linear=0
shrinkage=0.05


Tree=97
num_leaves=12
num_cat=10
split_feature=1 0 0 0 0 0 0 0 0 0 0
split_gain=1.06304e+07 7.04821e+06 5.12698e+06 3.4623e+06 1.11797e+06 693690 100125 51880.8 50450.4 9628.01 5915.5
threshold=1.5000000000000002 0 1 2 3 4 5 6 7 8 9
decision_type=2 1 1 1 1 1 1 1 1 1 1
left_child=1 -1 -2 -3 -4 -5 7 -7 9 -6 -10
right_child=2 3 4 5 8 6 -8 -9 10 -11 -12
leaf_value=0.30443574786344479 0.1797229166987189 -0.41260746151951244 1.1461931309132463 -0.020277171539187056 0.72640554443848027 -0.09898175792501962 -0.2153516155310575 -0.15285149887061811 0.59889342561189018 0.64249829437324657 0.51560268183630698
leaf_weight=94147 122512 111473 15155 167398 7984 65411 49101 142342 4669 11524 8284
leaf_count=94147 122512 111473 15155 167398 7984 65411 49101 142342 4669 11524 8284
internal_value=0.000199082 -0.0945253 0.350901 -0.16464 0.791125 -0.0994784 -0.151093 -0.135896 0.625053 0.677193 0.546064
internal_weight=800000 629872 170128 535725 47616 424252 256854 207753 32461 19508 12953
internal_count=800000 629872 170128 535725 47616 424252 256854 207753 32461 19508 12953
cat_boundaries=0 1 2 3 4 5 6 7 8 9 10
cat_threshold=1 32 32 1 2 12 8 18 16 8
is_linear=0
shrinkage=0.05


Tree=98
num_leaves=12
num_cat=10
split_feature=1 0 0 0 0 0 0 0 0 0 0
split_gain=9.59443e+06 6.36107e+06 4.62767e+06 3.12475e+06 1.00894e+06 626084 90368.5 46822.9 45526 8693.48 5344.87
threshold=1.5000000000000002 0 1 2 3 4 5 6 7 8 9
decision_type=2 1 1 1 1 1 1 1 1 1 1
left_child=1 -1 -2 -3 -4 -5 7 -7 9 -6 -10
right_child=2 3 4 5 8 6 -8 -9 10 -11 -12
leaf_value=0.28921575052497611 0.17073724655510292 -0.39197827624693815 1.0889156140190046 -0.019261653685336486 0.6901302657367171 -0.094033231000669515 -0.2045871828761249 -0.14520975026948221 0.56901329786101329 0.61040322494109955 0.48985284780461386
leaf_weight=94147 122512 111473 15155 167398 7984 65411 49101 142342 4669 11524 8284
leaf_count=94147 122512 111473 15155 167398 7984 65411 49101 142342 4669 11524 8284
internal_value=0.000191387 -0.0897991 0.333367 -0.156409 0.751605 -0.0945045 -0.143539 -0.129102 0.593839 0.64337 0.518804
internal_weight=800000 629872 170128 535725 47616 424252 256854 207753 32461 19508 12953
internal_count=800000 629872 170128 535725 47616 424252 256854 207753 32461 19508 12953
cat_boundaries=0 1 2 3 4 5 6 7 8 9 10
cat_threshold=1 32 32 1 2 12 8 18 16 8
is_linear=0
shrinkage=0.05


Tree=99
num_leaves=12
num_cat=10
split_feature=1 0 0 0 0 0 0 0 0 0 0
split_gain=8.65938e+06 5.74098e+06 4.17705e+06 2.82012e+06 910578 565028 81562.2 42256 41078.7 7851.14 4828.78
threshold=1.5000000000000002 0 1 2 3 4 5 6 7 8 9
decision_type=2 1 1 1 1 1 1 1 1 1 1
left_child=1 -1 -2 -3 -4 -5 7 -7 9 -6 -10
right_child=2 3 4 5 8 6 -8 -9 10 -11 -12
leaf_value=0.27475827094333843 0.16219899681981642 -0.37238161597684705 1.0345073810128385 -0.018300031077248109 0.65566654658657564 -0.089331962635129325 -0.19435955176237235 -0.13794869815980343 0.54062411105895203 0.57990634087902726 0.46539185726128063
leaf_weight=94147 122512 111473 15155 167398 7984 65411 49101 142342 4669 11524 8284
leaf_count=94147 122512 111473 15155 167398 7984 65411 49101 142342 4669 11524 8284
internal_value=0.0001835 -0.0853094 0.316708 -0.148589 0.714061 -0.08978 -0.136363 -0.122647 0.564183 0.611233 0.492906
internal_weight=800000 629872 170128 535725 47616 424252 256854 207753 32461 19508 12953
internal_count=800000 629872 170128 535725 47616 424252 256854 207753 32461 19508 12953
cat_boundaries=0 1 2 3 4 5 6 7 8 9 10
cat_threshold=1 32 32 1 2 12 8 18 16 8
is_linear=0
shrinkage=0.05


Tree=100
num_leaves=12
num_cat=10
split_feature=1 0 0 0 0 0 0 0 0 0 0
split_gain=7.81557e+06 5.18127e+06 3.77028e+06 2.5452e+06 821801 509954 73608.8 38133.9 37068.5 7090.61 4362.02
threshold=1.5000000000000002 0 1 2 3 4 5 6 7 8 9
decision_type=2 1 1 1 1 1 1 1 1 1 1
left_child=1 -1 -2 -3 -4 -5 7 -7 9 -6 -10
right_child=2 3 4 5 8 6 -8 -9 10 -11 -12
leaf_value=0.2610209072049065 0.15409062693201986 -0.35376499772834258 0.98281871178108515 -0.017384159270843826 0.62292734985504272 -0.0848672002463286 -0.18464203522454933 -0.13105179600813718 0.51364848629535076 0.55093582267258512 0.4421525042460055
leaf_weight=94147 122512 111473 15155 167398 7984 65411 49101 142342 4669 11524 8284
leaf_count=94147 122512 111473 15155 167398 7984 65411 49101 142342 4669 11524 8284
internal_value=0.00017633 -0.0810444 0.300883 -0.14116 0.678394 -0.0852911 -0.129545 -0.116515 0.536009 0.580704 0.4683
internal_weight=800000 629872 170128 535725 47616 424252 256854 207753 32461 19508 12953
internal_count=800000 629872 170128 535725 47616 424252 256854 207753 32461 19508 12953
cat_boundaries=0 1 2 3 4 5 6 7 8 9 10
cat_threshold=1 32 32 1 2 12 8 18 16 8
is_linear=0
shrinkage=0.05


Tree=101
num_leaves=12
num_cat=10
split_feature=1 0 0 0 0 0 0 0 0 0 0
split_gain=7.05396e+06 4.67615e+06 3.40308e+06 2.29707e+06 741677 460235 66440.9 34417.6 33448.9 6402 3941.26
threshold=1.5000000000000002 0 1 2 3 4 5 6 7 8 9
decision_type=2 1 1 1 1 1 1 1 1 1 1
left_child=1 -1 -2 -3 -4 -5 7 -7 9 -6 -10
right_child=2 3 4 5 8 6 -8 -9 10 -11 -12
leaf_value=0.24797173329526562 0.14638801206911708 -0.33607843015004951 0.93370966014868351 -0.016515089251748306 0.59181596261130176 -0.080622543423242252 -0.17541375925024824 -0.12449901500310445 0.48802094505393223 0.52341249848602756 0.42007025037295914
leaf_weight=94147 122512 111473 15155 167398 7984 65411 49101 142342 4669 11524 8284
leaf_count=94147 122512 111473 15155 167398 7984 65411 49101 142342 4669 11524 8284
internal_value=0.000169546 -0.0769924 0.285849 -0.134103 0.644506 -0.0810268 -0.123068 -0.110689 0.50924 0.551697 0.444921
internal_weight=800000 629872 170128 535725 47616 424252 256854 207753 32461 19508 12953
internal_count=800000 629872 170128 535725 47616 424252 256854 207753 32461 19508 12953
cat_boundaries=0 1 2 3 4 5 6 7 8 9 10
cat_threshold=1 32 32 1 2 12 8 18 16 8
is_linear=0
shrinkage=0.05


Tree=102
num_leaves=12
num_cat=10
split_feature=1 0 0 0 0 0 0 0 0 0 0
split_gain=6.36651e+06 4.2203e+06 3.07171e+06 2.0731e+06 669356 415380 59961.5 31061.6 30185.2 5780.25 3561.14
threshold=1.5000000000000002 0 1 2 3 4 5 6 7 8 9
decision_type=2 1 1 1 1 1 1 1 1 1 1
left_child=1 -1 -2 -3 -4 -5 7 -7 9 -6 -10
right_child=2 3 4 5 8 6 -8 -9 10 -11 -12
leaf_value=0.23557543772657108 0.13906756573377529 -0.31927515218293046 0.88705472974465938 -0.015688896905351333 0.56226310052363493 -0.076593488107601027 -0.16664429769647846 -0.11827595524135648 0.46367286401672425 0.49726874638579432 0.39909129219800271
leaf_weight=94147 122512 111473 15155 167398 7984 65411 49101 142342 4669 11524 8284
leaf_count=94147 122512 111473 15155 167398 7984 65411 49101 142342 4669 11524 8284
internal_value=0.000162509 -0.0731432 0.271565 -0.127399 0.612313 -0.0769764 -0.116917 -0.105157 0.483811 0.524143 0.42271
internal_weight=800000 629872 170128 535725 47616 424252 256854 207753 32461 19508 12953
internal_count=800000 629872 170128 535725 47616 424252 256854 207753 32461 19508 12953
cat_boundaries=0 1 2 3 4 5 6 7 8 9 10
cat_threshold=1 32 32 1 2 12 8 18 16 8
is_linear=0
shrinkage=0.05


Tree=103
num_leaves=12
num_cat=10
split_feature=1 0 0 0 0 0 0 0 0 0 0
split_gain=5.74615e+06 3.80885e+06 2.77254e+06 1.871e+06 604099 374885 54119.3 28035.1 27237.2 5219.38 3217.73
threshold=1.5000000000000002 0 1 2 3 4 5 6 7 8 9
decision_type=2 1 1 1 1 1 1 1 1 1 1
left_child=1 -1 -2 -3 -4 -5 7 -7 9 -6 -10
right_child=2 3 4 5 8 6 -8 -9 10 -11 -12
leaf_value=0.22379746870524247 0.13211711725240061 -0.3033135138114621 0.84273205687651487 -0.014904215064105907 0.53418233707782059 -0.072762698193946027 -0.15831410027276555 -0.11236247192062099 0.44053966642878306 0.47242528867614075 0.37915984952423931
leaf_weight=94147 122512 111473 15155 167398 7984 65411 49101 142342 4669 11524 8284
leaf_count=94147 122512 111473 15155 167398 7984 65411 49101 142342 4669 11524 8284
internal_value=0.000156309 -0.0694863 0.257997 -0.121029 0.581726 -0.0731276 -0.111071 -0.0998986 0.459648 0.497961 0.401607
internal_weight=800000 629872 170128 535725 47616 424252 256854 207753 32461 19508 12953
internal_count=800000 629872 170128 535725 47616 424252 256854 207753 32461 19508 12953
cat_boundaries=0 1 2 3 4 5 6 7 8 9 10
cat_threshold=1 32 32 1 2 12 8 18 16 8
is_linear=0
shrinkage=0.05


Tree=104
num_leaves=12
num_cat=10
split_feature=1 0 0 0 0 0 0 0 0 0 0
split_gain=5.18607e+06 3.43752e+06 2.50258e+06 1.68859e+06 545194 338335 48845.7 25300.3 24578.9 4713.1 2907.15
threshold=1.5000000000000002 0 1 2 3 4 5 6 7 8 9
decision_type=2 1 1 1 1 1 1 1 1 1 1
left_child=1 -1 -2 -3 -4 -5 7 -7 9 -6 -10
right_child=2 3 4 5 8 6 -8 -9 10 -11 -12
leaf_value=0.21260876453564592 0.12550765675862174 -0.28814843284135616 0.80062192654633257 -0.014158980831953197 0.50750697472109207 -0.069125135944822613 -0.15040000851367788 -0.10674388742291474 0.41855855584271984 0.44882508579358005 0.36022386840662096
leaf_weight=94147 122512 111473 15155 167398 7984 65411 49101 142342 4669 11524 8284
leaf_count=94147 122512 111473 15155 167398 7984 65411 49101 142342 4669 11524 8284
internal_value=0.000149576 -0.066012 0.245102 -0.114978 0.552667 -0.0694714 -0.105518 -0.0949035 0.436694 0.473089 0.381558
internal_weight=800000 629872 170128 535725 47616 424252 256854 207753 32461 19508 12953
internal_count=800000 629872 170128 535725 47616 424252 256854 207753 32461 19508 12953
cat_boundaries=0 1 2 3 4 5 6 7 8 9 10
cat_threshold=1 32 32 1 2 12 8 18 16 8
is_linear=0
shrinkage=0.05


Tree=105
num_leaves=12
num_cat=10
split_feature=1 0 0 0 0 0 0 0 0 0 0
split_gain=4.68072e+06 3.10238e+06 2.25886e+06 1.52397e+06 492034 305353 44083.7 22832.7 22177.8 4256.93 2626.62
threshold=1.5000000000000002 0 1 2 3 4 5 6 7 8 9
decision_type=2 1 1 1 1 1 1 1 1 1 1
left_child=1 -1 -2 -3 -4 -5 7 -7 9 -6 -10
right_child=2 3 4 5 8 6 -8 -9 10 -11 -12
leaf_value=0.20197834270253698 0.11923376451683072 -0.27374300081393294 0.76061622774329785 -0.013451305394033584 0.4821650572111823 -0.065670317286876265 -0.14288124532191396 -0.10140748205674797 0.39767738710384282 0.4264005082100501 0.34223600856246561
leaf_weight=94147 122512 111473 15155 167398 7984 65411 49101 142342 4669 11524 8284
leaf_count=94147 122512 111473 15155 167398 7984 65411 49101 142342 4669 11524 8284
internal_value=0.000143231 -0.0627122 0.232856 -0.10923 0.52506 -0.0659985 -0.100243 -0.0901593 0.414886 0.449458 0.362512
internal_weight=800000 629872 170128 535725 47616 424252 256854 207753 32461 19508 12953
internal_count=800000 629872 170128 535725 47616 424252 256854 207753 32461 19508 12953
cat_boundaries=0 1 2 3 4 5 6 7 8 9 10
cat_threshold=1 32 32 1 2 12 8 18 16 8
is_linear=0
shrinkage=0.05


Tree=106
num_leaves=12
num_cat=10
split_feature=1 0 0 0 0 0 0 0 0 0 0
split_gain=4.22461e+06 2.79995e+06 2.03888e+06 1.37538e+06 444061 275577 39786 20606.5 20013.2 3843.89 2372.59
threshold=1.5000000000000002 0 1 2 3 4 5 6 7 8 9
decision_type=2 1 1 1 1 1 1 1 1 1 1
left_child=1 -1 -2 -3 -4 -5 7 -7 9 -6 -10
right_child=2 3 4 5 8 6 -8 -9 10 -11 -12
leaf_value=0.19188188936748923 0.11327365475566786 -0.26005622395704953 0.7226123928292687 -0.012779575808205707 0.45808810801216149 -0.062387055631017069 -0.13573776584246269 -0.096337393180458711 0.37783354347295861 0.40510090781142899 0.32514664321340137
leaf_weight=94147 122512 111473 15155 167398 7984 65411 49101 142342 4669 11524 8284
leaf_count=94147 122512 111473 15155 167398 7984 65411 49101 142342 4669 11524 8284
internal_value=0.000137852 -0.0595767 0.221221 -0.103769 0.498834 -0.0626991 -0.0952312 -0.0856517 0.394168 0.42701 0.344415
internal_weight=800000 629872 170128 535725 47616 424252 256854 207753 32461 19508 12953
internal_count=800000 629872 170128 535725 47616 424252 256854 207753 32461 19508 12953
cat_boundaries=0 1 2 3 4 5 6 7 8 9 10
cat_threshold=1 32 32 1 2 12 8 18 16 8
is_linear=0
shrinkage=0.05


Tree=107
num_leaves=12
num_cat=10
split_feature=1 0 0 0 0 0 0 0 0 0 0
split_gain=3.81291e+06 2.52697e+06 1.84032e+06 1.2413e+06 400763 248718 35907.3 18596.6 18058.3 3471.26 2143.79
threshold=1.5000000000000002 0 1 2 3 4 5 6 7 8 9
decision_type=2 1 1 1 1 1 1 1 1 1 1
left_child=1 -1 -2 -3 -4 -5 7 -7 9 -6 -10
right_child=2 3 4 5 8 6 -8 -9 10 -11 -12
leaf_value=0.18228815211763788 0.10761014571088459 -0.24705512589242271 0.68650376101983412 -0.012140042418714614 0.43521070788137489 -0.059268964241295942 -0.1289519889472529 -0.091521142602864591 0.35898317955426362 0.38486087681082565 0.30890832183043127
leaf_weight=94147 122512 111473 15155 167398 7984 65411 49101 142342 4669 11524 8284
leaf_count=94147 122512 111473 15155 167398 7984 65411 49101 142342 4669 11524 8284
internal_value=0.000131966 -0.0565983 0.210167 -0.0985812 0.473915 -0.0595645 -0.0904705 -0.0813699 0.374483 0.40568 0.327221
internal_weight=800000 629872 170128 535725 47616 424252 256854 207753 32461 19508 12953
internal_count=800000 629872 170128 535725 47616 424252 256854 207753 32461 19508 12953
cat_boundaries=0 1 2 3 4 5 6 7 8 9 10
cat_threshold=1 32 32 1 2 12 8 18 16 8
is_linear=0
shrinkage=0.05


Tree=108
num_leaves=12
num_cat=10
split_feature=1 0 0 0 0 0 0 0 0 0 0
split_gain=3.44134e+06 2.28063e+06 1.66111e+06 1.12028e+06 361688 224468 32408.4 16782.2 16296.5 3133.98 1936.81
threshold=1.5000000000000002 0 1 2 3 4 5 6 7 8 9
decision_type=2 1 1 1 1 1 1 1 1 1 1
left_child=1 -1 -2 -3 -4 -5 7 -7 9 -6 -10
right_child=2 3 4 5 8 6 -8 -9 10 -11 -12
leaf_value=0.17317494770463579 0.10222918789684983 -0.23470383526968097 0.65220158738898171 -0.011533978325397156 0.4134766578435719 -0.056307004236828412 -0.12250652900455475 -0.086945408982642122 0.3410704735227823 0.36563711484300843 0.29348038794593639
leaf_weight=94147 122512 111473 15155 167398 7984 65411 49101 142342 4669 11524 8284
leaf_count=94147 122512 111473 15155 167398 7984 65411 49101 142342 4669 11524 8284
internal_value=0.000126102 -0.0537691 0.199665 -0.0936532 0.450242 -0.0565872 -0.0859479 -0.0773021 0.355782 0.385418 0.310884
internal_weight=800000 629872 170128 535725 47616 424252 256854 207753 32461 19508 12953
internal_count=800000 629872 170128 535725 47616 424252 256854 207753 32461 19508 12953
cat_boundaries=0 1 2 3 4 5 6 7 8 9 10
cat_threshold=1 32 32 1 2 12 8 18 16 8
is_linear=0
shrinkage=0.05


Tree=109
num_leaves=12
num_cat=10
split_feature=1 0 0 0 0 0 0 0 0 0 0
split_gain=3.10596e+06 2.05829e+06 1.49935e+06 1.01105e+06 326421 202577 29250.2 15147.2 14704.2 2830.94 1749.96
threshold=1.5000000000000002 0 1 2 3 4 5 6 7 8 9
decision_type=2 1 1 1 1 1 1 1 1 1 1
left_child=1 -1 -2 -3 -4 -5 7 -7 9 -6 -10
right_child=2 3 4 5 8 6 -8 -9 10 -11 -12
leaf_value=0.16451661218208694 0.097117113661157772 -0.22296903178025113 0.61961214459850344 -0.010958333394037918 0.39283085752195618 -0.053490683348792104 -0.11638224234478754 -0.082598344971788751 0.32405589736152551 0.34736795378285307 0.2788257905883274
leaf_weight=94147 122512 111473 15155 167398 7984 65411 49101 142342 4669 11524 8284
leaf_count=94147 122512 111473 15155 167398 7984 65411 49101 142342 4669 11524 8284
internal_value=0.000120739 -0.051081 0.189687 -0.088971 0.427751 -0.0537583 -0.0816506 -0.0734368 0.338015 0.366166 0.295367
internal_weight=800000 629872 170128 535725 47616 424252 256854 207753 32461 19508 12953
internal_count=800000 629872 170128 535725 47616 424252 256854 207753 32461 19508 12953
cat_boundaries=0 1 2 3 4 5 6 7 8 9 10
cat_threshold=1 32 32 1 2 12 8 18 16 8
is_linear=0
shrinkage=0.05


Tree=110
num_leaves=12
num_cat=10
split_feature=1 0 0 0 0 0 0 0 0 0 0
split_gain=2.80333e+06 1.85763e+06 1.35333e+06 912495 294592 182830 26400.7 13669.6 13269.7 2555.95 1581.09
threshold=1.5000000000000002 0 1 2 3 4 5 6 7 8 9
decision_type=2 1 1 1 1 1 1 1 1 1 1
left_child=1 -1 -2 -3 -4 -5 7 -7 9 -6 -10
right_child=2 3 4 5 8 6 -8 -9 10 -11 -12
leaf_value=0.15629218012258772 0.092264249054276146 -0.2118221373490593 0.58865249324387303 -0.010409665250304945 0.37321485577149782 -0.050816279592791162 -0.11056461676386922 -0.078467892217705781 0.30788779644967146 0.33001805977782489 0.26490117437097288
leaf_weight=94147 122512 111473 15155 167398 7984 65411 49101 142342 4669 11524 8284
leaf_count=94147 122512 111473 15155 167398 7984 65411 49101 142342 4669 11524 8284
internal_value=0.000116553 -0.0485268 0.180211 -0.0845225 0.406386 -0.0510701 -0.0775681 -0.0697647 0.321136 0.347879 0.280622
internal_weight=800000 629872 170128 535725 47616 424252 256854 207753 32461 19508 12953
internal_count=800000 629872 170128 535725 47616 424252 256854 207753 32461 19508 12953
cat_boundaries=0 1 2 3 4 5 6 7 8 9 10
cat_threshold=1 32 32 1 2 12 8 18 16 8
is_linear=0
shrinkage=0.05


Tree=111
num_leaves=12
num_cat=10
split_feature=1 0 0 0 0 0 0 0 0 0 0
split_gain=2.53012e+06 1.67653e+06 1.22152e+06 823521 265867 165007 23826.6 12335.7 11973.7 2307.7 1428.39
threshold=1.5000000000000002 0 1 2 3 4 5 6 7 8 9
decision_type=2 1 1 1 1 1 1 1 1 1 1
left_child=1 -1 -2 -3 -4 -5 7 -7 9 -6 -10
right_child=2 3 4 5 8 6 -8 -9 10 -11 -12
leaf_value=0.14847860464429927 0.087651177683706491 -0.20123121620917261 0.55923634356490237 -0.0098894520021400381 0.35457354887503523 -0.04827725328288085 -0.1050373220547616 -0.074545097811993574 0.29252438330196834 0.31352992407552538 0.25167125138944391
leaf_weight=94147 122512 111473 15155 167398 7984 65411 49101 142342 4669 11524 8284
leaf_count=94147 122512 111473 15155 167398 7984 65411 49101 142342 4669 11524 8284
internal_value=0.000111505 -0.0461008 0.171205 -0.080297 0.386084 -0.0485173 -0.0736907 -0.0662774 0.305097 0.330501 0.266611
internal_weight=800000 629872 170128 535725 47616 424252 256854 207753 32461 19508 12953
internal_count=800000 629872 170128 535725 47616 424252 256854 207753 32461 19508 12953
cat_boundaries=0 1 2 3 4 5 6 7 8 9 10
cat_threshold=1 32 32 1 2 12 8 18 16 8
is_linear=0
shrinkage=0.05


Tree=112
num_leaves=12
num_cat=10
split_feature=1 0 0 0 0 0 0 0 0 0 0
split_gain=2.28358e+06 1.51307e+06 1.10257e+06 743244 239948 148927 21505.4 11134.8 10805.3 2083.98 1290.61
threshold=1.5000000000000002 0 1 2 3 4 5 6 7 8 9
decision_type=2 1 1 1 1 1 1 1 1 1 1
left_child=1 -1 -2 -3 -4 -5 7 -7 9 -6 -10
right_child=2 3 4 5 8 6 -8 -9 10 -11 -12
leaf_value=0.14105488363014176 0.083269860525326297 -0.19117107669205541 0.53129580330777948 -0.0093937408609324133 0.33686922811585007 -0.045862174925168052 -0.099787231809297591 -0.070818601802076872 0.27792989447932642 0.29786842938868491 0.23910249351793983
leaf_weight=94147 122512 111473 15155 167398 7984 65411 49101 142342 4669 11524 8284
leaf_count=94147 122512 111473 15155 167398 7984 65411 49101 142342 4669 11524 8284
internal_value=0.000107263 -0.0437958 0.162652 -0.0762823 0.3668 -0.0460912 -0.0700066 -0.0629637 0.289862 0.313995 0.253302
internal_weight=800000 629872 170128 535725 47616 424252 256854 207753 32461 19508 12953
internal_count=800000 629872 170128 535725 47616 424252 256854 207753 32461 19508 12953
cat_boundaries=0 1 2 3 4 5 6 7 8 9 10
cat_threshold=1 32 32 1 2 12 8 18 16 8
is_linear=0
shrinkage=0.05


Tree=113
num_leaves=12
num_cat=10
split_feature=1 0 0 0 0 0 0 0 0 0 0
split_gain=2.06107e+06 1.36557e+06 995203 670780 216555 134404 19407.2 10048.9 9749.8 1881.7 1165.9
threshold=1.5000000000000002 0 1 2 3 4 5 6 7 8 9
decision_type=2 1 1 1 1 1 1 1 1 1 1
left_child=1 -1 -2 -3 -4 -5 7 -7 9 -6 -10
right_child=2 3 4 5 8 6 -8 -9 10 -11 -12
leaf_value=0.13400224431462482 0.07910670222250045 -0.18161387410736216 0.5047504580504345 -0.008925537819358436 0.32004608648670957 -0.043570358823431431 -0.094797702790161073 -0.067278747729026728 0.26406369218461456 0.28298826767498275 0.22716397287071197
leaf_weight=94147 122512 111473 15155 167398 7984 65411 49101 142342 4669 11524 8284
leaf_count=94147 122512 111473 15155 167398 7984 65411 49101 142342 4669 11524 8284
internal_value=0.00010229 -0.041607 0.154524 -0.0724693 0.348478 -0.0437878 -0.0665071 -0.0598166 0.275387 0.298311 0.240658
internal_weight=800000 629872 170128 535725 47616 424252 256854 207753 32461 19508 12953
internal_count=800000 629872 170128 535725 47616 424252 256854 207753 32461 19508 12953
cat_boundaries=0 1 2 3 4 5 6 7 8 9 10
cat_threshold=1 32 32 1 2 12 8 18 16 8
is_linear=0
shrinkage=0.05


Tree=114
num_leaves=12
num_cat=10
split_feature=1 0 0 0 0 0 0 0 0 0 0
split_gain=1.8602e+06 1.23243e+06 898274 605382 195441 121305 17517.6 9067.66 8798.18 1699.71 1053.61
threshold=1.5000000000000002 0 1 2 3 4 5 6 7 8 9
decision_type=2 1 1 1 1 1 1 1 1 1 1
left_child=1 -1 -2 -3 -4 -5 7 -7 9 -6 -10
right_child=2 3 4 5 8 6 -8 -9 10 -11 -12
leaf_value=0.12730278637354087 0.075152042237009359 -0.17253311263181823 0.47952862949289587 -0.0084781382416623235 0.3040647471878628 -0.041392740574507848 -0.090059955445690593 -0.06391383523524069 0.25088843162000168 0.26884824096877469 0.21581646774601071
leaf_weight=94147 122512 111473 15155 167398 7984 65411 49101 142342 4669 11524 8284
leaf_count=94147 122512 111473 15155 167398 7984 65411 49101 142342 4669 11524 8284
internal_value=9.84853e-05 -0.0395263 0.146803 -0.0688455 0.33107 -0.041598 -0.0631819 -0.0568254 0.261633 0.28341 0.228642
internal_weight=800000 629872 170128 535725 47616 424252 256854 207753 32461 19508 12953
internal_count=800000 629872 170128 535725 47616 424252 256854 207753 32461 19508 12953
cat_boundaries=0 1 2 3 4 5 6 7 8 9 10
cat_threshold=1 32 32 1 2 12 8 18 16 8
is_linear=0
shrinkage=0.05


Tree=115
num_leaves=12
num_cat=10
split_feature=1 0 0 0 0 0 0 0 0 0 0
split_gain=1.67892e+06 1.1123e+06 810794 546365 176382 109479 15809.4 8184.65 7938.77 1534.3 952.061
threshold=1.5000000000000002 0 1 2 3 4 5 6 7 8 9
decision_type=2 1 1 1 1 1 1 1 1 1 1
left_child=1 -1 -2 -3 -4 -5 7 -7 9 -6 -10
right_child=2 3 4 5 8 6 -8 -9 10 -11 -12
leaf_value=0.12093967167230704 0.071394169997465298 -0.16390800049549983 0.45556572572964082 -0.0080547374505757965 0.28887707431345605 -0.039322875604778068 -0.085557412581744693 -0.06071933578799063 0.23837255187257789 0.25541849847432746 0.2050385914166232
leaf_weight=94147 122512 111473 15155 167398 7984 65411 49101 142342 4669 11524 8284
leaf_count=94147 122512 111473 15155 167398 7984 65411 49101 142342 4669 11524 8284
internal_value=9.41113e-05 -0.0375504 0.139467 -0.0654041 0.314531 -0.0395187 -0.0600235 -0.0539849 0.248567 0.269253 0.217229
internal_weight=800000 629872 170128 535725 47616 424252 256854 207753 32461 19508 12953
internal_count=800000 629872 170128 535725 47616 424252 256854 207753 32461 19508 12953
cat_boundaries=0 1 2 3 4 5 6 7 8 9 10
cat_threshold=1 32 32 1 2 12 8 18 16 8
is_linear=0
shrinkage=0.05


Tree=116
num_leaves=12
num_cat=10
split_feature=1 0 0 0 0 0 0 0 0 0 0
split_gain=1.51526e+06 1.00385e+06 731848 493106 159181 98802.5 14269.7 7386.54 7164.33 1385.91 860.081
threshold=1.5000000000000002 0 1 2 3 4 5 6 7 8 9
decision_type=2 1 1 1 1 1 1 1 1 1 1
left_child=1 -1 -2 -3 -4 -5 7 -7 9 -6 -10
right_child=2 3 4 5 8 6 -8 -9 10 -11 -12
leaf_value=0.11489305245331523 0.067822510720435741 -0.15571314869525985 0.43280071764152672 -0.0076515825590293051 0.27445443243809814 -0.037355532377734625 -0.081280099426376429 -0.057682026323608117 0.22647758617592714 0.24265820113959791 0.19479846160958583
leaf_weight=94147 122512 111473 15155 167398 7984 65411 49101 142342 4669 11524 8284
leaf_count=94147 122512 111473 15155 167398 7984 65411 49101 142342 4669 11524 8284
internal_value=9.03413e-05 -0.0356724 0.132496 -0.0621334 0.29882 -0.0375421 -0.0570214 -0.0512843 0.236154 0.255805 0.206383
internal_weight=800000 629872 170128 535725 47616 424252 256854 207753 32461 19508 12953
internal_count=800000 629872 170128 535725 47616 424252 256854 207753 32461 19508 12953
cat_boundaries=0 1 2 3 4 5 6 7 8 9 10
cat_threshold=1 32 32 1 2 12 8 18 16 8
is_linear=0
shrinkage=0.05


Tree=117
num_leaves=12
num_cat=10
split_feature=1 0 0 0 0 0 0 0 0 0 0
split_gain=1.36765e+06 905984 660578 445025 143668 89169.1 12878.2 6667.08 6464.99 1251.62 777.225
threshold=1.5000000000000002 0 1 2 3 4 5 6 7 8 9
decision_type=2 1 1 1 1 1 1 1 1 1 1
left_child=1 -1 -2 -3 -4 -5 7 -7 9 -6 -10
right_child=2 3 4 5 8 6 -8 -9 10 -11 -12
leaf_value=0.10914866943352892 0.064434093288782121 -0.14792794991451455 0.4111808083720071 -0.007269774747097924 0.26075065933468045 -0.035487840476690381 -0.077216602553881658 -0.054799051516321633 0.21518001888623273 0.23053644283487165 0.18507021029426129
leaf_weight=94147 122512 111473 15155 167398 7984 65411 49101 142342 4669 11524 8284
leaf_count=94147 122512 111473 15155 167398 7984 65411 49101 142342 4669 11524 8284
internal_value=8.68134e-05 -0.0338893 0.125878 -0.0590274 0.283895 -0.0356657 -0.054171 -0.0487209 0.224362 0.243029 0.196081
internal_weight=800000 629872 170128 535725 47616 424252 256854 207753 32461 19508 12953
internal_count=800000 629872 170128 535725 47616 424252 256854 207753 32461 19508 12953
cat_boundaries=0 1 2 3 4 5 6 7 8 9 10
cat_threshold=1 32 32 1 2 12 8 18 16 8
is_linear=0
shrinkage=0.05


Tree=118
num_leaves=12
num_cat=10
split_feature=1 0 0 0 0 0 0 0 0 0 0
split_gain=1.23436e+06 817667 596245 401633 129657 80477.9 11624.4 6015.32 5834.26 1130.21 702.032
threshold=1.5000000000000002 0 1 2 3 4 5 6 7 8 9
decision_type=2 1 1 1 1 1 1 1 1 1 1
left_child=1 -1 -2 -3 -4 -5 7 -7 9 -6 -10
right_child=2 3 4 5 8 6 -8 -9 10 -11 -12
leaf_value=0.10369254814486728 0.061212095164507013 -0.14053164256681616 0.39063262016278782 -0.006906199973803981 0.24772961282240979 -0.033715497173162912 -0.073358151554947265 -0.05205854438617951 0.20444096695487635 0.21901994655672632 0.17582746500678026
leaf_weight=94147 122512 111473 15155 167398 7984 65411 49101 142342 4669 11524 8284
leaf_count=94147 122512 111473 15155 167398 7984 65411 49101 142342 4669 11524 8284
internal_value=8.31203e-05 -0.0321949 0.119588 -0.0560764 0.269713 -0.0338828 -0.0514632 -0.0462851 0.213157 0.230891 0.186291
internal_weight=800000 629872 170128 535725 47616 424252 256854 207753 32461 19508 12953
internal_count=800000 629872 170128 535725 47616 424252 256854 207753 32461 19508 12953
cat_boundaries=0 1 2 3 4 5 6 7 8 9 10
cat_threshold=1 32 32 1 2 12 8 18 16 8
is_linear=0
shrinkage=0.05


Tree=119
num_leaves=12
num_cat=10
split_feature=1 0 0 0 0 0 0 0 0 0 0
split_gain=1.11406e+06 737944 538183 362479 117016 72629.9 10491.6 5429.57 5264.13 1020.32 634.297
threshold=1.5000000000000002 0 1 2 3 4 5 6 7 8 9
decision_type=2 1 1 1 1 1 1 1 1 1 1
left_child=1 -1 -2 -3 -4 -5 7 -7 9 -6 -10
right_child=2 3 4 5 8 6 -8 -9 10 -11 -12
leaf_value=0.098507950680872494 0.058151308000909896 -0.13350542324652623 0.37111423139009309 -0.0065608674533573323 0.23535602246041831 -0.032028345276635541 -0.069690429096548545 -0.049455422739828787 0.19424198431498885 0.20807847301158372 0.16704751638610707
leaf_weight=94147 122512 111473 15155 167398 7984 65411 49101 142342 4669 11524 8284
leaf_count=94147 122512 111473 15155 167398 7984 65411 49101 142342 4669 11524 8284
internal_value=7.98004e-05 -0.0305851 0.113612 -0.0532724 0.256241 -0.0321884 -0.0488896 -0.0439703 0.202512 0.219357 0.176992
internal_weight=800000 629872 170128 535725 47616 424252 256854 207753 32461 19508 12953
internal_count=800000 629872 170128 535725 47616 424252 256854 207753 32461 19508 12953
cat_boundaries=0 1 2 3 4 5 6 7 8 9 10
cat_threshold=1 32 32 1 2 12 8 18 16 8
is_linear=0
shrinkage=0.05


Tree=120
num_leaves=12
num_cat=10
split_feature=1 0 0 0 0 0 0 0 0 0 0
split_gain=1.00551e+06 665995 485767 327149 105608 65553.7 9468.52 4899.71 4749.23 921.766 573.025
threshold=1.5000000000000002 0 1 2 3 4 5 6 7 8 9
decision_type=2 1 1 1 1 1 1 1 1 1 1
left_child=1 -1 -2 -3 -4 -5 7 -7 9 -6 -10
right_child=2 3 4 5 8 6 -8 -9 10 -11 -12
leaf_value=0.09358193301209547 0.055244813973615553 -0.12683221581033899 0.35257151010364263 -0.006232179251359638 0.22360332327721744 -0.030428464368847392 -0.06620670625109093 -0.046983389807803262 0.18455197912527219 0.19767986560210998 0.15870729643723061
leaf_weight=94147 122512 111473 15155 167398 7984 65411 49101 142342 4669 11524 8284
leaf_count=94147 122512 111473 15155 167398 7984 65411 49101 142342 4669 11524 8284
internal_value=7.61718e-05 -0.0290565 0.107935 -0.0506095 0.243441 -0.0305793 -0.046446 -0.0417728 0.192398 0.208399 0.168158
internal_weight=800000 629872 170128 535725 47616 424252 256854 207753 32461 19508 12953
internal_count=800000 629872 170128 535725 47616 424252 256854 207753 32461 19508 12953
cat_boundaries=0 1 2 3 4 5 6 7 8 9 10
cat_threshold=1 32 32 1 2 12 8 18 16 8
is_linear=0
shrinkage=0.05


Tree=121
num_leaves=12
num_cat=10
split_feature=1 0 0 0 0 0 0 0 0 0 0
split_gain=907491 601068 438482 295260 95311.3 59162 8545.12 4421.46 4286.21 831.804 517.678
threshold=1.5000000000000002 0 1 2 3 4 5 6 7 8 9
decision_type=2 1 1 1 1 1 1 1 1 1 1
left_child=1 -1 -2 -3 -4 -5 7 -7 9 -6 -10
right_child=2 3 4 5 8 6 -8 -9 10 -11 -12
leaf_value=0.088903920421095739 0.052479737535189842 -0.12049136774259127 0.3349556277256534 -0.0059201328924493113 0.21243574788100963 -0.028907236333736753 -0.062895634793271094 -0.044633484513783461 0.17534304592542657 0.18780899407525853 0.15078115120605587
leaf_weight=94147 122512 111473 15155 167398 7984 65411 49101 142342 4669 11524 8284
leaf_count=94147 122512 111473 15155 167398 7984 65411 49101 142342 4669 11524 8284
internal_value=7.29623e-05 -0.0276033 0.10254 -0.0480788 0.231281 -0.0290499 -0.0441232 -0.0396837 0.182791 0.197992 0.159763
internal_weight=800000 629872 170128 535725 47616 424252 256854 207753 32461 19508 12953
internal_count=800000 629872 170128 535725 47616 424252 256854 207753 32461 19508 12953
cat_boundaries=0 1 2 3 4 5 6 7 8 9 10
cat_threshold=1 32 32 1 2 12 8 18 16 8
is_linear=0
shrinkage=0.05


Tree=122
num_leaves=12
num_cat=10
split_feature=1 0 0 0 0 0 0 0 0 0 0
split_gain=819103 542478 395759 266458 86017.1 53395.5 7711.96 3990.94 3868.23 751.013 467.82
threshold=1.5000000000000002 0 1 2 3 4 5 6 7 8 9
decision_type=2 1 1 1 1 1 1 1 1 1 1
left_child=1 -1 -2 -3 -4 -5 7 -7 9 -6 -10
right_child=2 3 4 5 8 6 -8 -9 10 -11 -12
leaf_value=0.084459741686542023 0.049860641920952437 -0.1144655815470727 0.31821821173150039 -0.0056248672521944367 0.20182760580796316 -0.027462498564898075 -0.05975219257172433 -0.042403501669476512 0.16659479540722777 0.17842829446972852 0.14324948180000668
leaf_weight=94147 122512 111473 15155 167398 7984 65411 49101 142342 4669 11524 8284
leaf_count=94147 122512 111473 15155 167398 7984 65411 49101 142342 4669 11524 8284
internal_value=7.0424e-05 -0.0262235 0.0974197 -0.0456755 0.219728 -0.0275985 -0.0419184 -0.0377009 0.173663 0.188103 0.151786
internal_weight=800000 629872 170128 535725 47616 424252 256854 207753 32461 19508 12953
internal_count=800000 629872 170128 535725 47616 424252 256854 207753 32461 19508 12953
cat_boundaries=0 1 2 3 4 5 6 7 8 9 10
cat_threshold=1 32 32 1 2 12 8 18 16 8
is_linear=0
shrinkage=0.05


Tree=123
num_leaves=12
num_cat=10
split_feature=1 0 0 0 0 0 0 0 0 0 0
split_gain=739258 489592 357236 240484 77628.8 48186.8 6961.16 3601.84 3490.12 678.607 422.443
threshold=1.5000000000000002 0 1 2 3 4 5 6 7 8 9
decision_type=2 1 1 1 1 1 1 1 1 1 1
left_child=1 -1 -2 -3 -4 -5 7 -7 9 -6 -10
right_child=2 3 4 5 8 6 -8 -9 10 -11 -12
leaf_value=0.080236985852917206 0.04736460389420144 -0.10874363891780044 0.30231770142839176 -0.0053444311489888457 0.19175226699718395 -0.026088895491747865 -0.056765792634471568 -0.040282874125047281 0.15828266310931324 0.16951283412230209 0.13609954108667571
leaf_weight=94147 122512 111473 15155 167398 7984 65411 49101 142342 4669 11524 8284
leaf_count=94147 122512 111473 15155 167398 7984 65411 49101 142342 4669 11524 8284
internal_value=6.68361e-05 -0.0249127 0.0925497 -0.0433922 0.208753 -0.0262188 -0.0398224 -0.0358154 0.164992 0.178708 0.144212
internal_weight=800000 629872 170128 535725 47616 424252 256854 207753 32461 19508 12953
internal_count=800000 629872 170128 535725 47616 424252 256854 207753 32461 19508 12953
cat_boundaries=0 1 2 3 4 5 6 7 8 9 10
cat_threshold=1 32 32 1 2 12 8 18 16 8
is_linear=0
shrinkage=0.05


Tree=124
num_leaves=12
num_cat=10
split_feature=1 0 0 0 0 0 0 0 0 0 0
split_gain=667204 441858 322442 217043 70064.1 43490.8 6283.19 3250.72 3149.28 612.762 381.726
threshold=1.5000000000000002 0 1 2 3 4 5 6 7 8 9
decision_type=2 1 1 1 1 1 1 1 1 1 1
left_child=1 -1 -2 -3 -4 -5 7 -7 9 -6 -10
right_child=2 3 4 5 8 6 -8 -9 10 -11 -12
leaf_value=0.076225435712398593 0.044996058044399968 -0.10330719221928178 0.28721275586166911 -0.0050764615577265082 0.18217316675937742 -0.024784211702361818 -0.05392852303249257 -0.038268605229344631 0.15038338135541773 0.16104150210754783 0.12929971291123743
leaf_weight=94147 122512 111473 15155 167398 7984 65411 49101 142342 4669 11524 8284
leaf_count=94147 122512 111473 15155 167398 7984 65411 49101 142342 4669 11524 8284
internal_value=6.40092e-05 -0.023667 0.0879243 -0.0412225 0.198324 -0.0249076 -0.0378313 -0.0340244 0.156749 0.169779 0.13701
internal_weight=800000 629872 170128 535725 47616 424252 256854 207753 32461 19508 12953
internal_count=800000 629872 170128 535725 47616 424252 256854 207753 32461 19508 12953
cat_boundaries=0 1 2 3 4 5 6 7 8 9 10
cat_threshold=1 32 32 1 2 12 8 18 16 8
is_linear=0
shrinkage=0.05


Tree=125
num_leaves=11
num_cat=9
split_feature=1 0 0 0 0 0 0 0 0 0
split_gain=602199 398784 291036 195884 63231.1 39253.7 5669.98 2933.8 2842.55 924.487
threshold=1.5000000000000002 0 1 2 3 4 5 6 7 8
decision_type=2 1 1 1 1 1 1 1 1 1
left_child=1 -1 -2 -3 -4 -5 7 -7 -6 -10
right_child=2 3 4 5 8 6 -8 -9 9 -11
leaf_value=0.0724148657517487 0.042747959159940369 -0.09814261463177909 0.27286081432942466 -0.004821982429205552 0.12284073876794173 -0.023545780328534369 -0.051231923893384435 -0.036356028977761017 0.17307907383174101 0.1501705623324886
leaf_weight=94147 122512 111473 15155 167398 8284 65411 49101 142342 7984 16193
leaf_count=94147 122512 111473 15155 167398 8284 65411 49101 142342 7984 16193
internal_value=6.15632e-05 -0.0224838 0.0835321 -0.0391616 0.188418 -0.0236623 -0.0359404 -0.0323241 0.148922 0.157804
internal_weight=800000 629872 170128 535725 47616 424252 256854 207753 32461 24177
internal_count=800000 629872 170128 535725 47616 424252 256854 207753 32461 24177
cat_boundaries=0 1 2 3 4 5 6 7 8 9
cat_threshold=1 32 32 1 2 12 8 4 16
is_linear=0
shrinkage=0.05


Tree=126
num_leaves=12
num_cat=10
split_feature=1 0 0 0 0 0 0 0 0 0 0
split_gain=543503 359916 262693 176787 57065.5 35424.6 5117.51 2648.03 2604.45 489.256 295.478
threshold=1.5000000000000002 0 1 2 3 4 5 6 7 8 9
decision_type=2 1 1 1 1 1 1 1 1 1 1
left_child=1 -1 -2 -3 -4 -5 7 -7 9 -6 -10
right_child=2 3 4 5 8 6 -8 -9 10 -11 -12
leaf_value=0.068796083631071578 0.040610091886017406 -0.093235717892446834 0.25922560385261634 -0.0045813571743422874 0.16443558588665011 -0.022367642789929244 -0.048670530939642992 -0.034537996494918781 0.13538957415648215 0.14549784082173267 0.11670856613810449
leaf_weight=94147 122512 111473 15155 167398 7984 65411 49101 142342 4669 11524 8284
leaf_count=94147 122512 111473 15155 167398 7984 65411 49101 142342 4669 11524 8284
internal_value=5.90992e-05 -0.0213593 0.0793575 -0.0372036 0.179005 -0.0224792 -0.0341431 -0.0307074 0.141484 0.153329 0.123542
internal_weight=800000 629872 170128 535725 47616 424252 256854 207753 32461 19508 12953
internal_count=800000 629872 170128 535725 47616 424252 256854 207753 32461 19508 12953
cat_boundaries=0 1 2 3 4 5 6 7 8 9 10
cat_threshold=1 32 32 1 2 12 8 18 16 8
is_linear=0
shrinkage=0.05


Tree=127
num_leaves=12
num_cat=10
split_feature=1 0 0 0 0 0 0 0 0 0 0
split_gain=490561 324814 237103 159551 51501.2 31972.4 4618.24 2389.58 2350.56 441.985 267.023
threshold=1.5000000000000002 0 1 2 3 4 5 6 7 8 9
decision_type=2 1 1 1 1 1 1 1 1 1 1
left_child=1 -1 -2 -3 -4 -5 7 -7 9 -6 -10
right_child=2 3 4 5 8 6 -8 -9 10 -11 -12
leaf_value=0.065354391590047398 0.038582185536729541 -0.088574330732714923 0.24627285165909374 -0.0043521414597869536 0.15622675630609065 -0.021250409784470226 -0.046237134268379436 -0.032811613973639207 0.12863435490464115 0.13822924212275003 0.11087867436939072
leaf_weight=94147 122512 111473 15155 167398 7984 65411 49101 142342 4669 11524 8284
leaf_count=94147 122512 111473 15155 167398 7984 65411 49101 142342 4669 11524 8284
internal_value=5.6624e-05 -0.0202919 0.0753939 -0.0353438 0.170064 -0.0213556 -0.0324365 -0.0291728 0.134419 0.145671 0.117373
internal_weight=800000 629872 170128 535725 47616 424252 256854 207753 32461 19508 12953
internal_count=800000 629872 170128 535725 47616 424252 256854 207753 32461 19508 12953
cat_boundaries=0 1 2 3 4 5 6 7 8 9 10
cat_threshold=1 32 32 1 2 12 8 18 16 8
is_linear=0
shrinkage=0.05


Tree=128
num_leaves=12
num_cat=10
split_feature=1 0 0 0 0 0 0 0 0 0 0
split_gain=442713 293153 214025 143993 46476.3 28853.6 4168.89 2156.19 2120.51 399.229 241.172
threshold=1.5000000000000002 0 1 2 3 4 5 6 7 8 9
decision_type=2 1 1 1 1 1 1 1 1 1 1
left_child=1 -1 -2 -3 -4 -5 7 -7 9 -6 -10
right_child=2 3 4 5 8 6 -8 -9 10 -11 -12
leaf_value=0.062087829976187336 0.036647878091935149 -0.084145547973187171 0.23396296604608022 -0.0041352116294980654 0.14842436969175857 -0.020188224226173935 -0.043926715223604397 -0.031170341568447654 0.1222166907458663 0.13132130599877689 0.10534376899161797
leaf_weight=94147 122512 111473 15155 167398 7984 65411 49101 142342 4669 11524 8284
leaf_count=94147 122512 111473 15155 167398 7984 65411 49101 142342 4669 11524 8284
internal_value=5.33952e-05 -0.0192773 0.0716223 -0.0335768 0.161567 -0.020288 -0.0308147 -0.0277138 0.127706 0.138394 0.111515
internal_weight=800000 629872 170128 535725 47616 424252 256854 207753 32461 19508 12953
internal_count=800000 629872 170128 535725 47616 424252 256854 207753 32461 19508 12953
cat_boundaries=0 1 2 3 4 5 6 7 8 9 10
cat_threshold=1 32 32 1 2 12 8 18 16 8
is_linear=0
shrinkage=0.05


Tree=129
num_leaves=12
num_cat=10
split_feature=1 0 0 0 0 0 0 0 0 0 0
split_gain=399592 264576 193184 129954 41947.2 26042.2 3762.07 1946.2 1913.6 360.281 217.821
threshold=1.5000000000000002 0 1 2 3 4 5 6 7 8 9
decision_type=2 1 1 1 1 1 1 1 1 1 1
left_child=1 -1 -2 -3 -4 -5 7 -7 9 -6 -10
right_child=2 3 4 5 8 6 -8 -9 10 -11 -12
leaf_value=0.058983662071298119 0.034817393263018241 -0.079938962210352071 0.22227672063750165 -0.0039285138415491886 0.14101186021733708 -0.019179464505722846 -0.041730742200046071 -0.029613116351060415 0.11611851747027319 0.12476403998898658 0.10008455257631942
leaf_weight=94147 122512 111473 15155 167398 7984 65411 49101 142342 4669 11524 8284
leaf_count=94147 122512 111473 15155 167398 7984 65411 49101 142342 4669 11524 8284
internal_value=5.12254e-05 -0.0183139 0.0680454 -0.0318985 0.153499 -0.0192742 -0.0292749 -0.0263292 0.12133 0.131483 0.105949
internal_weight=800000 629872 170128 535725 47616 424252 256854 207753 32461 19508 12953
internal_count=800000 629872 170128 535725 47616 424252 256854 207753 32461 19508 12953
cat_boundaries=0 1 2 3 4 5 6 7 8 9 10
cat_threshold=1 32 32 1 2 12 8 18 16 8
is_linear=0
shrinkage=0.05


Tree=130
num_leaves=12
num_cat=10
split_feature=1 0 0 0 0 0 0 0 0 0 0
split_gain=360668 238777 174358 117285 37856.2 23500.4 3395.86 1755.92 1726.7 325.207 196.902
threshold=1.5000000000000002 0 1 2 3 4 5 6 7 8 9
decision_type=2 1 1 1 1 1 1 1 1 1 1
left_child=1 -1 -2 -3 -4 -5 7 -7 9 -6 -10
right_child=2 3 4 5 8 6 -8 -9 10 -11 -12
leaf_value=0.056034393944189256 0.033080164469786198 -0.075941825873474339 0.2111684108071307 -0.0037324669797332722 0.13396802076197042 -0.018220302998528542 -0.03964426362573481 -0.02813077238793988 0.1103265247479492 0.11853146348397281 0.09508515466745715
leaf_weight=94147 122512 111473 15155 167398 7984 65411 49101 142342 4669 11524 8284
leaf_count=94147 122512 111473 15155 167398 7984 65411 49101 142342 4669 11524 8284
internal_value=4.98558e-05 -0.0173979 0.0646475 -0.0303032 0.14583 -0.0183101 -0.0278102 -0.0250115 0.11527 0.124915 0.10066
internal_weight=800000 629872 170128 535725 47616 424252 256854 207753 32461 19508 12953
internal_count=800000 629872 170128 535725 47616 424252 256854 207753 32461 19508 12953
cat_boundaries=0 1 2 3 4 5 6 7 8 9 10
cat_threshold=1 32 32 1 2 12 8 18 16 8
is_linear=0
shrinkage=0.05


Tree=131
num_leaves=12
num_cat=10
split_feature=1 0 0 0 0 0 0 0 0 0 0
split_gain=325498 215507 157387 105851 34168.7 21210.3 3064.48 1585.17 1558.21 293.677 178.024
threshold=1.5000000000000002 0 1 2 3 4 5 6 7 8 9
decision_type=2 1 1 1 1 1 1 1 1 1 1
left_child=1 -1 -2 -3 -4 -5 7 -7 9 -6 -10
right_child=2 3 4 5 8 6 -8 -9 10 -11 -12
leaf_value=0.053234555417755507 0.031422948206022323 -0.072145364879968366 0.20062002743583604 -0.0035455840564377673 0.12727661228251511 -0.017308857866574903 -0.037661920818454618 -0.026725164322125801 0.10482214114227262 0.11260850062832502 0.090333340775687818
leaf_weight=94147 122512 111473 15155 167398 7984 65411 49101 142342 4669 11524 8284
leaf_count=94147 122512 111473 15155 167398 7984 65411 49101 142342 4669 11524 8284
internal_value=4.73445e-05 -0.0165279 0.0614147 -0.0287883 0.138545 -0.0173947 -0.02642 -0.0237614 0.109512 0.118674 0.0956328
internal_weight=800000 629872 170128 535725 47616 424252 256854 207753 32461 19508 12953
internal_count=800000 629872 170128 535725 47616 424252 256854 207753 32461 19508 12953
cat_boundaries=0 1 2 3 4 5 6 7 8 9 10
cat_threshold=1 32 32 1 2 12 8 18 16 8
is_linear=0
shrinkage=0.05


Tree=132
num_leaves=12
num_cat=10
split_feature=1 0 0 0 0 0 0 0 0 0 0
split_gain=293804 194499 142051 95530.2 30837.9 19145.9 2765.83 1430.4 1406.33 265.168 160.671
threshold=1.5000000000000002 0 1 2 3 4 5 6 7 8 9
decision_type=2 1 1 1 1 1 1 1 1 1 1
left_child=1 -1 -2 -3 -4 -5 7 -7 9 -6 -10
right_child=2 3 4 5 8 6 -8 -9 10 -11 -12
leaf_value=0.050573034264317487 0.029855728799352894 -0.068538515671908426 0.19059680228102849 -0.0033676414939130825 0.12092138705087777 -0.016445202455071497 -0.035780453797001906 -0.025390010342593139 0.099587926438639993 0.106984067519244 0.085823167994535779
leaf_weight=94147 122512 111473 15155 167398 7984 65411 49101 142342 4669 11524 8284
leaf_count=94147 122512 111473 15155 167398 7984 65411 49101 142342 4669 11524 8284
internal_value=4.56684e-05 -0.015702 0.0583489 -0.0273494 0.131625 -0.0165256 -0.0251004 -0.0225747 0.104043 0.112747 0.0908578
internal_weight=800000 629872 170128 535725 47616 424252 256854 207753 32461 19508 12953
internal_count=800000 629872 170128 535725 47616 424252 256854 207753 32461 19508 12953
cat_boundaries=0 1 2 3 4 5 6 7 8 9 10
cat_threshold=1 32 32 1 2 12 8 18 16 8
is_linear=0
shrinkage=0.05


Tree=133
num_leaves=12
num_cat=10
split_feature=1 0 0 0 0 0 0 0 0 0 0
split_gain=265152 175524 128223 86215.8 27826.7 17280.4 2496.49 1291.45 1268.66 239.444 145.233
threshold=1.5000000000000002 0 1 2 3 4 5 6 7 8 9
decision_type=2 1 1 1 1 1 1 1 1 1 1
left_child=1 -1 -2 -3 -4 -5 7 -7 9 -6 -10
right_child=2 3 4 5 8 6 -8 -9 10 -11 -12
leaf_value=0.048042592711933674 0.028360014733467873 -0.065110981290410125 0.18106789179851307 -0.0031982724026912235 0.11488283112969494 -0.015621338139025521 -0.033991812921755404 -0.024120603026306146 0.094623541949166778 0.10163958400710112 0.081539291435188344
leaf_weight=94147 122512 111473 15155 167398 7984 65411 49101 142342 4669 11524 8284
leaf_count=94147 122512 111473 15155 167398 7984 65411 49101 142342 4669 11524 8284
internal_value=4.34325e-05 -0.0149167 0.0554308 -0.0259814 0.12505 -0.0156987 -0.0238451 -0.0214455 0.0988487 0.107116 0.086325
internal_weight=800000 629872 170128 535725 47616 424252 256854 207753 32461 19508 12953
internal_count=800000 629872 170128 535725 47616 424252 256854 207753 32461 19508 12953
cat_boundaries=0 1 2 3 4 5 6 7 8 9 10
cat_threshold=1 32 32 1 2 12 8 18 16 8
is_linear=0
shrinkage=0.05


Tree=134
num_leaves=12
num_cat=10
split_feature=1 0 0 0 0 0 0 0 0 0 0
split_gain=239311 158419 115738 77813.4 25117.8 15592.5 2253.26 1165.13 1144.85 216.318 131.172
threshold=1.5000000000000002 0 1 2 3 4 5 6 7 8 9
decision_type=2 1 1 1 1 1 1 1 1 1 1
left_child=1 -1 -2 -3 -4 -5 7 -7 9 -6 -10
right_child=2 3 4 5 8 6 -8 -9 10 -11 -12
leaf_value=0.045642371741681904 0.026941986562370492 -0.061856346237814823 0.17202553895924536 -0.0030393316466291857 0.10914572199672826 -0.014840227132527179 -0.032291683633477349 -0.022913109978839524 0.089899673388538826 0.096559877874782193 0.077466098227959704
leaf_weight=94147 122512 111473 15155 167398 7984 65411 49101 142342 4669 11524 8284
leaf_count=94147 122512 111473 15155 167398 7984 65411 49101 142342 4669 11524 8284
internal_value=4.18415e-05 -0.0141706 0.0526611 -0.0246824 0.118804 -0.0149136 -0.0226519 -0.0203722 0.0939108 0.101764 0.0820138
internal_weight=800000 629872 170128 535725 47616 424252 256854 207753 32461 19508 12953
internal_count=800000 629872 170128 535725 47616 424252 256854 207753 32461 19508 12953
cat_boundaries=0 1 2 3 4 5 6 7 8 9 10
cat_threshold=1 32 32 1 2 12 8 18 16 8
is_linear=0
shrinkage=0.05


Tree=135
num_leaves=12
num_cat=10
split_feature=1 0 0 0 0 0 0 0 0 0 0
split_gain=216005 142976 104463 70224 22667.2 14074.8 2033.51 1051.78 1033.31 195.38 118.57
threshold=1.5000000000000002 0 1 2 3 4 5 6 7 8 9
decision_type=2 1 1 1 1 1 1 1 1 1 1
left_child=1 -1 -2 -3 -4 -5 7 -7 9 -6 -10
right_child=2 3 4 5 8 6 -8 -9 10 -11 -12
leaf_value=0.043360170444010582 0.02559709797717202 -0.058763547762024783 0.16342856363459388 -0.0028871956356044236 0.10369766899607079 -0.014099143353585239 -0.030678493906539872 -0.021769290561553828 0.085415471112226221 0.091737474309151648 0.073596649064136918
leaf_weight=94147 122512 111473 15155 167398 7984 65411 49101 142342 4669 11524 8284
leaf_count=94147 122512 111473 15155 167398 7984 65411 49101 142342 4669 11524 8284
internal_value=3.99804e-05 -0.0134627 0.0500313 -0.0234489 0.11287 -0.0141688 -0.0215209 -0.0193551 0.089222 0.096683 0.0779194
internal_weight=800000 629872 170128 535725 47616 424252 256854 207753 32461 19508 12953
internal_count=800000 629872 170128 535725 47616 424252 256854 207753 32461 19508 12953
cat_boundaries=0 1 2 3 4 5 6 7 8 9 10
cat_threshold=1 32 32 1 2 12 8 18 16 8
is_linear=0
shrinkage=0.05


Tree=136
num_leaves=12
num_cat=10
split_feature=1 0 0 0 0 0 0 0 0 0 0
split_gain=194949 129034 94292.1 63380.7 20457.7 12700.6 1835.1 948.779 932.185 176.297 107.122
threshold=1.5000000000000002 0 1 2 3 4 5 6 7 8 9
decision_type=2 1 1 1 1 1 1 1 1 1 1
left_child=1 -1 -2 -3 -4 -5 7 -7 9 -6 -10
right_child=2 3 4 5 8 6 -8 -9 10 -11 -12
leaf_value=0.041191730255979699 0.024316064497373769 -0.055826351623639185 0.15526283088077858 -0.0027434429406591383 0.098515904101843479 -0.013394715167493547 -0.029143494999073025 -0.020679634003555079 0.081154375225082634 0.087154385316758468 0.069922027560294558
leaf_weight=94147 122512 111473 15155 167398 7984 65411 49101 142342 4669 11524 8284
leaf_count=94147 122512 111473 15155 167398 7984 65411 49101 142342 4669 11524 8284
internal_value=3.80254e-05 -0.0127896 0.0475303 -0.0222765 0.107231 -0.0134601 -0.0204441 -0.0183867 0.0847658 0.0918524 0.0740303
internal_weight=800000 629872 170128 535725 47616 424252 256854 207753 32461 19508 12953
internal_count=800000 629872 170128 535725 47616 424252 256854 207753 32461 19508 12953
cat_boundaries=0 1 2 3 4 5 6 7 8 9 10
cat_threshold=1 32 32 1 2 12 8 18 16 8
is_linear=0
shrinkage=0.05


Tree=137
num_leaves=12
num_cat=10
split_feature=1 0 0 0 0 0 0 0 0 0 0
split_gain=175948 116451 85112.7 57202.4 18462 11462.8 1656.06 856.553 841.093 159.243 96.6313
threshold=1.5000000000000002 0 1 2 3 4 5 6 7 8 9
decision_type=2 1 1 1 1 1 1 1 1 1 1
left_child=1 -1 -2 -3 -4 -5 7 -7 9 -6 -10
right_child=2 3 4 5 8 6 -8 -9 10 -11 -12
leaf_value=0.039131396255647932 0.023099220867159785 -0.053035592614097217 0.14750393005632703 -0.0026061216920605697 0.093597500867655142 -0.01272453718257875 -0.027686291549175249 -0.01964634125910945 0.077102894343787684 0.082800560514745436 0.06643364579527529
leaf_weight=94147 122512 111473 15155 167398 7984 65411 49101 142342 4669 11524 8284
leaf_count=94147 122512 111473 15155 167398 7984 65411 49101 142342 4669 11524 8284
internal_value=3.60724e-05 -0.0121504 0.0451546 -0.0211629 0.101875 -0.0127872 -0.0194221 -0.0174677 0.0805336 0.0872651 0.070336
internal_weight=800000 629872 170128 535725 47616 424252 256854 207753 32461 19508 12953
internal_count=800000 629872 170128 535725 47616 424252 256854 207753 32461 19508 12953
cat_boundaries=0 1 2 3 4 5 6 7 8 9 10
cat_threshold=1 32 32 1 2 12 8 18 16 8
is_linear=0
shrinkage=0.05


Tree=138
num_leaves=12
num_cat=10
split_feature=1 0 0 0 0 0 0 0 0 0 0
split_gain=158811 105100 76819.2 51622.2 16663.6 10345.3 1495.02 772.942 759.036 143.826 87.5038
threshold=1.5000000000000002 0 1 2 3 4 5 6 7 8 9
decision_type=2 1 1 1 1 1 1 1 1 1 1
left_child=1 -1 -2 -3 -4 -5 7 -7 9 -6 -10
right_child=2 3 4 5 8 6 -8 -9 10 -11 -12
leaf_value=0.037175602843370306 0.021946723750587954 -0.050382999355733996 0.14013580305915127 -0.002476039012155421 0.088923066659125208 -0.012088642609290519 -0.026303417123242013 -0.018663944457908341 0.073259771020526082 0.078663032303365785 0.063111686177618226
leaf_weight=94147 122512 111473 15155 167398 7984 65411 49101 142342 4669 11524 8284
leaf_count=94147 122512 111473 15155 167398 7984 65411 49101 142342 4669 11524 8284
internal_value=3.49946e-05 -0.0115428 0.0429 -0.0201048 0.0967862 -0.0121481 -0.0184514 -0.0165944 0.0765108 0.0829055 0.0668233
internal_weight=800000 629872 170128 535725 47616 424252 256854 207753 32461 19508 12953
internal_count=800000 629872 170128 535725 47616 424252 256854 207753 32461 19508 12953
cat_boundaries=0 1 2 3 4 5 6 7 8 9 10
cat_threshold=1 32 32 1 2 12 8 18 16 8
is_linear=0
shrinkage=0.05


Tree=139
num_leaves=12
num_cat=10
split_feature=1 0 0 0 0 0 0 0 0 0 0
split_gain=143333 94860.5 69341.5 46590.4 15039.1 9335.52 1349.25 697.46 685.131 129.868 79.0689
threshold=1.5000000000000002 0 1 2 3 4 5 6 7 8 9
decision_type=2 1 1 1 1 1 1 1 1 1 1
left_child=1 -1 -2 -3 -4 -5 7 -7 9 -6 -10
right_child=2 3 4 5 8 6 -8 -9 10 -11 -12
leaf_value=0.035319069598486491 0.020849249799260783 -0.047864174313528678 0.13313529562014698 -0.0023525796393609908 0.084484566275048079 -0.011483997197388143 -0.024987643156964126 -0.017729995791210248 0.06960495151651036 0.07473554399742377 0.059959845868311427
leaf_weight=94147 122512 111473 15155 167398 7984 65411 49101 142342 4669 11524 8284
leaf_count=94147 122512 111473 15155 167398 7984 65411 49101 142342 4669 11524 8284
internal_value=3.39233e-05 -0.0109653 0.0407566 -0.0190995 0.091953 -0.0115405 -0.0175282 -0.0157641 0.0726913 0.0787667 0.0634875
internal_weight=800000 629872 170128 535725 47616 424252 256854 207753 32461 19508 12953
internal_count=800000 629872 170128 535725 47616 424252 256854 207753 32461 19508 12953
cat_boundaries=0 1 2 3 4 5 6 7 8 9 10
cat_threshold=1 32 32 1 2 12 8 18 16 8
is_linear=0
shrinkage=0.05


Tree=140
num_leaves=12
num_cat=10
split_feature=1 0 0 0 0 0 0 0 0 0 0
split_gain=129350 85607.1 62592.4 42049.9 13571.3 8426.55 1217.33 629.666 618.255 117.218 71.337
threshold=1.5000000000000002 0 1 2 3 4 5 6 7 8 9
decision_type=2 1 1 1 1 1 1 1 1 1 1
left_child=1 -1 -2 -3 -4 -5 7 -7 9 -6 -10
right_child=2 3 4 5 8 6 -8 -9 10 -11 -12
leaf_value=0.033551811127428846 0.019803315116096606 -0.045471577579206113 0.12647931614293148 -0.0022340590000212404 0.080264040288669875 -0.010909553792909206 -0.023737380198325893 -0.016844230653784899 0.066128391474580939 0.071002018011399728 0.05696638867111703
leaf_weight=94147 122512 111473 15155 167398 7984 65411 49101 142342 4669 11524 8284
leaf_count=94147 122512 111473 15155 167398 7984 65411 49101 142342 4669 11524 8284
internal_value=3.17536e-05 -0.0104171 0.0387171 -0.0181444 0.0873582 -0.0109632 -0.016652 -0.0149763 0.0690605 0.0748318 0.0603174
internal_weight=800000 629872 170128 535725 47616 424252 256854 207753 32461 19508 12953
internal_count=800000 629872 170128 535725 47616 424252 256854 207753 32461 19508 12953
cat_boundaries=0 1 2 3 4 5 6 7 8 9 10
cat_threshold=1 32 32 1 2 12 8 18 16 8
is_linear=0
shrinkage=0.05


Tree=141
num_leaves=12
num_cat=10
split_feature=1 0 0 0 0 0 0 0 0 0 0
split_gain=116754 77262.6 56492.9 37950.8 12249.7 7604.76 1099.25 568.19 557.612 105.81 64.5397
threshold=1.5000000000000002 0 1 2 3 4 5 6 7 8 9
decision_type=2 1 1 1 1 1 1 1 1 1 1
left_child=1 -1 -2 -3 -4 -5 7 -7 9 -6 -10
right_child=2 3 4 5 8 6 -8 -9 10 -11 -12
leaf_value=0.031874463908569045 0.018815481158950355 -0.043198695219199425 0.12016188004289648 -0.0021228443857196594 0.076252681397186814 -0.010364221346137617 -0.02255267076274237 -0.016001754435740444 0.06283259727068756 0.067453074079050199 0.054120862596087317
leaf_weight=94147 122512 111473 15155 167398 7984 65411 49101 142342 4669 11524 8284
leaf_count=94147 122512 111473 15155 167398 7984 65411 49101 142342 4669 11524 8284
internal_value=3.05051e-05 -0.00989662 0.0367841 -0.0172376 0.0829945 -0.0104155 -0.0158197 -0.0142274 0.0656105 0.0710917 0.0573071
internal_weight=800000 629872 170128 535725 47616 424252 256854 207753 32461 19508 12953
internal_count=800000 629872 170128 535725 47616 424252 256854 207753 32461 19508 12953
cat_boundaries=0 1 2 3 4 5 6 7 8 9 10
cat_threshold=1 32 32 1 2 12 8 18 16 8
is_linear=0
shrinkage=0.05


Tree=142
num_leaves=12
num_cat=10
split_feature=1 0 0 0 0 0 0 0 0 0 0
split_gain=105369 69729.8 50991.3 34249.7 11054.5 6863.3 991.95 513.043 503.278 95.6875 58.2888
threshold=1.5000000000000002 0 1 2 3 4 5 6 7 8 9
decision_type=2 1 1 1 1 1 1 1 1 1 1
left_child=1 -1 -2 -3 -4 -5 7 -7 9 -6 -10
right_child=2 3 4 5 8 6 -8 -9 10 -11 -12
leaf_value=0.030280818368161079 0.017873304894831327 -0.041038445090274066 0.11415488287438036 -0.0020168105338288977 0.072447032608746117 -0.0098453210207442247 -0.021424744716646696 -0.015202284180824577 0.059695239616372846 0.064081153452902828 0.051416860294824979
leaf_weight=94147 122512 111473 15155 167398 7984 65411 49101 142342 4669 11524 8284
leaf_count=94147 122512 111473 15155 167398 7984 65411 49101 142342 4669 11524 8284
internal_value=2.89073e-05 -0.00940179 0.0349446 -0.0163758 0.0788472 -0.0098948 -0.0150288 -0.0135162 0.0623331 0.0675404 0.0544446
internal_weight=800000 629872 170128 535725 47616 424252 256854 207753 32461 19508 12953
internal_count=800000 629872 170128 535725 47616 424252 256854 207753 32461 19508 12953
cat_boundaries=0 1 2 3 4 5 6 7 8 9 10
cat_threshold=1 32 32 1 2 12 8 18 16 8
is_linear=0
shrinkage=0.05


Tree=143
num_leaves=12
num_cat=10
split_feature=1 0 0 0 0 0 0 0 0 0 0
split_gain=95110.9 62931.9 46025.2 30911.8 9976.31 6194.9 895.434 462.688 454.161 86.3864 52.6109
threshold=1.5000000000000002 0 1 2 3 4 5 6 7 8 9
decision_type=2 1 1 1 1 1 1 1 1 1 1
left_child=1 -1 -2 -3 -4 -5 7 -7 9 -6 -10
right_child=2 3 4 5 8 6 -8 -9 10 -11 -12
leaf_value=0.028766715677116458 0.016981717056268438 -0.038987409876144061 0.1084521137241322 -0.0019156973285796902 0.068830925218755376 -0.0093546494522009603 -0.020354687471167039 -0.01444193886225982 0.056716942119659532 0.060882201665233698 0.048851935812327156
leaf_weight=94147 122512 111473 15155 167398 7984 65411 49101 142342 4669 11524 8284
leaf_count=94147 122512 111473 15155 167398 7984 65411 49101 142342 4669 11524 8284
internal_value=2.7874e-05 -0.008932 0.0332004 -0.0155573 0.0749104 -0.00940026 -0.0142779 -0.0128407 0.0592223 0.064169 0.0517285
internal_weight=800000 629872 170128 535725 47616 424252 256854 207753 32461 19508 12953
internal_count=800000 629872 170128 535725 47616 424252 256854 207753 32461 19508 12953
cat_boundaries=0 1 2 3 4 5 6 7 8 9 10
cat_threshold=1 32 32 1 2 12 8 18 16 8
is_linear=0
shrinkage=0.05


Tree=144
num_leaves=12
num_cat=10
split_feature=1 0 0 0 0 0 0 0 0 0 0
split_gain=85834.8 56796.2 41546.6 27896.1 9004.03 5592.13 808.024 417.858 409.84 77.9166 47.4798
threshold=1.5000000000000002 0 1 2 3 4 5 6 7 8 9
decision_type=2 1 1 1 1 1 1 1 1 1 1
left_child=1 -1 -2 -3 -4 -5 7 -7 9 -6 -10
right_child=2 3 4 5 8 6 -8 -9 10 -11 -12
leaf_value=0.027328735321257864 0.016130635569505461 -0.037037031110522985 0.10303411107074299 -0.0018190261278834476 0.065391784564894626 -0.0088862910754445093 -0.019336979960733084 -0.013720843753641049 0.053884963536777158 0.057842037546297742 0.046413123478278903
leaf_weight=94147 122512 111473 15155 167398 7984 65411 49101 142342 4669 11524 8284
leaf_count=94147 122512 111473 15155 167398 7984 65411 49101 142342 4669 11524 8284
internal_value=2.66438e-05 -0.0084851 0.03154 -0.0147792 0.0711687 -0.00893014 -0.0135644 -0.0121992 0.0562647 0.0609638 0.0491459
internal_weight=800000 629872 170128 535725 47616 424252 256854 207753 32461 19508 12953
internal_count=800000 629872 170128 535725 47616 424252 256854 207753 32461 19508 12953
cat_boundaries=0 1 2 3 4 5 6 7 8 9 10
cat_threshold=1 32 32 1 2 12 8 18 16 8
is_linear=0
shrinkage=0.05


Tree=145
num_leaves=12
num_cat=10
split_feature=1 0 0 0 0 0 0 0 0 0 0
split_gain=77473 51259.1 37500.2 25176.2 8125.65 5044.42 729.329 377.237 369.923 70.465 43.038
threshold=1.5000000000000002 0 1 2 3 4 5 6 7 8 9
decision_type=2 1 1 1 1 1 1 1 1 1 1
left_child=1 -1 -2 -3 -4 -5 7 -7 9 -6 -10
right_child=2 3 4 5 8 6 -8 -9 10 -11 -12
leaf_value=0.025961844113891581 0.015324343098663344 -0.035185839748474106 0.097884830081183816 -0.0017304077348918861 0.062129463957404089 -0.0084410004828542242 -0.018370061158497947 -0.013034556171150975 0.051201224648104088 0.05495170373240274 0.044091799312653189
leaf_weight=94147 122512 111473 15155 167398 7984 65411 49101 142342 4669 11524 8284
leaf_count=94147 122512 111473 15155 167398 7984 65411 49101 142342 4669 11524 8284
internal_value=2.5041e-05 -0.00806148 0.0299641 -0.0140409 0.0676136 -0.00848431 -0.0128858 -0.0115888 0.0534552 0.0579197 0.046692
internal_weight=800000 629872 170128 535725 47616 424252 256854 207753 32461 19508 12953
internal_count=800000 629872 170128 535725 47616 424252 256854 207753 32461 19508 12953
cat_boundaries=0 1 2 3 4 5 6 7 8 9 10
cat_threshold=1 32 32 1 2 12 8 18 16 8
is_linear=0
shrinkage=0.05


Tree=146
num_leaves=12
num_cat=10
split_feature=1 0 0 0 0 0 0 0 0 0 0
split_gain=69928.3 46264.6 33842.7 22722.7 7332.36 4554.08 658.024 340.298 333.797 63.6401 38.818
threshold=1.5000000000000002 0 1 2 3 4 5 6 7 8 9
decision_type=2 1 1 1 1 1 1 1 1 1 1
left_child=1 -1 -2 -3 -4 -5 7 -7 9 -6 -10
right_child=2 3 4 5 8 6 -8 -9 10 -11 -12
leaf_value=0.024665385003525789 0.014561177792962217 -0.033426777948207899 0.092990690125045003 -0.0016423990591807915 0.059026803557563193 -0.0080200640042724924 -0.017451022791805687 -0.012382931139571783 0.048643887555097305 0.052206075923248954 0.041891250444775124
leaf_weight=94147 122512 111473 15155 167398 7984 65411 49101 142342 4669 11524 8284
leaf_count=94147 122512 111473 15155 167398 7984 65411 49101 142342 4669 11524 8284
internal_value=2.47775e-05 -0.00765791 0.0284687 -0.0133385 0.0642351 -0.00805965 -0.0122417 -0.0110097 0.0507855 0.0550264 0.0443609
internal_weight=800000 629872 170128 535725 47616 424252 256854 207753 32461 19508 12953
internal_count=800000 629872 170128 535725 47616 424252 256854 207753 32461 19508 12953
cat_boundaries=0 1 2 3 4 5 6 7 8 9 10
cat_threshold=1 32 32 1 2 12 8 18 16 8
is_linear=0
shrinkage=0.05


Tree=147
num_leaves=12
num_cat=10
split_feature=1 0 0 0 0 0 0 0 0 0 0
split_gain=63110.6 41752.1 30550.5 20508.1 6618.84 4109.31 593.993 306.766 301.085 57.4228 35.0819
threshold=1.5000000000000002 0 1 2 3 4 5 6 7 8 9
decision_type=2 1 1 1 1 1 1 1 1 1 1
left_child=1 -1 -2 -3 -4 -5 7 -7 9 -6 -10
right_child=2 3 4 5 8 6 -8 -9 10 -11 -12
leaf_value=0.023431115441293105 0.013831219590883046 -0.031756097437663187 0.088347924550374352 -0.0015609721973870233 0.056076721886202253 -0.0076203515657513642 -0.016578783337162235 -0.011762697353408057 0.046217962991837176 0.049597484967893388 0.03979960791829526
leaf_weight=94147 122512 111473 15155 167398 7984 65411 49101 142342 4669 11524 8284
leaf_count=94147 122512 111473 15155 167398 7984 65411 49101 142342 4669 11524 8284
internal_value=2.31945e-05 -0.00727538 0.027045 -0.0126719 0.0610272 -0.00765681 -0.0116294 -0.0104589 0.0482488 0.0522766 0.042147
internal_weight=800000 629872 170128 535725 47616 424252 256854 207753 32461 19508 12953
internal_count=800000 629872 170128 535725 47616 424252 256854 207753 32461 19508 12953
cat_boundaries=0 1 2 3 4 5 6 7 8 9 10
cat_threshold=1 32 32 1 2 12 8 18 16 8
is_linear=0
shrinkage=0.05


Tree=148
num_leaves=12
num_cat=10
split_feature=1 0 0 0 0 0 0 0 0 0 0
split_gain=56958.2 37683.5 27575.9 18507.7 5972.21 3708.96 535.992 277.073 271.968 51.8642 31.6967
threshold=1.5000000000000002 0 1 2 3 4 5 6 7 8 9
decision_type=2 1 1 1 1 1 1 1 1 1 1
left_child=1 -1 -2 -3 -4 -5 7 -7 9 -6 -10
right_child=2 3 4 5 8 6 -8 -9 10 -11 -12
leaf_value=0.022260558749652604 0.01313910501048917 -0.030167894373754191 0.083930474327532645 -0.0014828365372852935 0.053279678863914784 -0.0072386821654054998 -0.015749777942845523 -0.011175446318979812 0.043910284688468165 0.047122485831558175 0.037810356001236479
leaf_weight=94147 122512 111473 15155 167398 7984 65411 49101 142342 4669 11524 8284
leaf_count=94147 122512 111473 15155 167398 7984 65411 49101 142342 4669 11524 8284
internal_value=2.22049e-05 -0.00691149 0.0256931 -0.0120383 0.0579786 -0.00727413 -0.0110482 -0.00993636 0.0458404 0.0496684 0.0400413
internal_weight=800000 629872 170128 535725 47616 424252 256854 207753 32461 19508 12953
internal_count=800000 629872 170128 535725 47616 424252 256854 207753 32461 19508 12953
cat_boundaries=0 1 2 3 4 5 6 7 8 9 10
cat_threshold=1 32 32 1 2 12 8 18 16 8
is_linear=0
shrinkage=0.05


Tree=149
num_leaves=12
num_cat=10
split_feature=1 0 0 0 0 0 0 0 0 0 0
split_gain=51412.7 34009.1 24887 16705.1 5390.61 3347.6 483.881 249.789 245.229 46.7701 28.6909
threshold=1.5000000000000002 0 1 2 3 4 5 6 7 8 9
decision_type=2 1 1 1 1 1 1 1 1 1 1
left_child=1 -1 -2 -3 -4 -5 7 -7 9 -6 -10
right_child=2 3 4 5 8 6 -8 -9 10 -11 -12
leaf_value=0.021147884122286437 0.012485082876386307 -0.028659992966188652 0.079738221770656648 -0.0014077292370718445 0.050615101084877379 -0.0068773520561168471 -0.014962361467743652 -0.010615270443547908 0.041723064826986532 0.044767445095370506 0.035921844264412896
leaf_weight=94147 122512 111473 15155 167398 7984 65411 49101 142342 4669 11524 8284
leaf_count=94147 122512 111473 15155 167398 7984 65411 49101 142342 4669 11524 8284
internal_value=2.20746e-05 -0.00656545 0.0244113 -0.0114359 0.0550824 -0.00690967 -0.0104952 -0.00943878 0.0435503 0.0471854 0.0380435
internal_weight=800000 629872 170128 535725 47616 424252 256854 207753 32461 19508 12953
internal_count=800000 629872 170128 535725 47616 424252 256854 207753 32461 19508 12953
cat_boundaries=0 1 2 3 4 5 6 7 8 9 10
cat_threshold=1 32 32 1 2 12 8 18 16 8
is_linear=0
shrinkage=0.05


Tree=150
num_leaves=12
num_cat=10
split_feature=1 0 0 0 0 0 0 0 0 0 0
split_gain=46399 30690.2 22468.2 15075.2 4865.98 3022.01 436.803 225.912 221.248 42.2996 25.8932
threshold=1.5000000000000002 0 1 2 3 4 5 6 7 8 9
decision_type=2 1 1 1 1 1 1 1 1 1 1
left_child=1 -1 -2 -3 -4 -5 7 -7 9 -6 -10
right_child=2 3 4 5 8 6 -8 -9 10 -11 -12
leaf_value=0.020088225323492227 0.011857585265917008 -0.027227162150988162 0.075757315044862161 -0.0013375700061298245 0.048089042436429377 -0.0065321767299739153 -0.014216104003995731 -0.010086946775769337 0.039640396185017066 0.042529427538055352 0.034129113348415167
leaf_weight=94147 122512 111473 15155 167398 7984 65411 49101 142342 4669 11524 8284
leaf_count=94147 122512 111473 15155 167398 7984 65411 49101 142342 4669 11524 8284
internal_value=1.99162e-05 -0.00623816 0.0231895 -0.0108649 0.052332 -0.00656511 -0.00997184 -0.0089681 0.0413755 0.0448283 0.0361447
internal_weight=800000 629872 170128 535725 47616 424252 256854 207753 32461 19508 12953
internal_count=800000 629872 170128 535725 47616 424252 256854 207753 32461 19508 12953
cat_boundaries=0 1 2 3 4 5 6 7 8 9 10
cat_threshold=1 32 32 1 2 12 8 18 16 8
is_linear=0
shrinkage=0.05


Tree=151
num_leaves=12
num_cat=10
split_feature=1 0 0 0 0 0 0 0 0 0 0
split_gain=41877.4 27699.7 20276.3 13607.5 4390.57 2727.54 394.178 203.668 199.809 38.1969 23.3872
threshold=1.5000000000000002 0 1 2 3 4 5 6 7 8 9
decision_type=2 1 1 1 1 1 1 1 1 1 1
left_child=1 -1 -2 -3 -4 -5 7 -7 9 -6 -10
right_child=2 3 4 5 8 6 -8 -9 10 -11 -12
leaf_value=0.019085573635808092 0.011266771824399086 -0.025866141710683174 0.071967856982262907 -0.00126938866115811 0.045688329471896411 -0.0062058070636699762 -0.013504074874827908 -0.0095810379274001052 0.037659791932959007 0.04040551274079518 0.032422569179235958
leaf_weight=94147 122512 111473 15155 167398 7984 65411 49101 142342 4669 11524 8284
leaf_count=94147 122512 111473 15155 167398 7984 65411 49101 142342 4669 11524 8284
internal_value=2.00543e-05 -0.00592528 0.0220317 -0.0103208 0.0497162 -0.00623571 -0.00947221 -0.0085187 0.0393087 0.0425899 0.034338
internal_weight=800000 629872 170128 535725 47616 424252 256854 207753 32461 19508 12953
internal_count=800000 629872 170128 535725 47616 424252 256854 207753 32461 19508 12953
cat_boundaries=0 1 2 3 4 5 6 7 8 9 10
cat_threshold=1 32 32 1 2 12 8 18 16 8
is_linear=0
shrinkage=0.05


Tree=152
num_leaves=12
num_cat=10
split_feature=1 0 0 0 0 0 0 0 0 0 0
split_gain=37798.8 25003.8 18301.5 12279.7 3961.49 2460.55 355.857 183.673 180.171 34.4064 21.1084
threshold=1.5000000000000002 0 1 2 3 4 5 6 7 8 9
decision_type=2 1 1 1 1 1 1 1 1 1 1
left_child=1 -1 -2 -3 -4 -5 7 -7 9 -6 -10
right_child=2 3 4 5 8 6 -8 -9 10 -11 -12
leaf_value=0.018133347277311765 0.010704203676779295 -0.024572812760777569 0.068369684373432368 -0.0012077304365760131 0.043404770374655996 -0.0058963248512537581 -0.012829598725887043 -0.0091016013662212417 0.035783049580785396 0.038389495408408914 0.030807308498738556
leaf_weight=94147 122512 111473 15155 167398 7984 65411 49101 142342 4669 11524 8284
leaf_count=94147 122512 111473 15155 167398 7984 65411 49101 142342 4669 11524 8284
internal_value=1.91644e-05 -0.00562924 0.0209315 -0.00980538 0.0472333 -0.00592472 -0.00899873 -0.00809275 0.0373474 0.0404633 0.0326271
internal_weight=800000 629872 170128 535725 47616 424252 256854 207753 32461 19508 12953
internal_count=800000 629872 170128 535725 47616 424252 256854 207753 32461 19508 12953
cat_boundaries=0 1 2 3 4 5 6 7 8 9 10
cat_threshold=1 32 32 1 2 12 8 18 16 8
is_linear=0
shrinkage=0.05


Tree=153
num_leaves=12
num_cat=10
split_feature=1 0 0 0 0 0 0 0 0 0 0
split_gain=34115.6 22560.2 16518 11082.3 3575.96 2221.64 321.137 165.942 162.576 31.1254 19.0861
threshold=1.5000000000000002 0 1 2 3 4 5 6 7 8 9
decision_type=2 1 1 1 1 1 1 1 1 1 1
left_child=1 -1 -2 -3 -4 -5 7 -7 9 -6 -10
right_child=2 3 4 5 8 6 -8 -9 10 -11 -12
leaf_value=0.01722304999099716 0.010168778236468742 -0.023344376416042673 0.06495391278466571 -0.0011466065818511722 0.041236461804513791 -0.0056013541825782947 -0.012188911092334501 -0.0086479868529230688 0.033996070809638457 0.036467877245867135 0.029265949850861991
leaf_weight=94147 122512 111473 15155 167398 7984 65411 49101 142342 4669 11524 8284
leaf_count=94147 122512 111473 15155 167398 7984 65411 49101 142342 4669 11524 8284
internal_value=1.76172e-05 -0.00534854 0.019885 -0.00931536 0.0448723 -0.00562875 -0.00854972 -0.00768907 0.0354798 0.0384396 0.0309959
internal_weight=800000 629872 170128 535725 47616 424252 256854 207753 32461 19508 12953
internal_count=800000 629872 170128 535725 47616 424252 256854 207753 32461 19508 12953
cat_boundaries=0 1 2 3 4 5 6 7 8 9 10
cat_threshold=1 32 32 1 2 12 8 18 16 8
is_linear=0
shrinkage=0.05


Tree=154
num_leaves=12
num_cat=10
split_feature=1 0 0 0 0 0 0 0 0 0 0
split_gain=30786.9 20363.3 14911.4 10000.9 3226.68 2004.51 289.851 149.841 146.633 28.1722 17.1895
threshold=1.5000000000000002 0 1 2 3 4 5 6 7 8 9
decision_type=2 1 1 1 1 1 1 1 1 1 1
left_child=1 -1 -2 -3 -4 -5 7 -7 9 -6 -10
right_child=2 3 4 5 8 6 -8 -9 10 -11 -12
leaf_value=0.016363778952912529 0.0096586092751223193 -0.022176374348494617 0.061707060883393429 -0.0010898016465995697 0.039180225069772791 -0.0053203383576776852 -0.011579217588609511 -0.0082153966885892896 0.032299024097224953 0.034645215531083434 0.027808522637677476
leaf_weight=94147 122512 111473 15155 167398 7984 65411 49101 142342 4669 11524 8284
leaf_count=94147 122512 111473 15155 167398 7984 65411 49101 142342 4669 11524 8284
internal_value=1.69781e-05 -0.00508067 0.0188902 -0.00884941 0.0426314 -0.00534728 -0.00812183 -0.00730419 0.0337093 0.0365204 0.0294508
internal_weight=800000 629872 170128 535725 47616 424252 256854 207753 32461 19508 12953
internal_count=800000 629872 170128 535725 47616 424252 256854 207753 32461 19508 12953
cat_boundaries=0 1 2 3 4 5 6 7 8 9 10
cat_threshold=1 32 32 1 2 12 8 18 16 8
is_linear=0
shrinkage=0.05


Tree=155
num_leaves=12
num_cat=10
split_feature=1 0 0 0 0 0 0 0 0 0 0
split_gain=27791.8 18379.4 13458.8 9026.34 2913.41 1809.06 261.473 135.184 132.303 25.4251 15.5764
threshold=1.5000000000000002 0 1 2 3 4 5 6 7 8 9
decision_type=2 1 1 1 1 1 1 1 1 1 1
left_child=1 -1 -2 -3 -4 -5 7 -7 9 -6 -10
right_child=2 3 4 5 8 6 -8 -9 10 -11 -12
leaf_value=0.0155465367856839 0.0091780514529592756 -0.021068000993630862 0.058629603909455708 -0.0010352970233654744 0.037222762939361505 -0.0050548008006079809 -0.010999490698650324 -0.0078046185790494249 0.030690373720127079 0.032914468066746513 0.026418134520535069
leaf_weight=94147 122512 111473 15155 167398 7984 65411 49101 142342 4669 11524 8284
leaf_count=94147 122512 111473 15155 167398 7984 65411 49101 142342 4669 11524 8284
internal_value=1.67785e-05 -0.00482656 0.0179485 -0.00840701 0.0405036 -0.00507989 -0.00771571 -0.00693912 0.0320257 0.0346959 0.0279806
internal_weight=800000 629872 170128 535725 47616 424252 256854 207753 32461 19508 12953
internal_count=800000 629872 170128 535725 47616 424252 256854 207753 32461 19508 12953
cat_boundaries=0 1 2 3 4 5 6 7 8 9 10
cat_threshold=1 32 32 1 2 12 8 18 16 8
is_linear=0
shrinkage=0.05


Tree=156
num_leaves=12
num_cat=10
split_feature=1 0 0 0 0 0 0 0 0 0 0
split_gain=25080.8 16583.5 12147.7 8145.77 2629.13 1633.17 236.073 122.001 119.479 22.9419 14.0898
threshold=1.5000000000000002 0 1 2 3 4 5 6 7 8 9
decision_type=2 1 1 1 1 1 1 1 1 1 1
left_child=1 -1 -2 -3 -4 -5 7 -7 9 -6 -10
right_child=2 3 4 5 8 6 -8 -9 10 -11 -12
leaf_value=0.014766423553881986 0.0087176676916271671 -0.020014346732424991 0.055697363360738585 -0.00098316036777156587 0.035362539704155559 -0.0048025300324530777 -0.010450728876414843 -0.007414830260240886 0.029157091211268832 0.031269898498535821 0.025095199095590565
leaf_weight=94147 122512 111473 15155 167398 7984 65411 49101 142342 4669 11524 8284
leaf_count=94147 122512 111473 15155 167398 7984 65411 49101 142342 4669 11524 8284
internal_value=1.5304e-05 -0.00458575 0.01705 -0.00798678 0.0384784 -0.00482611 -0.00733053 -0.00659262 0.0304247 0.0329621 0.0265807
internal_weight=800000 629872 170128 535725 47616 424252 256854 207753 32461 19508 12953
internal_count=800000 629872 170128 535725 47616 424252 256854 207753 32461 19508 12953
cat_boundaries=0 1 2 3 4 5 6 7 8 9 10
cat_threshold=1 32 32 1 2 12 8 18 16 8
is_linear=0
shrinkage=0.05


Tree=157
num_leaves=12
num_cat=10
split_feature=1 0 0 0 0 0 0 0 0 0 0
split_gain=22634.6 14969.4 10967.6 7351.74 2372.67 1473.64 212.948 110.045 107.792 20.7679 12.7149
threshold=1.5000000000000002 0 1 2 3 4 5 6 7 8 9
decision_type=2 1 1 1 1 1 1 1 1 1 1
left_child=1 -1 -2 -3 -4 -5 7 -7 9 -6 -10
right_child=2 3 4 5 8 6 -8 -9 10 -11 -12
leaf_value=0.014030247246516293 0.008280330860086069 -0.019013605008044426 0.05291612101906093 -0.00093416668007188222 0.033600843790802089 -0.00456259892743091 -0.0099270029633661411 -0.0070436082878340038 0.027704083967932426 0.029708429108009984 0.023845206118791342
leaf_weight=94147 122512 111473 15155 167398 7984 65411 49101 142342 4669 11524 8284
leaf_count=94147 122512 111473 15155 167398 7984 65411 49101 142342 4669 11524 8284
internal_value=1.49202e-05 -0.004356 0.0161976 -0.00758727 0.0365585 -0.0045846 -0.00696355 -0.00626272 0.0289077 0.0313179 0.0252565
internal_weight=800000 629872 170128 535725 47616 424252 256854 207753 32461 19508 12953
internal_count=800000 629872 170128 535725 47616 424252 256854 207753 32461 19508 12953
cat_boundaries=0 1 2 3 4 5 6 7 8 9 10
cat_threshold=1 32 32 1 2 12 8 18 16 8
is_linear=0
shrinkage=0.05


Tree=158
num_leaves=12
num_cat=10
split_feature=1 0 0 0 0 0 0 0 0 0 0
split_gain=20428.8 13510.1 9898.75 6634.56 2141.36 1329.75 192.352 99.3172 97.2388 18.7437 11.4752
threshold=1.5000000000000002 0 1 2 3 4 5 6 7 8 9
decision_type=2 1 1 1 1 1 1 1 1 1 1
left_child=1 -1 -2 -3 -4 -5 7 -7 9 -6 -10
right_child=2 3 4 5 8 6 -8 -9 10 -11 -12
leaf_value=0.013328654755169245 0.0078664671119409359 -0.018062833027386146 0.050271278334811625 -0.00088803388589935625 0.031921166636390871 -0.0043342973107901393 -0.0094319887777411879 -0.0066912709159289404 0.026320448327354959 0.028223314059138277 0.02265444360700377
leaf_weight=94147 122512 111473 15155 167398 7984 65411 49101 142342 4669 11524 8284
leaf_count=94147 122512 111473 15155 167398 7984 65411 49101 142342 4669 11524 8284
internal_value=1.40914e-05 -0.0041384 0.015388 -0.00720813 0.0347314 -0.00435568 -0.0066155 -0.00594942 0.0274631 0.0297523 0.0239952
internal_weight=800000 629872 170128 535725 47616 424252 256854 207753 32461 19508 12953
internal_count=800000 629872 170128 535725 47616 424252 256854 207753 32461 19508 12953
cat_boundaries=0 1 2 3 4 5 6 7 8 9 10
cat_threshold=1 32 32 1 2 12 8 18 16 8
is_linear=0
shrinkage=0.05


Tree=159
num_leaves=12
num_cat=10
split_feature=1 0 0 0 0 0 0 0 0 0 0
split_gain=18438 12193.7 8933.97 5987.88 1931.95 1200.8 173.559 89.6366 87.8057 16.8835 10.4234
threshold=1.5000000000000002 0 1 2 3 4 5 6 7 8 9
decision_type=2 1 1 1 1 1 1 1 1 1 1
left_child=1 -1 -2 -3 -4 -5 7 -7 9 -6 -10
right_child=2 3 4 5 8 6 -8 -9 10 -11 -12
leaf_value=0.012663048896808594 0.0074737500436870986 -0.017159726868376562 0.047756400210528023 -0.00084250263795349186 0.030326496818109189 -0.0041180737991159252 -0.0089605432747944993 -0.0063572336130226894 0.025010961588439486 0.026815910026810913 0.021520167222677269
leaf_weight=94147 122512 111473 15155 167398 7984 65411 49101 142342 4669 11524 8284
leaf_count=94147 122512 111473 15155 167398 7984 65411 49101 142342 4669 11524 8284
internal_value=1.37305e-05 -0.00393124 0.0146194 -0.00684759 0.0329959 -0.00413772 -0.00628517 -0.00565247 0.0260922 0.0282675 0.0227968
internal_weight=800000 629872 170128 535725 47616 424252 256854 207753 32461 19508 12953
internal_count=800000 629872 170128 535725 47616 424252 256854 207753 32461 19508 12953
cat_boundaries=0 1 2 3 4 5 6 7 8 9 10
cat_threshold=1 32 32 1 2 12 8 18 16 8
is_linear=0
shrinkage=0.05


Tree=160
num_leaves=12
num_cat=10
split_feature=1 0 0 0 0 0 0 0 0 0 0
split_gain=16646.5 11006.3 8061.85 5405.08 1744.49 1082.2 156.656 80.8422 79.134 15.2498 9.39787
threshold=1.5000000000000002 0 1 2 3 4 5 6 7 8 9
decision_type=2 1 1 1 1 1 1 1 1 1 1
left_child=1 -1 -2 -3 -4 -5 7 -7 9 -6 -10
right_child=2 3 4 5 8 6 -8 -9 10 -11 -12
leaf_value=0.01203078009826828 0.0071035971633523322 -0.016303000521948777 0.045374180724272586 -0.0008026686192525855 0.028809613515831459 -0.0039112894196976144 -0.0085113333339170358 -0.006037771400339325 0.023762026014529786 0.025473602129802438 0.020446835157524573
leaf_weight=94147 122512 111473 15155 167398 7984 65411 49101 142342 4669 11524 8284
leaf_count=94147 122512 111473 15155 167398 7984 65411 49101 142342 4669 11524 8284
internal_value=1.35797e-05 -0.00373483 0.0138915 -0.00650555 0.0313481 -0.00393093 -0.00596958 -0.00536847 0.0247878 0.026853 0.0216592
internal_weight=800000 629872 170128 535725 47616 424252 256854 207753 32461 19508 12953
internal_count=800000 629872 170128 535725 47616 424252 256854 207753 32461 19508 12953
cat_boundaries=0 1 2 3 4 5 6 7 8 9 10
cat_threshold=1 32 32 1 2 12 8 18 16 8
is_linear=0
shrinkage=0.05


Tree=161
num_leaves=12
num_cat=10
split_feature=1 0 0 0 0 0 0 0 0 0 0
split_gain=15017.1 9932.58 7280.07 4878.29 1574.27 977.665 141.305 72.9875 71.5056 13.7569 8.49292
threshold=1.5000000000000002 0 1 2 3 4 5 6 7 8 9
decision_type=2 1 1 1 1 1 1 1 1 1 1
left_child=1 -1 -2 -3 -4 -5 7 -7 9 -6 -10
right_child=2 3 4 5 8 6 -8 -9 10 -11 -12
leaf_value=0.011429312064137019 0.0067435326234295033 -0.01548747328922853 0.043106756270069359 -0.00076042074198495204 0.027372134039036357 -0.0037159706513746589 -0.0080854523434601804 -0.0057365072005328621 0.022575274388182239 0.024203321587301447 0.019424322251098428
leaf_weight=94147 122512 111473 15155 167398 7984 65411 49101 142342 4669 11524 8284
leaf_count=94147 122512 111473 15155 167398 7984 65411 49101 142342 4669 11524 8284
internal_value=1.26536e-05 -0.0035476 0.0131939 -0.0061797 0.0297825 -0.00373376 -0.00567145 -0.00510055 0.0235505 0.0255136 0.0205766
internal_weight=800000 629872 170128 535725 47616 424252 256854 207753 32461 19508 12953
internal_count=800000 629872 170128 535725 47616 424252 256854 207753 32461 19508 12953
cat_boundaries=0 1 2 3 4 5 6 7 8 9 10
cat_threshold=1 32 32 1 2 12 8 18 16 8
is_linear=0
shrinkage=0.05


Tree=162
num_leaves=12
num_cat=10
split_feature=1 0 0 0 0 0 0 0 0 0 0
split_gain=13557.7 8963.41 6568.84 4402.18 1420.54 882.083 127.536 65.9405 64.4546 12.4663 7.64887
threshold=1.5000000000000002 0 1 2 3 4 5 6 7 8 9
decision_type=2 1 1 1 1 1 1 1 1 1 1
left_child=1 -1 -2 -3 -4 -5 7 -7 9 -6 -10
right_child=2 3 4 5 8 6 -8 -9 10 -11 -12
leaf_value=0.010856890439625087 0.006409435146432229 -0.0147128841024812 0.040951058544658255 -0.00072320124117865303 0.026006290511187836 -0.0035295800187047973 -0.0076813747157989569 -0.0054500963629745859 0.021447985038260006 0.022991460070817583 0.018456688920704751
leaf_weight=94147 122512 111473 15155 167398 7984 65411 49101 142342 4669 11524 8284
leaf_count=94147 122512 111473 15155 167398 7984 65411 49101 142342 4669 11524 8284
internal_value=1.2247e-05 -0.00337058 0.0125366 -0.00587098 0.0282941 -0.00354746 -0.00538799 -0.00484562 0.0223742 0.024238 0.0195506
internal_weight=800000 629872 170128 535725 47616 424252 256854 207753 32461 19508 12953
internal_count=800000 629872 170128 535725 47616 424252 256854 207753 32461 19508 12953
cat_boundaries=0 1 2 3 4 5 6 7 8 9 10
cat_threshold=1 32 32 1 2 12 8 18 16 8
is_linear=0
shrinkage=0.05


Tree=163
num_leaves=12
num_cat=10
split_feature=1 0 0 0 0 0 0 0 0 0 0
split_gain=12237 8090 5928.61 3973.42 1281.74 796.436 115.093 59.423 58.2109 11.2072 6.90643
threshold=1.5000000000000002 0 1 2 3 4 5 6 7 8 9
decision_type=2 1 1 1 1 1 1 1 1 1 1
left_child=1 -1 -2 -3 -4 -5 7 -7 9 -6 -10
right_child=2 3 4 5 8 6 -8 -9 10 -11 -12
leaf_value=0.010314268999869401 0.0060893522996638286 -0.013978010137423558 0.038902901310831101 -0.00068661129725366206 0.024705676016045237 -0.0033546045415037496 -0.007297782465299431 -0.0051777458491051509 0.020376474629561346 0.02184555131185607 0.017534231236965823
leaf_weight=94147 122512 111473 15155 167398 7984 65411 49101 142342 4669 11524 8284
leaf_count=94147 122512 111473 15155 167398 7984 65411 49101 142342 4669 11524 8284
internal_value=1.1571e-05 -0.00320227 0.0119103 -0.00557772 0.0268802 -0.00337025 -0.00511915 -0.00460392 0.0212569 0.0230282 0.0185737
internal_weight=800000 629872 170128 535725 47616 424252 256854 207753 32461 19508 12953
internal_count=800000 629872 170128 535725 47616 424252 256854 207753 32461 19508 12953
cat_boundaries=0 1 2 3 4 5 6 7 8 9 10
cat_threshold=1 32 32 1 2 12 8 18 16 8
is_linear=0
shrinkage=0.05


Tree=164
num_leaves=12
num_cat=10
split_feature=1 0 0 0 0 0 0 0 0 0 0
split_gain=11046.2 7300.78 5352.1 3585.28 1157.33 718.373 103.845 53.6275 52.573 10.1569 6.25288
threshold=1.5000000000000002 0 1 2 3 4 5 6 7 8 9
decision_type=2 1 1 1 1 1 1 1 1 1 1
left_child=1 -1 -2 -3 -4 -5 7 -7 9 -6 -10
right_child=2 3 4 5 8 6 -8 -9 10 -11 -12
leaf_value=0.0097982751817609157 0.0057856997423004963 -0.013278106004824411 0.036964190785263071 -0.00065303994224300054 0.023475810268803899 -0.0031865138374613518 -0.0069321888771033055 -0.004918469189659617 0.019361119964332197 0.020754466977507234 0.016657856949731934
leaf_weight=94147 122512 111473 15155 167398 7984 65411 49101 142342 4669 11524 8284
leaf_count=94147 122512 111473 15155 167398 7984 65411 49101 142342 4669 11524 8284
internal_value=1.14243e-05 -0.00304204 0.0113164 -0.00529865 0.0255398 -0.00320177 -0.00486275 -0.00437334 0.0201964 0.0218797 0.0176465
internal_weight=800000 629872 170128 535725 47616 424252 256854 207753 32461 19508 12953
internal_count=800000 629872 170128 535725 47616 424252 256854 207753 32461 19508 12953
cat_boundaries=0 1 2 3 4 5 6 7 8 9 10
cat_threshold=1 32 32 1 2 12 8 18 16 8
is_linear=0
shrinkage=0.05


Tree=165
num_leaves=12
num_cat=10
split_feature=1 0 0 0 0 0 0 0 0 0 0
split_gain=9968.09 6588.87 4830.65 3236.48 1043.98 648.406 93.8527 48.5076 47.3571 9.15351 5.65235
threshold=1.5000000000000002 0 1 2 3 4 5 6 7 8 9
decision_type=2 1 1 1 1 1 1 1 1 1 1
left_child=1 -1 -2 -3 -4 -5 7 -7 9 -6 -10
right_child=2 3 4 5 8 6 -8 -9 10 -11 -12
leaf_value=0.0093078492224765302 0.0054950228408537256 -0.012615516417735449 0.035112652720455446 -0.00062043583220842751 0.022300364513650132 -0.0030258744725922865 -0.0065872472711912535 -0.0046730747996816153 0.018396825906582741 0.019716455057090257 0.015827123279999272
leaf_weight=94147 122512 111473 15155 167398 7984 65411 49101 142342 4669 11524 8284
leaf_count=94147 122512 111473 15155 167398 7984 65411 49101 142342 4669 11524 8284
internal_value=1.02578e-05 -0.00289037 0.0107494 -0.00503414 0.0242622 -0.00304187 -0.00461989 -0.00415462 0.0191872 0.0207849 0.0167669
internal_weight=800000 629872 170128 535725 47616 424252 256854 207753 32461 19508 12953
internal_count=800000 629872 170128 535725 47616 424252 256854 207753 32461 19508 12953
cat_boundaries=0 1 2 3 4 5 6 7 8 9 10
cat_threshold=1 32 32 1 2 12 8 18 16 8
is_linear=0
shrinkage=0.05


Tree=166
num_leaves=12
num_cat=10
split_feature=1 0 0 0 0 0 0 0 0 0 0
split_gain=8993.25 5945.66 4361.35 2920.26 941.999 585.43 84.738 43.7382 42.805 8.30214 5.11168
threshold=1.5000000000000002 0 1 2 3 4 5 6 7 8 9
decision_type=2 1 1 1 1 1 1 1 1 1 1
left_child=1 -1 -2 -3 -4 -5 7 -7 9 -6 -10
right_child=2 3 4 5 8 6 -8 -9 10 -11 -12
leaf_value=0.0088423692935859464 0.0052178790949500183 -0.011983094166162282 0.033357024659742593 -0.00058832179954713254 0.021190652949886979 -0.0028746736772878086 -0.0062579780193811304 -0.0044388018954640311 0.01747800350494939 0.018731420563518723 0.015035004405363629
leaf_weight=94147 122512 111473 15155 167398 7984 65411 49101 142342 4669 11524 8284
leaf_count=94147 122512 111473 15155 167398 7984 65411 49101 142342 4669 11524 8284
internal_value=9.98555e-06 -0.00274516 0.0102105 -0.0047816 0.0230501 -0.00288916 -0.00438859 -0.0039465 0.0182294 0.0197482 0.0159284
internal_weight=800000 629872 170128 535725 47616 424252 256854 207753 32461 19508 12953
internal_count=800000 629872 170128 535725 47616 424252 256854 207753 32461 19508 12953
cat_boundaries=0 1 2 3 4 5 6 7 8 9 10
cat_threshold=1 32 32 1 2 12 8 18 16 8
is_linear=0
shrinkage=0.05


Tree=167
num_leaves=12
num_cat=10
split_feature=1 0 0 0 0 0 0 0 0 0 0
split_gain=8118.56 5368 3936.74 2635.95 850.651 528.071 76.3289 39.428 38.5534 7.4599 4.61279
threshold=1.5000000000000002 0 1 2 3 4 5 6 7 8 9
decision_type=2 1 1 1 1 1 1 1 1 1 1
left_child=1 -1 -2 -3 -4 -5 7 -7 9 -6 -10
right_child=2 3 4 5 8 6 -8 -9 10 -11 -12
leaf_value=0.008402256994149088 0.0049581395021251386 -0.011384945780282903 0.03169452349659322 -0.00055980641563262493 0.020128707274932517 -0.0027318760120606835 -0.0059433176848042273 -0.0042169394969565023 0.016607360530037179 0.017796161682452367 0.014286462237871151
leaf_weight=94147 122512 111473 15155 167398 7984 65411 49101 142342 4669 11524 8284
leaf_count=94147 122512 111473 15155 167398 7984 65411 49101 142342 4669 11524 8284
internal_value=9.73676e-06 -0.002608 0.0097015 -0.00454299 0.0219001 -0.00274503 -0.00416911 -0.00374952 0.0173191 0.0187606 0.0151352
internal_weight=800000 629872 170128 535725 47616 424252 256854 207753 32461 19508 12953
internal_count=800000 629872 170128 535725 47616 424252 256854 207753 32461 19508 12953
cat_boundaries=0 1 2 3 4 5 6 7 8 9 10
cat_threshold=1 32 32 1 2 12 8 18 16 8
is_linear=0
shrinkage=0.05


Tree=168
num_leaves=12
num_cat=10
split_feature=1 0 0 0 0 0 0 0 0 0 0
split_gain=7328.87 4842.79 3551.9 2379.06 767.565 476.661 69.0287 35.6044 34.7874 6.74821 4.18323
threshold=1.5000000000000002 0 1 2 3 4 5 6 7 8 9
decision_type=2 1 1 1 1 1 1 1 1 1 1
left_child=1 -1 -2 -3 -4 -5 7 -7 9 -6 -10
right_child=2 3 4 5 8 6 -8 -9 10 -11 -12
leaf_value=0.007979527980515537 0.0047117243395175335 -0.010816144989003545 0.03010813046790883 -0.00053189730350560837 0.019122871339753596 -0.0025949506837924705 -0.0056482407341384806 -0.0040061684261483666 0.015779267144167518 0.016905100587048107 0.013570598398083979
leaf_weight=94147 122512 111473 15155 167398 7984 65411 49101 142342 4669 11524 8284
leaf_count=94147 122512 111473 15155 167398 7984 65411 49101 142342 4669 11524 8284
internal_value=8.9303e-06 -0.00247824 0.00921728 -0.00431613 0.0208043 -0.00260802 -0.00396101 -0.00356199 0.0164528 0.0178221 0.0143783
internal_weight=800000 629872 170128 535725 47616 424252 256854 207753 32461 19508 12953
internal_count=800000 629872 170128 535725 47616 424252 256854 207753 32461 19508 12953
cat_boundaries=0 1 2 3 4 5 6 7 8 9 10
cat_threshold=1 32 32 1 2 12 8 18 16 8
is_linear=0
shrinkage=0.05


Tree=169
num_leaves=12
num_cat=10
split_feature=1 0 0 0 0 0 0 0 0 0 0
split_gain=6611.99 4370.76 3208.2 2146.48 692.797 430.709 62.2766 32.1219 31.3921 6.09276 3.76579
threshold=1.5000000000000002 0 1 2 3 4 5 6 7 8 9
decision_type=2 1 1 1 1 1 1 1 1 1 1
left_child=1 -1 -2 -3 -4 -5 7 -7 9 -6 -10
right_child=2 3 4 5 8 6 -8 -9 10 -11 -12
leaf_value=0.0075808833287237453 0.0044726274126421833 -0.010274295817663356 0.028605882573591535 -0.00050419738378600434 0.018169407084610335 -0.0024662984543440277 -0.0053664231207629469 -0.0038067271712925832 0.014991746394138456 0.016062127444159951 0.012895304742191738
leaf_weight=94147 122512 111473 15155 167398 7984 65411 49101 142342 4669 11524 8284
leaf_count=94147 122512 111473 15155 167398 7984 65411 49101 142342 4669 11524 8284
internal_value=8.24277e-06 -0.00235415 0.00875465 -0.00410018 0.0197668 -0.00247771 -0.00376383 -0.00338483 0.0156326 0.0169334 0.013662
internal_weight=800000 629872 170128 535725 47616 424252 256854 207753 32461 19508 12953
internal_count=800000 629872 170128 535725 47616 424252 256854 207753 32461 19508 12953
cat_boundaries=0 1 2 3 4 5 6 7 8 9 10
cat_threshold=1 32 32 1 2 12 8 18 16 8
is_linear=0
shrinkage=0.05


Tree=170
num_leaves=12
num_cat=10
split_feature=1 0 0 0 0 0 0 0 0 0 0
split_gain=5969.52 3944.5 2894.75 1937.63 624.962 388.32 56.2353 28.9938 28.3263 5.51526 3.39295
threshold=1.5000000000000002 0 1 2 3 4 5 6 7 8 9
decision_type=2 1 1 1 1 1 1 1 1 1 1
left_child=1 -1 -2 -3 -4 -5 7 -7 9 -6 -10
right_child=2 3 4 5 8 6 -8 -9 10 -11 -12
leaf_value=0.0072016414425704464 0.0042513299043995733 -0.0097612861980337189 0.027174363662966244 -0.00047980926813053762 0.017263754529000998 -0.0023420801974831989 -0.0050977662246050708 -0.0036155687284775101 0.014243184004260018 0.015259601541919025 0.012252680054336449
leaf_weight=94147 122512 111473 15155 167398 7984 65411 49101 142342 4669 11524 8284
leaf_count=94147 122512 111473 15155 167398 7984 65411 49101 142342 4669 11524 8284
internal_value=8.17683e-06 -0.00223651 0.00831879 -0.00389521 0.0187792 -0.0023537 -0.00357489 -0.00321474 0.0148526 0.0160883 0.0129806
internal_weight=800000 629872 170128 535725 47616 424252 256854 207753 32461 19508 12953
internal_count=800000 629872 170128 535725 47616 424252 256854 207753 32461 19508 12953
cat_boundaries=0 1 2 3 4 5 6 7 8 9 10
cat_threshold=1 32 32 1 2 12 8 18 16 8
is_linear=0
shrinkage=0.05


Tree=171
num_leaves=12
num_cat=10
split_feature=1 0 0 0 0 0 0 0 0 0 0
split_gain=5387.91 3561.24 2612.61 1748.57 564.27 350.715 50.7191 26.1552 25.5461 4.96481 3.06274
threshold=1.5000000000000002 0 1 2 3 4 5 6 7 8 9
decision_type=2 1 1 1 1 1 1 1 1 1 1
left_child=1 -1 -2 -3 -4 -5 7 -7 9 -6 -10
right_child=2 3 4 5 8 6 -8 -9 10 -11 -12
leaf_value=0.0068433972858071741 0.0040392363799801245 -0.0092731228042251743 0.0258180899137402 -0.00045535974252606214 0.016399056379992515 -0.002225887437769909 -0.0048430210969581649 -0.0034354334508915813 0.013531667734216641 0.01449689497169639 0.011640531987433323
leaf_weight=94147 122512 111473 15155 167398 7984 65411 49101 142342 4669 11524 8284
leaf_count=94147 122512 111473 15155 167398 7984 65411 49101 142342 4669 11524 8284
internal_value=8.01284e-06 -0.00212453 0.0079034 -0.00370058 0.017841 -0.00223621 -0.00339676 -0.00305473 0.0141099 0.0152834 0.0123321
internal_weight=800000 629872 170128 535725 47616 424252 256854 207753 32461 19508 12953
internal_count=800000 629872 170128 535725 47616 424252 256854 207753 32461 19508 12953
cat_boundaries=0 1 2 3 4 5 6 7 8 9 10
cat_threshold=1 32 32 1 2 12 8 18 16 8
is_linear=0
shrinkage=0.05


Tree=172
num_leaves=12
num_cat=10
split_feature=1 0 0 0 0 0 0 0 0 0 0
split_gain=4861.8 3213.93 2358.72 1577.92 508.786 316.207 45.7031 23.6513 23.122 4.47887 2.77877
threshold=1.5000000000000002 0 1 2 3 4 5 6 7 8 9
decision_type=2 1 1 1 1 1 1 1 1 1 1
left_child=1 -1 -2 -3 -4 -5 7 -7 9 -6 -10
right_child=2 3 4 5 8 6 -8 -9 10 -11 -12
leaf_value=0.0065010401720917467 0.0038357852120619834 -0.0088092487269814963 0.024524546502802266 -0.00043355081644125336 0.015582995477962231 -0.0021136540686245444 -0.0045993827418555136 -0.0032638424498935463 0.01285739420927292 0.013776080881637698 0.011057405860446463
leaf_weight=94147 122512 111473 15155 167398 7984 65411 49101 142342 4669 11524 8284
leaf_count=94147 122512 111473 15155 167398 7984 65411 49101 142342 4669 11524 8284
internal_value=7.37677e-06 -0.00201837 0.00750739 -0.00351561 0.0169497 -0.00212452 -0.0032265 -0.00290182 0.0134068 0.0145232 0.0117156
internal_weight=800000 629872 170128 535725 47616 424252 256854 207753 32461 19508 12953
internal_count=800000 629872 170128 535725 47616 424252 256854 207753 32461 19508 12953
cat_boundaries=0 1 2 3 4 5 6 7 8 9 10
cat_threshold=1 32 32 1 2 12 8 18 16 8
is_linear=0
shrinkage=0.05


Tree=173
num_leaves=12
num_cat=10
split_feature=1 0 0 0 0 0 0 0 0 0 0
split_gain=4387.63 2899.14 2129.62 1424.54 459.587 285.222 41.2467 21.3106 20.8348 4.05359 2.50215
threshold=1.5000000000000002 0 1 2 3 4 5 6 7 8 9
decision_type=2 1 1 1 1 1 1 1 1 1 1
left_child=1 -1 -2 -3 -4 -5 7 -7 9 -6 -10
right_child=2 3 4 5 8 6 -8 -9 10 -11 -12
leaf_value=0.0061735812952032378 0.0036427316962831025 -0.0083696541594959397 0.023302806165011614 -0.00041214137579410805 0.014803897913975031 -0.00200812310234132 -0.0043689530644035529 -0.0030999170309561779 0.012214675666073699 0.013085602680442444 0.010506034351585284
leaf_weight=94147 122512 111473 15155 167398 7984 65411 49101 142342 4669 11524 8284
leaf_count=94147 122512 111473 15155 167398 7984 65411 49101 142342 4669 11524 8284
internal_value=6.5782e-06 -0.00191785 0.00713147 -0.00333987 0.0161036 -0.00201812 -0.00306472 -0.00275628 0.0127363 0.0137961 0.0111309
internal_weight=800000 629872 170128 535725 47616 424252 256854 207753 32461 19508 12953
internal_count=800000 629872 170128 535725 47616 424252 256854 207753 32461 19508 12953
cat_boundaries=0 1 2 3 4 5 6 7 8 9 10
cat_threshold=1 32 32 1 2 12 8 18 16 8
is_linear=0
shrinkage=0.05


Tree=174
num_leaves=12
num_cat=10
split_feature=1 0 0 0 0 0 0 0 0 0 0
split_gain=3962.84 2617.59 1920.45 1285.46 414.323 258.051 37.2726 19.2513 18.8226 3.63394 2.25423
threshold=1.5000000000000002 0 1 2 3 4 5 6 7 8 9
decision_type=2 1 1 1 1 1 1 1 1 1 1
left_child=1 -1 -2 -3 -4 -5 7 -7 9 -6 -10
right_child=2 3 4 5 8 6 -8 -9 10 -11 -12
leaf_value=0.0058669911949988827 0.0034656150285652925 -0.0079506744989461687 0.022134246574625732 -0.00038957844730343774 0.014063955254038186 -0.0019083579640057507 -0.0041524616115699246 -0.0029460599184759793 0.011604622903861765 0.012435453912094352 0.0099823773726515526
leaf_weight=94147 122512 111473 15155 167398 7984 65411 49101 142342 4669 11524 8284
leaf_count=94147 122512 111473 15155 167398 7984 65411 49101 142342 4669 11524 8284
internal_value=7.38567e-06 -0.00182151 0.0067786 -0.00317272 0.0152987 -0.00191715 -0.00291265 -0.00261945 0.0121016 0.0131088 0.0105756
internal_weight=800000 629872 170128 535725 47616 424252 256854 207753 32461 19508 12953
internal_count=800000 629872 170128 535725 47616 424252 256854 207753 32461 19508 12953
cat_boundaries=0 1 2 3 4 5 6 7 8 9 10
cat_threshold=1 32 32 1 2 12 8 18 16 8
is_linear=0
shrinkage=0.05


Tree=175
num_leaves=12
num_cat=10
split_feature=1 0 0 0 0 0 0 0 0 0 0
split_gain=3575 2362.64 1734.44 1160.26 374.283 232.316 33.6849 17.3563 16.9762 3.30394 2.05076
threshold=1.5000000000000002 0 1 2 3 4 5 6 7 8 9
decision_type=2 1 1 1 1 1 1 1 1 1 1
left_child=1 -1 -2 -3 -4 -5 7 -7 9 -6 -10
right_child=2 3 4 5 8 6 -8 -9 10 -11 -12
leaf_value=0.0055740107931096594 0.0032895121276519711 -0.0075534938026171521 0.021031801737537881 -0.00037193278944336826 0.013362642488152734 -0.0018119690581183364 -0.0039445190622321522 -0.0027972747572917837 0.011027415834652304 0.011811432124052383 0.0094818548032798797
leaf_weight=94147 122512 111473 15155 167398 7984 65411 49101 142342 4669 11524 8284
leaf_count=94147 122512 111473 15155 167398 7984 65411 49101 142342 4669 11524 8284
internal_value=6.62798e-06 -0.00173047 0.00643797 -0.00301419 0.0145349 -0.00182133 -0.00276589 -0.00248715 0.0114962 0.0124528 0.010047
internal_weight=800000 629872 170128 535725 47616 424252 256854 207753 32461 19508 12953
internal_count=800000 629872 170128 535725 47616 424252 256854 207753 32461 19508 12953
cat_boundaries=0 1 2 3 4 5 6 7 8 9 10
cat_threshold=1 32 32 1 2 12 8 18 16 8
is_linear=0
shrinkage=0.05


Tree=176
num_leaves=12
num_cat=10
split_feature=1 0 0 0 0 0 0 0 0 0 0
split_gain=3226.71 2131.26 1565.09 1047.17 338.128 209.845 30.3632 15.6196 15.3023 2.98516 1.83358
threshold=1.5000000000000002 0 1 2 3 4 5 6 7 8 9
decision_type=2 1 1 1 1 1 1 1 1 1 1
left_child=1 -1 -2 -3 -4 -5 7 -7 9 -6 -10
right_child=2 3 4 5 8 6 -8 -9 10 -11 -12
leaf_value=0.0052940744300177126 0.0031260196645128977 -0.0071751877943405269 0.019983425794400836 -0.00035200834213408436 0.012693014137739538 -0.0017220895578025181 -0.0037462533662359528 -0.002656804699301251 0.010472409952958187 0.011218823348088842 0.0090090603089085369
leaf_weight=94147 122512 111473 15155 167398 7984 65411 49101 142342 4669 11524 8284
leaf_count=94147 122512 111473 15155 167398 7984 65411 49101 142342 4669 11524 8284
internal_value=6.78926e-06 -0.00164353 0.00611682 -0.00286277 0.0138083 -0.00172953 -0.00262724 -0.00236261 0.0109201 0.0118284 0.00954421
internal_weight=800000 629872 170128 535725 47616 424252 256854 207753 32461 19508 12953
internal_count=800000 629872 170128 535725 47616 424252 256854 207753 32461 19508 12953
cat_boundaries=0 1 2 3 4 5 6 7 8 9 10
cat_threshold=1 32 32 1 2 12 8 18 16 8
is_linear=0
shrinkage=0.05


Tree=177
num_leaves=11
num_cat=9
split_feature=1 0 0 0 0 0 0 0 0 0
split_gain=2912.67 1924 1412.63 945.05 304.947 189.323 27.4244 14.1208 13.8133 4.4944
threshold=1.5000000000000002 0 1 2 3 4 5 6 7 8
decision_type=2 1 1 1 1 1 1 1 1 1
left_child=1 -1 -2 -3 -4 -5 7 -7 -6 -10
right_child=2 3 4 5 8 6 -8 -9 9 -11
leaf_value=0.0050294013247065596 0.0029694033759563553 -0.0068174349864227705 0.01898237337187262 -0.00033569161822992862 0.0085571783262187954 -0.0016362995901011723 -0.0035602910029633528 -0.002525036091400932 0.012059282212666582 0.010462214641715836
leaf_weight=94147 122512 111473 15155 167398 8284 65411 49101 142342 7984 16193
leaf_count=94147 122512 111473 15155 167398 8284 65411 49101 142342 7984 16193
internal_value=5.70671e-06 -0.00156224 0.0058108 -0.00272069 0.0131181 -0.00164412 -0.00249681 -0.00224531 0.0103752 0.0109944
internal_weight=800000 629872 170128 535725 47616 424252 256854 207753 32461 24177
internal_count=800000 629872 170128 535725 47616 424252 256854 207753 32461 24177
cat_boundaries=0 1 2 3 4 5 6 7 8 9
cat_threshold=1 32 32 1 2 12 8 4 16
is_linear=0
shrinkage=0.05


Tree=178
num_leaves=12
num_cat=10
split_feature=1 0 0 0 0 0 0 0 0 0 0
split_gain=2628.08 1737 1275.38 853.024 275.122 171.085 24.6602 12.7313 12.6705 2.39402 1.43111
threshold=1.5000000000000002 0 1 2 3 4 5 6 7 8 9
decision_type=2 1 1 1 1 1 1 1 1 1 1
left_child=1 -1 -2 -3 -4 -5 7 -7 9 -6 -10
right_child=2 3 4 5 8 6 -8 -9 10 -11 -12
leaf_value=0.0047799404657237633 0.0028205596630662905 -0.0064760759121179415 0.018033774583755529 -0.00031728223121073378 0.011460575259325353 -0.0015549049500475467 -0.0033801322365789722 -0.0023987851706169638 0.0094317480854866839 0.0101372624778946 0.0081312506578903997
leaf_weight=94147 122512 111473 15155 167398 7984 65411 49101 142342 4669 11524 8284
leaf_count=94147 122512 111473 15155 167398 7984 65411 49101 142342 4669 11524 8284
internal_value=6.19186e-06 -0.00148319 0.00552039 -0.0025839 0.0124636 -0.00156109 -0.00237167 -0.00213318 0.00985836 0.0106844 0.00860694
internal_weight=800000 629872 170128 535725 47616 424252 256854 207753 32461 19508 12953
internal_count=800000 629872 170128 535725 47616 424252 256854 207753 32461 19508 12953
cat_boundaries=0 1 2 3 4 5 6 7 8 9 10
cat_threshold=1 32 32 1 2 12 8 18 16 8
is_linear=0
shrinkage=0.05


Tree=179
num_leaves=12
num_cat=10
split_feature=1 0 0 0 0 0 0 0 0 0 0
split_gain=2371.97 1566.71 1151.38 769.809 248.302 154.144 22.3612 11.5037 11.4307 2.15375 1.28619
threshold=1.5000000000000002 0 1 2 3 4 5 6 7 8 9
decision_type=2 1 1 1 1 1 1 1 1 1 1
left_child=1 -1 -2 -3 -4 -5 7 -7 9 -6 -10
right_child=2 3 4 5 8 6 -8 -9 10 -11 -12
leaf_value=0.0045384949073056981 0.0026786363198208775 -0.0061525259937289696 0.017132645760123345 -0.0003028041149338174 0.010887046644083406 -0.0014760448087116538 -0.0032131303114294029 -0.0022782053855800815 0.0089597160883962811 0.0096313324010990232 0.0077260361656039944
leaf_weight=94147 122512 111473 15155 167398 7984 65411 49101 142342 4669 11524 8284
leaf_count=94147 122512 111473 15155 167398 7984 65411 49101 142342 4669 11524 8284
internal_value=5.24408e-06 -0.00140971 0.00524387 -0.00245507 0.011841 -0.00148343 -0.00225283 -0.00202573 0.00936593 0.0101506 0.00817729
internal_weight=800000 629872 170128 535725 47616 424252 256854 207753 32461 19508 12953
internal_count=800000 629872 170128 535725 47616 424252 256854 207753 32461 19508 12953
cat_boundaries=0 1 2 3 4 5 6 7 8 9 10
cat_threshold=1 32 32 1 2 12 8 18 16 8
is_linear=0
shrinkage=0.05


Tree=180
num_leaves=12
num_cat=10
split_feature=1 0 0 0 0 0 0 0 0 0 0
split_gain=2140.31 1415.04 1038.97 694.586 224.189 139.144 20.0994 10.3916 10.3047 1.94186 1.17048
threshold=1.5000000000000002 0 1 2 3 4 5 6 7 8 9
decision_type=2 1 1 1 1 1 1 1 1 1 1
left_child=1 -1 -2 -3 -4 -5 7 -7 9 -6 -10
right_child=2 3 4 5 8 6 -8 -9 10 -11 -12
leaf_value=0.0043139703593556983 0.0025445298718432389 -0.0058446299921434079 0.016276285226220075 -0.00028780866910990184 0.0103407145202652 -0.0014027773088489109 -0.0030509701646271687 -0.0021651778661147575 0.0085132154752923326 0.0091482655126010389 0.0073377998127602722
leaf_weight=94147 122512 111473 15155 167398 7984 65411 49101 142342 4669 11524 8284
leaf_count=94147 122512 111473 15155 167398 7984 65411 49101 142342 4669 11524 8284
internal_value=5.08878e-06 -0.00133899 0.00498133 -0.00233246 0.0112481 -0.00140952 -0.00214053 -0.00192522 0.00889633 0.00964134 0.00776773
internal_weight=800000 629872 170128 535725 47616 424252 256854 207753 32461 19508 12953
internal_count=800000 629872 170128 535725 47616 424252 256854 207753 32461 19508 12953
cat_boundaries=0 1 2 3 4 5 6 7 8 9 10
cat_threshold=1 32 32 1 2 12 8 18 16 8
is_linear=0
shrinkage=0.05


Tree=181
num_leaves=12
num_cat=10
split_feature=1 0 0 0 0 0 0 0 0 0 0
split_gain=1932.63 1276.43 937.611 626.922 202.246 125.742 18.1375 9.38809 9.29925 1.76954 1.05803
threshold=1.5000000000000002 0 1 2 3 4 5 6 7 8 9
decision_type=2 1 1 1 1 1 1 1 1 1 1
left_child=1 -1 -2 -3 -4 -5 7 -7 9 -6 -10
right_child=2 3 4 5 8 6 -8 -9 10 -11 -12
leaf_value=0.0040971887591883917 0.0024192187183682944 -0.0055520394577620799 0.01546311996339219 -0.00027216836369685344 0.0098281469051617817 -0.0013322937432250334 -0.0028982678121119484 -0.0020569477990274687 0.0080901399691101338 0.0086912796859913207 0.0069727742186160672
leaf_weight=94147 122512 111473 15155 167398 7984 65411 49101 142342 4669 11524 8284
leaf_count=94147 122512 111473 15155 167398 7984 65411 49101 142342 4669 11524 8284
internal_value=5.44185e-06 -0.00127177 0.0047341 -0.00221533 0.0106873 -0.00133849 -0.0020334 -0.00182887 0.00845362 0.00916136 0.00738147
internal_weight=800000 629872 170128 535725 47616 424252 256854 207753 32461 19508 12953
internal_count=800000 629872 170128 535725 47616 424252 256854 207753 32461 19508 12953
cat_boundaries=0 1 2 3 4 5 6 7 8 9 10
cat_threshold=1 32 32 1 2 12 8 18 16 8
is_linear=0
shrinkage=0.05


Tree=182
num_leaves=12
num_cat=10
split_feature=1 0 0 0 0 0 0 0 0 0 0
split_gain=1744.21 1151.83 846.132 565.878 182.477 113.423 16.4207 8.50667 8.39798 1.58546 0.955616
threshold=1.5000000000000002 0 1 2 3 4 5 6 7 8 9
decision_type=2 1 1 1 1 1 1 1 1 1 1
left_child=1 -1 -2 -3 -4 -5 7 -7 9 -6 -10
right_child=2 3 4 5 8 6 -8 -9 10 -11 -12
leaf_value=0.0038915426297075738 0.0022979039546996258 -0.005275053973817407 0.014688706509633857 -0.00025915423450697953 0.0093349089346917418 -0.001264590753185117 -0.002754805379373036 -0.0019543849016369443 0.0076851403924689688 0.0082577267428173735 0.006623379960530403
leaf_weight=94147 122512 111473 15155 167398 7984 65411 49101 142342 4669 11524 8284
leaf_count=94147 122512 111473 15155 167398 7984 65411 49101 142342 4669 11524 8284
internal_value=4.72375e-06 -0.00120863 0.00449696 -0.00210495 0.0101523 -0.0012719 -0.00193189 -0.00173727 0.00803058 0.00870314 0.00701173
internal_weight=800000 629872 170128 535725 47616 424252 256854 207753 32461 19508 12953
internal_count=800000 629872 170128 535725 47616 424252 256854 207753 32461 19508 12953
cat_boundaries=0 1 2 3 4 5 6 7 8 9 10
cat_threshold=1 32 32 1 2 12 8 18 16 8
is_linear=0
shrinkage=0.05


Tree=183
num_leaves=12
num_cat=10
split_feature=1 0 0 0 0 0 0 0 0 0 0
split_gain=1575.03 1039.38 764.002 510.662 164.687 102.381 14.7989 7.64099 7.59363 1.41532 0.863559
threshold=1.5000000000000002 0 1 2 3 4 5 6 7 8 9
decision_type=2 1 1 1 1 1 1 1 1 1 1
left_child=1 -1 -2 -3 -4 -5 7 -7 9 -6 -10
right_child=2 3 4 5 8 6 -8 -9 10 -11 -12
leaf_value=0.0036964019626622418 0.0021837903140128723 -0.0050113463587211863 0.013956875170648904 -0.00024632010911549069 0.0088689974435782887 -0.0012028092904040662 -0.0026167749618241634 -0.0018565683213729489 0.0073029046080055893 0.0078495989644550186 0.006293695738208073
leaf_weight=94147 122512 111473 15155 167398 7984 65411 49101 142342 4669 11524 8284
leaf_count=94147 122512 111473 15155 167398 7984 65411 49101 142342 4669 11524 8284
internal_value=4.57902e-06 -0.00114843 0.0042734 -0.00199988 0.0096473 -0.00120851 -0.00183555 -0.0016508 0.00763162 0.00827114 0.00666283
internal_weight=800000 629872 170128 535725 47616 424252 256854 207753 32461 19508 12953
internal_count=800000 629872 170128 535725 47616 424252 256854 207753 32461 19508 12953
cat_boundaries=0 1 2 3 4 5 6 7 8 9 10
cat_threshold=1 32 32 1 2 12 8 18 16 8
is_linear=0
shrinkage=0.05


Tree=184
num_leaves=12
num_cat=10
split_feature=1 0 0 0 0 0 0 0 0 0 0
split_gain=1421.47 938.503 689.11 460.833 148.669 92.3168 13.3779 6.922 6.83572 1.28718 0.784465
threshold=1.5000000000000002 0 1 2 3 4 5 6 7 8 9
decision_type=2 1 1 1 1 1 1 1 1 1 1
left_child=1 -1 -2 -3 -4 -5 7 -7 9 -6 -10
right_child=2 3 4 5 8 6 -8 -9 10 -11 -12
leaf_value=0.0035127061571839351 0.0020751832034001322 -0.0047608648461524693 0.013258077173078961 -0.00023465281243629282 0.0084246197610549217 -0.0011417011912833606 -0.0024865199328658275 -0.0017639387078642701 0.0069385581965323156 0.0074535848570589343 0.0059776148624755918
leaf_weight=94147 122512 111473 15155 167398 7984 65411 49101 142342 4669 11524 8284
leaf_count=94147 122512 111473 15155 167398 7984 65411 49101 142342 4669 11524 8284
internal_value=4.34369e-06 -0.00109101 0.00405973 -0.00190009 0.00916345 -0.00114832 -0.00174375 -0.00156809 0.00724831 0.00785511 0.00632908
internal_weight=800000 629872 170128 535725 47616 424252 256854 207753 32461 19508 12953
internal_count=800000 629872 170128 535725 47616 424252 256854 207753 32461 19508 12953
cat_boundaries=0 1 2 3 4 5 6 7 8 9 10
cat_threshold=1 32 32 1 2 12 8 18 16 8
is_linear=0
shrinkage=0.05


Tree=185
num_leaves=12
num_cat=10
split_feature=1 0 0 0 0 0 0 0 0 0 0
split_gain=1281.93 847.167 622.426 416.131 134.182 83.2892 12.064 6.20306 6.16126 1.16282 0.70991
threshold=1.5000000000000002 0 1 2 3 4 5 6 7 8 9
decision_type=2 1 1 1 1 1 1 1 1 1 1
left_child=1 -1 -2 -3 -4 -5 7 -7 9 -6 -10
right_child=2 3 4 5 8 6 -8 -9 10 -11 -12
leaf_value=0.003338120002081744 0.0019694735029706935 -0.0045230348499661118 0.012596066352600238 -0.0002223247599344824 0.0080039604860811138 -0.0010852839581179689 -0.0023610883703719418 -0.0016743272211332729 0.0065934757820483225 0.0070811391021466585 0.0056796416334856381
leaf_weight=94147 122512 111473 15155 167398 7984 65411 49101 142342 4669 11524 8284
leaf_count=94147 122512 111473 15155 167398 7984 65411 49101 142342 4669 11524 8284
internal_value=4.35731e-06 -0.00103585 0.00385556 -0.00180455 0.00870606 -0.00109017 -0.00165574 -0.00148893 0.00688662 0.00746273 0.00601387
internal_weight=800000 629872 170128 535725 47616 424252 256854 207753 32461 19508 12953
internal_count=800000 629872 170128 535725 47616 424252 256854 207753 32461 19508 12953
cat_boundaries=0 1 2 3 4 5 6 7 8 9 10
cat_threshold=1 32 32 1 2 12 8 18 16 8
is_linear=0
shrinkage=0.05


Tree=186
num_leaves=12
num_cat=10
split_feature=1 0 0 0 0 0 0 0 0 0 0
split_gain=1157.47 764.466 561.994 375.492 120.986 75.2703 10.8785 5.62655 5.57083 1.05414 0.635293
threshold=1.5000000000000002 0 1 2 3 4 5 6 7 8 9
decision_type=2 1 1 1 1 1 1 1 1 1 1
left_child=1 -1 -2 -3 -4 -5 7 -7 9 -6 -10
right_child=2 3 4 5 8 6 -8 -9 10 -11 -12
leaf_value=0.0031706453644621754 0.0018713668858362236 -0.0042968942166876061 0.011966367998887242 -0.00021094984727335127 0.0076077649973319839 -0.0010307847180724176 -0.0022434122844805643 -0.0015917848224946459 0.0062640604083164563 0.0067295593964861317 0.0053984391364471753
leaf_weight=94147 122512 111473 15155 167398 7984 65411 49101 142342 4669 11524 8284
leaf_count=94147 122512 111473 15155 167398 7984 65411 49101 142342 4669 11524 8284
internal_value=4.07644e-06 -0.000984346 0.00366355 -0.00171456 0.00827257 -0.00103596 -0.00157361 -0.00141521 0.0065449 0.00709269 0.00571505
internal_weight=800000 629872 170128 535725 47616 424252 256854 207753 32461 19508 12953
internal_count=800000 629872 170128 535725 47616 424252 256854 207753 32461 19508 12953
cat_boundaries=0 1 2 3 4 5 6 7 8 9 10
cat_threshold=1 32 32 1 2 12 8 18 16 8
is_linear=0
shrinkage=0.05


Tree=187
num_leaves=12
num_cat=10
split_feature=1 0 0 0 0 0 0 0 0 0 0
split_gain=1044.01 689.9 507.324 338.668 109.315 67.8887 9.85365 5.09334 4.99926 0.948682 0.564126
threshold=1.5000000000000002 0 1 2 3 4 5 6 7 8 9
decision_type=2 1 1 1 1 1 1 1 1 1 1
left_child=1 -1 -2 -3 -4 -5 7 -7 9 -6 -10
right_child=2 3 4 5 8 6 -8 -9 10 -11 -12
leaf_value=0.003012073568339275 0.0017763374729816241 -0.004081213897825251 0.011369329126133528 -0.00020079090256675826 0.0072237690001509926 -0.00097840273676020467 -0.0021323817809013402 -0.001512156286386475 0.0059483285183630384 0.0063904295911072903 0.0051306690743149466
leaf_weight=94147 122512 111473 15155 167398 7984 65411 49101 142342 4669 11524 8284
leaf_count=94147 122512 111473 15155 167398 7984 65411 49101 142342 4669 11524 8284
internal_value=3.64275e-06 -0.000935082 0.00347912 -0.00162877 0.00785823 -0.000984307 -0.00149492 -0.00134416 0.00621601 0.00673502 0.00542976
internal_weight=800000 629872 170128 535725 47616 424252 256854 207753 32461 19508 12953
internal_count=800000 629872 170128 535725 47616 424252 256854 207753 32461 19508 12953
cat_boundaries=0 1 2 3 4 5 6 7 8 9 10
cat_threshold=1 32 32 1 2 12 8 18 16 8
is_linear=0
shrinkage=0.05


Tree=188
num_leaves=12
num_cat=10
split_feature=1 0 0 0 0 0 0 0 0 0 0
split_gain=942.402 622.445 458.146 305.891 98.7233 61.2461 8.87576 4.5851 4.51725 0.855523 0.515637
threshold=1.5000000000000002 0 1 2 3 4 5 6 7 8 9
decision_type=2 1 1 1 1 1 1 1 1 1 1
left_child=1 -1 -2 -3 -4 -5 7 -7 9 -6 -10
right_child=2 3 4 5 8 6 -8 -9 10 -11 -12
leaf_value=0.0028609916357793183 0.0016875250854282962 -0.0038778868072546174 0.010803795269602328 -0.00019045607555804672 0.0068640454339778268 -0.00092952863725570187 -0.0020246475211026962 -0.0014359537638934045 0.0056540189988849056 0.0060725411240968134 0.0048737088082237423
leaf_weight=94147 122512 111473 15155 167398 7984 65411 49101 142342 4669 11524 8284
leaf_count=94147 122512 111473 15155 167398 7984 65411 49101 142342 4669 11524 8284
internal_value=3.64261e-06 -0.000888234 0.00330568 -0.00154714 0.00746712 -0.000934653 -0.00141964 -0.00127656 0.00590649 0.00639983 0.00515912
internal_weight=800000 629872 170128 535725 47616 424252 256854 207753 32461 19508 12953
internal_count=800000 629872 170128 535725 47616 424252 256854 207753 32461 19508 12953
cat_boundaries=0 1 2 3 4 5 6 7 8 9 10
cat_threshold=1 32 32 1 2 12 8 18 16 8
is_linear=0
shrinkage=0.05


Tree=189
num_leaves=12
num_cat=10
split_feature=1 0 0 0 0 0 0 0 0 0 0
split_gain=850.926 561.782 413.075 275.706 88.9819 55.355 8.00787 4.14067 4.08094 0.775668 0.462766
threshold=1.5000000000000002 0 1 2 3 4 5 6 7 8 9
decision_type=2 1 1 1 1 1 1 1 1 1 1
left_child=1 -1 -2 -3 -4 -5 7 -7 9 -6 -10
right_child=2 3 4 5 8 6 -8 -9 10 -11 -12
leaf_value=0.0027175428291101294 0.0016043699102345225 -0.0036830402948201876 0.010260107459858468 -0.00018129251602886514 0.0065213191738896954 -0.00088417673465923923 -0.0019245348417296047 -0.0013654336428741425 0.0053695456139372317 0.0057681471776027957 0.0046297522720325874
leaf_weight=94147 122512 111473 15155 167398 7984 65411 49101 142342 4669 11524 8284
leaf_count=94147 122512 111473 15155 167398 7984 65411 49101 142342 4669 11524 8284
internal_value=3.1842e-06 -0.000844302 0.00314087 -0.00147028 0.00709232 -0.000888794 -0.00134987 -0.00121396 0.00561068 0.00607958 0.00490035
internal_weight=800000 629872 170128 535725 47616 424252 256854 207753 32461 19508 12953
internal_count=800000 629872 170128 535725 47616 424252 256854 207753 32461 19508 12953
cat_boundaries=0 1 2 3 4 5 6 7 8 9 10
cat_threshold=1 32 32 1 2 12 8 18 16 8
is_linear=0
shrinkage=0.05


Tree=190
num_leaves=12
num_cat=10
split_feature=1 0 0 0 0 0 0 0 0 0 0
split_gain=768.144 507.192 372.741 249.136 80.206 50.0043 7.23457 3.71498 3.68634 0.693188 0.417854
threshold=1.5000000000000002 0 1 2 3 4 5 6 7 8 9
decision_type=2 1 1 1 1 1 1 1 1 1 1
left_child=1 -1 -2 -3 -4 -5 7 -7 9 -6 -10
right_child=2 3 4 5 8 6 -8 -9 10 -11 -12
leaf_value=0.0025829200894936658 0.0015253585924650545 -0.0034996713254536503 0.0097460247634701559 -0.00017103837491645534 0.0061956483422442319 -0.000840147567741793 -0.0018279149510908943 -0.0012959984295606963 0.0051025516382010739 0.0054826109914116539 0.0043995639919688512
leaf_weight=94147 122512 111473 15155 167398 7984 65411 49101 142342 4669 11524 8284
leaf_count=94147 122512 111473 15155 167398 7984 65411 49101 142342 4669 11524 8284
internal_value=3.76086e-06 -0.000801447 0.00298492 -0.00139623 0.0067385 -0.000843477 -0.0012817 -0.00115252 0.00533181 0.00577746 0.0046567
internal_weight=800000 629872 170128 535725 47616 424252 256854 207753 32461 19508 12953
internal_count=800000 629872 170128 535725 47616 424252 256854 207753 32461 19508 12953
cat_boundaries=0 1 2 3 4 5 6 7 8 9 10
cat_threshold=1 32 32 1 2 12 8 18 16 8
is_linear=0
shrinkage=0.05


Tree=191
num_leaves=12
num_cat=10
split_feature=1 0 0 0 0 0 0 0 0 0 0
split_gain=692.311 457.801 336.915 224.737 72.3441 45.1613 6.51997 3.3598 3.32093 0.630324 0.383621
threshold=1.5000000000000002 0 1 2 3 4 5 6 7 8 9
decision_type=2 1 1 1 1 1 1 1 1 1 1
left_child=1 -1 -2 -3 -4 -5 7 -7 9 -6 -10
right_child=2 3 4 5 8 6 -8 -9 10 -11 -12
leaf_value=0.00245392492066966 0.0014455307483696447 -0.0033243007975913017 0.0092581406922533759 -0.00016248185210008986 0.0058872240079412587 -0.00079829034265784752 -0.0017365272411518796 -0.0012318012914564339 0.0048512119440778656 0.0052079864860469852 0.0041792628102225509
leaf_weight=94147 122512 111473 15155 167398 7984 65411 49101 142342 4669 11524 8284
leaf_count=94147 122512 111473 15155 167398 7984 65411 49101 142342 4669 11524 8284
internal_value=2.99442e-06 -0.000761435 0.00283317 -0.00132652 0.00640181 -0.000801528 -0.00121799 -0.00109536 0.00506584 0.00548885 0.00442503
internal_weight=800000 629872 170128 535725 47616 424252 256854 207753 32461 19508 12953
internal_count=800000 629872 170128 535725 47616 424252 256854 207753 32461 19508 12953
cat_boundaries=0 1 2 3 4 5 6 7 8 9 10
cat_threshold=1 32 32 1 2 12 8 18 16 8
is_linear=0
shrinkage=0.05


Tree=192
num_leaves=12
num_cat=10
split_feature=1 0 0 0 0 0 0 0 0 0 0
split_gain=626.567 412.835 303.686 202.769 65.5834 40.6506 5.89106 3.04284 2.99022 0.560267 0.344484
threshold=1.5000000000000002 0 1 2 3 4 5 6 7 8 9
decision_type=2 1 1 1 1 1 1 1 1 1 1
left_child=1 -1 -2 -3 -4 -5 7 -7 9 -6 -10
right_child=2 3 4 5 8 6 -8 -9 10 -11 -12
leaf_value=0.0023293268247956619 0.0013781910500251118 -0.0031582897769315515 0.0088032913208007813 -0.00015569435035386005 0.0055894758631534688 -0.0007578307640854822 -0.0016499986621567508 -0.0011703848691419147 0.0046077577240779431 0.0049477823896426276 0.0039705494728207958
leaf_weight=94147 122512 111473 15155 167398 7984 65411 49101 142342 4669 11524 8284
leaf_count=94147 122512 111473 15155 167398 7984 65411 49101 142342 4669 11524 8284
internal_value=3.18329e-06 -0.000724045 0.00269563 -0.00126066 0.00608372 -0.000761987 -0.0011571 -0.00104054 0.00481172 0.00521314 0.00420361
internal_weight=800000 629872 170128 535725 47616 424252 256854 207753 32461 19508 12953
internal_count=800000 629872 170128 535725 47616 424252 256854 207753 32461 19508 12953
cat_boundaries=0 1 2 3 4 5 6 7 8 9 10
cat_threshold=1 32 32 1 2 12 8 18 16 8
is_linear=0
shrinkage=0.05


Tree=193
num_leaves=12
num_cat=10
split_feature=1 0 0 0 0 0 0 0 0 0 0
split_gain=564.558 372.91 274.227 183.139 58.9388 36.7848 5.31662 2.74775 2.72492 0.515597 0.317221
threshold=1.5000000000000002 0 1 2 3 4 5 6 7 8 9
decision_type=2 1 1 1 1 1 1 1 1 1 1
left_child=1 -1 -2 -3 -4 -5 7 -7 9 -6 -10
right_child=2 3 4 5 8 6 -8 -9 10 -11 -12
leaf_value=0.0022149349492883333 0.0013071066648917577 -0.0030004835701503748 0.0083567261499341398 -0.00014637681796846296 0.0053159566291845354 -0.0007195950057366945 -0.001567228163114691 -0.0011116343722579801 0.0043790653593190126 0.0047019247374543707 0.0037694135803413992
leaf_weight=94147 122512 111473 15155 167398 7984 65411 49101 142342 4669 11524 8284
leaf_count=94147 122512 111473 15155 167398 7984 65411 49101 142342 4669 11524 8284
internal_value=3.2699e-06 -0.000687035 0.00255901 -0.00119704 0.00577858 -0.000723121 -0.00109898 -0.000988241 0.00457272 0.00495582 0.00399238
internal_weight=800000 629872 170128 535725 47616 424252 256854 207753 32461 19508 12953
internal_count=800000 629872 170128 535725 47616 424252 256854 207753 32461 19508 12953
cat_boundaries=0 1 2 3 4 5 6 7 8 9 10
cat_threshold=1 32 32 1 2 12 8 18 16 8
is_linear=0
shrinkage=0.05


Tree=194
num_leaves=12
num_cat=10
split_feature=1 0 0 0 0 0 0 0 0 0 0
split_gain=510.352 336.652 247.133 165.293 53.2404 33.0735 4.77804 2.46952 2.44928 0.471238 0.282765
threshold=1.5000000000000002 0 1 2 3 4 5 6 7 8 9
decision_type=2 1 1 1 1 1 1 1 1 1 1
left_child=1 -1 -2 -3 -4 -5 7 -7 9 -6 -10
right_child=2 3 4 5 8 6 -8 -9 10 -11 -12
leaf_value=0.0021041475306128807 0.0012446907311091725 -0.0028510386207943068 0.0079398702576810518 -0.00014060246191607668 0.0050503759167031528 -0.00068420871621439471 -0.0014877718468960641 -0.0010558716833048811 0.0041589097962417164 0.0044644142718585503 0.003582272645735528
leaf_weight=94147 122512 111473 15155 167398 7984 65411 49101 142342 4669 11524 8284
leaf_count=94147 122512 111473 15155 167398 7984 65411 49101 142342 4669 11524 8284
internal_value=3.19147e-06 -0.000653138 0.00243315 -0.00113771 0.00548953 -0.000687479 -0.00104387 -0.000938892 0.00434345 0.00470669 0.00379317
internal_weight=800000 629872 170128 535725 47616 424252 256854 207753 32461 19508 12953
internal_count=800000 629872 170128 535725 47616 424252 256854 207753 32461 19508 12953
cat_boundaries=0 1 2 3 4 5 6 7 8 9 10
cat_threshold=1 32 32 1 2 12 8 18 16 8
is_linear=0
shrinkage=0.05


Tree=195
num_leaves=12
num_cat=10
split_feature=1 0 0 0 0 0 0 0 0 0 0
split_gain=459.47 303.542 223.585 149.059 48.0393 29.8476 4.33519 2.23933 2.21324 0.424068 0.254663
threshold=1.5000000000000002 0 1 2 3 4 5 6 7 8 9
decision_type=2 1 1 1 1 1 1 1 1 1 1
left_child=1 -1 -2 -3 -4 -5 7 -7 9 -6 -10
right_child=2 3 4 5 8 6 -8 -9 10 -11 -12
leaf_value=0.0019977009754607723 0.0011774915487614756 -0.0027076323564058807 0.0075426131870107542 -0.00013353972535815029 0.004797821674819347 -0.00064911144011281713 -0.0014144553632519298 -0.0010030262280250114 0.0039504893597029902 0.0042417303887855575 0.0034031000544371194
leaf_weight=94147 122512 111473 15155 167398 7984 65411 49101 142342 4669 11524 8284
leaf_count=94147 122512 111473 15155 167398 7984 65411 49101 142342 4669 11524 8284
internal_value=2.26652e-06 -0.000620486 0.00230791 -0.00108062 0.00521504 -0.000653062 -0.000991628 -0.000891633 0.00412638 0.00447166 0.00360331
internal_weight=800000 629872 170128 535725 47616 424252 256854 207753 32461 19508 12953
internal_count=800000 629872 170128 535725 47616 424252 256854 207753 32461 19508 12953
cat_boundaries=0 1 2 3 4 5 6 7 8 9 10
cat_threshold=1 32 32 1 2 12 8 18 16 8
is_linear=0
shrinkage=0.05


Tree=196
num_leaves=12
num_cat=10
split_feature=1 0 0 0 0 0 0 0 0 0 0
split_gain=415.345 274.154 201.478 134.611 43.4219 27.0166 3.88396 2.01728 2.00069 0.375948 0.232995
threshold=1.5000000000000002 0 1 2 3 4 5 6 7 8 9
decision_type=2 1 1 1 1 1 1 1 1 1 1
left_child=1 -1 -2 -3 -4 -5 7 -7 9 -6 -10
right_child=2 3 4 5 8 6 -8 -9 10 -11 -12
leaf_value=0.0018992478512982825 0.0011221830541431662 -0.0025724101100593247 0.0071678164891193627 -0.00012568413412310044 0.0045560267498292173 -0.00061723024809663544 -0.00134228425972507 -0.0009531415954552113 0.0037540486134583942 0.0040311419015040695 0.0032315166823858807
leaf_weight=94147 122512 111473 15155 167398 7984 65411 49101 142342 4669 11524 8284
leaf_count=94147 122512 111473 15155 167398 7984 65411 49101 142342 4669 11524 8284
internal_value=3.12514e-06 -0.00058897 0.00219526 -0.00102626 0.00495493 -0.000619954 -0.000942064 -0.000847415 0.00391991 0.00424818 0.00342262
internal_weight=800000 629872 170128 535725 47616 424252 256854 207753 32461 19508 12953
internal_count=800000 629872 170128 535725 47616 424252 256854 207753 32461 19508 12953
cat_boundaries=0 1 2 3 4 5 6 7 8 9 10
cat_threshold=1 32 32 1 2 12 8 18 16 8
is_linear=0
shrinkage=0.05


Tree=197
num_leaves=12
num_cat=10
split_feature=1 0 0 0 0 0 0 0 0 0 0
split_gain=374.756 247.37 181.937 121.464 39.2053 24.3259 3.51214 1.81644 1.79943 0.341447 0.20759
threshold=1.5000000000000002 0 1 2 3 4 5 6 7 8 9
decision_type=2 1 1 1 1 1 1 1 1 1 1
left_child=1 -1 -2 -3 -4 -5 7 -7 9 -6 -10
right_child=2 3 4 5 8 6 -8 -9 10 -11 -12
leaf_value=0.0018036080304128219 0.0010650388473834793 -0.0024440320105297026 0.006809872955211585 -0.00012035584510722831 0.0043281621983088884 -0.00058658502942327245 -0.0012755970971303865 -0.00090533781014119066 0.0035654576116709866 0.0038284041407370007 0.003071296338664787
leaf_weight=94147 122512 111473 15155 167398 7984 65411 49101 142342 4669 11524 8284
leaf_count=94147 122512 111473 15155 167398 7984 65411 49101 142342 4669 11524 8284
internal_value=2.4787e-06 -0.000559942 0.00208475 -0.000975322 0.00470718 -0.000589367 -0.000895016 -0.000805012 0.0037237 0.00403505 0.00325203
internal_weight=800000 629872 170128 535725 47616 424252 256854 207753 32461 19508 12953
internal_count=800000 629872 170128 535725 47616 424252 256854 207753 32461 19508 12953
cat_boundaries=0 1 2 3 4 5 6 7 8 9 10
cat_threshold=1 32 32 1 2 12 8 18 16 8
is_linear=0
shrinkage=0.05


Tree=198
num_leaves=12
num_cat=10
split_feature=1 0 0 0 0 0 0 0 0 0 0
split_gain=338.223 223.332 164.188 109.633 35.3576 22.0177 3.18514 1.651 1.62259 0.317092 0.190968
threshold=1.5000000000000002 0 1 2 3 4 5 6 7 8 9
decision_type=2 1 1 1 1 1 1 1 1 1 1
left_child=1 -1 -2 -3 -4 -5 7 -7 9 -6 -10
right_child=2 3 4 5 8 6 -8 -9 10 -11 -12
leaf_value=0.0017140163908328167 0.0010120206227843286 -0.0023217935109518524 0.0064687967221806865 -0.00011356183382298241 0.0041150246496823297 -0.00055660315675552232 -0.0012129843420707683 -0.00086049008827685392 0.0033898861292565733 0.0036352858006778489 0.0029171961142064177
leaf_weight=94147 122512 111473 15155 167398 7984 65411 49101 142342 4669 11524 8284
leaf_count=94147 122512 111473 15155 167398 7984 65411 49101 142342 4669 11524 8284
internal_value=2.54196e-06 -0.000531762 0.00198072 -0.000926444 0.00447194 -0.000559767 -0.000850555 -0.000764843 0.00353797 0.00383364 0.00309006
internal_weight=800000 629872 170128 535725 47616 424252 256854 207753 32461 19508 12953
internal_count=800000 629872 170128 535725 47616 424252 256854 207753 32461 19508 12953
cat_boundaries=0 1 2 3 4 5 6 7 8 9 10
cat_threshold=1 32 32 1 2 12 8 18 16 8
is_linear=0
shrinkage=0.05


Tree=199
num_leaves=12
num_cat=10
split_feature=1 0 0 0 0 0 0 0 0 0 0
split_gain=305.572 201.604 148.215 98.9831 31.9564 19.8725 2.87012 1.47641 1.47264 0.272055 0.171891
threshold=1.5000000000000002 0 1 2 3 4 5 6 7 8 9
decision_type=2 1 1 1 1 1 1 1 1 1 1
left_child=1 -1 -2 -3 -4 -5 8 9 -7 -6 -9
right_child=2 3 4 5 7 6 -8 10 -10 -11 -12
leaf_value=0.0016285645386586182 0.0009625848851496819 -0.0022060076387116138 0.0061482874426635782 -0.00010784123036634804 0.0039064379194124598 -0.00052997381935965715 -0.0011520509012423507 0.0032193762136591021 -0.00081698170160596087 0.0034588943781256572 0.0027707780847671323
leaf_weight=94147 122512 111473 15155 167398 7984 65411 49101 4669 142342 11524 8284
leaf_count=94147 122512 111473 15155 167398 7984 65411 49101 4669 142342 11524 8284
internal_value=2.6875e-06 -0.000505172 0.00188296 -0.000880164 0.00424991 -0.000531752 -0.00080801 0.00336199 -0.000726647 0.00364397 0.00293484
internal_weight=800000 629872 170128 535725 47616 424252 256854 32461 207753 19508 12953
internal_count=800000 629872 170128 535725 47616 424252 256854 32461 207753 19508 12953
cat_boundaries=0 1 2 3 4 5 6 7 8 9 10
cat_threshold=1 32 32 1 2 12 18 8 16 8
is_linear=0
shrinkage=0.05


end of trees

feature_importances:
PROP_TYPE=1985
MAIN_HEAT_FUEL=200

parameters:
[boosting: gbdt]
[objective: regression]
[metric: l2]
[tree_learner: serial]
[device_type: cpu]
[data_sample_strategy: bagging]
[data: ]
[valid: ]
[num_iterations: 200]
[learning_rate: 0.05]
[num_leaves: 31]
[num_threads: 2]
[seed: 7]
[deterministic: 0]
[force_col_wise: 0]
[force_row_wise: 0]
[histogram_pool_size: -1]
[max_depth: -1]
[min_data_in_leaf: 200]
[min_sum_hessian_in_leaf: 0.001]
[bagging_fraction: 1]
[pos_bagging_fraction: 1]
[neg_bagging_fraction: 1]
[bagging_freq: 0]
[bagging_seed: 17422]
[bagging_by_query: 0]
[feature_fraction: 1]
[feature_fraction_bynode: 1]
[feature_fraction_seed: 7040]
[extra_trees: 0]
[extra_seed: 6516]
[early_stopping_round: 0]
[early_stopping_min_delta: 0]
[first_metric_only: 0]
[max_delta_step: 0]
[lambda_l1: 0]
[lambda_l2: 0]
[linear_lambda: 0]
[min_gain_to_split: 0]
[drop_rate: 0.1]
[max_drop: 50]
[skip_drop: 0.5]
[xgboost_dart_mode: 0]
[uniform_drop: 0]
[drop_seed: 15215]
[top_rate: 0.2]
[other_rate: 0.1]
[min_data_per_group: 100]
[max_cat_threshold: 32]
[cat_l2: 10]
[cat_smooth: 10]
[max_cat_to_onehot: 4]
[top_k: 20]
[monotone_constraints: ]
[monotone_constraints_method: basic]
[monotone_penalty: 0]
[feature_contri: ]
[forcedsplits_filename: ]
[refit_decay_rate: 0.9]
[cegb_tradeoff: 1]
[cegb_penalty_split: 0]
[cegb_penalty_feature_lazy: ]
[cegb_penalty_feature_coupled: ]
[path_smooth: 0]
[interaction_constraints: ]
[verbosity: -1]
[saved_feature_importance_type: 0]
[use_quantized_grad: 0]
[num_grad_quant_bins: 4]
[quant_train_renew_leaf: 0]
[stochastic_rounding: 1]
[linear_tree: 0]
[max_bin: 255]
[max_bin_by_feature: ]
[min_data_in_bin: 3]
[bin_construct_sample_cnt: 200000]
[data_random_seed: 61]
[is_enable_sparse: 1]
[enable_bundle: 1]
[use_missing: 1]
[zero_as_missing: 0]
[feature_pre_filter: 1]
[pre_partition: 0]
[two_round: 0]
[header: 0]
[label_column: ]
[weight_column: ]
[group_column: ]
[ignore_column: ]
[categorical_feature: 0]
[forcedbins_filename: ]
[precise_float_parser: 0]
[parser_config_file: ]
[objective_seed: 15521]
[num_class: 1]
[is_unbalance: 0]
[scale_pos_weight: 1]
[sigmoid: 1]
[boost_from_average: 1]
[reg_sqrt: 0]
[alpha: 0.9]
[fair_c: 1]
[poisson_max_delta_step: 0.7]
[tweedie_variance_power: 1.5]
[lambdarank_truncation_level: 30]
[lambdarank_norm: 1]
[label_gain: ]
[lambdarank_position_bias_regularization: 0]
[eval_at: ]
[multi_error_top_k: 1]
[auc_mu_weights: ]
[num_machines: 1]
[local_listen_port: 12400]
[time_out: 120]
[machine_list_filename: ]
[machines: ]
[gpu_platform_id: -1]
[gpu_device_id: -1]
[gpu_device_id_list: ]
[gpu_use_dp: 0]
[num_gpu: 1]

end of parameters

pandas_categorical:[["Detached", "Semi detached", "Mid terrace", "End terrace", "Bungalow", "Flat"]]
