tree
version=v4
num_class=1
num_tree_per_iteration=1
label_index=0
max_feature_idx=2
objective=regression
feature_names=PROP_TYPE FLOOR_AREA_BAND MAIN_HEAT_FUEL
feature_infos=-1:5:1:2:0:3:4 [1:5] [1:2]
tree_sizes=2812 2834 2830 2827 2829 2831 2820 2831 2831 2821 2819 2819 2839 2827 2823 2827 2828 2827 2811 2827 2830 2825 2819 2814 2826 2816 2816 2825 2804 2825 2811 2811 2815 2820 2799 2821 2797 2819 2827 2812 2841 2830 2826 2814 2831 2835 2816 2843 2818 2845 2831 2813 2828 2833 2837 2826 2815 2799 2821 2809 2805 2796 2805 2799 2786 2784 2770 2787 2780 2786 2782 2769 2768 2755 2761 2763 2775 2762 2767 2775 2785 2772 2767 2779 2742 2779 2760 2780 2784 2785 2790 2798 2784 2782 2778 2774 2781 2778 2779 2768 2779 2784 2778 2783 2780 2771 2785 2777 2791 2780 2785 2797 2811 2802 2807 2807 2816 2820 2828 2800 2803 2798 2811 2826 2799 2793 2778 2809 2797 2759 2802 2788 2805 2790 2801 2792 2808 2825 2784 2815 2827 2784 2800 2816 2798 2811 2810 2791 2846 2811 2793 2859 2815 2799 2858 2823 2805 2868 2814 2862 2859 2805 2839 2889 2844 2855 2841 2819 2851 2850 2825 2836 2870 2835 2823 2838 2813 2855 2833 2809 2843 2825 2821 2801 2833 2821 2820 2838 2854 2835 2835 2832 2814 2823 2833 2846 2806 2814 2823 2842

Tree=0
num_leaves=31
num_cat=18
split_feature=1 2 1 1 1 0 2 2 0 1 0 1 0 0 0 0 0 0 0 0 0 0 1 0 0 0 1 1 0 0
split_gain=3.24041e+11 1.90054e+11 1.13555e+11 6.06047e+10 4.14956e+10 4.06296e+10 1.56285e+10 1.25951e+10 1.09741e+10 1.09017e+10 3.31634e+09 1.35112e+09 1.09887e+09 9.71162e+08 9.30787e+08 7.34404e+08 3.52381e+08 3.49847e+08 3.22091e+08 2.99582e+08 2.70923e+08 1.83204e+08 2.20759e+08 7.71113e+07 7.50147e+07 6.53037e+07 5.26928e+07 4.0106e+07 2.33568e+07 2.25342e+07
threshold=3.5000000000000004 1.5000000000000002 2.5000000000000004 4.5000000000000009 1.5000000000000002 0 1.5000000000000002 1.5000000000000002 1 1.5000000000000002 2 2.5000000000000004 3 4 5 6 7 8 9 10 11 12 1.5000000000000002 13 14 15 2.5000000000000004 1.5000000000000002 16 17
decision_type=2 2 2 2 2 1 2 2 1 2 1 2 1 1 1 1 1 1 1 1 1 1 2 1 1 1 2 2 1 1
left_child=1 2 4 7 25 9 -5 17 13 -3 20 -11 23 18 -10 26 -8 -2 -6 -9 -4 22 -17 -12 -16 -1 27 -7 -14 -19
right_child=3 5 10 6 8 15 16 19 14 11 12 -13 28 -15 24 21 -18 29 -20 -21 -22 -23 -24 -25 -26 -27 -28 -29 -30 -31
leaf_value=3290.0701436210834 3411.4458806619123 3375.3780841758303 3366.0947848835958 3512.8159008596754 3350.8691203196981 3446.6488279397836 3613.2504944199659 3454.9743376595161 3324.8847982660236 3406.5953693034103 3398.8133792708572 3472.5435088846125 3374.1949318741194 3333.7177071205983 3319.1976871807196 3423.411689993658 3545.6271448418647 3424.6874225758174 3341.5259024896577 3507.5051135381232 3358.5813978449282 3445.1202150714712 3456.0112156546311 3381.0126857420546 3315.7580226883551 3281.6670891168828 3438.8277055945528 3428.3994107260883 3371.1280984982304 3430.0500479826064
leaf_weight=73247 5406 86066 17566 14044 10206 318 5634 449 99192 35551 637 794 7351 45709 37417 542 495 21691 102392 5287 37807 14974 12411 51386 37765 3869 1956 5651 57606 6581
leaf_count=73247 5406 86066 17566 14044 10206 318 5634 449 99192 35551 637 794 7351 45709 37417 542 495 21691 102392 5287 37807 14974 12411 51386 37765 3869 1956 5651 57606 6581
internal_value=3359.23 3350.21 3337 3471.41 3322.68 3398.79 3541.89 3435.33 3330.34 3385.07 3371.05 3408.04 3375.82 3339.87 3321.68 3445.6 3608.51 3423.67 3342.37 3503.82 3360.97 3449.54 3454.57 3381.24 3317.46 3289.63 3431.61 3429.37 3371.48 3425.96
internal_weight=800000 740413 582150 59587 409797 158263 20173 39414 332681 122411 172353 36345 116980 158307 174374 35852 6129 33678 112598 5736 55373 27927 12953 52023 75182 77116 7925 5969 64957 28272
internal_count=800000 740413 582150 59587 409797 158263 20173 39414 332681 122411 172353 36345 116980 158307 174374 35852 6129 33678 112598 5736 55373 27927 12953 52023 75182 77116 7925 5969 64957 28272
cat_boundaries=0 1 2 3 4 5 6 7 8 9 10 11 12 13 14 15 16 17 18
cat_threshold=32 11 12 33 3 4 4 49 12 1 12 8 17 32 16 40 16 1
is_linear=0
shrinkage=1


Tree=1
num_leaves=31
num_cat=18
split_feature=1 2 1 1 1 0 2 2 0 1 0 1 0 0 0 0 0 0 0 0 0 0 1 0 0 0 1 1 0 0
split_gain=2.92485e+11 1.71527e+11 1.02486e+11 5.47016e+10 3.74512e+10 3.66697e+10 1.41159e+10 1.13726e+10 9.90432e+09 9.8388e+09 2.99313e+09 1.21938e+09 9.91815e+08 8.76508e+08 8.40127e+08 6.62928e+08 3.15613e+08 3.14033e+08 2.90666e+08 2.68804e+08 2.44522e+08 1.65196e+08 1.99235e+08 6.98556e+07 6.77025e+07 5.91598e+07 4.75552e+07 3.61956e+07 2.10934e+07 2.04144e+07
threshold=3.5000000000000004 1.5000000000000002 2.5000000000000004 4.5000000000000009 1.5000000000000002 0 1.5000000000000002 1.5000000000000002 1 1.5000000000000002 2 2.5000000000000004 3 4 5 6 7 8 9 10 11 12 1.5000000000000002 13 14 15 2.5000000000000004 1.5000000000000002 16 17
decision_type=2 2 2 2 2 1 2 2 1 2 1 2 1 1 1 1 1 1 1 1 1 1 2 1 1 1 2 2 1 1
left_child=1 2 4 7 25 9 -5 16 13 -3 20 -11 23 18 -10 26 -2 -8 -6 -9 -4 22 -17 -12 -16 -1 27 -7 -14 -18
right_child=3 5 10 6 8 15 17 19 14 11 12 -13 28 -15 24 21 29 -19 -20 -21 -22 -23 -24 -25 -26 -27 -28 -29 -30 -31
leaf_value=-65.705302821277471 49.606938574092254 15.337711220703088 6.5187743713598554 145.90363806047117 -7.9462138209944149 83.044915950223341 241.33900034202912 91.058444429950271 -32.631081664451912 44.994131543636257 37.631828960937547 107.64486468312724 14.214733796650229 -24.23992463002595 -38.034199301553812 60.96963699523814 62.183090183479024 177.2588699990452 -16.821946187271827 140.87238715920603 -0.61914856158171128 81.595602954827839 91.939187168462212 20.690794773376055 -41.30192218310939 -73.697729801375644 75.614850665601494 65.70797142004507 11.300329144239029 67.281450727969485
leaf_weight=73247 5406 86066 17566 14044 10206 318 5634 449 99192 35551 637 794 7351 45709 37417 542 21691 495 102392 5287 37807 14974 12411 51386 37765 3869 1956 5651 57606 6581
leaf_count=73247 5406 86066 17566 14044 10206 318 5634 449 99192 35551 637 794 7351 45709 37417 542 21691 495 102392 5287 37807 14974 12411 51386 37765 3869 1956 5651 57606 6581
internal_value=0.000460941 -8.57615 -21.124 106.571 -34.7294 37.5797 173.534 72.298 -27.452 24.5474 11.2249 46.3628 15.7576 -18.3935 -35.6727 82.0467 61.2138 236.847 -16.0182 137.377 1.64599 85.7906 90.5734 20.9054 -39.6809 -66.1244 68.762 66.6316 11.6323 63.3932
internal_weight=800000 740413 582150 59587 409797 158263 20173 39414 332681 122411 172353 36345 116980 158307 174374 35852 33678 6129 112598 5736 55373 27927 12953 52023 75182 77116 7925 5969 64957 28272
internal_count=800000 740413 582150 59587 409797 158263 20173 39414 332681 122411 172353 36345 116980 158307 174374 35852 33678 6129 112598 5736 55373 27927 12953 52023 75182 77116 7925 5969 64957 28272
cat_boundaries=0 1 2 3 4 5 6 7 8 9 10 11 12 13 14 15 16 17 18
cat_threshold=32 11 12 33 3 4 4 12 49 1 12 8 17 32 16 40 16 1
is_linear=0
shrinkage=0.05


Tree=2
num_leaves=31
num_cat=18
split_feature=1 2 1 1 1 0 2 2 0 1 0 1 0 0 0 0 0 0 0 0 0 0 1 0 0 0 1 1 0 0
split_gain=2.64002e+11 1.54805e+11 9.24964e+10 4.93735e+10 3.38009e+10 3.30958e+10 1.27497e+10 1.02688e+10 8.93883e+09 8.87952e+09 2.70142e+09 1.10049e+09 8.95187e+08 7.9108e+08 7.58298e+08 5.98408e+08 2.8473e+08 2.79817e+08 2.62307e+08 2.41182e+08 2.20693e+08 1.48959e+08 1.7981e+08 6.32823e+07 6.11028e+07 5.35935e+07 4.29186e+07 3.26665e+07 1.90493e+07 1.84937e+07
threshold=3.5000000000000004 1.5000000000000002 2.5000000000000004 4.5000000000000009 1.5000000000000002 0 1.5000000000000002 1.5000000000000002 1 1.5000000000000002 2 2.5000000000000004 3 4 5 6 7 8 9 10 11 12 1.5000000000000002 13 14 15 2.5000000000000004 1.5000000000000002 16 17
decision_type=2 2 2 2 2 1 2 2 1 2 1 2 1 1 1 1 1 1 1 1 1 1 2 1 1 1 2 2 1 1
left_child=1 2 4 7 25 9 -5 16 13 -3 20 -11 23 18 -10 26 -2 -8 -6 -9 -4 22 -17 -12 -16 -1 27 -7 -14 -18
right_child=3 5 10 6 8 15 17 19 14 11 12 -13 28 -15 24 21 29 -19 -20 -21 -22 -23 -24 -25 -26 -27 -28 -29 -30 -31
leaf_value=-62.420485923572656 47.131172030785592 14.570825085042593 6.193019860768568 138.60845412425729 -7.5492896656553174 78.892669761105907 229.29343006453729 86.604713943581189 -30.999691573436873 42.744424845366161 35.779318802139308 102.26262005990939 13.504962590265137 -23.02819363639675 -36.132998260269538 57.92115528574729 59.075369028477986 168.57142838638609 -15.980931793161929 133.84206269537705 -0.58819906186978066 77.518544466223119 87.342227945657413 19.656457177063857 -39.237370803863307 -70.022342232460517 71.834110685945291 62.422571445118962 10.735409903703415 63.922480290458047
leaf_weight=73247 5406 86066 17566 14044 10206 318 5634 449 99192 35551 637 794 7351 45709 37417 542 21691 495 102392 5287 37807 14974 12411 51386 37765 3869 1956 5651 57606 6581
leaf_count=73247 5406 86066 17566 14044 10206 318 5634 449 99192 35551 637 794 7351 45709 37417 542 21691 495 102392 5287 37807 14974 12411 51386 37765 3869 1956 5651 57606 6581
internal_value=0.000875636 -8.14743 -20.068 101.25 -32.9933 35.7009 164.868 68.6884 -26.0796 23.32 10.6639 44.0447 14.9701 -17.474 -33.8894 77.9455 58.1558 225.038 -15.2174 130.529 1.56374 81.5025 86.0447 19.8607 -37.6974 -62.8191 65.3239 63.3 11.0509 60.2259
internal_weight=800000 740413 582150 59587 409797 158263 20173 39414 332681 122411 172353 36345 116980 158307 174374 35852 33678 6129 112598 5736 55373 27927 12953 52023 75182 77116 7925 5969 64957 28272
internal_count=800000 740413 582150 59587 409797 158263 20173 39414 332681 122411 172353 36345 116980 158307 174374 35852 33678 6129 112598 5736 55373 27927 12953 52023 75182 77116 7925 5969 64957 28272
cat_boundaries=0 1 2 3 4 5 6 7 8 9 10 11 12 13 14 15 16 17 18
cat_threshold=32 11 12 33 3 4 4 12 49 1 12 8 17 32 16 40 16 1
is_linear=0
shrinkage=0.05


Tree=3
num_leaves=31
num_cat=18
split_feature=1 2 1 1 1 0 2 2 0 1 0 1 0 0 0 0 0 0 0 0 0 0 1 0 0 0 1 0 1 0
split_gain=2.38292e+11 1.39714e+11 8.34804e+10 4.45644e+10 3.05064e+10 2.98702e+10 1.15157e+10 9.27205e+09 8.06746e+09 8.01376e+09 2.43815e+09 9.93195e+08 8.07973e+08 7.13978e+08 6.84439e+08 5.40167e+08 2.56868e+08 2.49293e+08 2.36714e+08 2.1639e+08 1.99187e+08 1.34317e+08 1.62278e+08 5.73273e+07 5.51467e+07 4.85505e+07 3.8734e+07 3.19334e+07 2.94816e+07 2.60575e+07
threshold=3.5000000000000004 1.5000000000000002 2.5000000000000004 4.5000000000000009 1.5000000000000002 0 1.5000000000000002 1.5000000000000002 1 1.5000000000000002 2 2.5000000000000004 3 4 5 6 7 8 9 10 11 12 1.5000000000000002 13 14 15 2.5000000000000004 16 1.5000000000000002 17
decision_type=2 2 2 2 2 1 2 2 1 2 1 2 1 1 1 1 1 1 1 1 1 1 2 1 1 1 2 1 2 1
left_child=1 2 4 7 25 9 27 16 13 -3 20 -11 23 18 -10 26 -2 -8 -6 -9 -4 22 -17 -12 -16 -1 28 -5 -7 -21
right_child=3 5 10 6 8 15 17 19 14 11 12 -13 -14 -15 24 21 -18 -19 -20 29 -22 -23 -24 -25 -26 -27 -28 -29 -30 -31
leaf_value=-59.299887389644113 44.778963215083458 13.842285317923704 5.8835450637324271 114.00478597137642 -7.1721961842725879 74.948037862327865 217.84907845641433 82.368819414192828 -29.449863366614821 40.607202443995796 34.018003425273868 97.149488718143346 10.498506468235837 -21.877037026746116 -34.326831529886242 55.025098007455533 57.216737861045232 160.30976142052378 -15.181964204576841 124.15423927255516 -0.55879626495650225 73.64520315773909 82.975114552398978 18.67382501981557 -37.276023771501869 -66.530252922463276 68.242404878017609 133.22352319729816 59.301444201586712 153.36637571877085
leaf_weight=73247 5406 86066 17566 1258 10206 318 5634 449 99192 35551 637 794 64957 45709 37417 542 28272 495 102392 4794 37807 14974 12411 51386 37765 3869 1956 12786 5651 493
leaf_count=73247 5406 86066 17566 1258 10206 318 5634 449 99192 35551 637 794 64957 45709 37417 542 28272 495 102392 4794 37807 14974 12411 51386 37765 3869 1956 12786 5651 493
internal_value=0.00124782 -7.74014 -19.0648 96.1938 -31.344 33.9161 156.634 65.2589 -24.7759 22.154 10.131 41.8424 14.222 -16.6004 -32.1953 74.0493 55.2505 213.819 -14.4567 124.022 1.4856 77.4288 81.7425 18.8682 -35.813 -59.679 62.0577 131.678 60.135 127.163
internal_weight=800000 740413 582150 59587 409797 158263 20173 39414 332681 122411 172353 36345 116980 158307 174374 35852 33678 6129 112598 5736 55373 27927 12953 52023 75182 77116 7925 14044 5969 5287
internal_count=800000 740413 582150 59587 409797 158263 20173 39414 332681 122411 172353 36345 116980 158307 174374 35852 33678 6129 112598 5736 55373 27927 12953 52023 75182 77116 7925 14044 5969 5287
cat_boundaries=0 1 2 3 4 5 6 7 8 9 10 11 12 13 14 15 16 17 18
cat_threshold=32 11 12 33 3 4 4 12 49 1 12 8 17 32 16 40 12 3
is_linear=0
shrinkage=0.05


Tree=4
num_leaves=31
num_cat=18
split_feature=1 2 1 1 1 0 2 2 0 1 0 1 0 0 0 0 0 0 0 0 0 0 1 0 0 0 1 0 1 0
split_gain=2.15099e+11 1.26094e+11 7.53431e+10 4.02283e+10 2.7533e+10 2.6959e+10 1.03988e+10 8.37568e+09 7.28103e+09 7.23242e+09 2.20051e+09 8.96358e+08 7.29274e+08 6.44391e+08 6.17773e+08 4.87595e+08 2.31688e+08 2.22064e+08 2.13619e+08 1.94321e+08 1.79777e+08 1.21114e+08 1.46456e+08 5.19324e+07 4.97712e+07 4.39816e+07 3.49574e+07 3.18897e+07 2.66071e+07 2.48803e+07
threshold=3.5000000000000004 1.5000000000000002 2.5000000000000004 4.5000000000000009 1.5000000000000002 0 1.5000000000000002 1.5000000000000002 1 1.5000000000000002 2 2.5000000000000004 3 4 5 6 7 8 9 10 11 12 1.5000000000000002 13 14 15 2.5000000000000004 16 1.5000000000000002 17
decision_type=2 2 2 2 2 1 2 2 1 2 1 2 1 1 1 1 1 1 1 1 1 1 2 1 1 1 2 1 2 1
left_child=1 2 4 7 25 9 27 16 13 -3 20 -11 23 18 -10 26 -2 -8 -6 -9 -4 22 -17 -12 -16 -1 28 -5 -7 -21
right_child=3 5 10 6 8 15 17 19 14 11 12 -13 -14 -15 24 21 -18 -19 -20 29 -22 -23 -24 -25 -26 -27 -28 -29 -30 -31
leaf_value=-56.335297933260371 42.544149573761395 13.150170540450063 5.5895356476496829 114.7023019548288 -6.8139375935146012 71.20063560653783 206.97591672110104 78.34010572288031 -27.977520725331534 38.576844028928832 32.343394243403971 92.292014606773705 9.9736625122253688 -20.783422548974965 -32.61094641115605 52.273841282230471 54.35691244641319 152.452992592991 -14.422937896287022 117.95944878052018 -0.5308654688419473 69.965400971999742 78.826361044149976 17.740315203303371 -35.412715316629509 -63.212315198323509 64.830282996086012 127.65360149396948 56.336372829930717 145.85051021993044
leaf_weight=73247 5406 86066 17566 2953 10206 318 5634 449 99192 35551 637 794 64957 45709 37417 542 28272 495 102392 4794 37807 14974 12411 51386 37765 3869 1956 11091 5651 493
leaf_count=73247 5406 86066 17566 2953 10206 318 5634 449 99192 35551 637 794 64957 45709 37417 542 28272 495 102392 4794 37807 14974 12411 51386 37765 3869 1956 11091 5651 493
internal_value=0.00178458 -7.35322 -18.1117 91.3932 -29.7771 32.2206 148.818 62.0018 -23.5373 21.0463 9.62462 39.7503 13.5111 -15.7706 -30.5858 70.3479 52.4895 203.159 -13.7339 117.852 1.41137 73.5586 77.6554 17.9253 -34.0228 -56.6958 58.9548 125.103 57.1283 120.831
internal_weight=800000 740413 582150 59587 409797 158263 20173 39414 332681 122411 172353 36345 116980 158307 174374 35852 33678 6129 112598 5736 55373 27927 12953 52023 75182 77116 7925 14044 5969 5287
internal_count=800000 740413 582150 59587 409797 158263 20173 39414 332681 122411 172353 36345 116980 158307 174374 35852 33678 6129 112598 5736 55373 27927 12953 52023 75182 77116 7925 14044 5969 5287
cat_boundaries=0 1 2 3 4 5 6 7 8 9 10 11 12 13 14 15 16 17 18
cat_threshold=32 11 12 33 3 4 4 12 49 1 12 8 17 32 16 40 14 3
is_linear=0
shrinkage=0.05


Tree=5
num_leaves=31
num_cat=18
split_feature=1 2 1 1 1 0 2 2 0 1 0 1 0 0 0 0 0 0 0 0 0 0 1 0 0 0 1 0 1 0
split_gain=1.94163e+11 1.13801e+11 6.7999e+10 3.63142e+10 2.48494e+10 2.43315e+10 9.39013e+09 7.56596e+09 6.57126e+09 6.52726e+09 1.98603e+09 8.08963e+08 6.5824e+08 5.81586e+08 5.57602e+08 4.40139e+08 2.08976e+08 1.97779e+08 1.92777e+08 1.74497e+08 1.62258e+08 1.0921e+08 1.32177e+08 4.70451e+07 4.49196e+07 3.99567e+07 3.15491e+07 3.03517e+07 2.40129e+07 2.36927e+07
threshold=3.5000000000000004 1.5000000000000002 2.5000000000000004 4.5000000000000009 1.5000000000000002 0 1.5000000000000002 1.5000000000000002 1 1.5000000000000002 2 2.5000000000000004 3 4 5 6 7 8 9 10 11 12 1.5000000000000002 13 14 15 2.5000000000000004 16 1.5000000000000002 17
decision_type=2 2 2 2 2 1 2 2 1 2 1 2 1 1 1 1 1 1 1 1 1 1 2 1 1 1 2 1 2 1
left_child=1 2 4 7 25 9 27 16 13 -3 20 -11 23 18 -10 26 -2 -8 -6 -9 -4 22 -17 -12 -16 -1 28 -5 -7 -21
right_child=3 5 10 6 8 15 17 19 14 11 12 -13 -14 -15 24 21 -18 -19 -20 29 -22 -23 -24 -25 -26 -27 -28 -29 -30 -31
leaf_value=-53.508815683568699 40.420869711600517 12.492661723359692 5.3102178553288013 102.6596149534081 -6.4735740293537907 67.640604921256966 196.64545998079907 74.508438722760076 -26.578785373030144 36.648001891104492 30.75121781704415 87.677413946795525 9.4750559858473089 -19.744480116402439 -30.980835341887417 49.660150892180269 51.640027710019211 144.98128966902743 -13.701863706057194 112.07375757120531 -0.50432880575717354 66.469467599418678 74.885043467673128 16.853472486055541 -33.642549024934098 -59.885681837426546 61.588769521108681 120.27564099065287 53.519552765000583 138.70296422188611
leaf_weight=73025 5406 86066 17566 1258 10206 318 5634 449 99192 35551 637 794 64957 45709 37417 542 28272 495 102392 4794 37807 14974 12411 51386 37765 4091 1956 12786 5651 493
leaf_count=73025 5406 86066 17566 1258 10206 318 5634 449 99192 35551 637 794 64957 45709 37417 542 28272 495 102392 4794 37807 14974 12411 51386 37765 4091 1956 12786 5651 493
internal_value=0.00226901 -6.98564 -17.2063 86.8323 -28.2886 30.6098 141.392 58.9073 -22.3607 19.994 9.14358 37.7628 12.8358 -14.9822 -29.0568 66.8314 49.8665 193.03 -13.0473 111.989 1.34085 69.882 73.7726 17.0295 -32.3221 -53.8618 56.0071 118.856 54.2719 114.814
internal_weight=800000 740413 582150 59587 409797 158263 20173 39414 332681 122411 172353 36345 116980 158307 174374 35852 33678 6129 112598 5736 55373 27927 12953 52023 75182 77116 7925 14044 5969 5287
internal_count=800000 740413 582150 59587 409797 158263 20173 39414 332681 122411 172353 36345 116980 158307 174374 35852 33678 6129 112598 5736 55373 27927 12953 52023 75182 77116 7925 14044 5969 5287
cat_boundaries=0 1 2 3 4 5 6 7 8 9 10 11 12 13 14 15 16 17 18
cat_threshold=32 11 12 33 3 4 4 12 49 1 12 8 17 32 16 32 12 3
is_linear=0
shrinkage=0.05


Tree=6
num_leaves=31
num_cat=19
split_feature=1 2 1 1 1 0 2 2 0 1 0 1 0 0 0 0 0 0 0 0 0 0 1 0 0 0 0 1 0 0
split_gain=1.75265e+11 1.02707e+11 6.13707e+10 3.27809e+10 2.24274e+10 2.19601e+10 8.47939e+09 6.83453e+09 5.93068e+09 5.89085e+09 1.79246e+09 7.30089e+08 5.94126e+08 5.24902e+08 5.03291e+08 3.97302e+08 1.8849e+08 1.76121e+08 1.73968e+08 1.56692e+08 1.46446e+08 9.84748e+07 1.19289e+08 4.26175e+07 4.05409e+07 3.62601e+07 3.064e+07 2.84731e+07 2.38502e+07 2.25073e+07
threshold=3.5000000000000004 1.5000000000000002 2.5000000000000004 4.5000000000000009 1.5000000000000002 0 1.5000000000000002 1.5000000000000002 1 1.5000000000000002 2 2.5000000000000004 3 4 5 6 7 8 9 10 11 12 1.5000000000000002 13 14 15 16 2.5000000000000004 17 18
decision_type=2 2 2 2 2 1 2 2 1 2 1 2 1 1 1 1 1 1 1 1 1 1 2 1 1 1 1 2 1 1
left_child=1 2 4 7 25 9 26 16 13 -3 20 -11 23 18 -10 27 -2 -8 -6 -9 -4 22 -17 -12 -16 -1 -5 -7 -18 -21
right_child=3 5 10 6 8 15 17 19 14 11 12 -13 -14 -15 24 21 28 -19 -20 29 -22 -23 -24 -25 -26 -27 -28 -29 -30 -31
leaf_value=-50.842874311758045 38.40355882489699 11.868028615418734 5.0448579499232649 103.3670219511186 -6.1502120643410727 51.558262062136663 186.83060658307554 70.864177283326526 -25.249978317424862 34.81560068940356 29.237422368847053 83.293544272271447 9.0013755347712685 -18.757472526126261 -29.4322062970571 47.177143090490489 47.966037654876715 137.87577021381642 -13.016835978340305 106.48173056669179 -0.47911817588637701 63.148209486908925 71.14078863372292 16.010963211897163 -31.960866218011478 -57.073282874408044 115.2683095413289 58.509329775457246 52.582902044519962 131.90568983426863
leaf_weight=73247 5406 86066 17566 2953 10206 5969 5634 449 99192 35551 637 794 64957 45709 37417 542 21691 495 102392 4794 37807 14974 12411 51386 37765 3869 11091 1956 6581 493
leaf_count=73247 5406 86066 17566 2953 10206 5969 5634 449 99192 35551 637 794 64957 45709 37417 542 21691 495 102392 4794 37807 14974 12411 51386 37765 3869 11091 1956 6581 493
internal_value=0.00269711 -6.63644 -16.3461 82.4989 -26.8744 29.0795 134.336 55.9672 -21.2428 18.9943 8.68658 35.8747 12.1943 -14.2332 -27.6042 63.4908 47.3745 183.407 -12.395 106.418 1.27385 66.3891 70.084 16.1785 -30.7065 -51.1695 112.922 53.2067 49.0589 109.097
internal_weight=800000 740413 582150 59587 409797 158263 20173 39414 332681 122411 172353 36345 116980 158307 174374 35852 33678 6129 112598 5736 55373 27927 12953 52023 75182 77116 14044 7925 28272 5287
internal_count=800000 740413 582150 59587 409797 158263 20173 39414 332681 122411 172353 36345 116980 158307 174374 35852 33678 6129 112598 5736 55373 27927 12953 52023 75182 77116 14044 7925 28272 5287
cat_boundaries=0 1 2 3 4 5 6 7 8 9 10 11 12 13 14 15 16 17 18 19
cat_threshold=32 11 12 33 3 4 4 12 49 1 12 8 17 32 16 40 14 1 3
is_linear=0
shrinkage=0.05


Tree=7
num_leaves=31
num_cat=18
split_feature=1 2 1 1 1 0 2 2 0 1 0 1 0 0 0 0 0 0 0 0 0 0 1 0 0 0 0 1 1 0
split_gain=1.58208e+11 9.2695e+10 5.53886e+10 2.95909e+10 2.02415e+10 1.98198e+10 7.65692e+09 6.17364e+09 5.35255e+09 5.31649e+09 1.61775e+09 6.58906e+08 5.36256e+08 4.73743e+08 4.5427e+08 3.58634e+08 1.70046e+08 1.56995e+08 1.5681e+08 1.40701e+08 1.32175e+08 8.87951e+07 1.07659e+08 3.86064e+07 3.6589e+07 3.29342e+07 2.83699e+07 2.56969e+07 2.16717e+07 2.15746e+07
threshold=3.5000000000000004 1.5000000000000002 2.5000000000000004 4.5000000000000009 1.5000000000000002 0 1.5000000000000002 1.5000000000000002 1 1.5000000000000002 2 2.5000000000000004 3 4 5 6 7 8 9 10 11 12 1.5000000000000002 13 14 15 16 2.5000000000000004 1.5000000000000002 17
decision_type=2 2 2 2 2 1 2 2 1 2 1 2 1 1 1 1 1 1 1 1 1 1 2 1 1 1 1 2 2 1
left_child=1 2 4 7 25 9 26 16 13 -3 20 -11 23 17 -10 27 -2 -6 -8 -9 -4 22 -17 -12 -16 -1 -5 28 -7 -18
right_child=3 5 10 6 8 15 18 19 14 11 12 -13 -14 -15 24 21 29 -19 -20 -21 -22 -23 -24 -25 -26 -27 -28 -29 -30 -31
leaf_value=-48.291946771694441 36.486925276044204 11.27463021422985 4.7927566741085768 92.439525629368504 -5.8430016494954859 61.680661858252762 177.50563141780913 67.398165294339719 -23.987608214050137 33.074821363943066 27.798146642967943 79.128868974065909 8.5513759625103543 -17.81980344300122 -27.960991707246155 44.818287351826463 45.568842491106665 -12.366057793590855 131.11849273794948 103.66465239018028 -0.45516910238760522 59.992907642764457 67.583748831459658 15.210569965498895 -30.363246719589462 -54.068857888308017 108.58647129615795 55.583864768443668 48.26566283827313 49.957746679832425
leaf_weight=73025 5406 86066 17566 1258 10206 318 5634 449 99192 35551 637 794 64957 45709 37417 542 21691 102392 495 5287 37807 14974 12411 51386 37765 4091 12786 1956 5651 6581
leaf_count=73025 5406 86066 17566 1258 10206 318 5634 449 99192 35551 637 794 64957 45709 37417 542 21691 102392 495 5287 37807 14974 12411 51386 37765 4091 12786 1956 5651 6581
internal_value=0.00311264 -6.30469 -15.529 78.3823 -25.531 27.6257 127.633 53.1745 -20.1809 18.0446 8.25242 34.0809 11.5848 -13.5216 -26.2242 60.3171 45.0078 -11.7754 174.263 101.124 1.2102 63.0707 66.5798 15.37 -29.1716 -48.6117 107.283 50.5464 48.9804 46.6078
internal_weight=800000 740413 582150 59587 409797 158263 20173 39414 332681 122411 172353 36345 116980 158307 174374 35852 33678 112598 6129 5736 55373 27927 12953 52023 75182 77116 14044 7925 5969 28272
internal_count=800000 740413 582150 59587 409797 158263 20173 39414 332681 122411 172353 36345 116980 158307 174374 35852 33678 112598 6129 5736 55373 27927 12953 52023 75182 77116 14044 7925 5969 28272
cat_boundaries=0 1 2 3 4 5 6 7 8 9 10 11 12 13 14 15 16 17 18
cat_threshold=32 11 12 33 3 4 4 12 1 49 12 8 17 32 16 32 12 1
is_linear=0
shrinkage=0.05


Tree=8
num_leaves=31
num_cat=18
split_feature=1 2 1 1 1 0 2 2 0 1 0 1 0 0 0 0 0 0 0 0 0 0 1 0 0 0 0 0 1 1
split_gain=1.42807e+11 8.36586e+10 4.99895e+10 2.67124e+10 1.82686e+10 1.78881e+10 6.91429e+09 5.57442e+09 4.83077e+09 4.79814e+09 1.46008e+09 5.94662e+08 4.84023e+08 4.2757e+08 4.10023e+08 3.2373e+08 1.53407e+08 1.41678e+08 1.39592e+08 1.26219e+08 1.19295e+08 8.0067e+07 9.71619e+07 3.49727e+07 3.30224e+07 3.05182e+07 2.98921e+07 2.89251e+07 2.31915e+07 1.95587e+07
threshold=3.5000000000000004 1.5000000000000002 2.5000000000000004 4.5000000000000009 1.5000000000000002 0 1.5000000000000002 1.5000000000000002 1 1.5000000000000002 2 2.5000000000000004 3 4 5 6 7 8 9 10 11 12 1.5000000000000002 13 14 15 16 17 2.5000000000000004 1.5000000000000002
decision_type=2 2 2 2 2 1 2 2 1 2 1 2 1 1 1 1 1 1 1 1 1 1 2 1 1 1 1 1 2 2
left_child=1 2 4 7 26 9 27 16 13 -3 20 -11 23 17 -10 28 -2 -6 -8 -9 -4 22 -17 -12 -16 -21 -1 -5 29 -7
right_child=3 5 10 6 8 15 18 19 14 11 12 -13 -14 -15 24 21 -18 -19 -20 25 -22 -23 -24 -25 -26 -27 -28 -29 -30 -31
leaf_value=-45.885936428524644 34.665948362214884 10.710897122537961 4.5532557730084395 93.147887409839768 -5.5511380327942792 58.596628800877994 168.64607528413467 64.101675637926675 -22.78834773982495 31.421081733537296 26.429719222715871 75.172424241457549 8.1238736581242357 -16.929007533228681 -26.563314669708166 42.57737148212771 44.279070951149407 -11.747815334789223 124.69238808660225 95.996284357971405 -0.43241686424680853 56.995264385934199 64.204562548209466 14.450189161195357 -28.845485452850159 120.36133910571606 -51.530502250299655 104.08565197436404 52.804672211957126 45.852379193809725
leaf_weight=73247 5406 86066 17566 2953 10206 318 5634 449 99192 35551 637 794 64957 45709 37417 542 28272 102392 495 4794 37807 14974 12411 51386 37765 493 3869 11091 1956 5651
leaf_count=73247 5406 86066 17566 2953 10206 318 5634 449 99192 35551 637 794 64957 45709 37417 542 28272 102392 495 4794 37807 14974 12411 51386 37765 493 3869 11091 1956 5651
internal_value=0.00339975 -5.98953 -14.7527 74.47 -24.2547 26.2446 121.264 50.5197 -19.172 17.1423 7.83996 32.3769 11.0058 -12.8457 -24.9133 57.3021 42.7594 -11.1867 165.575 96.0827 1.14973 59.9183 63.2508 14.6019 -27.7134 98.4912 -46.1818 101.926 48.0191 46.5313
internal_weight=800000 740413 582150 59587 409797 158263 20173 39414 332681 122411 172353 36345 116980 158307 174374 35852 33678 112598 6129 5736 55373 27927 12953 52023 75182 5287 77116 14044 7925 5969
internal_count=800000 740413 582150 59587 409797 158263 20173 39414 332681 122411 172353 36345 116980 158307 174374 35852 33678 112598 6129 5736 55373 27927 12953 52023 75182 5287 77116 14044 7925 5969
cat_boundaries=0 1 2 3 4 5 6 7 8 9 10 11 12 13 14 15 16 17 18
cat_threshold=32 11 12 33 3 4 4 12 1 49 12 8 17 32 16 3 40 14
is_linear=0
shrinkage=0.05


Tree=9
num_leaves=31
num_cat=19
split_feature=1 2 1 1 1 0 2 2 0 1 0 1 0 0 0 0 0 0 0 0 0 0 1 0 0 0 0 0 0 1
split_gain=1.28908e+11 7.55031e+10 4.51168e+10 2.41134e+10 1.6488e+10 1.61447e+10 6.24364e+09 5.03553e+09 4.35986e+09 4.33032e+09 1.31777e+09 5.36683e+08 4.36878e+08 3.85897e+08 3.70086e+08 2.92222e+08 1.38368e+08 1.27855e+08 1.24244e+08 1.13332e+08 1.0767e+08 7.21968e+07 8.76886e+07 3.16809e+07 2.98035e+07 2.84388e+07 2.71436e+07 2.6172e+07 2.10844e+07 2.09303e+07
threshold=3.5000000000000004 1.5000000000000002 2.5000000000000004 4.5000000000000009 1.5000000000000002 0 1.5000000000000002 1.5000000000000002 1 1.5000000000000002 2 2.5000000000000004 3 4 5 6 7 8 9 10 11 12 1.5000000000000002 13 14 15 16 17 18 2.5000000000000004
decision_type=2 2 2 2 2 1 2 2 1 2 1 2 1 1 1 1 1 1 1 1 1 1 2 1 1 1 1 1 1 2
left_child=1 2 4 7 26 9 27 16 13 -3 20 -11 23 17 -10 29 -2 -6 -8 -9 -4 22 -17 -12 -16 -21 -1 -5 -18 -7
right_child=3 5 10 6 8 15 18 19 14 11 12 -13 -14 -15 24 21 28 -19 -20 25 -22 -23 -24 -25 -26 -27 -28 -29 -30 -31
leaf_value=-43.583694476581186 32.935850981313685 10.17535220053921 4.3257234889021996 83.233335720627849 -5.2738530419492688 44.20476720371844 160.22870930023521 60.966418332367937 -21.649045631394813 29.850026608948596 25.12865747277851 71.413802136041667 7.7177426432099701 -16.082741995818786 -25.235503742206703 40.44850110127917 41.078514279194636 -11.160482139229408 118.58122572946077 91.206462218739603 -0.41080111126766444 54.147400351518684 60.994336177674398 13.72782010542427 -27.403593444995892 114.46291615616968 -48.817042258494489 98.033617383554684 45.253055698798185 50.164439608178014
leaf_weight=73025 5406 86066 17566 1258 10206 5969 5634 449 99192 35551 637 794 64957 45709 37417 542 21691 102392 495 4794 37807 14974 12411 51386 37765 493 4091 12786 6581 1956
leaf_count=73025 5406 86066 17566 1258 10206 5969 5634 449 99192 35551 637 794 64957 45709 37417 542 21691 102392 495 4794 37807 14974 12411 51386 37765 493 4091 12786 6581 1956
internal_value=0.00369863 -5.69012 -14.0152 70.7536 -23.0422 24.9326 115.213 47.9982 -18.2136 16.2852 7.44812 30.758 10.4557 -12.2035 -23.6678 54.4378 40.6226 -10.6274 157.32 91.303 1.09228 56.9234 60.0882 13.8722 -26.3281 93.5871 -43.8733 96.8369 42.0659 45.6181
internal_weight=800000 740413 582150 59587 409797 158263 20173 39414 332681 122411 172353 36345 116980 158307 174374 35852 33678 112598 6129 5736 55373 27927 12953 52023 75182 5287 77116 14044 28272 7925
internal_count=800000 740413 582150 59587 409797 158263 20173 39414 332681 122411 172353 36345 116980 158307 174374 35852 33678 112598 6129 5736 55373 27927 12953 52023 75182 5287 77116 14044 28272 7925
cat_boundaries=0 1 2 3 4 5 6 7 8 9 10 11 12 13 14 15 16 17 18 19
cat_threshold=32 11 12 33 3 4 4 12 1 49 12 8 17 32 16 3 32 12 1
is_linear=0
shrinkage=0.05


Tree=10
num_leaves=31
num_cat=19
split_feature=1 2 1 1 1 0 2 2 0 1 0 1 0 0 0 0 0 0 0 0 0 0 1 0 0 0 0 0 0 1
split_gain=1.16362e+11 6.81426e+10 4.0719e+10 2.17668e+10 1.4881e+10 1.45712e+10 5.63808e+09 4.54862e+09 3.93485e+09 3.90811e+09 1.18933e+09 4.84356e+08 3.94324e+08 3.48286e+08 3.3404e+08 2.63782e+08 1.24829e+08 1.1538e+08 1.10564e+08 1.01759e+08 9.71774e+07 6.51001e+07 7.9139e+07 2.86988e+07 2.69365e+07 2.68982e+07 2.64797e+07 2.46408e+07 1.90676e+07 1.88896e+07
threshold=3.5000000000000004 1.5000000000000002 2.5000000000000004 4.5000000000000009 1.5000000000000002 0 1.5000000000000002 1.5000000000000002 1 1.5000000000000002 2 2.5000000000000004 3 4 5 6 7 8 9 10 11 12 1.5000000000000002 13 14 15 16 17 18 2.5000000000000004
decision_type=2 2 2 2 2 1 2 2 1 2 1 2 1 1 1 1 1 1 1 1 1 1 2 1 1 1 1 1 1 2
left_child=1 2 4 7 27 9 24 16 13 -3 20 -11 23 17 -10 29 -2 -6 -8 -9 -4 22 -17 -12 -5 -16 -21 -1 -18 -7
right_child=3 5 10 6 8 15 18 19 14 11 12 -13 -14 -15 25 21 28 -19 -20 26 -22 -23 -24 -25 -26 -27 -28 -29 -30 -31
leaf_value=-41.412272979784966 31.292098991134846 9.6665845531524539 4.1095595306003423 83.935261231267575 -5.0104186876966512 41.99452880886377 152.2314664116825 57.984510695181122 -20.566701729939194 28.357527211940308 23.891646332718675 67.843114005888751 7.3319157812005891 -15.278779873511812 -23.974065113600179 38.426076589211334 39.025536876161837 -10.60251286920748 112.7695687499849 86.655632339091625 -0.39026624125422071 51.441839055447296 57.944619998097394 13.041563525568401 93.988792050497977 -26.033775088608781 108.85355067821905 -46.526060602178774 42.993835434460024 47.656215272785943
leaf_weight=73247 5406 86066 17566 2953 10206 5969 5634 449 99192 35551 637 794 64957 45709 37417 542 21691 102392 495 4794 37807 14974 12411 51386 11091 37765 493 3869 6581 1956
leaf_count=73247 5406 86066 17566 2953 10206 5969 5634 449 99192 35551 637 794 64957 45709 37417 542 21691 102392 495 4794 37807 14974 12411 51386 11091 37765 493 3869 6581 1956
internal_value=0.00398361 -5.40567 -13.3145 67.223 -21.8904 23.6861 109.464 45.6032 -17.3031 15.471 7.07586 29.2201 9.93311 -11.5934 -22.4846 51.7167 38.5933 -10.0961 149.477 86.7611 1.0377 54.0782 57.0838 13.179 92.0015 -25.012 88.9271 -41.6802 39.9641 43.3372
internal_weight=800000 740413 582150 59587 409797 158263 20173 39414 332681 122411 172353 36345 116980 158307 174374 35852 33678 112598 6129 5736 55373 27927 12953 52023 14044 75182 5287 77116 28272 7925
internal_count=800000 740413 582150 59587 409797 158263 20173 39414 332681 122411 172353 36345 116980 158307 174374 35852 33678 112598 6129 5736 55373 27927 12953 52023 14044 75182 5287 77116 28272 7925
cat_boundaries=0 1 2 3 4 5 6 7 8 9 10 11 12 13 14 15 16 17 18 19
cat_threshold=32 11 12 33 3 4 4 12 1 49 12 8 17 32 14 16 3 40 1
is_linear=0
shrinkage=0.05


Tree=11
num_leaves=31
num_cat=20
split_feature=1 2 1 1 1 0 2 2 0 1 0 1 0 0 0 0 0 0 0 0 0 0 1 0 0 0 0 0 0 0
split_gain=1.05038e+11 6.14997e+10 3.67499e+10 1.96486e+10 1.34305e+10 1.31511e+10 5.09121e+09 4.1088e+09 3.55128e+09 3.52707e+09 1.07341e+09 4.37131e+08 3.55917e+08 3.14341e+08 3.01504e+08 2.38109e+08 1.12614e+08 1.04123e+08 9.83718e+07 9.13643e+07 8.77077e+07 5.87008e+07 7.14229e+07 2.59973e+07 2.46367e+07 2.42763e+07 2.4124e+07 2.23692e+07 1.77545e+07 1.72436e+07
threshold=3.5000000000000004 1.5000000000000002 2.5000000000000004 4.5000000000000009 1.5000000000000002 0 1.5000000000000002 1.5000000000000002 1 1.5000000000000002 2 2.5000000000000004 3 4 5 6 7 8 9 10 11 12 1.5000000000000002 13 14 15 16 17 18 19
decision_type=2 2 2 2 2 1 2 2 1 2 1 2 1 1 1 1 1 1 1 1 1 1 2 1 1 1 1 1 1 1
left_child=1 2 4 7 27 9 26 16 13 -3 20 -11 23 17 -10 -7 -2 -6 -8 -9 -4 22 -17 -12 -21 -16 -5 -1 -14 -18
right_child=3 5 10 6 8 15 18 19 14 11 12 -13 28 -15 25 21 29 -19 -20 24 -22 -23 -24 -25 -26 -27 -28 -29 -30 -31
leaf_value=-39.33447837459272 29.730381552753983 9.1832528612962907 3.9041994507224871 79.752664089814417 -4.7601431763908533 41.170365214404931 144.63338132975881 55.148445707832288 -19.538471761315762 26.939649042222488 22.715527258166205 64.450955732283134 9.3017562683923227 -14.515009337269015 -22.775683189141052 36.504772676684901 37.075159136237467 -10.072438667038497 107.24274470263188 82.331867330258945 -0.37075945211149719 48.871463998133031 55.047386282236261 12.38961309346441 103.51907859560748 -24.732432531207863 89.293588994265292 -44.075351338946398 6.665669563670054 40.847406457505414
leaf_weight=73025 5406 86066 17566 2953 10206 7925 5634 449 99192 35551 637 794 7351 45709 37417 542 21691 102392 495 4794 37807 14974 12411 51386 493 37765 11091 4091 57606 6581
leaf_count=73025 5406 86066 17566 2953 10206 7925 5634 449 99192 35551 637 794 7351 45709 37417 542 21691 102392 495 4794 37807 14974 12411 51386 493 37765 11091 4091 57606 6581
internal_value=0.00423355 -5.13545 -12.6489 63.8687 -20.7961 22.502 104.002 43.3277 -16.4381 14.6974 6.7222 27.7591 9.43664 -11.0138 -21.3606 49.1315 36.6653 -9.59139 142.025 82.4452 0.985848 51.3752 54.2296 12.5204 84.4992 -23.7617 87.4078 -39.5968 6.96537 37.9674
internal_weight=800000 740413 582150 59587 409797 158263 20173 39414 332681 122411 172353 36345 116980 158307 174374 35852 33678 112598 6129 5736 55373 27927 12953 52023 5287 75182 14044 77116 64957 28272
internal_count=800000 740413 582150 59587 409797 158263 20173 39414 332681 122411 172353 36345 116980 158307 174374 35852 33678 112598 6129 5736 55373 27927 12953 52023 5287 75182 14044 77116 64957 28272
cat_boundaries=0 1 2 3 4 5 6 7 8 9 10 11 12 13 14 15 16 17 18 19 20
cat_threshold=32 11 12 33 3 4 4 12 1 49 12 8 17 32 3 16 14 32 16 1
is_linear=0
shrinkage=0.05


Tree=12
num_leaves=31
num_cat=18
split_feature=1 2 1 1 1 0 2 2 0 1 0 1 0 0 0 0 0 0 0 0 0 0 1 0 0 0 0 1 1 0
split_gain=9.48153e+10 5.55048e+10 3.31677e+10 1.77366e+10 1.21215e+10 1.18697e+10 4.59739e+09 3.7115e+09 3.20509e+09 3.18318e+09 9.68796e+08 3.94511e+08 3.21241e+08 2.83704e+08 2.72137e+08 2.1481e+08 1.01594e+08 9.39642e+07 8.7508e+07 8.6339e+07 7.91606e+07 5.29307e+07 6.44592e+07 2.43916e+07 2.355e+07 2.19098e+07 2.03108e+07 1.70479e+07 1.76517e+07 1.60309e+07
threshold=3.5000000000000004 1.5000000000000002 2.5000000000000004 4.5000000000000009 1.5000000000000002 0 1.5000000000000002 1.5000000000000002 1 1.5000000000000002 2 2.5000000000000004 3 4 5 6 7 8 9 10 11 12 1.5000000000000002 13 14 15 16 2.5000000000000004 1.5000000000000002 17
decision_type=2 2 2 2 2 1 2 2 1 2 1 2 1 1 1 1 1 1 1 1 1 1 2 1 1 1 1 2 2 1
left_child=1 2 4 7 26 9 23 16 13 -3 20 -11 24 17 -10 27 -2 -6 -8 -9 -4 22 -17 -5 -12 -16 -1 28 -7 -14
right_child=3 5 10 6 8 15 18 19 14 11 12 -13 29 -15 25 21 -18 -19 -20 -21 -22 -23 -24 -25 -26 -27 -28 -29 -30 -31
leaf_value=-37.374766927325261 28.246608564772671 8.7240933524820701 3.7090995862313605 70.984640487436238 -4.5223702635724008 49.298313386785168 137.41452290078243 81.782689279988944 -18.561645613145242 25.592666188519278 21.597305508927548 61.228408102218239 8.8373000806350621 -13.789418122000724 -21.637204298764271 34.679535940036565 36.070382423061481 -9.5688660296288397 101.98679106230783 62.239781813848381 -0.35222609858612874 46.429520030054768 52.295018275236878 84.108584852582339 11.770252023072398 -23.496138621009006 -42.007667384942991 43.21488703121193 37.191274903453866 6.3324457936586853
leaf_weight=73247 5406 86066 17566 1258 10206 318 5634 4653 99192 35551 637 794 7351 45709 37417 542 28272 102392 495 1083 37807 14974 12411 12786 51386 37765 3869 1956 5651 57606
leaf_count=73247 5406 86066 17566 1258 10206 318 5634 4653 99192 35551 637 794 7351 45709 37417 542 28272 102392 495 1083 37807 14974 12411 12786 51386 37765 3869 1956 5651 57606
internal_value=0.00448112 -4.8787 -12.0166 60.6817 -19.7565 21.3771 98.8119 41.1658 -15.6163 13.9625 6.38625 26.3712 8.96503 -10.4632 -20.2928 46.6762 34.8336 -9.11189 134.944 78.3439 0.936587 48.8073 51.5182 83.0434 11.8947 -22.574 -37.6175 39.1144 37.8363 6.61723
internal_weight=800000 740413 582150 59587 409797 158263 20173 39414 332681 122411 172353 36345 116980 158307 174374 35852 33678 112598 6129 5736 55373 27927 12953 14044 52023 75182 77116 7925 5969 64957
internal_count=800000 740413 582150 59587 409797 158263 20173 39414 332681 122411 172353 36345 116980 158307 174374 35852 33678 112598 6129 5736 55373 27927 12953 14044 52023 75182 77116 7925 5969 64957
cat_boundaries=0 1 2 3 4 5 6 7 8 9 10 11 12 13 14 15 16 17 18
cat_threshold=32 11 12 33 3 4 4 12 1 49 49 8 17 12 32 16 40 16
is_linear=0
shrinkage=0.05


Tree=13
num_leaves=31
num_cat=19
split_feature=1 2 1 1 1 0 2 2 0 1 0 1 0 0 0 0 0 0 0 0 0 0 1 0 0 0 0 0 0 1
split_gain=8.55849e+10 5.00939e+10 2.99347e+10 1.60115e+10 1.09401e+10 1.07129e+10 4.15151e+09 3.35151e+09 2.89266e+09 2.87282e+09 8.74379e+08 3.56046e+08 2.89943e+08 2.56053e+08 2.45631e+08 1.93903e+08 9.1635e+07 8.47965e+07 7.82708e+07 7.78293e+07 7.14466e+07 4.77277e+07 5.81744e+07 2.74594e+07 2.21505e+07 2.1333e+07 1.97741e+07 1.84331e+07 1.66362e+07 1.53857e+07
threshold=3.5000000000000004 1.5000000000000002 2.5000000000000004 4.5000000000000009 1.5000000000000002 0 1.5000000000000002 1.5000000000000002 1 1.5000000000000002 2 2.5000000000000004 3 4 5 6 7 8 9 10 11 12 1.5000000000000002 13 14 15 16 17 18 2.5000000000000004
decision_type=2 2 2 2 2 1 2 2 1 2 1 2 1 1 1 1 1 1 1 1 1 1 2 1 1 1 1 1 1 2
left_child=1 2 4 7 27 9 24 16 13 -3 20 -11 25 17 -10 29 -2 -6 -9 -8 -4 22 -17 -20 -5 -12 -16 -1 -18 -7
right_child=3 5 10 6 8 15 19 18 14 11 12 -13 -14 -15 26 21 28 -19 23 -21 -22 -23 -24 -25 -26 -27 -28 -29 -30 -31
leaf_value=-35.499541748580548 26.836883682690484 8.2878872666604835 3.523751279593708 71.865853934621143 -4.2964707707275895 35.944467195519493 130.55597359213232 49.406910222132488 -17.63365636185959 24.313033312854714 20.534129658364439 58.16698893203543 6.2864846862432033 -13.100097591411453 -20.555633237354456 32.945557511248715 33.419567070813912 -9.0904694540440438 94.438186762110149 96.988425904831089 -0.33461934838714996 44.109595346924976 49.680266828951837 74.272178654666746 80.631289088551 11.181854115915591 -22.321641092124956 -39.794236087636293 37.007350383024082 41.054140902930733
leaf_weight=73025 5406 86066 17566 2953 10206 5969 5634 449 99192 35551 637 794 64957 45709 37417 542 21691 102392 493 495 37807 14974 12411 4794 11091 51386 37765 4091 6581 1956
leaf_count=73025 5406 86066 17566 2953 10206 5969 5634 449 99192 35551 637 794 64957 45709 37417 542 21691 102392 493 495 37807 14974 12411 4794 11091 51386 37765 4091 6581 1956
internal_value=0.00458859 -4.63482 -11.4159 57.6527 -18.7689 20.3084 93.8811 39.1101 -14.8356 13.2644 6.06709 25.0526 8.51699 -9.94017 -19.2783 44.3431 33.0929 -8.65636 74.4393 128.216 0.889788 46.3678 48.9422 76.3273 78.8968 11.3003 -21.4456 -35.7371 34.2675 37.1587
internal_weight=800000 740413 582150 59587 409797 158263 20173 39414 332681 122411 172353 36345 116980 158307 174374 35852 33678 112598 5736 6129 55373 27927 12953 5287 14044 52023 75182 77116 28272 7925
internal_count=800000 740413 582150 59587 409797 158263 20173 39414 332681 122411 172353 36345 116980 158307 174374 35852 33678 112598 5736 6129 55373 27927 12953 5287 14044 52023 75182 77116 28272 7925
cat_boundaries=0 1 2 3 4 5 6 7 8 9 10 11 12 13 14 15 16 17 18 19
cat_threshold=32 11 12 33 3 4 4 12 1 12 49 8 17 48 14 32 16 32 1
is_linear=0
shrinkage=0.05


Tree=14
num_leaves=31
num_cat=20
split_feature=1 2 1 1 1 0 2 2 0 1 0 1 0 0 0 0 0 0 0 0 0 0 1 0 0 0 0 0 0 0
split_gain=7.72557e+10 4.52104e+10 2.70168e+10 1.44533e+10 9.87376e+09 9.66879e+09 3.74884e+09 3.02744e+09 2.61068e+09 2.59272e+09 7.89156e+08 3.21332e+08 2.61702e+08 2.31097e+08 2.21705e+08 1.75031e+08 8.26682e+07 7.65232e+07 7.36275e+07 6.92074e+07 6.44842e+07 4.30361e+07 5.25024e+07 2.19845e+07 1.93246e+07 1.78465e+07 1.67406e+07 1.50417e+07 1.46076e+07 1.45101e+07
threshold=3.5000000000000004 1.5000000000000002 2.5000000000000004 4.5000000000000009 1.5000000000000002 0 1.5000000000000002 1.5000000000000002 1 1.5000000000000002 2 2.5000000000000004 3 4 5 6 7 8 9 10 11 12 1.5000000000000002 13 14 15 16 17 18 19
decision_type=2 2 2 2 2 1 2 2 1 2 1 2 1 1 1 1 1 1 1 1 1 1 2 1 1 1 1 1 1 1
left_child=1 2 4 7 26 9 23 16 13 -3 20 -11 24 17 -10 -7 -2 -6 28 -8 -4 22 -17 -5 -12 -16 -1 -18 -9 -14
right_child=3 5 10 6 8 15 19 18 14 11 12 -13 29 -15 25 21 27 -19 -20 -21 -22 -23 -24 -25 -26 -27 -28 -29 -30 -31
leaf_value=-33.730898964576738 25.497518649868987 7.8734943195580858 3.3476634701111125 63.898443287272563 -4.0818593317209606 35.300781607733029 124.03974102048652 89.810152527257415 -16.752065073625953 23.097384030709424 19.523291956622966 55.258639706051923 8.0821389432041535 -12.445236097094181 -19.528125551942168 31.298278662903286 31.749360045219511 -8.6359903835150913 55.987360906121062 92.235032664383994 -0.31789283194111839 41.905585953836706 47.196251410537414 75.936084250518405 10.622869877045568 -21.205854369541576 -37.928117339332623 35.159791489527201 71.792543282634639 5.7016088633777633
leaf_weight=73247 5406 86066 17566 1258 10206 7925 5634 493 99192 35551 637 794 7351 45709 37417 542 21691 102392 1083 495 37807 14974 12411 12786 51386 37765 3869 6581 4160 57606
leaf_count=73247 5406 86066 17566 1258 10206 7925 5634 493 99192 35551 637 794 7351 45709 37417 542 21691 102392 1083 495 37807 14974 12411 12786 51386 37765 3869 6581 4160 57606
internal_value=0.00474551 -4.40313 -10.8452 54.7759 -17.8306 19.2932 89.1965 37.1586 -14.094 12.6012 5.76386 23.8 8.0913 -9.44325 -18.3146 42.1265 31.4397 -8.2236 70.7363 121.824 0.845328 44.0502 46.4951 74.9574 10.7356 -20.3736 -33.9508 32.5554 73.8901 5.97221
internal_weight=800000 740413 582150 59587 409797 158263 20173 39414 332681 122411 172353 36345 116980 158307 174374 35852 33678 112598 5736 6129 55373 27927 12953 14044 52023 75182 77116 28272 4653 64957
internal_count=800000 740413 582150 59587 409797 158263 20173 39414 332681 122411 172353 36345 116980 158307 174374 35852 33678 112598 5736 6129 55373 27927 12953 14044 52023 75182 77116 28272 4653 64957
cat_boundaries=0 1 2 3 4 5 6 7 8 9 10 11 12 13 14 15 16 17 18 19 20
cat_threshold=32 11 12 33 3 4 4 12 1 49 49 8 17 12 32 16 40 1 48 16
is_linear=0
shrinkage=0.05


Tree=15
num_leaves=31
num_cat=18
split_feature=1 2 1 1 1 0 2 2 0 1 0 1 0 0 0 0 0 0 0 0 0 0 1 0 0 0 0 0 1 1
split_gain=6.97372e+10 4.08034e+10 2.43834e+10 1.30467e+10 8.91139e+09 8.72675e+09 3.38525e+09 2.73484e+09 2.35618e+09 2.33993e+09 7.12247e+08 2.90002e+08 2.36205e+08 2.08573e+08 2.00111e+08 1.57905e+08 7.45788e+07 6.96927e+07 6.90571e+07 6.15283e+07 5.82004e+07 3.88057e+07 4.73834e+07 2.6632e+07 2.01648e+07 1.75052e+07 1.61069e+07 1.51883e+07 1.38856e+07 1.59307e+07
threshold=3.5000000000000004 1.5000000000000002 2.5000000000000004 4.5000000000000009 1.5000000000000002 0 1.5000000000000002 1.5000000000000002 1 1.5000000000000002 2 2.5000000000000004 3 4 5 6 7 8 9 10 11 12 1.5000000000000002 13 14 15 16 17 2.5000000000000004 1.5000000000000002
decision_type=2 2 2 2 2 1 2 2 1 2 1 2 1 1 1 1 1 1 1 1 1 1 2 1 1 1 1 1 2 2
left_child=1 2 4 7 27 9 24 16 13 -3 20 -11 25 18 -10 28 -2 -9 -6 -8 -4 22 -17 -19 -5 -12 -16 -1 29 -7
right_child=3 5 10 6 8 15 19 17 14 11 12 -13 -14 -15 26 21 -18 23 -20 -21 -22 -23 -24 -25 -26 -27 -28 -29 -30 -31
leaf_value=-32.038495599512054 24.224996220572486 7.4798176824014648 3.180375729629437 64.75623873055001 -3.8779659697107718 43.271133956669267 117.84874271592885 36.905895605190196 -15.914545254032376 21.94251257253228 18.562216412928965 52.495708458850004 5.6737040467962254 -11.823109816554734 -18.551978950012273 29.73336431883358 30.928785401066378 85.408921207253556 -8.204232887084526 87.71460271495404 -0.30200292505724818 39.811704602002209 44.836439965039929 66.668946383905748 72.809971458174587 10.091830912790222 -20.145843072868516 -35.928955864435402 37.236397523492393 31.769448498256903
leaf_weight=73025 5406 86066 17566 2953 10206 318 5634 268 99192 35551 637 794 64957 45709 37417 542 28272 493 102392 495 37807 14974 12411 4975 11091 51386 37765 4091 1956 5651
leaf_count=73025 5406 86066 17566 2953 10206 318 5634 268 99192 35551 637 794 64957 45709 37417 542 28272 493 102392 495 37807 14974 12411 4975 11091 51386 37765 4091 1956 5651
internal_value=0.00490547 -4.18299 -10.303 52.0427 -16.9393 18.3287 84.7455 35.3046 -13.3894 11.9711 5.4758 22.61 7.68692 -8.97116 -17.399 40.0213 29.8691 67.2185 -7.81247 115.75 0.803088 41.8484 44.1704 68.5114 71.2145 10.1991 -19.3552 -32.2537 33.538 32.3822
internal_weight=800000 740413 582150 59587 409797 158263 20173 39414 332681 122411 172353 36345 116980 158307 174374 35852 33678 5736 112598 6129 55373 27927 12953 5468 14044 52023 75182 77116 7925 5969
internal_count=800000 740413 582150 59587 409797 158263 20173 39414 332681 122411 172353 36345 116980 158307 174374 35852 33678 5736 112598 6129 55373 27927 12953 5468 14044 52023 75182 77116 7925 5969
cat_boundaries=0 1 2 3 4 5 6 7 8 9 10 11 12 13 14 15 16 17 18
cat_threshold=32 11 12 33 3 4 4 12 4 1 49 8 17 48 14 32 16 32
is_linear=0
shrinkage=0.05


Tree=16
num_leaves=31
num_cat=18
split_feature=1 2 1 1 1 0 2 2 0 1 0 1 0 0 0 0 0 0 0 0 0 0 1 0 0 0 0 0 1 1
split_gain=6.29496e+10 3.68256e+10 2.20066e+10 1.17774e+10 8.04281e+09 7.87622e+09 3.0569e+09 2.47037e+09 2.1265e+09 2.11179e+09 6.42826e+08 2.61727e+08 2.13223e+08 1.88245e+08 1.8062e+08 1.42536e+08 6.72679e+07 6.40402e+07 6.23194e+07 5.46898e+07 5.25288e+07 3.49912e+07 4.27635e+07 1.96906e+07 1.7072e+07 1.45368e+07 1.43672e+07 1.37971e+07 1.25318e+07 1.43774e+07
threshold=3.5000000000000004 1.5000000000000002 2.5000000000000004 4.5000000000000009 1.5000000000000002 0 1.5000000000000002 1.5000000000000002 1 1.5000000000000002 2 2.5000000000000004 3 4 5 6 7 8 9 10 11 12 1.5000000000000002 13 14 15 16 17 2.5000000000000004 1.5000000000000002
decision_type=2 2 2 2 2 1 2 2 1 2 1 2 1 1 1 1 1 1 1 1 1 1 2 1 1 1 1 1 2 2
left_child=1 2 4 7 27 9 23 16 13 -3 20 -11 -12 18 -10 28 -2 -9 -6 -8 -4 22 -17 -5 -14 -16 -18 -1 29 -7
right_child=3 5 10 6 8 15 19 17 14 11 12 -13 24 -15 25 21 26 -19 -20 -21 -22 -23 -24 -25 -26 -27 -28 -29 -30 -31
leaf_value=-30.44228792692078 23.015982815293128 7.105826671875942 3.0214466523950514 57.516439178238159 -3.6842563482589243 41.10758029634848 111.96674479995107 66.787537199485058 -15.118898045323803 20.845385768739408 5.1329404821150248 49.870920201933359 17.648450125350834 -11.232084608145797 -17.62462933468208 28.246699783634877 28.616895870762285 50.275544082191374 -7.7940607241705457 83.41571995083649 -0.28690650013023533 37.822447287641744 42.594619962673669 68.557936713054303 9.3143039907303535 -19.1388170424385 31.860375291931128 -34.244783545241091 35.374576269239491 30.180978897343149
leaf_weight=73247 5406 86066 17566 1258 10206 318 5634 4653 99192 35551 57606 794 637 45709 37417 542 21691 1083 102392 495 37807 14974 12411 12786 58737 37765 6581 3869 1956 5651
leaf_count=73247 5406 86066 17566 1258 10206 318 5634 4653 99192 35551 57606 794 637 45709 37417 542 21691 1083 102392 495 37807 14974 12411 12786 58737 37765 6581 3869 1956 5651
internal_value=0.0049839 -3.97389 -9.78796 49.4455 -16.0925 17.4124 80.5167 33.5425 -12.72 11.3726 5.20212 21.4795 7.30272 -8.52268 -16.5292 38.0208 28.3764 63.874 -7.4219 109.98 0.76296 39.7567 41.9619 67.6587 9.40667 -18.3877 29.3829 -30.6415 31.8611 30.7631
internal_weight=800000 740413 582150 59587 409797 158263 20173 39414 332681 122411 172353 36345 116980 158307 174374 35852 33678 5736 112598 6129 55373 27927 12953 14044 59374 75182 28272 77116 7925 5969
internal_count=800000 740413 582150 59587 409797 158263 20173 39414 332681 122411 172353 36345 116980 158307 174374 35852 33678 5736 112598 6129 55373 27927 12953 14044 59374 75182 28272 77116 7925 5969
cat_boundaries=0 1 2 3 4 5 6 7 8 9 10 11 12 13 14 15 16 17 18
cat_threshold=32 11 12 2 3 4 4 12 49 1 49 8 17 12 32 16 1 40
is_linear=0
shrinkage=0.05


Tree=17
num_leaves=31
num_cat=19
split_feature=1 2 1 1 1 0 2 2 0 1 0 1 0 0 0 0 0 0 0 0 0 0 1 0 0 0 0 0 0 1
split_gain=5.68219e+10 3.32357e+10 1.98615e+10 1.06317e+10 7.2589e+09 7.10859e+09 2.76043e+09 2.2307e+09 1.9192e+09 1.90589e+09 5.80172e+08 2.36208e+08 1.94732e+08 1.69898e+08 1.63028e+08 1.28664e+08 6.07811e+07 6.06855e+07 5.62392e+07 4.86011e+07 4.741e+07 3.15515e+07 3.85941e+07 2.73015e+07 1.82268e+07 1.43086e+07 1.31198e+07 1.29878e+07 1.25136e+07 1.13099e+07
threshold=3.5000000000000004 1.5000000000000002 2.5000000000000004 4.5000000000000009 1.5000000000000002 0 1.5000000000000002 1.5000000000000002 1 1.5000000000000002 2 2.5000000000000004 3 4 5 6 7 8 9 10 11 12 1.5000000000000002 13 14 15 16 17 18 2.5000000000000004
decision_type=2 2 2 2 2 1 2 2 1 2 1 2 1 1 1 1 1 1 1 1 1 1 2 1 1 1 1 1 1 2
left_child=1 2 4 7 28 9 24 17 13 -3 20 -11 25 18 -10 29 -9 -2 -6 -8 -4 22 -17 -18 -5 -12 -16 -19 -1 -7
right_child=3 5 10 6 8 15 19 16 14 11 12 -13 -14 -15 26 21 23 27 -20 -21 -22 -23 -24 -25 -26 -27 -28 -29 -30 -31
leaf_value=-28.914883391471125 21.867309353834067 6.7505361543399705 2.8704616307778199 58.347419923549971 -3.5002246186055519 29.224939938058085 106.37832815376771 32.703624221929111 -14.363029148585326 19.803115897422629 16.779666807478325 47.377375611730429 5.109798966274683 -10.670602706671882 -16.743632738716435 26.834362171848763 77.950385731115034 27.186711050107135 -7.4043965651982893 79.327522729552626 -0.27256426342286993 35.932588071868949 40.464890439699957 60.144483629530868 65.747942121423435 9.1217114906309558 -18.182129921590626 30.269774034037393 -32.439114903857202 33.605846709171445
leaf_weight=73025 5406 86066 17566 2953 10206 5969 5634 268 99192 35551 637 794 64957 45709 37417 542 493 21691 102392 495 37807 14974 12411 4975 11091 51386 37765 6581 4091 1956
leaf_count=73025 5406 86066 17566 2953 10206 5969 5634 268 99192 35551 637 794 64957 45709 37417 542 493 21691 102392 495 37807 14974 12411 4975 11091 51386 37765 6581 4091 1956
internal_value=0.00501931 -3.77524 -9.29865 46.9776 -15.2881 16.5419 76.4988 31.8679 -12.0842 10.8039 4.94211 20.4055 6.93772 -8.09662 -15.7029 36.1203 60.6905 26.9589 -7.05086 104.497 0.724837 37.7695 39.8638 61.8892 64.2802 9.21869 -17.4685 27.9148 -29.1098 30.268
internal_weight=800000 740413 582150 59587 409797 158263 20173 39414 332681 122411 172353 36345 116980 158307 174374 35852 5736 33678 112598 6129 55373 27927 12953 5468 14044 52023 75182 28272 77116 7925
internal_count=800000 740413 582150 59587 409797 158263 20173 39414 332681 122411 172353 36345 116980 158307 174374 35852 5736 33678 112598 6129 55373 27927 12953 5468 14044 52023 75182 28272 77116 7925
cat_boundaries=0 1 2 3 4 5 6 7 8 9 10 11 12 13 14 15 16 17 18 19
cat_threshold=32 11 12 33 3 4 4 4 12 1 49 8 17 48 14 32 16 1 32
is_linear=0
shrinkage=0.05


Tree=18
num_leaves=31
num_cat=20
split_feature=1 2 1 1 1 0 2 2 0 1 0 1 0 0 0 0 0 0 0 0 0 1 0 0 0 0 0 0 0 0
split_gain=5.12918e+10 2.99957e+10 1.79255e+10 9.59712e+09 6.5514e+09 6.41577e+09 2.49268e+09 2.01493e+09 1.73212e+09 1.72007e+09 5.24952e+08 2.13178e+08 1.98141e+08 1.53339e+08 1.47148e+08 1.16142e+08 5.55189e+07 5.47473e+07 5.07521e+07 4.31807e+07 2.84499e+07 3.48312e+07 1.91824e+07 1.75412e+07 1.44102e+07 1.39589e+07 1.18409e+07 1.17412e+07 1.13705e+07 1.12148e+07
threshold=3.5000000000000004 1.5000000000000002 2.5000000000000004 4.5000000000000009 1.5000000000000002 0 1.5000000000000002 1.5000000000000002 1 1.5000000000000002 2 2.5000000000000004 3 4 5 6 7 8 9 10 11 1.5000000000000002 12 13 14 15 16 17 18 19
decision_type=2 2 2 2 2 1 2 2 1 2 1 2 1 1 1 1 1 1 1 1 1 2 1 1 1 1 1 1 1 1
left_child=1 2 4 7 28 9 23 17 13 -3 25 -11 22 18 -10 -7 24 -2 -6 -8 21 -17 -12 -5 -9 -4 -16 -19 -1 -18
right_child=3 5 10 6 8 15 19 16 14 11 12 -13 -14 -15 26 20 29 27 -20 -21 -22 -23 -24 -25 -26 -27 -28 -29 -30 -31
leaf_value=-27.47430078573657 20.775961823398291 6.4130098576787606 15.953648382950419 51.768934260407462 -3.3253836232232419 28.75461641499286 101.06883117485182 74.130351275626282 -13.644950163309375 18.81296322237694 4.620892833471216 45.008506969000294 -0.25894013943581268 -10.13718972677227 -15.906674725674231 25.492646959874904 49.31666996100455 33.03686445916329 -7.0342123858018475 75.439690905278269 34.137160761860429 38.441643190725856 2.7270184009683964 61.896903439826168 58.554688281601287 8.4177615589017361 -17.273264001489078 26.27555929156048 -30.919182527222013 31.127263285616319
leaf_weight=73247 5406 86066 637 1258 10206 7925 5634 493 99192 35551 57606 794 37807 45709 37417 542 815 974 102392 495 14974 12411 17566 12786 4160 58737 37765 27298 3869 268
leaf_count=73247 5406 86066 637 1258 10206 7925 5634 493 99192 35551 57606 794 37807 45709 37417 542 815 974 102392 495 14974 12411 17566 12786 4160 58737 37765 27298 3869 268
internal_value=0.00507943 -3.58652 -8.83381 44.6334 -14.5238 15.7149 72.6816 30.2777 -11.4801 10.2637 4.6951 19.3852 2.69385 -7.69186 -14.9179 34.3147 57.6709 25.6121 -6.69837 99.2869 35.8817 37.8706 4.17876 61.0706 60.3604 8.50128 -16.5953 26.5201 -27.6547 45.1415
internal_weight=800000 740413 582150 59587 409797 158263 20173 39414 332681 122411 172353 36345 112979 158307 174374 35852 5736 33678 112598 6129 27927 12953 75172 14044 4653 59374 75182 28272 77116 1083
internal_count=800000 740413 582150 59587 409797 158263 20173 39414 332681 122411 172353 36345 112979 158307 174374 35852 5736 33678 112598 6129 27927 12953 75172 14044 4653 59374 75182 28272 77116 1083
cat_boundaries=0 1 2 3 4 5 6 7 8 9 10 11 12 13 14 15 16 17 18 19 20
cat_threshold=32 11 49 10 3 4 4 49 12 1 49 17 2 12 48 32 16 48 40 10
is_linear=0
shrinkage=0.05


Tree=19
num_leaves=31
num_cat=19
split_feature=1 2 1 1 1 0 2 2 0 1 0 1 0 0 0 0 0 0 0 0 0 1 0 0 0 1 0 0 0 0
split_gain=4.63008e+10 2.70718e+10 1.61782e+10 8.6629e+09 5.91285e+09 5.79067e+09 2.25093e+09 1.82055e+09 1.56327e+09 1.55236e+09 4.73799e+08 1.92393e+08 1.78827e+08 1.38394e+08 1.32816e+08 1.04777e+08 4.98781e+07 4.93917e+07 4.58004e+07 3.83562e+07 2.71203e+07 3.72302e+07 2.02445e+07 1.73114e+07 1.63765e+07 1.62883e+07 1.26428e+07 1.17181e+07 1.06867e+07 1.03091e+07
threshold=3.5000000000000004 1.5000000000000002 2.5000000000000004 4.5000000000000009 1.5000000000000002 0 1.5000000000000002 1.5000000000000002 1 1.5000000000000002 2 2.5000000000000004 3 4 5 6 7 8 9 10 11 1.5000000000000002 12 13 14 2.5000000000000004 15 16 17 18
decision_type=2 2 2 2 2 1 2 2 1 2 1 2 1 1 1 1 1 1 1 1 1 2 1 1 1 2 1 1 1 1
left_child=1 2 4 7 29 9 24 17 13 -3 26 -11 23 18 -10 -7 -9 -2 -6 -8 21 -17 -18 -12 -5 -22 -4 -19 -16 -1
right_child=3 5 10 6 8 15 19 16 14 11 12 -13 -14 -15 28 20 22 27 -20 -21 25 -23 -24 -25 -26 -27 -28 -29 -30 -31
leaf_value=-26.095810623541748 19.739081949127655 6.0923580483750017 15.168296210216775 52.57049806952034 -3.1592780615075458 27.318697278840631 96.02434620343567 35.379377750737476 -12.962771195189246 17.872313072366833 4.3898896917721464 42.758082638579594 -0.24599600751909967 -9.6304408533731323 -15.111552742206815 24.517717604363913 70.497522950978222 24.514828987318463 -6.6825357345418936 71.742398054009627 31.609794974075243 38.144782917867126 54.676814076842916 2.5907455657143785 59.371453178232834 34.423859545768181 7.9969442130364827 27.39683856165404 -16.409828589206494 -29.288249742237713
leaf_weight=73025 5406 86066 637 2953 10206 7925 5634 449 99192 35551 57606 794 37807 45709 37417 541 493 21691 102392 495 10319 6817 4794 17566 11091 10250 58737 6581 37765 4091
leaf_count=73025 5406 86066 637 2953 10206 7925 5634 449 99192 35551 57606 794 37807 45709 37417 541 493 21691 102392 495 10319 6817 4794 17566 11091 10250 58737 6581 37765 4091
internal_value=0.00517041 -3.40722 -8.3922 42.4066 -13.7978 14.9294 69.0547 28.7675 -10.9061 9.75056 4.46044 18.416 2.55919 -7.30733 -14.1721 32.5999 54.8059 24.3327 -6.36349 94.337 34.0882 37.0924 56.2824 3.96987 58.0211 32.9961 8.07642 25.1951 -15.7658 -26.2724
internal_weight=800000 740413 582150 59587 409797 158263 20173 39414 332681 122411 172353 36345 112979 158307 174374 35852 5736 33678 112598 6129 27927 7358 5287 75172 14044 20569 59374 28272 75182 77116
internal_count=800000 740413 582150 59587 409797 158263 20173 39414 332681 122411 172353 36345 112979 158307 174374 35852 5736 33678 112598 6129 27927 7358 5287 75172 14044 20569 59374 28272 75182 77116
cat_boundaries=0 1 2 3 4 5 6 7 8 9 10 11 12 13 14 15 16 17 18 19
cat_threshold=32 11 49 10 3 4 4 12 12 1 49 16 48 2 14 32 1 16 32
is_linear=0
shrinkage=0.05


Tree=20
num_leaves=31
num_cat=17
split_feature=1 2 1 1 1 0 2 2 0 1 0 1 0 0 0 0 0 0 0 0 0 1 0 0 1 0 0 0 1 1
split_gain=4.17948e+10 2.44326e+10 1.46012e+10 7.81989e+09 5.33654e+09 5.22627e+09 2.03261e+09 1.64451e+09 1.41088e+09 1.401e+09 4.2763e+08 1.73635e+08 1.61395e+08 1.24905e+08 1.1988e+08 9.45063e+07 4.71659e+07 4.45585e+07 4.13319e+07 3.40628e+07 2.44761e+07 3.36003e+07 1.56229e+07 1.55535e+07 1.47002e+07 1.20762e+07 1.14508e+07 1.068e+07 1.02623e+07 1.29205e+07
threshold=3.5000000000000004 1.5000000000000002 2.5000000000000004 4.5000000000000009 1.5000000000000002 0 1.5000000000000002 1.5000000000000002 1 1.5000000000000002 2 2.5000000000000004 3 4 5 6 7 8 9 10 11 1.5000000000000002 12 13 2.5000000000000004 14 15 16 1.5000000000000002 2.5000000000000004
decision_type=2 2 2 2 2 1 2 2 1 2 1 2 1 1 1 1 1 1 1 1 1 2 1 1 2 1 1 1 2 2
left_child=1 2 4 7 -1 9 23 17 13 -3 26 -11 22 18 -10 28 25 -2 -6 -8 21 -17 -12 -5 -22 -9 -4 -19 -7 -30
right_child=3 5 10 6 8 15 19 16 14 11 12 -13 -14 -15 -16 20 -18 27 -20 -21 24 -23 -24 -25 -26 -27 -28 -29 29 -31
leaf_value=-24.959092391733748 18.753951052002929 5.7877409301689378 14.421603987869194 46.593107412290124 -3.0014691027235783 34.787286344114342 91.231632750647705 67.042723761495964 -12.31469686343058 16.978696543807363 4.1704328083828139 40.620177605050038 -0.23369944091513625 -9.1490238114290268 -14.977711059283877 23.291830481002162 40.60873975508931 30.045887699165963 -6.3484430376364545 68.226307979243813 30.029305208980464 36.237543428816785 2.4612824106845848 55.883270712814024 32.702667137599569 52.906691882730392 7.5971648914470213 23.707382354884142 24.407017795884741 29.121888484935329
leaf_weight=77116 5406 86066 637 1258 10206 318 5634 493 99192 35551 57606 794 37807 45709 75182 541 1083 974 102392 495 10319 6817 17566 12786 10250 4160 58737 27298 5651 1956
leaf_count=77116 5406 86066 637 1258 10206 318 5634 493 99192 35551 57606 794 37807 45709 75182 541 1083 974 102392 495 10319 6817 17566 12786 10250 4160 58737 27298 5651 1956
internal_value=0.00519295 -3.2369 -7.97266 40.2906 -13.108 14.183 65.6089 27.3321 -10.3609 9.26303 4.23751 17.4952 2.43126 -6.94202 -13.4637 30.9703 52.0796 23.1171 -6.04536 89.6338 32.3838 35.2378 3.77142 55.1241 31.3463 54.545 7.6728 23.9363 25.9545 25.6194
internal_weight=800000 740413 582150 59587 409797 158263 20173 39414 332681 122411 172353 36345 112979 158307 174374 35852 5736 33678 112598 6129 27927 7358 75172 14044 20569 4653 59374 28272 7925 7607
internal_count=800000 740413 582150 59587 409797 158263 20173 39414 332681 122411 172353 36345 112979 158307 174374 35852 5736 33678 112598 6129 27927 7358 75172 14044 20569 4653 59374 28272 7925 7607
cat_boundaries=0 1 2 3 4 5 6 7 8 9 10 11 12 13 14 15 16 17
cat_threshold=32 11 49 10 3 4 4 49 12 1 49 16 2 12 48 32 48
is_linear=0
shrinkage=0.05


Tree=21
num_leaves=31
num_cat=19
split_feature=1 2 1 1 1 0 2 2 0 1 0 1 0 0 0 0 0 0 0 0 0 1 0 0 0 1 0 0 0 0
split_gain=3.77274e+10 2.20505e+10 1.31778e+10 7.05883e+09 4.81618e+09 4.7167e+09 1.83548e+09 1.48557e+09 1.27332e+09 1.26441e+09 3.85961e+08 1.56705e+08 1.45663e+08 1.12731e+08 1.08195e+08 8.5292e+07 4.41991e+07 4.01998e+07 3.72992e+07 3.02427e+07 2.20897e+07 3.03242e+07 1.9051e+07 1.46389e+07 1.4099e+07 1.32669e+07 1.06103e+07 1.05378e+07 9.88404e+06 9.81991e+06
threshold=3.5000000000000004 1.5000000000000002 2.5000000000000004 4.5000000000000009 1.5000000000000002 0 1.5000000000000002 1.5000000000000002 1 1.5000000000000002 2 2.5000000000000004 3 4 5 6 7 8 9 10 11 1.5000000000000002 12 13 14 2.5000000000000004 15 16 17 18
decision_type=2 2 2 2 2 1 2 2 1 2 1 2 1 1 1 1 1 1 1 1 1 2 1 1 1 2 1 1 1 1
left_child=1 2 4 7 28 9 23 17 13 -3 26 -11 24 18 -10 -7 -9 -2 -6 -8 21 -17 -18 -5 -12 -22 -4 -19 -1 -16
right_child=3 5 10 6 8 15 19 16 14 11 12 -13 -14 -15 29 20 22 27 -20 -21 25 -23 -24 -25 -26 -27 -28 -29 -30 -31
leaf_value=-23.547893386165281 17.817983205843184 5.4983534221349109 7.5444586432899072 47.36332353880951 -2.8515429710352338 24.656759781760847 86.678138714044508 25.964149572523379 -11.699024215453754 16.129762482627704 3.961946520225037 38.589169440041267 -0.2220187999445824 -8.6916712406209928 -13.607492029002168 22.127240566317127 63.757232226339539 22.104828223449989 -6.0310513241091144 64.88254403935801 28.52784034114601 34.425665539829232 49.064126558504711 53.613904042231503 2.3382873219145828 31.067532802032844 5.4760931913626942 24.798670477375893 -26.671835058772345 -14.840868057321666
leaf_weight=73247 5406 86066 52023 2953 10206 7925 5634 268 99192 35551 57606 794 37807 45709 37417 541 493 21691 102392 495 10319 6817 4975 11091 17566 10250 7351 6581 3869 37765
leaf_count=73247 5406 86066 52023 2953 10206 7925 5634 268 99192 35551 57606 794 37807 45709 37417 541 493 21691 102392 495 10319 6817 4975 11091 17566 10250 7351 6581 3869 37765
internal_value=0.00523171 -3.07506 -7.57404 38.2802 -12.4527 13.4739 62.3349 25.9684 -9.84296 8.79988 4.02571 16.6204 2.30972 -6.59498 -12.7906 29.4218 49.4896 21.9623 -5.74314 85.1651 30.7646 33.4759 50.5028 52.3715 3.5829 29.7789 7.28934 22.7404 -23.7111 -14.2289
internal_weight=800000 740413 582150 59587 409797 158263 20173 39414 332681 122411 172353 36345 112979 158307 174374 35852 5736 33678 112598 6129 27927 7358 5468 14044 75172 20569 59374 28272 77116 75182
internal_count=800000 740413 582150 59587 409797 158263 20173 39414 332681 122411 172353 36345 112979 158307 174374 35852 5736 33678 112598 6129 27927 7358 5468 14044 75172 20569 59374 28272 77116 75182
cat_boundaries=0 1 2 3 4 5 6 7 8 9 10 11 12 13 14 15 16 17 18 19
cat_threshold=32 11 49 10 3 4 4 4 12 1 49 16 48 14 2 33 1 40 16
is_linear=0
shrinkage=0.05


Tree=22
num_leaves=31
num_cat=18
split_feature=1 2 1 1 1 0 2 2 0 1 0 1 0 0 0 0 0 0 0 0 0 1 0 0 1 0 0 0 0 1
split_gain=3.40557e+10 1.99009e+10 1.18932e+10 6.37195e+09 4.34676e+09 4.25698e+09 1.65745e+09 1.34187e+09 1.1492e+09 1.14113e+09 3.48342e+08 1.41427e+08 1.31464e+08 1.01744e+08 9.76563e+07 7.69313e+07 4.09039e+07 3.62661e+07 3.36601e+07 2.68444e+07 1.9936e+07 2.73676e+07 1.37346e+07 1.27238e+07 1.19734e+07 1.09178e+07 1.03887e+07 1.00252e+07 9.67777e+06 9.2617e+06
threshold=3.5000000000000004 1.5000000000000002 2.5000000000000004 4.5000000000000009 1.5000000000000002 0 1.5000000000000002 1.5000000000000002 1 1.5000000000000002 2 2.5000000000000004 3 4 5 6 7 8 9 10 11 1.5000000000000002 12 13 2.5000000000000004 14 15 16 17 1.5000000000000002
decision_type=2 2 2 2 2 1 2 2 1 2 1 2 1 1 1 1 1 1 1 1 1 2 1 1 2 1 1 1 1 2
left_child=1 2 4 7 -1 9 22 17 14 -3 26 -11 23 18 -6 29 27 -2 -10 25 21 -17 -5 -12 -22 -8 -4 -9 -19 -7
right_child=3 5 10 6 8 15 19 16 13 11 12 -13 -14 -15 -16 20 -18 28 -20 -21 24 -23 -24 -25 -26 -27 -28 -29 -30 -31
leaf_value=-22.525906479114006 16.928730077933704 5.2234364306073617 13.340275778026081 41.932332716980945 -11.114133430333371 31.815086165014307 107.48342238410574 60.632744037939112 -2.7091044977853205 15.32327456184764 3.7638842381592825 36.659709455624636 -0.21091910242533154 -8.2571838457734206 -13.517669058774453 21.020880708676831 36.449320238746864 27.331528660921549 -5.729528151022075 61.702657718634839 27.101447894317758 32.704383912757287 50.454087825818675 2.2214406757068246 29.514157175724684 81.066210370346937 6.8531534046019402 47.820377418051521 21.389955469108145 23.105553979403215
leaf_weight=77116 5406 86066 637 1258 99192 318 234 493 10206 35551 57606 794 37807 45709 75182 541 1083 974 102392 495 10319 6817 12786 17566 10250 5400 58737 4160 27298 7607
leaf_count=77116 5406 86066 637 1258 99192 318 234 493 10206 35551 57606 794 37807 45709 75182 541 1083 974 102392 495 10319 6817 12786 17566 10250 5400 58737 4160 27298 7607
internal_value=0.00521504 -2.92135 -7.19542 36.37 -11.8302 12.8002 59.2244 24.6726 -9.3509 8.35989 3.82448 15.7894 2.19426 -6.26529 -12.1511 27.951 47.0273 20.8652 -5.45602 80.9192 29.2264 31.8021 49.7565 3.40379 28.29 82.3519 6.92499 49.305 21.6042 23.4255
internal_weight=800000 740413 582150 59587 409797 158263 20173 39414 332681 122411 172353 36345 112979 158307 174374 35852 5736 33678 112598 6129 27927 7358 14044 75172 20569 5634 59374 4653 28272 7925
internal_count=800000 740413 582150 59587 409797 158263 20173 39414 332681 122411 172353 36345 112979 158307 174374 35852 5736 33678 112598 6129 27927 7358 14044 75172 20569 5634 59374 4653 28272 7925
cat_boundaries=0 1 2 3 4 5 6 7 8 9 10 11 12 13 14 15 16 17 18
cat_threshold=32 52 49 10 3 4 4 49 12 1 49 16 12 2 48 32 48 48
is_linear=0
shrinkage=0.05


Tree=23
num_leaves=31
num_cat=19
split_feature=1 2 1 1 1 0 2 2 0 1 0 1 0 0 0 0 0 0 0 0 0 1 0 0 0 0 0 0 0 1
split_gain=3.07429e+10 1.79606e+10 1.07338e+10 5.75272e+09 3.92291e+09 3.84192e+09 1.49758e+09 1.21217e+09 1.03716e+09 1.02987e+09 3.14399e+08 1.27638e+08 1.18649e+08 9.1828e+07 8.81375e+07 6.94305e+07 3.848e+07 3.27185e+07 3.0376e+07 2.38795e+07 1.82192e+07 2.1281e+07 1.58616e+07 1.30281e+07 1.14828e+07 1.08339e+07 9.56591e+06 9.44877e+06 9.37291e+06 9.32043e+06
threshold=3.5000000000000004 1.5000000000000002 2.5000000000000004 4.5000000000000009 1.5000000000000002 0 1.5000000000000002 1.5000000000000002 1 1.5000000000000002 2 2.5000000000000004 3 4 5 6 7 8 9 10 11 1.5000000000000002 12 13 14 15 16 17 18 2.5000000000000004
decision_type=2 2 2 2 2 1 2 2 1 2 1 2 1 1 1 1 1 1 1 1 1 2 1 1 1 1 1 1 1 2
left_child=1 2 4 7 28 9 23 17 13 -3 26 -11 24 18 -10 29 -9 -2 -6 25 21 -17 -18 -5 -12 -8 -4 -19 -1 -7
right_child=3 5 10 6 8 15 19 16 14 11 12 -13 -14 -15 -16 20 22 27 -20 -21 -22 -23 -24 -25 -26 -27 -28 -29 -30 -31
leaf_value=-21.240038557661109 16.083856592766466 4.9622645872136175 6.8207464548194956 42.669864307639166 -2.5737817949490709 21.300710338658675 102.32950677715365 22.955729034478718 -10.558482174557936 14.557111813523044 3.5757221561278016 34.826727242073424 -0.20037740354393968 -7.8444147017901207 -12.84187591125108 19.667702295507453 57.661379429265473 19.931091827043474 -5.4430781413120206 58.678616278620055 26.381375849622493 29.789275212023188 44.322572609769367 48.415193227840625 2.110431871611691 77.02039472953669 4.860467963185652 22.448840447525537 -24.137062868180145 25.27768054622814
leaf_weight=73025 5406 86066 52023 2953 10206 5969 234 268 99192 35551 57606 794 37807 45709 75182 542 493 21691 102392 495 14974 12411 4975 11091 17566 5400 7351 6581 4091 1956
leaf_count=73025 5406 86066 52023 2953 10206 5969 234 268 99192 35551 57606 794 37807 45709 75182 542 493 21691 102392 495 14974 12411 4975 11091 17566 5400 7351 6581 4091 1956
internal_value=0.00529079 -2.7753 -6.83566 34.5562 -11.2387 12.1602 56.2717 23.4416 -8.88342 7.94189 3.63333 14.9999 2.08458 -5.95207 -11.5437 26.5535 44.6885 19.8229 -5.18325 76.8937 27.7651 29.3431 45.6283 47.272 3.23364 78.251 6.57891 20.5249 -21.3996 22.2542
internal_weight=800000 740413 582150 59587 409797 158263 20173 39414 332681 122411 172353 36345 112979 158307 174374 35852 5736 33678 112598 6129 27927 12953 5468 14044 75172 5634 59374 28272 77116 7925
internal_count=800000 740413 582150 59587 409797 158263 20173 39414 332681 122411 172353 36345 112979 158307 174374 35852 5736 33678 112598 6129 27927 12953 5468 14044 75172 5634 59374 28272 77116 7925
cat_boundaries=0 1 2 3 4 5 6 7 8 9 10 11 12 13 14 15 16 17 18 19
cat_threshold=32 11 49 10 3 4 4 4 12 1 49 17 48 14 2 48 33 1 32
is_linear=0
shrinkage=0.05


Tree=24
num_leaves=31
num_cat=19
split_feature=1 2 1 1 1 0 2 2 0 1 0 1 0 0 0 0 0 0 0 0 0 1 0 0 0 1 0 0 0 0
split_gain=2.77523e+10 1.62097e+10 9.6875e+09 5.19377e+09 3.54057e+09 3.46748e+09 1.35312e+09 1.09491e+09 9.36041e+08 9.29455e+08 2.83754e+08 1.15193e+08 1.07084e+08 8.2878e+07 7.95463e+07 6.26731e+07 3.54417e+07 2.95169e+07 2.74123e+07 2.12379e+07 1.73702e+07 2.24983e+07 1.20846e+07 1.06722e+07 1.03628e+07 1.01922e+07 9.41966e+06 9.13375e+06 8.74061e+06 8.51552e+06
threshold=3.5000000000000004 1.5000000000000002 2.5000000000000004 4.5000000000000009 1.5000000000000002 0 1.5000000000000002 1.5000000000000002 1 1.5000000000000002 2 2.5000000000000004 3 4 5 6 7 8 9 10 11 1.5000000000000002 12 13 14 2.5000000000000004 15 16 17 18
decision_type=2 2 2 2 2 1 2 2 1 2 1 2 1 1 1 1 1 1 1 1 1 2 1 1 1 2 1 1 1 1
left_child=1 2 4 7 29 9 22 17 13 -3 26 -11 24 18 -10 -7 -9 -2 -6 23 21 -17 -5 -8 -12 -22 -4 -16 -19 -1
right_child=3 5 10 6 8 15 19 16 14 11 12 -13 -14 -15 27 20 -18 28 -20 -21 25 -23 -24 -25 -26 -27 -28 -29 -30 -31
leaf_value=-20.182221843631428 15.281147919835158 4.7141506739065839 12.34780406804505 37.735585600494964 -2.4452188782329753 21.141491998325151 97.422722116063866 44.569498200649718 -10.030612165311041 13.829256740870086 3.3969682105644914 33.085385929367106 -0.19036170467618097 -7.4522807020588182 -11.609673694607844 18.98644931038735 32.709627229318855 24.867803821331119 -5.1709525502353664 55.802784039336863 24.413896667708929 29.579702484675899 45.552539745171622 73.176496388969497 2.0049706810867458 26.639919323041962 6.1818383547909379 -12.781392441250331 19.298812494023718 -23.014547367445061
leaf_weight=73247 5406 86066 637 1258 10206 7925 234 4653 99192 35551 57606 794 37807 45709 37417 541 1083 974 102392 495 10319 6817 12786 5400 17566 10250 58737 37765 27298 3869
leaf_count=73247 5406 86066 637 1258 10206 7925 234 4653 99192 35551 57606 794 37807 45709 37417 541 1083 974 102392 495 10319 6817 12786 5400 17566 10250 58737 37765 27298 3869
internal_value=0.00532051 -2.63656 -6.49394 32.8327 -10.6769 11.5523 53.4663 22.2719 -8.4393 7.5448 3.45172 14.2499 1.98037 -5.65452 -10.9665 25.2262 42.465 18.8326 -4.92413 73.0684 26.3773 28.7617 44.9116 74.3544 3.072 25.5108 6.25006 -12.1999 19.4994 -20.3299
internal_weight=800000 740413 582150 59587 409797 158263 20173 39414 332681 122411 172353 36345 112979 158307 174374 35852 5736 33678 112598 6129 27927 7358 14044 5634 75172 20569 59374 75182 28272 77116
internal_count=800000 740413 582150 59587 409797 158263 20173 39414 332681 122411 172353 36345 112979 158307 174374 35852 5736 33678 112598 6129 27927 7358 14044 5634 75172 20569 59374 75182 28272 77116
cat_boundaries=0 1 2 3 4 5 6 7 8 9 10 11 12 13 14 15 16 17 18 19
cat_threshold=32 11 49 10 3 4 4 49 12 1 49 16 12 48 2 32 16 48 40
is_linear=0
shrinkage=0.05


Tree=25
num_leaves=31
num_cat=19
split_feature=1 2 1 1 1 0 2 2 0 1 0 1 0 0 0 0 0 0 0 1 0 0 0 0 1 0 0 0 0 0
split_gain=2.5052e+10 1.46294e+10 8.7432e+09 4.68926e+09 3.19548e+09 3.12951e+09 1.22261e+09 9.88675e+08 8.44794e+08 8.38833e+08 2.56105e+08 1.03962e+08 9.66453e+07 7.48004e+07 7.17986e+07 5.66054e+07 3.34585e+07 2.66296e+07 2.47378e+07 2.05399e+07 1.88848e+07 1.57344e+07 1.15503e+07 1.04479e+07 1.01566e+07 1.1617e+07 9.35202e+06 8.62147e+06 8.45054e+06 8.24342e+06
threshold=3.5000000000000004 1.5000000000000002 2.5000000000000004 4.5000000000000009 1.5000000000000002 0 1.5000000000000002 1.5000000000000002 1 1.5000000000000002 2 2.5000000000000004 3 4 5 6 7 8 9 2.5000000000000004 10 11 12 13 1.5000000000000002 14 15 16 17 18
decision_type=2 2 2 2 2 1 2 2 1 2 1 2 1 1 1 1 1 1 1 2 1 1 1 1 2 1 1 1 1 1
left_child=1 2 4 7 -1 9 22 17 13 -3 27 -11 26 18 -10 -7 -9 -2 -6 24 23 -18 -5 -8 -17 -26 -12 -4 -19 -16
right_child=3 5 10 6 8 15 20 16 14 11 12 -13 -14 -15 29 19 21 28 -20 -21 -22 -23 -24 -25 25 -27 -28 -29 -30 -31
leaf_value=-19.313708023325255 14.518502980030446 4.4784422613405246 6.1669676592157883 38.439574034633246 -2.3230778703114532 26.085763674050835 92.751222253822903 20.272579700826743 -9.5291307451455776 13.137793361298669 3.2271489377618998 31.431120473191484 -0.18084455766957022 -7.0797475167914889 -11.029346043733527 29.13190722720724 52.651456127204668 17.970500705352134 -4.9124293279101616 24.346091706983859 53.067891832106184 39.983834505836853 43.721038235124091 69.524429560465649 22.177575089489309 18.643450153204604 1.9047775941487601 4.3091020724028777 20.323478343848159 -12.142493257008823
leaf_weight=77116 5406 86066 52023 2953 10206 17395 234 268 99192 35551 57606 794 37807 45709 37417 355 493 21691 102392 6077 495 4975 11091 5400 6374 5651 17566 7351 6581 37765
leaf_count=77116 5406 86066 52023 2953 10206 17395 234 268 99192 35551 57606 794 37807 45709 37417 355 493 21691 102392 6077 495 4975 11091 5400 6374 5651 17566 7351 6581 37765
internal_value=0.00530377 -2.50476 -6.1693 31.1948 -10.1432 10.9748 50.8006 21.16 -8.01741 7.16756 3.2792 13.5374 1.88138 -5.37184 -10.4183 23.9651 40.3485 17.8919 -4.67795 21.9535 69.4335 41.22 42.669 70.6517 20.7968 20.5507 2.91844 5.93771 18.5252 -11.59
internal_weight=800000 740413 582150 59587 409797 158263 20173 39414 332681 122411 172353 36345 112979 158307 174374 35852 5736 33678 112598 18457 6129 5468 14044 5634 12380 12025 75172 59374 28272 75182
internal_count=800000 740413 582150 59587 409797 158263 20173 39414 332681 122411 172353 36345 112979 158307 174374 35852 5736 33678 112598 18457 6129 5468 14044 5634 12380 12025 75172 59374 28272 75182
cat_boundaries=0 1 2 3 4 5 6 7 8 9 10 11 12 13 14 15 16 17 18 19
cat_threshold=32 11 49 10 3 4 25 4 12 1 49 48 14 48 2 2 33 1 16
is_linear=0
shrinkage=0.05


Tree=26
num_leaves=31
num_cat=19
split_feature=1 2 1 1 1 0 2 2 0 1 0 1 0 0 0 0 0 0 0 0 0 1 0 0 0 0 1 0 0 0
split_gain=2.26149e+10 1.32034e+10 7.89087e+09 4.23364e+09 2.88388e+09 2.82471e+09 1.10467e+09 8.93037e+08 7.62442e+08 7.57047e+08 2.31143e+08 9.38253e+07 8.72245e+07 6.751e+07 6.48052e+07 5.15873e+07 3.06752e+07 2.40238e+07 2.23242e+07 1.69171e+07 1.51508e+07 2.03047e+07 1.28638e+07 1.12632e+07 1.05985e+07 8.53646e+06 8.47226e+06 8.43984e+06 8.01736e+06 7.87132e+06
threshold=3.5000000000000004 1.5000000000000002 2.5000000000000004 4.5000000000000009 1.5000000000000002 0 1.5000000000000002 1.5000000000000002 1 1.5000000000000002 2 2.5000000000000004 3 4 5 6 7 8 9 10 11 1.5000000000000002 12 13 14 15 2.5000000000000004 16 17 18
decision_type=2 2 2 2 2 1 2 2 1 2 1 2 1 1 1 1 1 1 1 1 1 2 1 1 1 1 2 1 1 1
left_child=1 2 4 7 28 9 24 17 13 -3 25 -11 27 18 -10 -7 -9 -2 -6 -8 21 -17 -18 -21 -5 -4 -22 -12 -1 -19
right_child=3 5 10 6 8 15 19 16 14 11 12 -13 -14 -15 -16 20 22 29 -20 23 26 -23 -24 -25 -26 -27 -28 -29 -30 -31
leaf_value=-18.203656360142823 13.793916749866183 4.2545191793425374 11.436374771613426 33.956863500944074 -2.2070373033301012 19.063447504890888 88.303729985971927 23.630502576973445 -9.0527218641027059 12.480904546703711 3.0658185169982168 29.859562687429435 -0.17180517073943816 -6.7258389688710984 -11.010687151806497 16.73283744686853 50.071223080750727 22.631203727945081 -4.666832851425065 66.054633689331595 22.009073824660241 26.796428288730755 38.278757107744205 50.467041931530041 41.127325943821333 5.5761274987193055 24.038604560842749 1.8095924603054616 -20.829567290990418 17.411873117802138
leaf_weight=73025 5406 86066 637 1258 10206 7925 234 449 99192 35551 57606 794 37807 45709 75182 541 493 974 102392 5400 10319 6817 4794 495 12786 58737 10250 17566 4091 27298
leaf_count=73025 5406 86066 637 1258 10206 7925 234 449 99192 35551 57606 794 37807 45709 75182 541 493 974 102392 5400 10319 6817 4794 495 12786 58737 10250 17566 4091 27298
internal_value=0.00534992 -2.3795 -5.86086 29.6389 -9.63606 10.4262 48.268 20.1041 -7.61661 6.80918 3.11528 12.8606 1.78733 -5.1033 -9.89749 22.7678 38.3409 16.9981 -4.44409 65.9794 23.8118 26.0211 39.4708 64.8334 40.5385 5.64092 23.0092 2.77255 -18.348 17.5996
internal_weight=800000 740413 582150 59587 409797 158263 20173 39414 332681 122411 172353 36345 112979 158307 174374 35852 5736 33678 112598 6129 27927 7358 5287 5895 14044 59374 20569 75172 77116 28272
internal_count=800000 740413 582150 59587 409797 158263 20173 39414 332681 122411 172353 36345 112979 158307 174374 35852 5736 33678 112598 6129 27927 7358 5287 5895 14044 59374 20569 75172 77116 28272
cat_boundaries=0 1 2 3 4 5 6 7 8 9 10 11 12 13 14 15 16 17 18 19
cat_threshold=32 11 49 10 3 4 4 12 12 1 48 16 48 1 12 32 2 32 48
is_linear=0
shrinkage=0.05


Tree=27
num_leaves=31
num_cat=19
split_feature=1 2 1 1 1 0 2 2 0 1 0 1 0 0 0 0 0 0 0 1 0 0 0 1 0 0 0 0 0 0
split_gain=2.0415e+10 1.19163e+10 7.12168e+09 3.82224e+09 2.60281e+09 2.54939e+09 9.98126e+08 8.06679e+08 6.88108e+08 6.83234e+08 2.0862e+08 8.46774e+07 7.87221e+07 6.09302e+07 5.84886e+07 4.70212e+07 2.88945e+07 2.16738e+07 2.01461e+07 1.75174e+07 1.59688e+07 1.0206e+07 9.91561e+06 9.30408e+06 9.63704e+06 8.1278e+06 7.76794e+06 7.61664e+06 7.54039e+06 7.53439e+06
threshold=3.5000000000000004 1.5000000000000002 2.5000000000000004 4.5000000000000009 1.5000000000000002 0 1.5000000000000002 1.5000000000000002 1 1.5000000000000002 2 2.5000000000000004 3 4 5 6 7 8 9 2.5000000000000004 10 11 12 1.5000000000000002 13 14 15 16 17 18
decision_type=2 2 2 2 2 1 2 2 1 2 1 2 1 1 1 1 1 1 1 2 1 1 1 2 1 1 1 1 1 1
left_child=1 2 4 7 -1 9 21 17 13 -3 26 -11 27 18 -10 -7 25 -2 -6 23 -8 -5 -22 -17 -25 -9 -4 -12 -19 -16
right_child=3 5 10 6 8 15 20 16 14 11 12 -13 -14 -15 29 19 -18 28 -20 -21 22 -23 -24 24 -26 -27 -28 -29 -30 -31
leaf_value=-17.430874950977504 13.105493297217691 4.0417957911172442 5.5763371526359897 34.626874674118902 -2.0967937024944727 23.561116885795776 84.069493289462855 47.617432296631591 -8.6001310098829986 11.856859221349389 2.9125551189359311 28.366584571242637 -0.16321724789453484 -6.389620521455047 -9.9276385769408471 26.706786402917245 27.754312294159913 16.202196599015398 -4.4335140952262853 22.006922903809482 62.758005429689199 39.482441667908653 47.993657239592906 19.971701892993806 16.761436859168594 37.097405405753527 3.8155139144712971 1.7191646373754859 18.401008194579173 -10.985139521045294
leaf_weight=77116 5406 86066 52023 2953 10206 17395 234 493 99192 35551 57606 794 37807 45709 37417 355 1083 21691 102392 6077 5400 11091 495 6374 5651 4160 7351 17566 6581 37765
leaf_count=77116 5406 86066 52023 2953 10206 17395 234 493 99192 35551 57606 794 37807 45709 37417 355 1083 21691 102392 6077 5400 11091 495 6374 5651 4160 7351 17566 6581 37765
internal_value=0.00534127 -2.26055 -5.56786 28.1607 -9.15435 9.90498 45.8615 19.101 -7.23583 6.46872 2.95958 12.2175 1.69798 -4.84818 -9.40267 21.6297 36.4336 16.1489 -4.22192 19.7976 62.6971 38.5142 61.6016 18.7291 18.4936 38.3118 5.35901 2.63395 16.7203 -10.4602
internal_weight=800000 740413 582150 59587 409797 158263 20173 39414 332681 122411 172353 36345 112979 158307 174374 35852 5736 33678 112598 18457 6129 14044 5895 12380 12025 4653 59374 75172 28272 75182
internal_count=800000 740413 582150 59587 409797 158263 20173 39414 332681 122411 172353 36345 112979 158307 174374 35852 5736 33678 112598 18457 6129 14044 5895 12380 12025 4653 59374 75172 28272 75182
cat_boundaries=0 1 2 3 4 5 6 7 8 9 10 11 12 13 14 15 16 17 18 19
cat_threshold=32 11 49 10 3 4 25 49 12 1 48 14 1 2 48 33 2 1 16
is_linear=0
shrinkage=0.05


Tree=28
num_leaves=31
num_cat=19
split_feature=1 2 1 1 1 0 2 2 0 1 0 1 0 0 0 0 0 0 0 0 0 1 0 0 0 0 0 0 0 1
split_gain=1.84291e+10 1.07547e+10 6.42742e+09 3.45083e+09 2.349e+09 2.30109e+09 9.01849e+08 7.28715e+08 6.2103e+08 6.16619e+08 1.88287e+08 7.64214e+07 7.10484e+07 5.49917e+07 5.27917e+07 4.24533e+07 2.69789e+07 1.9553e+07 1.81806e+07 1.50509e+07 1.3214e+07 1.8325e+07 1.19027e+07 9.26835e+06 9.76726e+06 8.72418e+06 7.73234e+06 7.53732e+06 7.07038e+06 7.03212e+06
threshold=3.5000000000000004 1.5000000000000002 2.5000000000000004 4.5000000000000009 1.5000000000000002 0 1.5000000000000002 1.5000000000000002 1 1.5000000000000002 2 2.5000000000000004 3 4 5 6 7 8 9 10 11 1.5000000000000002 12 13 14 15 16 17 18 2.5000000000000004
decision_type=2 2 2 2 2 1 2 2 1 2 1 2 1 1 1 1 1 1 1 1 1 2 1 1 1 1 1 1 1 2
left_child=1 2 4 7 27 9 23 17 13 -3 26 -11 -12 18 -10 -7 -9 -2 -6 -8 21 -17 -18 -5 -25 -21 -4 -1 -19 -22
right_child=3 5 10 6 8 15 19 16 14 11 12 -13 -14 -15 -16 20 22 28 -20 25 29 -23 -24 24 -26 -27 -28 -29 -30 -31
leaf_value=-16.425813332128897 12.451429511877423 3.8397060378053838 10.598887448554061 30.554721661245789 -1.99205571174995 17.189882900644264 80.03828793431893 16.818588233508653 -8.1701682488852594 11.264014710961796 2.5022850593588615 26.948258415337474 -0.1550580832027483 -6.0702090915162703 -9.9373553666228602 14.718140168110677 45.283892082646645 20.600443626806989 -4.2118599890824431 59.625911799199926 19.840855745953153 24.278551685332694 34.330371804356936 36.825869027996127 51.74564036842154 45.641494761929657 5.0296164708971354 -18.995500851132324 15.709211814160822 21.689864232412202
leaf_weight=73247 5406 86066 637 1258 10206 7925 234 268 99192 35551 75172 794 37807 45709 75182 541 493 974 102392 5400 10319 6817 4975 12558 228 495 58737 3869 27298 10250
leaf_count=73247 5406 86066 637 1258 10206 7925 234 268 99192 35551 75172 794 37807 45709 75182 541 493 974 102392 5400 10319 6817 4975 12558 228 495 58737 3869 27298 10250
internal_value=0.00536227 -2.1475 -5.28949 26.7563 -8.69668 9.40992 43.5751 18.148 -6.87411 6.14529 2.81164 11.6067 1.6131 -4.60581 -8.93262 20.549 34.6217 15.3422 -4.01085 59.5781 21.4958 23.5436 35.3988 36.5912 37.1321 58.5309 5.09114 -16.5593 15.8849 20.7522
internal_weight=800000 740413 582150 59587 409797 158263 20173 39414 332681 122411 172353 36345 112979 158307 174374 35852 5736 33678 112598 6129 27927 7358 5468 14044 12786 5895 59374 77116 28272 20569
internal_count=800000 740413 582150 59587 409797 158263 20173 39414 332681 122411 172353 36345 112979 158307 174374 35852 5736 33678 112598 6129 27927 7358 5468 14044 12786 5895 59374 77116 28272 20569
cat_boundaries=0 1 2 3 4 5 6 7 8 9 10 11 12 13 14 15 16 17 18 19
cat_threshold=32 11 49 10 3 4 4 4 12 1 48 16 48 12 3 1 32 40 48
is_linear=0
shrinkage=0.05


Tree=29
num_leaves=31
num_cat=19
split_feature=1 2 1 1 1 0 2 2 0 1 0 1 0 0 0 0 0 0 0 1 0 0 0 1 0 0 0 0 0 0
split_gain=1.66369e+10 9.70629e+09 5.80089e+09 3.11585e+09 2.12006e+09 2.07681e+09 8.1473e+08 6.58217e+08 5.60483e+08 5.56499e+08 1.71525e+08 6.89703e+07 6.19591e+07 4.9632e+07 4.76459e+07 3.90504e+07 2.49809e+07 1.76404e+07 1.64067e+07 1.4954e+07 1.41661e+07 1.31536e+07 8.94843e+06 8.51556e+06 8.00269e+06 7.67116e+06 6.87696e+06 6.81919e+06 6.71438e+06 6.71026e+06
threshold=3.5000000000000004 1.5000000000000002 2.5000000000000004 4.5000000000000009 1.5000000000000002 0 1.5000000000000002 1.5000000000000002 1 1.5000000000000002 2 2.5000000000000004 3 4 5 6 7 8 9 2.5000000000000004 10 11 12 1.5000000000000002 13 14 15 16 17 18
decision_type=2 2 2 2 2 1 2 2 1 2 1 2 1 1 1 1 1 1 1 2 1 1 1 2 1 1 1 1 1 1
left_child=1 2 4 7 27 9 22 17 13 -3 21 -11 -12 18 -10 -7 29 -2 -6 23 -8 -4 -5 -17 -25 -22 -16 -1 -19 -9
right_child=3 5 10 6 8 15 20 16 14 11 12 -13 -14 -15 26 19 -18 28 -20 -21 25 -23 -24 24 -26 -27 -28 -29 -30 -31
leaf_value=-15.604635039502842 11.830007401879113 3.6477205151443197 1.5082130392410564 22.892678274448102 -1.8925510205696037 21.280766674657897 76.200390087190229 43.064712090615487 -7.7617014855512325 10.700815261628524 5.042731861343019 25.600846514954078 2.7252041289237798 -5.7667648802832172 -8.9346546386421952 24.49814133536648 24.893168554148975 14.607363438798528 -4.0012869977436045 19.894504820345187 56.650124629367966 -0.14730777758635577 34.996104683297482 17.984193109375493 15.066866307240918 43.404606967586105 -9.9392924002767966 -18.048174925457726 16.661942164378107 33.534578834986512
leaf_weight=73247 5406 86066 17566 315 10206 17395 234 493 99192 35551 52023 794 64957 45709 37417 355 1083 21691 102392 6077 5400 37807 13729 6374 5651 495 37765 3869 6581 4160
leaf_count=73247 5406 86066 17566 315 10206 17395 234 493 99192 35551 52023 794 64957 45709 37417 355 1083 21691 102392 6077 5400 37807 13729 6374 5651 495 37765 3869 6581 4160
internal_value=0.00535589 -2.04014 -5.02506 25.4222 -8.26193 8.93948 41.4039 17.2424 -6.53045 5.83802 2.67111 11.0263 3.75619 -4.37556 -8.48604 19.5218 32.8991 14.5758 -3.81033 17.8535 56.6144 0.378051 34.7659 16.866 16.6407 55.6133 -9.44055 -15.7316 15.0913 34.6345
internal_weight=800000 740413 582150 59587 409797 158263 20173 39414 332681 122411 172353 36345 116980 158307 174374 35852 5736 33678 112598 18457 6129 55373 14044 12380 12025 5895 75182 77116 28272 4653
internal_count=800000 740413 582150 59587 409797 158263 20173 39414 332681 122411 172353 36345 116980 158307 174374 35852 5736 33678 112598 18457 6129 55373 14044 12380 12025 5895 75182 77116 28272 4653
cat_boundaries=0 1 2 3 4 5 6 7 8 9 10 11 12 13 14 15 16 17 18 19
cat_threshold=32 11 12 33 3 4 25 49 12 1 48 8 8 2 1 16 40 1 48
is_linear=0
shrinkage=0.05


Tree=30
num_leaves=31
num_cat=19
split_feature=1 2 1 1 1 0 2 2 0 1 0 1 0 0 0 0 0 0 0 1 0 0 0 0 0 1 0 0 0 0
split_gain=1.50184e+10 8.76022e+09 5.23542e+09 2.81302e+09 1.91342e+09 1.87454e+09 7.36166e+08 5.94601e+08 5.05846e+08 5.0224e+08 1.54803e+08 6.22457e+07 5.59195e+07 4.47946e+07 4.30051e+07 3.52361e+07 2.34289e+07 1.59142e+07 1.4806e+07 1.34834e+07 1.33161e+07 1.18718e+07 9.87246e+06 9.28967e+06 9.10014e+06 7.68246e+06 7.22258e+06 6.74083e+06 6.47089e+06 6.33656e+06
threshold=3.5000000000000004 1.5000000000000002 2.5000000000000004 4.5000000000000009 1.5000000000000002 0 1.5000000000000002 1.5000000000000002 1 1.5000000000000002 2 2.5000000000000004 3 4 5 6 7 8 9 2.5000000000000004 10 11 12 13 14 1.5000000000000002 15 16 17 18
decision_type=2 2 2 2 2 1 2 2 1 2 1 2 1 1 1 1 1 1 1 2 1 1 1 1 1 2 1 1 1 1
left_child=1 2 4 7 -1 9 23 17 13 -3 21 -11 28 18 -10 -7 -9 -2 -6 25 -8 -4 -18 -5 -25 -17 -27 -22 -12 -19
right_child=3 5 10 6 8 15 20 16 14 11 12 -13 -14 -15 -16 19 22 29 -20 -21 27 -23 -24 24 -26 26 -28 -29 -30 -31
leaf_value=-14.94523338743238 11.239598326175923 3.465332780767362 1.4328455410819734 29.519858168244085 -1.7980156657932882 20.217338994258235 72.546517768453384 14.808023773508964 -7.3736555840992599 10.165772635640115 9.8288909381471434 24.320799078569006 2.5889653713931753 -5.478488994935395 -8.9686503485626758 23.273232891996145 40.954288688189472 18.756256787127594 -3.8012432374911569 18.899778484925445 53.822848861045628 -0.13994431513697472 31.014570207280169 33.576200366096948 47.590783114393219 17.086392338523517 14.314855864713017 41.277351243047434 4.7262882780035804 14.17284436681984
leaf_weight=77116 5406 86066 17566 2953 10206 17395 234 268 99192 35551 637 794 64957 45709 75182 355 493 974 102392 6077 5400 37807 4975 10863 228 6374 5651 495 51386 27298
leaf_count=77116 5406 86066 17566 2953 10206 17395 234 268 99192 35551 637 794 64957 45709 75182 355 493 974 102392 6077 5400 37807 4975 10863 228 6374 5651 495 51386 27298
internal_value=0.00531915 -1.93814 -4.77386 24.1543 -7.84892 8.49267 39.3395 16.3822 -6.20398 5.54612 2.53758 10.475 3.56842 -4.15681 -8.06182 18.5465 31.2629 13.8477 -3.61984 16.9617 53.798 0.359161 31.9839 33.0296 33.9069 16.0241 15.8101 52.8411 4.79064 14.3373
internal_weight=800000 740413 582150 59587 409797 158263 20173 39414 332681 122411 172353 36345 116980 158307 174374 35852 5736 33678 112598 18457 6129 55373 5468 14044 11091 12380 12025 5895 52023 28272
internal_count=800000 740413 582150 59587 409797 158263 20173 39414 332681 122411 172353 36345 116980 158307 174374 35852 5736 33678 112598 18457 6129 55373 5468 14044 11091 12380 12025 5895 52023 28272
cat_boundaries=0 1 2 3 4 5 6 7 8 9 10 11 12 13 14 15 16 17 18 19
cat_threshold=32 11 12 33 3 4 25 4 12 1 48 8 48 14 1 2 1 32 48
is_linear=0
shrinkage=0.05


Tree=31
num_leaves=31
num_cat=20
split_feature=1 2 1 1 1 0 2 2 0 1 0 1 0 0 0 0 0 0 0 0 0 1 0 0 0 0 0 0 0 0
split_gain=1.35579e+10 7.90632e+09 4.72505e+09 2.53997e+09 1.72685e+09 1.69197e+09 6.65046e+08 5.37076e+08 4.56529e+08 4.53272e+08 1.39716e+08 5.61767e+07 5.04732e+07 4.04288e+07 3.88133e+07 3.18768e+07 2.15829e+07 1.43576e+07 1.33614e+07 1.25019e+07 1.11451e+07 1.65383e+07 1.07149e+07 8.37162e+06 8.45608e+06 6.3768e+06 6.26932e+06 5.96781e+06 5.91931e+06 5.85869e+06
threshold=3.5000000000000004 1.5000000000000002 2.5000000000000004 4.5000000000000009 1.5000000000000002 0 1.5000000000000002 1.5000000000000002 1 1.5000000000000002 2 2.5000000000000004 3 4 5 6 7 8 9 10 11 1.5000000000000002 12 13 14 15 16 17 18 19
decision_type=2 2 2 2 2 1 2 2 1 2 1 2 1 1 1 1 1 1 1 1 1 2 1 1 1 1 1 1 1 1
left_child=1 2 4 7 25 9 23 17 13 -3 22 -11 29 18 -10 -7 -9 -2 -6 -8 21 -17 -4 -5 -25 -1 -16 -19 -21 -12
right_child=3 5 10 6 8 15 19 16 14 11 12 -13 -14 -15 26 20 -18 27 -20 28 -22 -23 -24 24 -26 -27 -28 -29 -30 -31
leaf_value=-14.07371274488356 10.678657549135444 3.2920657189034808 1.361243018552722 28.048847153297039 -1.7082029130277734 14.71137562904406 69.067851361577382 31.311056871084908 -7.0050099247638862 9.6574846345682008 9.3450433507031985 23.10475748576205 2.4595375978620257 -5.2046258448459319 -8.0397286382102315 11.907330321560506 22.322047024174559 13.169014021515446 -3.6111995243085104 51.136686110941632 17.766714373093212 20.989717647800948 -0.13294834506459047 31.898935648275149 45.311224762732245 -16.341672618957126 -8.9941450157140288 15.088676603920923 39.254352688175622 4.4900205858487245
leaf_weight=73025 5406 86066 17566 2953 10206 7925 234 4653 99192 35551 637 794 64957 45709 37417 541 1083 21691 102392 5400 20569 6817 37807 10863 228 4091 37765 6581 495 51386
leaf_count=73025 5406 86066 17566 2953 10206 7925 234 4653 99192 35551 637 794 64957 45709 37417 541 1083 21691 102392 5400 20569 6817 37807 10863 228 4091 37765 6581 495 51386
internal_value=0.00533566 -1.84121 -4.53518 22.95 -7.45651 8.0682 37.3794 15.5647 -5.89382 5.26881 2.41076 9.95126 3.39007 -3.94901 -7.65877 17.6199 29.7074 13.1559 -3.43888 51.1218 18.4397 20.2944 0.341215 31.3821 32.2152 -14.198 -8.52028 13.621 50.2071 4.55125
internal_weight=800000 740413 582150 59587 409797 158263 20173 39414 332681 122411 172353 36345 116980 158307 174374 35852 5736 33678 112598 6129 27927 7358 55373 14044 11091 77116 75182 28272 5895 52023
internal_count=800000 740413 582150 59587 409797 158263 20173 39414 332681 122411 172353 36345 116980 158307 174374 35852 5736 33678 112598 6129 27927 7358 55373 14044 11091 77116 75182 28272 5895 52023
cat_boundaries=0 1 2 3 4 5 6 7 8 9 10 11 12 13 14 15 16 17 18 19 20
cat_threshold=32 11 12 33 3 4 4 49 12 1 48 16 8 14 1 32 16 1 1 32
is_linear=0
shrinkage=0.05


Tree=32
num_leaves=31
num_cat=19
split_feature=1 2 1 1 1 0 2 2 0 1 0 1 0 0 0 0 0 0 0 1 0 0 0 1 0 0 0 0 0 0
split_gain=1.22391e+10 7.13562e+09 4.26447e+09 2.29352e+09 1.55854e+09 1.52712e+09 6.00797e+08 4.84963e+08 4.12026e+08 4.09077e+08 1.26499e+08 5.06995e+07 4.67434e+07 3.64884e+07 3.50328e+07 2.94376e+07 2.0326e+07 1.29527e+07 1.20578e+07 1.19404e+07 1.17242e+07 9.5889e+06 8.36493e+06 7.05865e+06 5.77219e+06 5.77043e+06 5.70817e+06 5.66746e+06 5.65823e+06 5.19414e+06
threshold=3.5000000000000004 1.5000000000000002 2.5000000000000004 4.5000000000000009 1.5000000000000002 0 1.5000000000000002 1.5000000000000002 1 1.5000000000000002 2 2.5000000000000004 3 4 5 6 7 8 9 2.5000000000000004 10 11 12 1.5000000000000002 13 14 15 16 17 18
decision_type=2 2 2 2 2 1 2 2 1 2 1 2 1 1 1 1 1 1 1 2 1 1 1 2 1 1 1 1 1 1
left_child=1 2 4 7 25 9 22 17 13 -3 26 -11 -12 18 -10 -7 -9 -2 -6 23 -8 -18 -5 -17 -25 -1 -4 -19 -16 -22
right_child=3 5 10 6 8 15 20 16 14 11 12 -13 -14 -15 28 19 21 27 -20 -21 29 -23 -24 24 -26 -27 -28 -29 -30 -31
leaf_value=-13.373417478443528 10.145709841734726 3.1274652332242705 8.8850136159929285 18.99339462206914 -1.6228764318449009 18.265214571050105 65.755986729606249 13.018299813750838 -6.6547945283338468 9.174610228287829 2.0291087026972305 21.949522729484499 -0.12630370973509919 -4.944449616029206 -7.6378483554594361 21.358078988047552 37.412850464504238 17.081207793514903 -3.4306558452158509 17.115625573491432 48.584576673454812 27.978021941596314 30.029347455955349 15.346469780914767 12.866109330189605 -15.587779734754845 4.1059222913178806 12.786546109888064 -8.5445569725819261 37.330503363709639
leaf_weight=73247 5406 86066 637 315 10206 17395 234 268 99192 35551 75172 794 37807 45709 37417 355 493 974 102392 6077 5400 4975 13729 6374 5651 3869 58737 27298 37765 495
leaf_count=73247 5406 86066 637 315 10206 17395 234 268 99192 35551 75172 794 37807 45709 37417 355 493 974 102392 6077 5400 4975 13729 6374 5651 3869 58737 27298 37765 495
internal_value=0.00528346 -1.74916 -4.30846 21.8055 -7.08376 7.6649 35.517 14.7876 -5.59918 5.00537 2.29027 9.45369 1.30788 -3.75159 -7.2759 16.7394 28.2267 12.4987 -3.26696 15.2922 48.5787 28.8954 29.8167 14.4095 14.2043 -13.4883 4.15868 12.9405 -8.09438 47.7044
internal_weight=800000 740413 582150 59587 409797 158263 20173 39414 332681 122411 172353 36345 112979 158307 174374 35852 5736 33678 112598 18457 6129 5468 14044 12380 12025 77116 59374 28272 75182 5895
internal_count=800000 740413 582150 59587 409797 158263 20173 39414 332681 122411 172353 36345 112979 158307 174374 35852 5736 33678 112598 18457 6129 5468 14044 12380 12025 77116 59374 28272 75182 5895
cat_boundaries=0 1 2 3 4 5 6 7 8 9 10 11 12 13 14 15 16 17 18 19
cat_threshold=32 11 49 10 3 4 25 4 12 1 48 48 8 2 40 32 48 16 1
is_linear=0
shrinkage=0.05


Tree=33
num_leaves=31
num_cat=19
split_feature=1 2 1 1 1 0 2 2 0 1 0 1 0 0 0 0 0 0 0 0 1 0 0 0 0 1 0 0 0 0
split_gain=1.10484e+10 6.44011e+09 3.84879e+09 2.07063e+09 1.40663e+09 1.37839e+09 5.42866e+08 4.38045e+08 3.71861e+08 3.69192e+08 1.15235e+08 4.57563e+07 4.13061e+07 3.29321e+07 3.16206e+07 2.65625e+07 1.86889e+07 1.16857e+07 1.09833e+07 1.08814e+07 1.07667e+07 8.25883e+06 7.8931e+06 7.77783e+06 8.7178e+06 6.36824e+06 5.29533e+06 5.23659e+06 5.20955e+06 5.10667e+06
threshold=3.5000000000000004 1.5000000000000002 2.5000000000000004 4.5000000000000009 1.5000000000000002 0 1.5000000000000002 1.5000000000000002 1 1.5000000000000002 2 2.5000000000000004 3 4 5 6 7 8 9 10 2.5000000000000004 11 12 13 14 1.5000000000000002 15 16 17 18
decision_type=2 2 2 2 2 1 2 2 1 2 1 2 1 1 1 1 1 1 1 1 2 1 1 1 1 2 1 1 1 1
left_child=1 2 4 7 27 9 23 17 13 -3 21 -11 -12 19 -10 -7 -9 -2 -8 -6 25 -4 -18 -5 -25 -17 -19 -1 -27 -16
right_child=3 5 10 6 8 15 18 16 14 11 12 -13 -14 -15 29 20 22 26 -20 -21 -22 -23 -24 24 -26 28 -28 -29 -30 -31
leaf_value=-12.701543861159866 9.6393598308767494 2.9710922025779336 1.1918232948171263 25.21340051868901 -1.5418122538945223 17.352480693201812 62.602935495532932 15.664521265860996 -6.3220881890607474 8.7158802090521146 4.1156410580212182 20.852046868062441 2.2233891135539778 -4.6972811027718269 -7.2560584072859431 20.290178343007263 35.57940082047616 11.871834559203524 45.32645008327394 -3.2591396081359365 16.259841945341236 -0.11998905094428264 26.803814619129447 28.805369039840713 41.70247535144582 14.58035064610025 13.665297013315911 -14.755086680100739 12.223937603067412 -8.1174418029179254
leaf_weight=73025 5406 86066 17566 2953 10206 17395 234 449 99192 35551 52023 794 64957 45709 37417 355 493 21691 5895 102392 6077 37807 4794 10863 228 6374 6581 4091 5651 37765
leaf_count=73025 5406 86066 17566 2953 10206 17395 234 449 99192 35551 52023 794 64957 45709 37417 355 493 21691 5895 102392 6077 37807 4794 10863 228 6374 6581 4091 5651 37765
internal_value=0.0052185 -1.6617 -4.09307 20.7179 -6.72965 7.2818 33.7461 14.0498 -5.31927 4.75511 2.1758 8.98101 3.06519 -3.56404 -6.91217 15.903 26.8222 11.8744 46.1621 -3.10363 14.5283 0.296298 27.6877 28.3276 29.1078 13.6901 12.294 -12.814 13.4953 -7.68977
internal_weight=800000 740413 582150 59587 409797 158263 20173 39414 332681 122411 172353 36345 116980 158307 174374 35852 5736 33678 6129 112598 18457 55373 5287 14044 11091 12380 28272 77116 12025 75182
internal_count=800000 740413 582150 59587 409797 158263 20173 39414 332681 122411 172353 36345 116980 158307 174374 35852 5736 33678 6129 112598 18457 55373 5287 14044 11091 12380 28272 77116 12025 75182
cat_boundaries=0 1 2 3 4 5 6 7 8 9 10 11 12 13 14 15 16 17 18 19
cat_threshold=32 11 12 33 3 4 25 12 12 48 1 8 48 14 1 1 32 2 16
is_linear=0
shrinkage=0.05


Tree=34
num_leaves=31
num_cat=20
split_feature=1 2 1 1 1 0 2 2 0 1 0 1 0 0 0 0 0 0 0 0 0 1 0 0 0 0 0 0 0 0
split_gain=9.97371e+09 5.8124e+09 3.47361e+09 1.86947e+09 1.26953e+09 1.24414e+09 4.90249e+08 3.95686e+08 3.35612e+08 3.33197e+08 1.04001e+08 4.1295e+07 3.72797e+07 2.97224e+07 2.85406e+07 2.39682e+07 1.75172e+07 1.05423e+07 1.02906e+07 9.81972e+06 9.40204e+06 1.49258e+07 7.58804e+06 7.45403e+06 5.99428e+06 5.16892e+06 5.05992e+06 4.80435e+06 4.73862e+06 4.64725e+06
threshold=3.5000000000000004 1.5000000000000002 2.5000000000000004 4.5000000000000009 1.5000000000000002 0 1.5000000000000002 1.5000000000000002 1 1.5000000000000002 2 2.5000000000000004 3 4 5 6 7 8 9 10 11 1.5000000000000002 12 13 14 15 16 17 18 19
decision_type=2 2 2 2 2 1 2 2 1 2 1 2 1 1 1 1 1 1 1 1 1 2 1 1 1 1 1 1 1 1
left_child=1 2 4 7 28 9 22 17 13 -3 23 -11 27 19 -10 -7 25 -2 -8 -6 21 -17 -5 -4 -20 -9 -19 -12 -1 -18
right_child=3 5 10 6 8 15 18 16 14 11 12 -13 -14 -15 -16 20 29 26 24 -21 -22 -23 -24 -25 -26 -27 -28 -29 -30 -31
leaf_value=-12.069536350252379 9.1582820751466283 2.8225344259257521 1.1322663482015762 16.851064201354983 -1.4647965593644203 12.588516257333545 59.601075130212507 33.83579750098955 -6.0060170273759574 8.2800868411663835 8.2450270036641378 19.809443014995278 2.1122371914450349 -4.4624683559017804 -7.3053796461864113 9.5310777138870435 21.137724066416425 15.55950772956135 43.897708950219005 -3.0961993710966458 15.208830549626697 18.15934681958846 27.113535392332114 -0.11399164453775751 33.279493112847362 26.020539356524427 11.535665610249715 3.8545656986241768 -14.074547747122502 11.635747589824868
leaf_weight=73247 5406 86066 17566 315 10206 7925 234 493 99192 35551 637 794 64957 45709 75182 541 815 974 5400 102392 20569 6817 13729 37807 495 4160 27298 51386 3869 268
leaf_count=73247 5406 86066 17566 315 10206 7925 234 493 99192 35551 637 794 64957 45709 75182 541 815 974 5400 102392 20569 6817 13729 37807 495 4160 27298 51386 3869 268
internal_value=0.00515073 -1.57862 -3.88846 19.6847 -6.39324 6.91785 32.0639 13.3487 -5.05336 4.51735 2.06703 8.53196 2.91195 -3.38587 -6.56663 15.1085 25.4879 11.2812 43.8629 -2.94847 15.8188 17.5012 26.9147 0.281492 43.064 26.9194 11.6797 3.9099 -12.1735 18.9143
internal_weight=800000 740413 582150 59587 409797 158263 20173 39414 332681 122411 172353 36345 116980 158307 174374 35852 5736 33678 6129 112598 27927 7358 14044 55373 5895 4653 28272 52023 77116 1083
internal_count=800000 740413 582150 59587 409797 158263 20173 39414 332681 122411 172353 36345 116980 158307 174374 35852 5736 33678 6129 112598 27927 7358 14044 55373 5895 4653 28272 52023 77116 1083
cat_boundaries=0 1 2 3 4 5 6 7 8 9 10 11 12 13 14 15 16 17 18 19 20
cat_threshold=32 11 12 33 3 4 4 49 12 48 1 16 8 8 1 48 48 32 40 10
is_linear=0
shrinkage=0.05


Tree=35
num_leaves=31
num_cat=19
split_feature=1 2 1 1 1 0 2 2 0 1 0 1 0 0 0 0 0 0 1 0 0 0 0 0 1 0 0 0 0 0
split_gain=9.00359e+09 5.24581e+09 3.13501e+09 1.68773e+09 1.1458e+09 1.12292e+09 4.42977e+08 3.57505e+08 3.02891e+08 3.0071e+08 9.38647e+07 3.72688e+07 3.36489e+07 2.68256e+07 2.57588e+07 2.21636e+07 1.576e+07 9.6215e+06 9.54195e+06 9.5111e+06 8.86162e+06 7.39294e+06 9.55543e+06 6.72762e+06 5.84511e+06 5.29802e+06 4.74385e+06 4.69147e+06 4.65048e+06 4.34944e+06
threshold=3.5000000000000004 1.5000000000000002 2.5000000000000004 4.5000000000000009 1.5000000000000002 0 1.5000000000000002 1.5000000000000002 1 1.5000000000000002 2 2.5000000000000004 3 4 5 6 7 8 2.5000000000000004 9 10 11 12 13 1.5000000000000002 14 15 16 17 18
decision_type=2 2 2 2 2 1 2 2 1 2 1 2 1 1 1 1 1 1 2 1 1 1 1 1 2 1 1 1 1 1
left_child=1 2 4 7 -1 9 21 19 13 -3 23 -11 29 20 -10 -7 26 -8 24 -2 -6 -5 -23 -4 -17 -19 -9 -21 -16 -12
right_child=3 5 10 6 8 15 17 16 14 11 12 -13 -14 -15 28 18 -18 25 -20 27 -22 22 -24 -25 -26 -27 -28 -29 -30 -31
leaf_value=-11.565013375211302 8.7012138978065021 2.6814097300431907 1.0756833086569417 20.776842546162172 -1.3916293926414516 15.676393326835637 56.743152368264127 32.177640921742494 -5.7057449420727382 7.8660804076287452 7.8391482891218374 18.818971996163242 2.0066415599199594 -4.2393954664753632 -6.5281817387371355 18.632587892505484 17.983603226276898 41.706878121617542 14.728579825822983 10.701999842516866 -2.9414039514513726 25.75001942123447 38.406245295941332 -0.1082931165198141 12.122750694108356 31.648467227444794 24.722629962785067 12.377428821395299 -7.3465046017518665 3.6618747214026302
leaf_weight=77116 5406 86066 17566 1258 10206 17395 234 493 99192 35551 637 794 64957 45709 37417 355 1083 5400 6077 21691 102392 12558 228 37807 12025 495 4160 6581 37765 51386
leaf_count=77116 5406 86066 17566 1258 10206 17395 234 493 99192 35551 637 794 64957 45709 37417 355 1083 5400 6077 21691 102392 12558 228 37807 12025 495 4160 6581 37765 51386
internal_value=0.00508356 -1.49969 -3.69407 18.703 -6.07363 6.57204 30.4652 12.6829 -4.80072 4.29148 1.96373 8.10536 2.76642 -3.21661 -6.23833 14.3535 24.2215 41.6809 13.0988 10.7177 -2.80107 25.5705 26.0055 0.267427 12.3094 40.9173 25.5798 11.0962 -6.94016 3.71452
internal_weight=800000 740413 582150 59587 409797 158263 20173 39414 332681 122411 172353 36345 116980 158307 174374 35852 5736 6129 18457 33678 112598 14044 12786 55373 12380 5895 4653 28272 75182 52023
internal_count=800000 740413 582150 59587 409797 158263 20173 39414 332681 122411 172353 36345 116980 158307 174374 35852 5736 6129 18457 33678 112598 14044 12786 55373 12380 5895 4653 28272 75182 52023
cat_boundaries=0 1 2 3 4 5 6 7 8 9 10 11 12 13 14 15 16 17 18 19
cat_threshold=32 11 12 33 3 4 25 49 48 12 1 12 3 8 1 48 1 16 32
is_linear=0
shrinkage=0.05


Tree=36
num_leaves=31
num_cat=20
split_feature=1 2 1 1 1 0 2 2 0 1 0 1 0 0 0 0 0 0 0 0 1 0 0 0 0 0 0 0 0 0
split_gain=8.12803e+09 4.7344e+09 2.82941e+09 1.5239e+09 1.03407e+09 1.01348e+09 4.00183e+08 3.22953e+08 2.73365e+08 2.71391e+08 8.50381e+07 3.36351e+07 3.07375e+07 2.4211e+07 2.32498e+07 2.05026e+07 1.47082e+07 8.98804e+06 8.58042e+06 8.06241e+06 1.34706e+07 7.99704e+06 6.86919e+06 8.06114e+06 6.59339e+06 4.6807e+06 4.51021e+06 4.41214e+06 4.21279e+06 4.19719e+06
threshold=3.5000000000000004 1.5000000000000002 2.5000000000000004 4.5000000000000009 1.5000000000000002 0 1.5000000000000002 1.5000000000000002 1 1.5000000000000002 2 2.5000000000000004 3 4 5 6 7 8 9 10 1.5000000000000002 11 12 13 14 15 16 17 18 19
decision_type=2 2 2 2 2 1 2 2 1 2 1 2 1 1 1 1 1 1 1 1 2 1 1 1 1 1 1 1 1 1
left_child=1 2 4 7 27 9 22 18 13 -3 28 -11 -12 21 -10 -7 -9 -8 -2 20 -17 -6 -5 -24 -18 -19 -20 -1 -4 -16
right_child=3 5 10 6 8 15 17 16 14 11 12 -13 -14 -15 29 19 24 25 26 -21 -22 -23 23 -25 -26 -27 -28 -29 -30 -31
leaf_value=-10.884986956806539 8.2669570953842459 2.5473385428212203 7.4532501248709018 21.482848781457918 -1.3221149362524507 11.309345906323131 54.022271004661185 10.208049936088727 -5.4204874461419292 7.4727779949027608 1.644969093548748 17.878023659732541 -0.10288135333275195 -4.0274721990063131 -6.2018594103728146 8.2707029154031861 30.600741808457123 39.625387203389309 14.176856213081175 13.729577888615934 16.467558535428555 -2.7943487837189767 24.725678486711331 36.566618068278338 22.82758317302677 30.097379961297065 10.406989417111733 -12.74570587360984 3.3522515286043304 -6.9792777353282958
leaf_weight=73025 5406 86066 637 2953 10206 7925 234 268 99192 35551 75172 794 37807 45709 37417 541 493 5400 974 20569 6817 102392 10863 228 4975 495 27298 4091 58737 37765
leaf_count=73025 5406 86066 637 2953 10206 7925 234 268 99192 35551 75172 794 37807 45709 37417 541 493 5400 974 20569 6817 102392 10863 228 4975 495 27298 4091 58737 37765
internal_value=0.00503122 -1.42471 -3.50938 17.7706 -5.76999 6.24349 28.9472 12.0501 -4.56073 4.07691 1.86558 7.70009 1.06012 -3.0558 -5.92647 13.636 23.017 39.6074 10.1823 14.292 15.8433 -2.66103 24.295 25.0018 23.583 38.8776 10.5418 -10.9868 3.3975 -6.59324
internal_weight=800000 740413 582150 59587 409797 158263 20173 39414 332681 122411 172353 36345 112979 158307 174374 35852 5736 6129 33678 27927 7358 112598 14044 11091 5468 5895 28272 77116 59374 75182
internal_count=800000 740413 582150 59587 409797 158263 20173 39414 332681 122411 172353 36345 112979 158307 174374 35852 5736 6129 33678 27927 7358 112598 14044 11091 5468 5895 28272 77116 59374 75182
cat_boundaries=0 1 2 3 4 5 6 7 8 9 10 11 12 13 14 15 16 17 18 19 20
cat_threshold=32 11 49 10 3 4 4 4 48 12 16 1 14 1 48 1 48 32 32 16
is_linear=0
shrinkage=0.05


Tree=37
num_leaves=31
num_cat=18
split_feature=1 2 1 1 1 0 2 2 0 1 0 1 0 0 0 0 0 0 0 0 1 0 0 0 0 0 1 0 0 1
split_gain=7.3376e+09 4.2729e+09 2.55361e+09 1.37598e+09 9.33282e+08 9.14739e+08 3.6152e+08 2.91707e+08 2.46717e+08 2.4493e+08 7.74498e+07 3.03556e+07 2.75149e+07 2.18513e+07 2.09852e+07 1.8497e+07 1.35932e+07 8.38932e+06 7.74119e+06 7.27337e+06 1.21572e+07 7.21678e+06 6.67607e+06 5.16563e+06 4.15071e+06 4.13356e+06 3.99552e+06 3.99216e+06 3.9023e+06 3.87336e+06
threshold=3.5000000000000004 1.5000000000000002 2.5000000000000004 4.5000000000000009 1.5000000000000002 0 1.5000000000000002 1.5000000000000002 1 1.5000000000000002 2 2.5000000000000004 3 4 5 6 7 8 9 10 1.5000000000000002 11 12 13 14 15 2.5000000000000004 16 17 1.5000000000000002
decision_type=2 2 2 2 2 1 2 2 1 2 1 2 1 1 1 1 1 1 1 1 2 1 1 1 1 1 2 1 1 2
left_child=1 2 4 7 27 9 22 18 13 -3 23 -11 -12 21 -10 29 28 -8 -2 20 -17 -6 -5 -4 -20 -19 -21 -1 -9 -7
right_child=3 5 10 6 8 15 17 16 14 11 12 -13 -14 -15 -16 19 -18 25 24 26 -22 -23 -24 -25 -26 -27 -28 -29 -30 -31
leaf_value=-10.343513436582171 7.8543704316042025 2.4199713664929918 0.93972888027585322 13.986468673999495 -1.2560755819479004 16.164544227887998 51.431864521933385 29.10112459209283 -5.149489966400381 7.0991421825898984 3.3588151023414166 16.984123204997566 1.8144298485310504 -3.826140601799926 -6.2636686120265113 7.8571648609175488 16.116426646196832 37.647780911838723 9.6470372317040685 12.355241080783276 15.644182583004634 -2.6546449216985444 23.26476992705615 -0.097736533817850413 11.212081772618042 28.622308479724548 13.748984103058607 -12.160231683646998 22.350823282292136 10.532143024280099
leaf_weight=73247 5406 86066 17566 315 10206 318 234 493 99192 35551 52023 794 64957 45709 75182 541 1083 5400 21691 10319 6817 102392 13729 37807 6581 495 10250 3869 4160 7607
leaf_count=73247 5406 86066 17566 315 10206 318 234 493 99192 35551 52023 794 64957 45709 75182 541 1083 5400 21691 10319 6817 102392 13729 37807 6581 495 10250 3869 4160 7607
internal_value=0.0049615 -1.35348 -3.33394 16.8846 -5.48155 5.9314 27.505 11.4488 -4.33273 3.87306 1.77234 7.31509 2.50147 -2.90304 -5.6302 12.9546 21.8717 37.6372 9.67363 13.5776 15.0512 -2.528 23.0832 0.231489 10.0152 36.9397 13.0434 -10.4376 23.1269 10.7446
internal_weight=800000 740413 582150 59587 409797 158263 20173 39414 332681 122411 172353 36345 116980 158307 174374 35852 5736 6129 33678 27927 7358 112598 14044 55373 28272 5895 20569 77116 4653 7925
internal_count=800000 740413 582150 59587 409797 158263 20173 39414 332681 122411 172353 36345 116980 158307 174374 35852 5736 6129 33678 27927 7358 112598 14044 55373 28272 5895 20569 77116 4653 7925
cat_boundaries=0 1 2 3 4 5 6 7 8 9 10 11 12 13 14 15 16 17 18
cat_threshold=32 11 12 33 3 4 4 49 48 12 16 1 8 8 1 1 40 48
is_linear=0
shrinkage=0.05


Tree=38
num_leaves=31
num_cat=19
split_feature=1 2 1 1 1 0 2 2 0 1 0 1 0 0 0 0 0 1 0 0 0 0 0 0 1 0 0 0 0 0
split_gain=6.62381e+09 3.85632e+09 2.30468e+09 1.24225e+09 8.42321e+08 8.25552e+08 3.26663e+08 2.63514e+08 2.22663e+08 2.21049e+08 6.98995e+07 2.7396e+07 2.48328e+07 1.97216e+07 1.89397e+07 1.69557e+07 1.275e+07 8.06574e+06 6.98368e+06 6.51267e+06 6.28363e+06 7.9653e+06 5.45308e+06 5.43624e+06 5.00259e+06 4.66227e+06 3.81864e+06 3.74976e+06 3.62165e+06 3.56591e+06
threshold=3.5000000000000004 1.5000000000000002 2.5000000000000004 4.5000000000000009 1.5000000000000002 0 1.5000000000000002 1.5000000000000002 1 1.5000000000000002 2 2.5000000000000004 3 4 5 6 7 2.5000000000000004 8 9 10 11 12 13 1.5000000000000002 14 15 16 17 18
decision_type=2 2 2 2 2 1 2 2 1 2 1 2 1 1 1 1 1 2 1 1 1 1 1 1 2 1 1 1 1 1
left_child=1 2 4 7 28 9 20 18 13 -3 25 -11 29 19 -10 -7 -9 24 -2 -6 -5 -22 -18 -8 -17 -4 -16 -20 -1 -12
right_child=3 5 10 6 8 15 23 16 14 11 12 -13 -14 -15 26 17 22 -19 27 -21 21 -23 -24 -25 -26 -27 -28 -29 -30 -31
leaf_value=-9.8237086220751273 7.4623781381716938 2.2989737511235186 0.89276883823523256 19.302339789354839 -1.1933330666953545 13.462439174837968 36.40276704847517 8.9391742899263509 -4.8920423144647778 6.7441800918261494 6.9210009877058969 16.134917251529263 1.7237218281938227 -3.6348766141588729 -5.578748835952168 16.334499519030814 27.674998137396326 12.708941601278831 9.164905551163141 -2.5219259268734477 22.328360701260742 33.700746190447767 20.624156298747394 27.219532941072295 10.312077552176811 -0.092853538733489255 -6.3173042864291418 10.652328494712519 -11.508362176621203 3.1433295062083904
leaf_weight=73025 5406 86066 17566 2953 10206 17395 5634 268 99192 35551 637 794 64957 45709 37417 355 493 6077 21691 102392 10863 228 4975 495 12025 37807 37765 6581 4091 51386
leaf_count=73025 5406 86066 17566 2953 10206 17395 5634 268 99192 35551 637 794 64957 45709 37417 355 493 6077 21691 102392 10863 228 4975 495 12025 37807 37765 6581 4091 51386
internal_value=0.00484763 -1.28583 -3.16728 16.0425 -5.20752 5.63483 26.1336 10.8776 -4.11613 3.67941 1.68374 6.94933 2.37642 -2.75791 -5.34873 12.3068 20.784 11.211 9.19037 -2.40162 21.9304 22.5923 21.3092 35.7649 10.4848 0.219921 -5.95053 9.51478 -9.91585 3.19091
internal_weight=800000 740413 582150 59587 409797 158263 20173 39414 332681 122411 172353 36345 116980 158307 174374 35852 5736 18457 33678 112598 14044 11091 5468 6129 12380 55373 75182 28272 77116 52023
internal_count=800000 740413 582150 59587 409797 158263 20173 39414 332681 122411 172353 36345 116980 158307 174374 35852 5736 18457 33678 112598 14044 11091 5468 6129 12380 55373 75182 28272 77116 52023
cat_boundaries=0 1 2 3 4 5 6 7 8 9 10 11 12 13 14 15 16 17 18 19
cat_threshold=32 11 12 33 3 4 25 4 12 1 14 1 48 49 8 16 1 32 32
is_linear=0
shrinkage=0.05


Tree=39
num_leaves=31
num_cat=20
split_feature=1 2 1 1 1 0 2 2 0 1 0 1 0 0 0 0 0 0 0 1 0 0 0 0 0 0 0 0 0 0
split_gain=5.97936e+09 3.48039e+09 2.08003e+09 1.1215e+09 7.60223e+08 7.45095e+08 2.94926e+08 2.38019e+08 2.00958e+08 1.99497e+08 6.30868e+07 2.47249e+07 2.24142e+07 1.77995e+07 1.7095e+07 1.58275e+07 1.17246e+07 6.30031e+06 6.23866e+06 1.09718e+07 6.00656e+06 7.89806e+06 5.87724e+06 4.82675e+06 4.4745e+06 4.20792e+06 3.44643e+06 3.38751e+06 3.27691e+06 3.228e+06
threshold=3.5000000000000004 1.5000000000000002 2.5000000000000004 4.5000000000000009 1.5000000000000002 0 1.5000000000000002 1.5000000000000002 1 1.5000000000000002 2 2.5000000000000004 3 4 5 6 7 8 9 1.5000000000000002 10 11 12 13 14 15 16 17 18 19
decision_type=2 2 2 2 2 1 2 2 1 2 1 2 1 1 1 1 1 1 1 2 1 1 1 1 1 1 1 1 1 1
left_child=1 2 4 7 28 9 20 17 13 -3 25 -11 29 22 -10 -7 -9 -2 19 -17 -5 -22 -6 -8 -18 -4 -16 -19 -1 -12
right_child=3 5 10 6 8 15 23 16 14 11 12 -13 -14 -15 26 18 24 27 -20 -21 21 -23 -24 -25 -26 -27 -28 -29 -30 -31
leaf_value=-9.3350342524878815 7.0899492476504165 2.1840239365744156 0.84815597198852688 16.684200904798058 -1.1337242247261101 9.6507982555334131 34.585853942584521 11.058331946765676 -4.6474644039439612 6.4069725560604116 6.5802996091533119 15.328170443902389 1.637549345038293 -3.4531724278284743 -5.2998856758865598 6.7911873029472645 26.318757722486794 8.7068724545151035 11.774542311722108 14.188848876897167 20.99267383919333 32.086509917764104 -2.3958403744396484 25.885506947583494 19.769086611955789 -0.088210352463816422 -6.001523639146261 10.120520101167278 -10.979853070842511 2.9861914772274467
leaf_weight=73247 5406 86066 17566 1258 10206 7925 5634 449 99192 35551 637 794 64957 45709 37417 541 493 21691 20569 6817 12558 228 102392 495 4794 37807 37765 6581 3869 51386
leaf_count=73247 5406 86066 17566 1258 10206 7925 5634 449 99192 35551 637 794 64957 45709 37417 541 493 21691 20569 6817 12558 228 102392 495 4794 37807 37765 6581 3869 51386
internal_value=0.00473304 -1.22155 -3.00894 15.2422 -4.9472 5.35313 24.8304 10.3348 -3.91035 3.49544 1.59959 6.60187 2.25765 -2.62004 -5.08134 11.6917 19.7498 8.73126 12.2672 13.6264 20.8365 21.2154 -2.28155 33.9818 20.4284 0.208933 -5.65308 9.0394 -9.42019 3.03146
internal_weight=800000 740413 582150 59587 409797 158263 20173 39414 332681 122411 172353 36345 116980 158307 174374 35852 5736 33678 27927 7358 14044 12786 112598 6129 5287 55373 75182 28272 77116 52023
internal_count=800000 740413 582150 59587 409797 158263 20173 39414 332681 122411 172353 36345 116980 158307 174374 35852 5736 33678 27927 7358 14044 12786 112598 6129 5287 55373 75182 28272 77116 52023
cat_boundaries=0 1 2 3 4 5 6 7 8 9 10 11 12 13 14 15 16 17 18 19 20
cat_threshold=32 11 12 33 3 4 4 12 12 16 12 3 1 49 48 8 16 1 40 32
is_linear=0
shrinkage=0.05


Tree=40
num_leaves=31
num_cat=17
split_feature=1 2 1 1 1 0 2 2 0 1 0 1 0 0 0 0 0 0 0 0 1 0 0 1 1 1 0 0 0 0
split_gain=5.39762e+09 3.14113e+09 1.87728e+09 1.01247e+09 6.86127e+08 6.72499e+08 2.66275e+08 2.15001e+08 1.81368e+08 1.80046e+08 5.72071e+07 2.23142e+07 2.02002e+07 1.60646e+07 1.54299e+07 1.42794e+07 1.10268e+07 5.82645e+06 5.68382e+06 5.62818e+06 9.90209e+06 5.30384e+06 4.28452e+06 3.17502e+06 3.15145e+06 3.92252e+06 3.11046e+06 3.10835e+06 3.07474e+06 3.06025e+06
threshold=3.5000000000000004 1.5000000000000002 2.5000000000000004 4.5000000000000009 1.5000000000000002 0 1.5000000000000002 1.5000000000000002 1 1.5000000000000002 2 2.5000000000000004 3 4 5 6 7 8 9 10 1.5000000000000002 11 12 2.5000000000000004 1.5000000000000002 2.5000000000000004 13 14 15 16
decision_type=2 2 2 2 2 1 2 2 1 2 1 2 1 1 1 1 1 1 1 1 2 1 1 2 2 2 1 1 1 1
left_child=1 2 4 7 -1 9 17 18 13 -3 27 -11 -12 21 -10 24 -9 -5 -2 20 -17 -6 -8 -21 -7 -26 -16 -4 -18 -20
right_child=3 5 10 6 8 15 22 16 14 11 12 -13 -14 -15 26 19 28 -19 29 23 -22 -23 -24 -25 25 -27 -28 -29 -30 -31
leaf_value=-8.9493127379524893 6.7361067374312542 2.0748257647949528 6.2563688817680161 11.564699117220366 -1.0770938276964515 14.057054312124192 32.859622729018938 19.888860791947181 -4.4151141494871267 6.0866235173840701 1.3331299491467885 14.561760442623266 -0.083800659867638294 -3.2805503812757504 -5.0349641258661109 6.4516296316206798 15.382141807902943 19.963098707267818 8.2717309729788493 10.572412771300206 13.479409297855263 -2.2760624733775092 24.616862913830445 11.814834651788852 8.3085923841075129 10.906432144383468 -5.7015274242954019 2.7373139341490313 7.9752645094617662 9.6152616738151693
leaf_weight=77116 5406 86066 637 315 10206 318 5634 4653 99192 35551 75172 794 37807 45709 37417 541 815 13729 21691 10319 6817 102392 495 10250 5651 1956 37765 58737 268 6581
leaf_count=77116 5406 86066 637 315 10206 318 5634 4653 99192 35551 75172 794 37807 45709 37417 541 815 13729 21691 10319 6817 102392 495 10250 5651 1956 37765 58737 268 6581
internal_value=0.00462378 -1.16048 -2.85852 14.4819 -4.69989 5.08554 23.5921 9.81912 -3.71487 3.32067 1.51964 6.27177 0.859007 -2.48906 -4.82732 11.1074 18.7673 19.7972 8.29508 11.654 12.9451 -2.16749 32.2877 11.1861 9.16887 8.97658 -5.3705 2.77612 13.639 8.58776
internal_weight=800000 740413 582150 59587 409797 158263 20173 39414 332681 122411 172353 36345 112979 158307 174374 35852 5736 14044 33678 27927 7358 112598 6129 20569 7925 7607 75182 59374 1083 28272
internal_count=800000 740413 582150 59587 409797 158263 20173 39414 332681 122411 172353 36345 112979 158307 174374 35852 5736 14044 33678 27927 7358 112598 6129 20569 7925 7607 75182 59374 1083 28272
cat_boundaries=0 1 2 3 4 5 6 7 8 9 10 11 12 13 14 15 16 17
cat_threshold=32 11 49 10 3 4 4 49 8 12 16 1 49 16 32 10 1
is_linear=0
shrinkage=0.05


Tree=41
num_leaves=31
num_cat=19
split_feature=1 2 1 1 1 0 2 2 0 1 0 1 0 0 0 0 0 0 1 0 0 0 0 1 0 0 0 0 0 0
split_gain=4.87222e+09 2.83487e+09 1.69428e+09 9.13944e+08 6.19221e+08 6.06931e+08 2.40458e+08 1.94171e+08 1.63688e+08 1.62491e+08 5.20762e+07 2.01386e+07 1.83114e+07 1.44989e+07 1.3927e+07 1.29589e+07 9.91467e+06 8.21304e+06 6.52997e+06 5.43795e+06 7.11399e+06 5.12764e+06 4.78635e+06 4.25965e+06 3.23582e+06 3.21735e+06 3.04007e+06 2.80728e+06 2.76686e+06 2.76462e+06
threshold=3.5000000000000004 1.5000000000000002 2.5000000000000004 4.5000000000000009 1.5000000000000002 0 1.5000000000000002 1.5000000000000002 1 1.5000000000000002 2 2.5000000000000004 3 4 5 6 7 8 2.5000000000000004 9 10 11 12 1.5000000000000002 13 14 15 16 17 18
decision_type=2 2 2 2 2 1 2 2 1 2 1 2 1 1 1 1 1 1 2 1 1 1 1 2 1 1 1 1 1 1
left_child=1 2 4 7 26 9 19 21 13 -3 25 -11 -12 22 -10 -7 24 -8 23 -5 -21 -2 -6 -17 -9 -4 -1 -16 -18 -23
right_child=3 5 10 6 8 15 17 16 14 11 12 -13 -14 -15 27 18 28 -19 -20 20 -22 29 -24 -25 -26 -27 -28 -29 -30 -31
leaf_value=-8.4184972639978977 6.3999242097623599 1.9710820502978679 0.73915475439254841 16.435705918948713 -1.0232922449042858 11.561061912452788 31.204872503277347 24.054307346647349 -4.1943804848441912 5.7822913839050445 2.7409832727557877 13.833674590113183 1.4810936849069976 -3.1165596474051132 -4.7832819456942914 14.339475626341054 14.622357848427512 20.380831064267106 10.942824399041683 19.167066510068146 29.593375915238838 7.858334607204795 -2.1622691066061943 8.7822193113553055 18.229085274931911 -0.079612870381170167 -9.9447711149851497 -5.4165263196842943 7.5908465707902426 9.1352286702058976
leaf_weight=73025 5406 86066 17566 2953 10206 17395 5783 493 99192 35551 52023 794 64957 45709 37417 355 815 346 6077 10863 228 21691 102392 12025 4160 37807 4091 37765 268 6581
leaf_count=73025 5406 86066 17566 2953 10206 17395 5783 493 99192 35551 52023 794 64957 45709 37417 355 815 346 6077 10863 228 21691 102392 12025 4160 37807 4091 37765 268 6581
internal_value=0.00448321 -1.10246 -2.7156 13.7591 -4.46493 4.83126 22.4147 9.32903 -3.52916 3.15463 1.44369 5.95818 2.04157 -2.36463 -4.58599 10.552 17.8327 30.678 9.59529 18.8084 19.4079 7.88069 -2.05913 8.94158 18.8965 0.180212 -8.50185 -5.10205 12.9677 8.15869
internal_weight=800000 740413 582150 59587 409797 158263 20173 39414 332681 122411 172353 36345 116980 158307 174374 35852 5736 6129 18457 14044 11091 33678 112598 12380 4653 55373 77116 75182 1083 28272
internal_count=800000 740413 582150 59587 409797 158263 20173 39414 332681 122411 172353 36345 116980 158307 174374 35852 5736 6129 18457 14044 11091 33678 112598 12380 4653 55373 77116 75182 1083 28272
cat_boundaries=0 1 2 3 4 5 6 7 8 9 10 11 12 13 14 15 16 17 18 19
cat_threshold=32 11 12 33 3 4 25 49 35 14 1 12 1 48 8 32 16 10 1
is_linear=0
shrinkage=0.05


Tree=42
num_leaves=31
num_cat=18
split_feature=1 2 1 1 1 0 2 2 0 1 0 1 0 0 0 0 0 0 0 0 1 0 0 0 0 0 0 1 1 0
split_gain=4.39825e+09 2.55852e+09 1.52912e+09 8.25071e+08 5.58868e+08 5.4778e+08 2.17086e+08 1.75435e+08 1.47731e+08 1.46648e+08 4.69994e+07 1.8175e+07 1.65263e+07 1.30858e+07 1.28611e+07 1.25705e+07 1.22206e+07 8.92401e+06 5.21063e+06 4.8266e+06 8.93664e+06 4.6259e+06 4.31937e+06 2.9652e+06 2.96228e+06 2.90382e+06 2.64602e+06 2.55879e+06 3.23521e+06 2.53363e+06
threshold=3.5000000000000004 1.5000000000000002 2.5000000000000004 4.5000000000000009 1.5000000000000002 0 1.5000000000000002 1.5000000000000002 1 1.5000000000000002 2 2.5000000000000004 3 4 5 6 7 8 9 10 1.5000000000000002 11 12 13 14 15 16 2.5000000000000004 1.5000000000000002 17
decision_type=2 2 2 2 2 1 2 2 1 2 1 2 1 1 1 1 1 1 1 1 2 1 1 1 1 1 1 2 2 1
left_child=1 2 4 7 23 9 18 21 13 -3 25 -11 26 22 -8 -10 27 24 -5 20 -18 -2 -6 -1 -9 -4 -12 28 -7 -17
right_child=3 5 10 6 8 16 14 17 15 11 12 -13 -14 -15 -16 29 19 -19 -20 -21 -22 -23 -24 -25 -26 -27 -28 -29 -30 -31
leaf_value=-11.862085896147228 6.0805160156909261 1.8725308360587634 0.70221736496233866 10.207755219386174 -0.9721766509483265 12.637224806779585 42.953326083011319 22.87550046552958 -3.984683450748189 5.4931778298138951 5.8134564507320832 13.141989961619343 1.4070517813821586 -2.9607659263246218 28.479139957686385 -4.5441805825294743 5.5509948889120677 12.329481571994565 18.025584967381587 10.097998578480425 12.227385639525307 7.751053634681508 -2.0541665047649871 -8.0449398545904369 17.319812763131779 -0.075633395654708765 2.5630493706474513 9.8139668380799723 7.4540512620274146 -5.1457702040101108
leaf_weight=593 5406 86066 17566 315 10206 318 234 493 99192 35551 637 794 64957 45709 5895 37417 541 1083 13729 20569 6817 28272 102392 76523 4160 37807 51386 1956 5651 37765
leaf_count=593 5406 86066 17566 315 10206 318 234 493 99192 35551 637 794 64957 45709 5895 37417 541 1083 13729 20569 6817 28272 102392 76523 4160 37807 51386 1956 5651 37765
internal_value=0.00437311 -1.04736 -2.57985 13.0729 -4.24173 4.58974 21.2968 8.86369 -3.35273 2.9969 1.37152 5.66028 1.93951 -2.24642 29.1483 -4.35674 10.0246 16.9467 17.8703 10.5295 11.7206 7.48701 -1.95619 -8.07687 17.9563 0.171207 2.60396 8.2341 7.73019 -4.84701
internal_weight=800000 740413 582150 59587 409797 158263 20173 39414 332681 122411 172353 36345 116980 158307 6129 174374 35852 5736 14044 27927 7358 33678 112598 77116 4653 55373 52023 7925 5969 75182
internal_count=800000 740413 582150 59587 409797 158263 20173 39414 332681 122411 172353 36345 116980 158307 6129 174374 35852 5736 14044 27927 7358 33678 112598 77116 4653 55373 52023 7925 5969 75182
cat_boundaries=0 1 2 3 4 5 6 7 8 9 10 11 12 13 14 15 16 17 18
cat_threshold=32 11 12 33 3 48 4 4 49 8 16 12 1 4 48 8 32 16
is_linear=0
shrinkage=0.05


Tree=43
num_leaves=31
num_cat=19
split_feature=1 2 1 1 1 0 2 2 0 1 0 1 0 0 0 0 0 0 0 0 0 1 0 0 0 0 0 0 0 1
split_gain=3.97026e+09 2.3091e+09 1.38007e+09 7.44832e+08 5.04401e+08 4.94392e+08 1.96096e+08 1.58484e+08 1.3333e+08 1.3235e+08 4.24592e+07 1.6403e+07 1.47516e+07 1.18104e+07 1.13462e+07 1.10311e+07 9.074e+06 8.29484e+06 4.92301e+06 6.86128e+06 4.35434e+06 8.06532e+06 4.18655e+06 3.94055e+06 3.89794e+06 3.88942e+06 2.69308e+06 2.56305e+06 2.53792e+06 2.52243e+06
threshold=3.5000000000000004 1.5000000000000002 2.5000000000000004 4.5000000000000009 1.5000000000000002 0 1.5000000000000002 1.5000000000000002 1 1.5000000000000002 2 2.5000000000000004 3 4 5 6 7 8 9 10 11 1.5000000000000002 12 13 14 15 16 17 18 2.5000000000000004
decision_type=2 2 2 2 2 1 2 2 1 2 1 2 1 1 1 1 1 1 1 1 1 2 1 1 1 1 1 1 1 2
left_child=1 2 4 7 26 9 18 22 13 -3 28 -11 -12 24 -10 -7 25 -9 -5 -20 21 -17 -2 -19 -6 -8 -1 -24 -4 -22
right_child=3 5 10 6 8 15 16 17 14 11 12 -13 -14 -15 -16 20 -18 23 19 -21 29 -23 27 -25 -26 -27 -28 -29 -30 -31
leaf_value=-11.278817614908045 8.2921949386379641 1.7789028223926087 5.5272759695510043 14.76001560590656 -0.92361554326073869 7.8223979740978109 35.975132686915899 6.6306551308940644 -3.7854676921873174 5.2185196686862696 1.1389958038044923 12.484889946296173 -0.071852601698907129 -2.8127600488195679 -4.6047272609794296 5.2734455373062445 17.581583149513502 21.754466444739766 17.309143819346726 27.312467170362716 9.0461644052338581 11.616016772284054 7.0782215891200373 15.965147345551518 -1.9514674537696539 27.607373769023283 -7.6427459204502073 5.7770536681926057 2.3504306192830047 10.153566238547535
leaf_weight=593 6581 86066 637 2953 10206 7925 383 268 99192 35551 75172 794 37807 45709 75182 541 346 493 10863 228 10319 6817 21691 4975 102392 5400 76523 5406 58737 10250
leaf_count=593 6581 86066 637 2953 10206 7925 383 268 99192 35551 75172 794 37807 45709 75182 541 346 493 10863 228 10319 6817 21691 4975 102392 5400 76523 5406 58737 10250
internal_value=0.00424631 -0.995001 -2.45089 12.4206 -4.02969 4.36028 20.2345 8.42135 -3.18513 2.84706 1.30297 5.37726 0.73383 -2.13411 -4.13894 9.52349 27.6967 16.1039 16.9778 17.5392 10.0032 11.1345 7.11286 16.5259 -1.85839 28.2227 -7.67316 6.82086 2.38544 9.59334
internal_weight=800000 740413 582150 59587 409797 158263 20173 39414 332681 122411 172353 36345 112979 158307 174374 35852 6129 5736 14044 11091 27927 7358 33678 5468 112598 5783 77116 27097 59374 20569
internal_count=800000 740413 582150 59587 409797 158263 20173 39414 332681 122411 172353 36345 112979 158307 174374 35852 6129 5736 14044 11091 27927 7358 33678 5468 112598 5783 77116 27097 59374 20569
cat_boundaries=0 1 2 3 4 5 6 7 8 9 10 11 12 13 14 15 16 17 18 19
cat_threshold=32 11 49 10 3 4 4 35 4 14 1 16 50 48 1 34 4 1 32
is_linear=0
shrinkage=0.05


Tree=44
num_leaves=31
num_cat=18
split_feature=1 2 1 1 1 0 2 2 0 1 0 1 0 0 0 0 0 0 0 0 1 0 1 0 0 0 0 0 0 1
split_gain=3.58413e+09 2.08399e+09 1.24555e+09 6.72529e+08 4.55243e+08 4.46204e+08 1.77134e+08 1.43151e+08 1.20331e+08 1.19446e+08 3.88153e+07 1.48037e+07 1.36177e+07 1.34926e+07 1.06593e+07 1.02402e+07 9.95048e+06 7.68616e+06 4.68032e+06 6.70704e+06 4.12556e+06 8.802e+06 4.97994e+06 4.07268e+06 3.78065e+06 3.51764e+06 2.61505e+06 2.43168e+06 2.31155e+06 2.30932e+06
threshold=3.5000000000000004 1.5000000000000002 2.5000000000000004 4.5000000000000009 1.5000000000000002 0 1.5000000000000002 1.5000000000000002 1 1.5000000000000002 2 2.5000000000000004 3 4 5 6 7 8 9 10 1.5000000000000002 11 2.5000000000000004 12 13 14 15 16 17 2.5000000000000004
decision_type=2 2 2 2 2 1 2 2 1 2 1 2 1 1 1 1 1 1 1 1 2 1 2 1 1 1 1 1 1 2
left_child=1 2 4 7 26 9 18 24 14 -3 -4 -11 -8 -12 25 -10 29 27 -5 -20 -18 -22 -23 -14 -2 -6 -1 -9 -26 -7
right_child=3 5 10 6 8 16 12 17 15 11 13 -13 23 -15 -16 -17 20 -19 19 -21 21 22 -24 -25 28 -27 -28 -29 -30 -31
leaf_value=-7.2133527243167554 7.8782150899128602 1.6899566644584323 0.14704246507736984 12.626054211651866 -0.87748039506708353 6.9525539824782472 39.956401371565022 20.688368804127748 -3.5962150118744702 4.9575924356947247 2.3543991057269267 11.860647730382924 26.229555344643302 1.2729141819149916 -2.6721534132422935 -4.3745210551089313 13.344658106591659 11.042131962715107 16.259200717414892 26.004226204527527 11.019048495622336 8.084493066667866 9.6458870508426582 19.118462715148926 6.7244750743472386 -1.8539045509301424 -8.6123873540408091 15.659557989106762 5.4887334896859601 8.9321514079907196
leaf_weight=73025 6581 86066 55373 1258 10206 5969 234 493 99192 35551 52023 794 5400 64957 45709 75182 683 1083 12558 228 6817 10177 10250 495 21691 102392 4091 4160 5406 1956
leaf_count=73025 6581 86066 55373 1258 10206 5969 234 493 99192 35551 52023 794 5400 64957 45709 75182 683 1083 12558 228 6817 10177 10250 495 21691 102392 4091 4160 5406 1956
internal_value=0.00415221 -0.945262 -2.32836 11.8013 -3.82825 4.14229 19.2262 8.00111 -3.02589 2.7047 1.23785 5.1084 26.3185 1.75403 -2.02743 -3.93202 9.04743 15.3026 16.1311 16.4532 9.50308 9.41027 8.86364 25.6658 6.75753 -1.76549 -7.28962 16.2356 6.48005 7.43177
internal_weight=800000 740413 582150 59587 409797 158263 20173 39414 332681 122411 172353 36345 6129 116980 158307 174374 35852 5736 14044 12786 27927 27244 20427 5895 33678 112598 77116 4653 27097 7925
internal_count=800000 740413 582150 59587 409797 158263 20173 39414 332681 122411 172353 36345 6129 116980 158307 174374 35852 5736 14044 12786 27927 27244 20427 5895 33678 112598 77116 4653 27097 7925
cat_boundaries=0 1 2 3 4 5 6 7 8 9 10 11 12 13 14 15 16 17 18
cat_threshold=32 11 12 48 33 3 4 4 49 12 3 16 1 50 1 32 48 1
is_linear=0
shrinkage=0.05


Tree=45
num_leaves=31
num_cat=17
split_feature=1 2 1 1 1 0 2 2 0 1 0 1 0 0 0 0 0 0 0 0 1 0 1 0 0 0 0 1 1 0
split_gain=3.23562e+09 1.88084e+09 1.12413e+09 6.07255e+08 4.10874e+08 4.0272e+08 1.60028e+08 1.29316e+08 1.086e+08 1.078e+08 3.50315e+07 1.33603e+07 1.21773e+07 9.6204e+06 9.46088e+06 9.35692e+06 8.98219e+06 7.19313e+06 4.89228e+06 4.49367e+06 3.72291e+06 7.95053e+06 4.49441e+06 3.4141e+06 3.17442e+06 2.95584e+06 2.38927e+06 2.33486e+06 2.66908e+06 2.20925e+06
threshold=3.5000000000000004 1.5000000000000002 2.5000000000000004 4.5000000000000009 1.5000000000000002 0 1.5000000000000002 1.5000000000000002 1 1.5000000000000002 2 2.5000000000000004 3 4 5 6 7 8 9 10 1.5000000000000002 11 2.5000000000000004 12 13 14 15 1.5000000000000002 2.5000000000000004 16
decision_type=2 2 2 2 2 1 2 2 1 2 1 2 1 1 1 1 1 1 1 1 2 1 2 1 1 1 1 2 2 1
left_child=1 2 4 7 26 9 19 23 13 -3 29 -11 -12 24 -10 18 27 -9 -8 -5 -18 -22 -23 -2 -6 -19 -1 -7 -29 -4
right_child=3 5 10 6 8 16 15 17 14 11 12 -13 -14 -15 -16 -17 20 25 -20 -21 21 22 -24 -25 -26 -27 -28 28 -30 -31
leaf_value=-10.300750557818816 7.4849005367231021 1.6054574976270357 0.60286077991853704 8.3859023732405458 -0.83365046972862522 11.266617030617576 33.224269316935057 7.8199560777034636 -3.5404354482292555 4.7097149949359354 2.2367010902162998 11.267612466844319 1.2092784517543542 -2.5385736982205866 -4.4397068657158698 15.18644774067268 12.677423805303839 19.674515702473244 24.92050346187655 15.468321347201929 10.468902292387089 7.6802682254407433 9.1635944627715329 6.1562766975870913 -1.7612174882723211 14.555566074008699 -6.8968404827006031 6.342600260167349 8.485542362989337 -0.075610313795816869
leaf_weight=593 6581 86066 17566 315 10206 318 383 449 136609 35551 52023 794 64957 45709 37765 346 683 493 5400 13729 6817 10177 10250 27097 102392 4794 76523 5651 1956 37807
leaf_count=593 6581 86066 17566 315 10206 318 383 449 136609 35551 52023 794 64957 45709 37765 346 683 493 5400 13729 6817 10177 10250 27097 102392 4794 76523 5651 1956 37807
internal_value=0.00406542 -0.898009 -2.21197 11.213 -3.63687 3.93521 18.2684 7.60191 -2.87462 2.56947 1.17597 4.85298 1.66634 -1.92607 -3.73544 25.0095 8.59521 14.5416 25.5269 15.3265 9.02813 8.93995 8.42046 6.41995 -1.67722 15.0691 -6.92525 7.06018 6.89362 0.139691
internal_weight=800000 740413 582150 59587 409797 158263 20173 39414 332681 122411 172353 36345 116980 158307 174374 6129 35852 5736 5783 14044 27927 27244 20427 33678 112598 5287 77116 7925 7607 55373
internal_count=800000 740413 582150 59587 409797 158263 20173 39414 332681 122411 172353 36345 116980 158307 174374 6129 35852 5736 5783 14044 27927 27244 20427 33678 112598 5287 77116 7925 7607 55373
cat_boundaries=0 1 2 3 4 5 6 7 8 9 10 11 12 13 14 15 16 17
cat_threshold=32 11 12 33 3 20 35 4 12 34 8 16 50 1 48 4 8
is_linear=0
shrinkage=0.05


Tree=46
num_leaves=31
num_cat=18
split_feature=1 2 1 1 1 0 2 2 0 1 0 0 1 0 0 0 0 0 0 0 0 1 0 1 0 0 0 0 0 1
split_gain=2.9208e+09 1.69749e+09 1.01455e+09 5.48232e+08 3.70832e+08 3.63474e+08 1.44587e+08 1.16812e+08 9.80122e+07 9.72898e+07 3.16164e+07 1.41073e+07 1.20577e+07 1.09903e+07 8.69039e+06 8.68277e+06 8.10814e+06 6.66011e+06 4.46311e+06 4.20489e+06 5.9969e+06 3.35956e+06 7.18146e+06 4.05619e+06 3.34551e+06 2.95631e+06 2.86471e+06 2.30471e+06 2.17493e+06 2.1072e+06
threshold=3.5000000000000004 1.5000000000000002 2.5000000000000004 4.5000000000000009 1.5000000000000002 0 1.5000000000000002 1.5000000000000002 1 1.5000000000000002 2 3 2.5000000000000004 4 5 6 7 8 9 10 11 1.5000000000000002 12 2.5000000000000004 13 14 15 16 17 1.5000000000000002
decision_type=2 2 2 2 2 1 2 2 1 2 1 1 2 1 1 1 1 1 1 1 1 2 1 2 1 1 1 1 1 2
left_child=1 2 4 7 27 9 19 24 15 -3 -4 -8 -11 28 -10 26 29 -9 -13 -5 -21 -18 -23 -24 -2 -19 -6 -1 -12 -7
right_child=3 5 10 6 8 16 11 17 14 12 13 18 -14 -15 -16 -17 21 25 -20 20 -22 22 23 -25 -26 -27 -28 -29 -30 -31
leaf_value=-6.5099410613661037 4.9075584643700632 1.5251856929350096 0.13271111100091471 12.5582560065788 -0.79200693995063909 10.703286486151834 37.219846844282308 5.4018709333680519 -3.2394190057127066 4.4742291988137701 5.0291760782185815 23.676779442996946 10.704232143575059 1.1488245886469848 -3.9562425742822578 -2.4116728981590621 12.04355285583094 18.710348161503997 16.797821906250302 14.859565589492195 24.017722854093346 9.9462286320825068 7.296257349703791 8.705415208621142 6.3230371806790329 13.710740154595408 -1.6731646718751829 -7.8511930640255798 2.0879134736642624 6.5489397408505603
leaf_weight=73247 5406 86066 55373 2953 10206 318 234 268 99192 35551 637 5400 794 64957 75182 45709 683 493 495 10863 228 6817 10177 10250 28272 4975 102392 3869 51386 7607
leaf_count=73247 5406 86066 55373 2953 10206 318 234 268 99192 35551 637 5400 794 64957 75182 45709 683 493 495 10863 228 6817 10177 10250 28272 4975 102392 3869 51386 7607
internal_value=0.00394809 -0.853119 -2.10139 10.6536 -3.45506 3.73848 17.3574 7.22252 -2.73091 2.441 1.11718 23.765 4.61033 1.58304 -3.54869 -1.82978 8.1656 13.8182 23.1286 14.561 15.0693 8.57691 8.49315 7.99944 6.09916 14.1948 -1.59337 -6.5791 2.12489 6.70717
internal_weight=800000 740413 582150 59587 409797 158263 20173 39414 332681 122411 172353 6129 36345 116980 174374 158307 35852 5736 5895 14044 11091 27927 27244 20427 33678 5468 112598 77116 52023 7925
internal_count=800000 740413 582150 59587 409797 158263 20173 39414 332681 122411 172353 6129 36345 116980 174374 158307 35852 5736 5895 14044 11091 27927 27244 20427 33678 5468 112598 77116 52023 7925
cat_boundaries=0 1 2 3 4 5 6 7 8 9 10 11 12 13 14 15 16 17 18
cat_threshold=32 11 12 48 33 4 3 4 4 1 14 1 16 12 48 1 40 32
is_linear=0
shrinkage=0.05


Tree=47
num_leaves=31
num_cat=17
split_feature=1 2 1 1 1 0 2 2 0 1 0 1 0 0 0 0 0 0 0 0 0 1 0 1 0 0 0 1 1 0
split_gain=2.63675e+09 1.53201e+09 9.15652e+08 4.95044e+08 3.34689e+08 3.28052e+08 1.30624e+08 1.05513e+08 8.84564e+07 8.78039e+07 2.85919e+07 1.08821e+07 1.02862e+07 9.50864e+06 8.03164e+06 7.83651e+06 7.31915e+06 6.21488e+06 5.65266e+06 3.99723e+06 3.03938e+06 3.03168e+06 6.48676e+06 3.66071e+06 2.58522e+06 2.11444e+06 2.06854e+06 1.90432e+06 2.40627e+06 1.85966e+06
threshold=3.5000000000000004 1.5000000000000002 2.5000000000000004 4.5000000000000009 1.5000000000000002 0 1.5000000000000002 1.5000000000000002 1 1.5000000000000002 2 2.5000000000000004 3 4 5 6 7 8 9 10 11 1.5000000000000002 12 2.5000000000000004 13 14 15 2.5000000000000004 1.5000000000000002 16
decision_type=2 2 2 2 2 1 2 2 1 2 1 2 1 1 1 1 1 1 1 1 1 2 1 2 1 1 1 2 2 1
left_child=1 2 4 7 25 9 19 20 15 -3 26 -11 -12 18 -10 24 27 -9 -8 -5 -2 -18 -23 -24 -6 -1 -4 28 -7 -22
right_child=3 5 10 6 8 16 13 17 14 11 12 -13 -14 -15 -16 -17 21 -19 -20 -21 29 22 23 -25 -26 -27 -28 -29 -30 -31
leaf_value=-9.4082054707541385 6.7955514208678327 1.4489260018718149 4.7816054829121368 7.3709160006596495 -0.75244539608783623 10.16812223353476 30.721853148482229 13.963943036451838 -3.1916511287716713 4.2505148938602781 0.93263433552115593 10.169020482815185 -0.078465531610416819 13.032691765601715 -4.0200213618199614 -2.2911166129920235 11.4413745908053 9.3349052558333536 22.495129230679073 13.967526577598221 5.7647280337486304 9.4496433020022206 6.9314426678752374 8.2701431276926183 -1.5895155957228448 -6.2237180966634247 1.9181046058908937 7.73381710872816 5.6980235842176725 4.662634550239698
leaf_weight=593 6581 86066 637 315 10206 318 383 4653 136609 35551 75172 794 37807 346 37765 45709 683 1083 5400 13729 21691 6817 10177 10250 102392 76523 58737 1956 5651 5406
leaf_count=593 6581 86066 637 315 10206 318 383 4653 136609 35551 75172 794 37807 346 37765 45709 683 1083 5400 13729 21691 6817 10177 10250 102392 76523 58737 1956 5651 5406
internal_value=0.00385657 -0.810469 -1.99634 10.1225 -3.28234 3.55159 16.4927 6.86202 -2.59438 2.31894 1.06135 4.37981 0.594305 22.5831 -3.37128 -1.73831 7.75745 13.1306 23.0921 13.8348 5.79437 8.14824 8.06867 7.59946 -1.51372 -6.25023 1.94963 6.37181 5.93617 5.54666
internal_weight=800000 740413 582150 59587 409797 158263 20173 39414 332681 122411 172353 36345 112979 6129 174374 158307 35852 5736 5783 14044 33678 27927 27244 20427 112598 77116 59374 7925 5969 27097
internal_count=800000 740413 582150 59587 409797 158263 20173 39414 332681 122411 172353 36345 112979 6129 174374 158307 35852 5736 5783 14044 33678 27927 27244 20427 112598 77116 59374 7925 5969 27097
cat_boundaries=0 1 2 3 4 5 6 7 8 9 10 11 12 13 14 15 16 17
cat_threshold=32 11 49 10 35 20 3 4 49 34 8 50 16 1 4 32 1
is_linear=0
shrinkage=0.05


Tree=48
num_leaves=31
num_cat=18
split_feature=1 2 1 1 1 0 2 2 0 1 0 0 1 0 0 0 0 0 0 0 0 0 0 1 0 1 0 0 0 1
split_gain=2.38016e+09 1.38266e+09 8.26398e+08 4.46939e+08 3.02071e+08 2.96082e+08 1.1802e+08 9.52742e+07 7.98325e+07 7.9243e+07 2.60923e+07 1.4387e+07 9.82106e+06 8.97167e+06 7.37501e+06 7.07272e+06 6.60693e+06 5.76105e+06 4.72975e+06 3.77887e+06 5.69553e+06 2.79278e+06 2.74465e+06 2.73579e+06 5.85926e+06 3.3038e+06 2.33299e+06 2.03523e+06 1.77693e+06 1.71865e+06
threshold=3.5000000000000004 1.5000000000000002 2.5000000000000004 4.5000000000000009 1.5000000000000002 0 1.5000000000000002 1.5000000000000002 1 1.5000000000000002 2 3 2.5000000000000004 4 5 6 7 8 9 10 11 12 13 1.5000000000000002 14 2.5000000000000004 15 16 17 2.5000000000000004
decision_type=2 2 2 2 2 1 2 2 1 2 1 1 2 1 1 1 1 1 1 1 1 1 1 2 1 2 1 1 1 2
left_child=1 2 4 7 27 9 19 22 15 -3 -4 -8 -11 28 -10 26 29 -9 -13 -5 -21 -19 -2 -18 -25 -26 -6 -1 -12 -7
right_child=3 5 10 6 8 16 11 17 14 12 13 18 -14 -15 -16 -17 23 21 -20 20 -22 -23 -24 24 25 -27 -28 -29 -30 -31
leaf_value=-5.8713448711005363 6.4562910763379238 1.3764801873775823 0.11396532301684686 11.271506300143121 -0.71486034165067236 5.6393601683400796 34.719577100042436 4.6915356869320224 -2.9178966719369606 4.0379906958666689 4.5462183644266734 21.372452113487366 9.6605681054237813 1.039192280481706 -3.5780941745285939 -2.1765859462246002 10.86930660562669 17.10911361360645 14.708829619813674 13.41953751046886 22.198260179888301 12.367622221025565 5.2695154982921579 8.9778530482371384 6.5848701109103231 7.8566364430567122 -1.5100483006628806 -7.0927837610884259 1.8876530048457352 7.3471277468409273
leaf_weight=73025 6581 86066 55373 2953 10206 5969 234 268 99192 35551 637 5400 794 64957 75182 45709 683 493 495 10863 228 4975 27097 6817 10177 10250 102392 4091 51386 1956
leaf_count=73025 6581 86066 55373 2953 10206 5969 234 268 99192 35551 637 5400 794 64957 75182 45709 683 493 495 10863 228 4975 27097 6817 10177 10250 102392 4091 51386 1956
internal_value=0.00373746 -0.769952 -1.89654 9.61741 -3.11826 3.37404 15.6702 6.51943 -2.46468 2.203 1.0083 21.4594 4.16082 1.43151 -3.20273 -1.65141 7.36971 12.4761 20.8388 13.1438 13.6198 12.8256 5.5049 7.741 7.66541 7.21949 -1.43804 -5.93782 1.92107 6.05322
internal_weight=800000 740413 582150 59587 409797 158263 20173 39414 332681 122411 172353 6129 36345 116980 174374 158307 35852 5736 5895 14044 11091 5468 33678 27927 27244 20427 112598 77116 52023 7925
internal_count=800000 740413 582150 59587 409797 158263 20173 39414 332681 122411 172353 6129 36345 116980 174374 158307 35852 5736 5895 14044 11091 5468 33678 27927 27244 20427 112598 77116 52023 7925
cat_boundaries=0 1 2 3 4 5 6 7 8 9 10 11 12 13 14 15 16 17 18
cat_threshold=32 11 12 48 33 4 3 4 4 1 14 1 48 50 16 1 32 32
is_linear=0
shrinkage=0.05


Tree=49
num_leaves=31
num_cat=17
split_feature=1 2 1 1 1 0 2 2 0 1 0 0 1 0 0 0 0 0 0 0 0 1 0 1 0 0 0 1 1 0
split_gain=2.14869e+09 1.24788e+09 7.45843e+08 4.0358e+08 2.72631e+08 2.67227e+08 1.06624e+08 8.60579e+07 7.20494e+07 7.1517e+07 2.35494e+07 9.55738e+06 8.86351e+06 8.09797e+06 6.81819e+06 6.38336e+06 6.21525e+06 5.964e+06 5.34124e+06 3.58289e+06 2.68047e+06 2.46878e+06 5.29247e+06 2.98168e+06 2.10537e+06 1.87154e+06 1.7659e+06 1.73649e+06 1.98625e+06 1.69365e+06
threshold=3.5000000000000004 1.5000000000000002 2.5000000000000004 4.5000000000000009 1.5000000000000002 0 1.5000000000000002 1.5000000000000002 1 1.5000000000000002 2 3 2.5000000000000004 4 5 6 7 8 9 10 11 1.5000000000000002 12 2.5000000000000004 13 14 15 1.5000000000000002 2.5000000000000004 16
decision_type=2 2 2 2 2 1 2 2 1 2 1 1 2 1 1 1 1 1 1 1 1 2 1 2 1 1 1 2 2 1
left_child=1 2 4 7 25 9 19 20 15 -3 29 16 -11 -12 -10 24 -8 27 26 -5 -2 -19 -23 -24 -6 -1 -9 -7 -29 -4
right_child=3 5 10 6 8 17 11 18 14 12 13 -13 -14 -15 -16 -17 -18 21 -20 -21 -22 22 23 -25 -26 -27 -28 28 -30 -31
leaf_value=-8.5968387080266897 4.1669416936144694 1.3076548754776933 0.51380302927197785 9.5273630765710333 -0.67915188736204257 9.3777491155660382 28.444465185607058 16.270661107209285 -2.8771559141652148 3.8360928982428364 1.8250805230481868 11.097180973545889 9.177542448644374 0.98723980371366393 -3.6402157569546958 -2.0677785977251548 20.305806825535576 10.325839349989662 8.3538131766218946 12.762151617614805 5.4296778962997152 8.5296196211863347 6.2556258333259969 7.4638042835793845 -1.4345528595931958 -5.6162532606472917 12.155111892480646 5.1311546151521163 6.9797722380097911 -0.080239849956567022
leaf_weight=593 5406 86066 17566 1258 10206 318 383 493 136609 35551 52023 346 794 64957 37765 45709 5400 683 1083 12786 28272 6817 10177 10250 102392 76523 4160 5651 1956 37807
leaf_count=593 5406 86066 17566 1258 10206 318 383 493 136609 35551 52023 346 794 64957 37765 45709 5400 683 1083 12786 28272 6817 10177 10250 102392 76523 4160 5651 1956 37807
internal_value=0.00364809 -0.73146 -1.80172 9.13791 -2.96237 3.20537 14.8896 6.19404 -2.34146 2.09285 0.95791 20.3922 3.95278 1.35997 -3.04261 -1.56885 20.893 7.00135 11.8552 12.4883 5.22983 7.35411 7.28231 6.85852 -1.36615 -5.64102 12.6251 5.75056 5.60649 0.108267
internal_weight=800000 740413 582150 59587 409797 158263 20173 39414 332681 122411 172353 6129 36345 116980 174374 158307 5783 35852 5736 14044 33678 27927 27244 20427 112598 77116 4653 7925 7607 55373
internal_count=800000 740413 582150 59587 409797 158263 20173 39414 332681 122411 172353 6129 36345 116980 174374 158307 5783 35852 5736 14044 33678 27927 27244 20427 112598 77116 4653 7925 7607 55373
cat_boundaries=0 1 2 3 4 5 6 7 8 9 10 11 12 13 14 15 16 17
cat_threshold=32 11 12 35 33 20 3 34 4 49 12 12 16 1 4 48 8
is_linear=0
shrinkage=0.05


Tree=50
num_leaves=31
num_cat=17
split_feature=1 2 1 1 1 0 2 2 0 1 0 0 1 0 0 0 0 0 0 0 0 0 1 0 1 0 0 0 1 1
split_gain=1.93965e+09 1.12623e+09 6.73138e+08 3.64358e+08 2.46061e+08 2.41185e+08 9.6333e+07 7.77428e+07 6.5025e+07 6.4544e+07 2.12536e+07 1.44986e+07 7.99932e+06 7.30858e+06 6.25848e+06 5.76124e+06 5.38366e+06 4.98462e+06 4.89851e+06 3.41718e+06 2.44179e+06 2.30187e+06 2.22784e+06 4.78051e+06 2.69096e+06 1.89995e+06 1.78985e+06 1.61259e+06 1.56719e+06 1.79259e+06
threshold=3.5000000000000004 1.5000000000000002 2.5000000000000004 4.5000000000000009 1.5000000000000002 0 1.5000000000000002 1.5000000000000002 1 1.5000000000000002 2 3 2.5000000000000004 4 5 6 7 8 9 10 11 12 1.5000000000000002 13 2.5000000000000004 14 15 16 1.5000000000000002 2.5000000000000004
decision_type=2 2 2 2 2 1 2 2 1 2 1 1 2 1 1 1 1 1 1 1 1 1 2 1 2 1 1 1 2 2
left_child=1 2 4 7 26 9 19 20 15 -3 -4 -8 -11 27 -10 25 28 -9 -13 -5 -2 -19 -18 -24 -25 -6 -1 -12 -7 -30
right_child=3 5 10 6 8 16 11 17 14 12 13 18 -14 -15 -16 -17 22 21 -20 -21 -22 -23 23 24 -26 -27 -28 -29 29 -31
leaf_value=-5.2970424353703427 5.8628933817424027 1.2422734282476773 0.10285812717707266 6.005761109572191 -0.64522719787683169 8.9088611704748395 32.433754306543072 4.0627327965317868 -2.6281731797972001 3.6442875840473388 4.2325768600475664 19.292395560992624 8.7186638032158914 0.93788624824745759 -3.2362113592193182 -1.9644132088184951 9.8095505842876296 15.473301402474968 12.829195434268158 11.985965660319847 4.7473445122836635 11.175018659323126 8.1037643385960205 5.9428454274944755 7.0906135149234677 -1.3628315821329307 -6.4373310903955216 1.702051049498271 4.8745963657414926 6.6307827934897023
leaf_weight=73025 6581 86066 55373 315 10206 318 234 268 99192 35551 637 5400 794 64957 75182 45709 683 493 495 13729 27097 4975 6817 10177 10250 102392 4091 51386 5651 1956
leaf_count=73025 6581 86066 55373 315 10206 318 234 268 99192 35551 637 5400 794 64957 75182 45709 683 493 495 13729 27097 4975 6817 10177 10250 102392 4091 51386 5651 1956
internal_value=0.00353833 -0.694895 -1.71166 8.6821 -2.81429 3.04513 14.1472 5.88493 -2.2244 1.98821 0.910024 19.3775 3.75514 1.29198 -2.8905 -1.49042 6.6514 11.2657 18.7723 11.8646 4.96848 11.5901 6.98656 6.91835 6.51559 -1.29785 -5.35906 1.73384 5.46303 5.32617
internal_weight=800000 740413 582150 59587 409797 158263 20173 39414 332681 122411 172353 6129 36345 116980 174374 158307 35852 5736 5895 14044 33678 5468 27927 27244 20427 112598 77116 52023 7925 7607
internal_count=800000 740413 582150 59587 409797 158263 20173 39414 332681 122411 172353 6129 36345 116980 174374 158307 35852 5736 5895 14044 33678 5468 27927 27244 20427 112598 77116 52023 7925 7607
cat_boundaries=0 1 2 3 4 5 6 7 8 9 10 11 12 13 14 15 16 17
cat_threshold=32 11 12 48 33 4 3 4 4 1 8 50 48 16 1 32 32
is_linear=0
shrinkage=0.05


Tree=51
num_leaves=31
num_cat=19
split_feature=1 2 1 1 1 0 2 2 0 1 0 0 1 0 0 0 0 0 0 0 0 0 1 0 1 0 0 0 0 0
split_gain=1.75094e+09 1.01644e+09 6.07523e+08 3.28961e+08 2.22079e+08 2.1768e+08 8.70532e+07 7.02221e+07 5.86854e+07 5.8251e+07 1.9276e+07 9.52578e+06 7.21939e+06 7.18908e+06 6.61702e+06 5.78804e+06 5.19972e+06 4.85976e+06 4.59333e+06 3.21769e+06 5.53503e+06 2.37925e+06 2.01041e+06 4.31805e+06 2.4286e+06 1.71458e+06 1.65493e+06 1.52545e+06 1.4467e+06 1.41501e+06
threshold=3.5000000000000004 1.5000000000000002 2.5000000000000004 4.5000000000000009 1.5000000000000002 0 1.5000000000000002 1.5000000000000002 1 1.5000000000000002 2 3 2.5000000000000004 4 5 6 7 8 9 10 11 12 1.5000000000000002 13 2.5000000000000004 14 15 16 17 18
decision_type=2 2 2 2 2 1 2 2 1 2 1 1 2 1 1 1 1 1 1 1 1 1 2 1 2 1 1 1 1 1
left_child=1 2 4 7 26 9 19 21 16 -3 27 14 -11 -12 -8 -10 25 -7 28 -5 -21 -2 -19 -24 -25 -6 -1 -4 -9 -20
right_child=3 5 10 6 8 17 11 18 15 12 13 -13 -14 -15 -16 -17 -18 22 29 20 -22 -23 23 24 -26 -27 -28 -29 -30 -31
leaf_value=-7.8575960224936061 3.7220525130563509 1.180159687018036 4.0242197937353685 9.5770623155916379 -0.61299802144477411 5.1898843945777866 26.370940993699715 14.715021878729758 -2.5935821924923079 3.4620738218465821 0.76390736090816969 9.3589978785997037 8.2827330197735467 -0.081370294511761102 18.32955298749885 -3.2964846626650335 -1.8662140908017346 9.319072339265972 8.598229233886256 11.512909611968869 19.949570911221144 4.9080278003479654 7.6991685463461259 5.6457021659655418 6.7360833953950463 -1.2946972510970243 -5.0680536016810374 1.5668545941514158 10.991403856643386 3.8669017814903812
leaf_weight=593 5406 86066 637 2953 10206 7925 383 493 136609 35551 75172 346 794 37807 5400 37765 45709 683 815 10863 228 28272 6817 10177 10250 102392 76523 58737 4160 268
leaf_count=593 5406 86066 637 2953 10206 7925 383 493 136609 35551 75172 346 794 37807 5400 37765 45709 683 815 10863 228 28272 6817 10177 10250 102392 76523 58737 4160 268
internal_value=0.00343464 -0.660155 -1.62609 8.24903 -2.6736 2.8929 13.4419 5.59121 -2.1132 1.8888 0.864543 18.4138 3.56739 0.481064 18.9067 -2.74599 -1.41592 6.31895 10.7051 11.2721 11.7042 4.72022 6.63737 6.57258 6.18981 -1.23297 -5.09118 1.59389 11.4166 7.4735
internal_weight=800000 740413 582150 59587 409797 158263 20173 39414 332681 122411 172353 6129 36345 112979 5783 174374 158307 35852 5736 14044 11091 33678 27927 27244 20427 112598 77116 59374 4653 1083
internal_count=800000 740413 582150 59587 409797 158263 20173 39414 332681 122411 172353 6129 36345 112979 5783 174374 158307 35852 5736 14044 11091 33678 27927 27244 20427 112598 77116 59374 4653 1083
cat_boundaries=0 1 2 3 4 5 6 7 8 9 10 11 12 13 14 15 16 17 18 19
cat_threshold=32 11 49 35 10 34 20 3 4 49 14 1 12 16 1 4 32 48 10
is_linear=0
shrinkage=0.05


Tree=52
num_leaves=31
num_cat=17
split_feature=1 2 1 1 1 0 2 2 0 1 0 0 1 0 0 0 0 0 0 0 0 1 0 1 0 0 0 1 1 0
split_gain=1.58067e+09 9.17359e+08 5.48304e+08 2.97027e+08 2.00436e+08 1.96473e+08 7.8634e+07 6.34467e+07 5.2964e+07 5.25713e+07 1.75253e+07 1.44765e+07 6.51551e+06 5.96545e+06 5.31084e+06 4.99024e+06 4.69294e+06 4.38464e+06 4.1541e+06 3.02777e+06 2.17104e+06 1.81419e+06 3.90034e+06 2.19181e+06 1.74106e+06 1.5727e+06 1.54728e+06 1.41438e+06 1.61781e+06 1.33092e+06
threshold=3.5000000000000004 1.5000000000000002 2.5000000000000004 4.5000000000000009 1.5000000000000002 0 1.5000000000000002 1.5000000000000002 1 1.5000000000000002 2 3 2.5000000000000004 4 5 6 7 8 9 10 11 1.5000000000000002 12 2.5000000000000004 13 14 15 1.5000000000000002 2.5000000000000004 16
decision_type=2 2 2 2 2 1 2 2 1 2 1 1 2 1 1 1 1 1 1 1 1 2 1 2 1 1 1 2 2 1
left_child=1 2 4 7 25 9 19 20 16 -3 -4 -8 -11 -12 -10 -13 26 27 -9 -5 -2 -19 -23 -24 -20 -1 -6 -7 -29 -22
right_child=3 5 10 6 8 17 11 18 14 12 13 15 -14 -15 -16 -17 -18 21 24 -21 29 22 23 -25 -26 -27 -28 28 -30 -31
leaf_value=-4.7788590518713505 5.3251643843398329 1.1211531059687623 0.088379191651456315 5.250596608382005 -0.58237940297755963 8.2039232925798924 30.342611339444023 5.1421024716497774 -2.3671113642114623 3.2889673866382925 1.5673767379778485 17.41477381057528 7.8685959585367584 0.8482663460945723 -2.9271090578127321 11.138757659987649 -1.7729238926862418 8.8531179251817456 13.993893711704382 10.823459205881496 4.4593655854621508 7.3147730025082884 5.363416455514928 6.3992794931504786 10.190269561592089 -5.8432968245922314 -1.2299679042506 4.3713733031124882 6.039748127280081 3.5362912063936722
leaf_weight=73025 6581 86066 55373 315 10206 318 234 449 99192 35551 52023 5400 794 64957 75182 495 45709 683 493 13729 21691 6817 10177 10250 4794 4091 102392 5651 1956 5406
leaf_count=73025 6581 86066 55373 315 10206 318 234 449 99192 35551 52023 5400 794 64957 75182 495 45709 683 493 13729 21691 6817 10177 10250 4794 4091 102392 5651 1956 5406
internal_value=0.0033495 -0.627149 -1.5448 7.83777 -2.53994 2.74829 12.7721 5.31224 -2.00755 1.79436 0.821334 17.4976 3.38901 1.16817 -2.60871 16.9075 -1.34513 6.00318 10.1732 10.7099 4.48433 6.30564 6.24409 5.88032 10.5707 -4.8367 -1.17133 4.93072 4.80037 4.27658
internal_weight=800000 740413 582150 59587 409797 158263 20173 39414 332681 122411 172353 6129 36345 116980 174374 5895 158307 35852 5736 14044 33678 27927 27244 20427 5287 77116 112598 7925 7607 27097
internal_count=800000 740413 582150 59587 409797 158263 20173 39414 332681 122411 172353 6129 36345 116980 174374 5895 158307 35852 5736 14044 33678 27927 27244 20427 5287 77116 112598 7925 7607 27097
cat_boundaries=0 1 2 3 4 5 6 7 8 9 10 11 12 13 14 15 16 17
cat_threshold=32 11 12 48 33 4 1 3 4 12 8 50 16 48 32 1 1
is_linear=0
shrinkage=0.05


Tree=53
num_leaves=31
num_cat=18
split_feature=1 2 1 1 1 0 2 2 0 1 0 0 0 1 0 0 0 0 0 0 0 0 1 0 0 0 0 0 1 1
split_gain=1.42691e+09 8.27933e+08 4.94855e+08 2.68167e+08 1.80901e+08 1.77326e+08 7.10601e+07 5.73106e+07 4.78004e+07 4.74457e+07 1.58169e+07 9.43205e+06 6.8883e+06 5.88023e+06 5.38396e+06 4.9135e+06 4.23554e+06 3.95799e+06 3.88522e+06 2.87607e+06 5.18436e+06 1.96044e+06 1.63713e+06 3.5696e+06 1.46209e+06 1.39633e+06 1.32101e+06 1.30838e+06 1.27648e+06 1.46007e+06
threshold=3.5000000000000004 1.5000000000000002 2.5000000000000004 4.5000000000000009 1.5000000000000002 0 1.5000000000000002 1.5000000000000002 1 1.5000000000000002 2 3 4 2.5000000000000004 5 6 7 8 9 10 11 12 1.5000000000000002 13 14 15 16 17 1.5000000000000002 2.5000000000000004
decision_type=2 2 2 2 2 1 2 2 1 2 1 1 1 2 1 1 1 1 1 1 1 1 2 1 1 1 1 1 2 2
left_child=1 2 4 7 24 9 19 21 16 -3 27 12 -8 -11 26 -10 25 28 -9 -5 -21 -2 -19 -24 -1 -6 -12 -4 -7 -30
right_child=3 5 10 6 8 17 11 18 15 13 14 -13 -14 -15 -16 -17 -18 22 -20 20 -22 -23 23 -25 -26 -27 -28 -29 29 -31
leaf_value=-7.1839121504506069 5.0593104420365158 1.0650961419012608 0.4403988252621539 8.5901000388844206 -0.55328732914960099 7.7937292380902754 24.482095691447952 10.320036914584824 -2.3378972777322513 3.1245221028471861 3.7489588275390582 7.799190701259656 16.545638053104309 7.475165302267003 0.8058596948692387 -2.9853890265938783 -1.6842970473509913 8.4104634265773992 6.7043639278586369 10.397119395546277 18.475569646498737 4.062898249201691 6.5772619140483117 5.3840794759322588 -4.5733397484461191 -1.1684762775845594 1.4602844935742341 -0.081721003158903835 4.152804139879315 5.7377594951715452
leaf_weight=593 6581 86066 17566 2953 10206 318 383 4653 136609 35551 637 346 5400 794 64957 37765 45709 683 1083 10863 228 27097 12411 14833 76523 102392 51386 37807 5651 1956
leaf_count=593 6581 86066 17566 2953 10206 318 383 4653 136609 35551 637 346 5400 794 64957 37765 45709 683 1083 10863 228 27097 12411 14833 76523 102392 51386 37807 5651 1956
internal_value=0.00324953 -0.595798 -1.46757 7.44687 -2.41297 2.6109 12.1354 5.04717 -1.90719 1.70464 0.780275 16.6275 17.1126 3.21957 1.10978 -2.47829 -1.27789 5.70312 9.66705 10.175 10.5797 4.26032 5.99049 5.93202 -4.59494 -1.11277 1.48902 0.0839609 4.68418 4.56035
internal_weight=800000 740413 582150 59587 409797 158263 20173 39414 332681 122411 172353 6129 5783 36345 116980 174374 158307 35852 5736 14044 11091 33678 27927 27244 77116 112598 52023 55373 7925 7607
internal_count=800000 740413 582150 59587 409797 158263 20173 39414 332681 122411 172353 6129 5783 36345 116980 174374 158307 35852 5736 14044 11091 33678 27927 27244 77116 112598 52023 55373 7925 7607
cat_boundaries=0 1 2 3 4 5 6 7 8 9 10 11 12 13 14 15 16 17 18
cat_threshold=32 11 12 35 34 33 20 3 4 49 14 1 50 17 4 1 32 8
is_linear=0
shrinkage=0.05


Tree=54
num_leaves=31
num_cat=17
split_feature=1 2 1 1 1 0 2 2 0 1 0 0 0 1 0 0 0 0 0 0 0 0 1 0 1 0 0 0 1 1
split_gain=1.2881e+09 7.47228e+08 4.46619e+08 2.4215e+08 1.63271e+08 1.60051e+08 6.41873e+07 5.17501e+07 4.31402e+07 4.28197e+07 1.43313e+07 6.27752e+06 5.41799e+06 5.30692e+06 4.50655e+06 3.82274e+06 3.59537e+06 3.57337e+06 2.7048e+06 4.96408e+06 1.90446e+06 1.78418e+06 1.47724e+06 3.31434e+06 1.88653e+06 1.38365e+06 1.26009e+06 1.24502e+06 1.15203e+06 1.31772e+06
threshold=3.5000000000000004 1.5000000000000002 2.5000000000000004 4.5000000000000009 1.5000000000000002 0 1.5000000000000002 1.5000000000000002 1 1.5000000000000002 2 3 4 2.5000000000000004 5 6 7 8 9 10 11 12 1.5000000000000002 13 2.5000000000000004 14 15 16 1.5000000000000002 2.5000000000000004
decision_type=2 2 2 2 2 1 2 2 1 2 1 1 1 2 1 1 1 1 1 1 1 1 2 1 2 1 1 1 2 2
left_child=1 2 4 7 25 9 18 20 15 -3 27 -8 -12 -11 -10 26 -9 28 -5 -20 -2 -18 -19 -24 -25 -1 -6 -4 -7 -30
right_child=3 5 10 6 8 17 11 16 14 13 12 -13 -14 -15 -16 -17 21 22 19 -21 -22 -23 23 24 -26 -27 -28 -29 29 -31
leaf_value=-4.3127931794378593 3.1570342254075201 1.0118402635012635 3.5644102326500731 7.1655806892301754 -0.52565152361557277 7.404042519263502 16.297143230452598 3.1094935074126977 -2.1318852792586322 2.9682943196736766 0.65616826585150279 9.619277604723921 -0.077635700370985689 7.1014071941375736 -2.6476339951574532 -1.6001010497110368 12.802372438343571 7.9899394762114584 9.7468841887522029 17.590605240509291 4.215085767426709 9.1037504669943203 6.6211890503866746 4.8212714515454387 5.7822900485038762 -5.3337723750925523 -1.1100577233007687 1.3457600220600321 3.9451645137778089 5.4508739903416865
leaf_weight=73247 5406 86066 637 1258 10206 318 5634 268 99192 35551 75172 495 37807 794 75182 45709 493 683 12558 228 28272 4975 6817 10177 10250 3869 102392 58737 5651 1956
leaf_count=73247 5406 86066 637 1258 10206 318 5634 268 99192 35551 75172 495 37807 794 75182 45709 493 683 12558 228 28272 4975 6817 10177 10250 3869 102392 58737 5651 1956
internal_value=0.00315582 -0.56601 -1.3942 7.07547 -2.29235 2.48039 11.5308 4.79514 -1.81184 1.61941 0.741279 15.8001 0.410625 3.05859 -2.35439 -1.214 9.18519 5.41813 9.66757 9.90039 4.04744 9.45998 5.69118 5.63564 5.3009 -4.36527 -1.05714 1.37016 4.44997 4.33233
internal_weight=800000 740413 582150 59587 409797 158263 20173 39414 332681 122411 172353 6129 112979 36345 174374 158307 5736 35852 14044 12786 33678 5468 27927 27244 20427 77116 112598 59374 7925 7607
internal_count=800000 740413 582150 59587 409797 158263 20173 39414 332681 122411 172353 6129 112979 36345 174374 158307 5736 35852 14044 12786 33678 5468 27927 27244 20427 77116 112598 59374 7925 7607
cat_boundaries=0 1 2 3 4 5 6 7 8 9 10 11 12 13 14 15 16 17
cat_threshold=32 11 49 49 10 4 3 4 4 12 3 12 48 16 40 1 32
is_linear=0
shrinkage=0.05


Tree=55
num_leaves=31
num_cat=18
split_feature=1 2 1 1 1 0 2 2 0 1 0 0 1 0 0 0 0 0 0 0 0 1 0 1 0 0 0 0 0 1
split_gain=1.16276e+09 6.74385e+08 4.03084e+08 2.18615e+08 1.47359e+08 1.44454e+08 5.79466e+07 4.6744e+07 3.89343e+07 3.8645e+07 1.45524e+07 1.30392e+07 4.78948e+06 4.45897e+06 4.39329e+06 4.17104e+06 3.45015e+06 3.33597e+06 3.22566e+06 2.57318e+06 1.74211e+06 1.33306e+06 2.99367e+06 1.70259e+06 1.28899e+06 1.15224e+06 1.13715e+06 1.07953e+06 1.06805e+06 1.0397e+06
threshold=3.5000000000000004 1.5000000000000002 2.5000000000000004 4.5000000000000009 1.5000000000000002 0 1.5000000000000002 1.5000000000000002 1 1.5000000000000002 2 3 2.5000000000000004 4 5 6 7 8 9 10 11 1.5000000000000002 12 2.5000000000000004 13 14 15 16 17 1.5000000000000002
decision_type=2 2 2 2 2 1 2 2 1 2 1 1 2 1 1 1 1 1 1 1 1 2 1 2 1 1 1 1 1 2
left_child=1 2 4 7 24 9 19 20 16 -3 -8 -4 -11 -12 27 -10 26 25 29 -5 -2 -20 -23 -24 -1 -9 -6 -13 -22 -7
right_child=3 5 11 6 8 18 10 17 15 12 13 14 -14 -15 -16 -17 -18 -19 21 -21 28 22 23 -25 -26 -27 -28 -29 -30 -31
leaf_value=-6.5684071354209683 4.5962939761437731 0.96124628800694067 0.072009836327114204 4.2325990645335274 -0.49939281125505552 7.0338392605571629 27.646750747180377 12.174971581642955 -2.1073623750615709 2.8198817252817712 14.906534802336351 3.3889445034024153 6.7463358763783647 9.1478379395928719 0.72886721736252624 -2.7038118515166127 -1.5201134964076368 5.9946798696282366 7.590443780795721 9.2892116903486492 3.8227928504752242 6.2906142354491728 4.5802084243308121 5.493176645500486 -4.1269058265277065 8.9659992805544988 -1.0545606667714991 1.3200079966300249 2.9994760262561164 4.1157119736183141
leaf_weight=593 6581 86066 55373 315 10206 318 234 493 136609 35551 5400 637 794 495 64957 37765 45709 1083 683 13729 21691 6817 10177 10250 76523 4160 102392 51386 5406 7607
leaf_count=593 6581 86066 55373 315 10206 318 234 493 136609 35551 5400 637 794 495 64957 37765 45709 1083 683 13729 21691 6817 10177 10250 76523 4160 102392 51386 5406 7607
internal_value=0.00305222 -0.537714 -1.3245 6.72247 -2.17775 2.35639 10.9557 4.5558 -1.72126 1.53844 15.0122 0.70423 2.90566 14.4393 1.0034 -2.23669 -1.15331 8.72811 5.14732 9.18542 3.84517 5.40674 5.35398 5.03586 -4.14707 9.33138 -1.00429 1.34599 3.6597 4.22747
internal_weight=800000 740413 582150 59587 409797 158263 20173 39414 332681 122411 6129 172353 36345 5895 116980 174374 158307 5736 35852 14044 33678 27927 27244 20427 77116 4653 112598 52023 27097 7925
internal_count=800000 740413 582150 59587 409797 158263 20173 39414 332681 122411 6129 172353 36345 5895 116980 174374 158307 5736 35852 14044 33678 27927 27244 20427 77116 4653 112598 52023 27097 7925
cat_boundaries=0 1 2 3 4 5 6 7 8 9 10 11 12 13 14 15 16 17 18
cat_threshold=32 11 48 12 1 33 20 3 49 4 8 50 16 4 48 1 32 1
is_linear=0
shrinkage=0.05


Tree=56
num_leaves=31
num_cat=19
split_feature=1 2 1 1 1 0 2 2 0 1 0 0 0 1 0 0 0 0 0 0 0 0 0 1 0 1 0 0 0 0
split_gain=1.04966e+09 6.08643e+08 3.63794e+08 1.97373e+08 1.32998e+08 1.30376e+08 5.23675e+07 4.22264e+07 3.51385e+07 3.48769e+07 1.17685e+07 9.32782e+06 7.91813e+06 4.32252e+06 3.96548e+06 3.82395e+06 3.11389e+06 3.1087e+06 2.91178e+06 2.41165e+06 1.57309e+06 1.46872e+06 1.21547e+06 1.20296e+06 2.70402e+06 1.53659e+06 1.0262e+06 1.01274e+06 976892 963395
threshold=3.5000000000000004 1.5000000000000002 2.5000000000000004 4.5000000000000009 1.5000000000000002 0 1.5000000000000002 1.5000000000000002 1 1.5000000000000002 2 3 4 2.5000000000000004 5 6 7 8 9 10 11 12 13 1.5000000000000002 14 2.5000000000000004 15 16 17 18
decision_type=2 2 2 2 2 1 2 2 1 2 1 1 1 2 1 1 1 1 1 1 1 1 1 2 1 2 1 1 1 1
left_child=1 2 4 7 22 9 19 20 16 -3 27 -8 -13 -11 28 -10 26 -9 -7 -5 -2 -19 -1 -20 -25 -26 -6 -4 -12 -22
right_child=3 5 10 6 8 18 11 17 15 13 14 12 -14 -15 -16 -17 -18 21 23 -21 29 -23 -24 24 25 -27 -28 -29 -30 -31
leaf_value=-3.8893859455774327 4.3668273738403274 0.91318418754428898 0.38200228242479134 6.5833693398852917 -0.47444732943104873 4.016096645287921 22.294585615260004 2.6706589074443574 -1.919944031282153 2.6788834739149192 3.2221169821445872 14.162589920452914 5.769149832963274 6.4090188202990097 0.69243069621923481 -2.39493744739723 -1.4441236858050441 11.578331168081842 7.2109197349883463 8.9661574515189226 3.6317396310105163 8.2263608978600526 -4.8180918874463874 5.9765429058971771 4.3511966965457862 5.2185178025036327 -1.0018366418497906 -0.077354658917520552 1.2540217267593918 2.849777850160923
leaf_weight=73025 6581 86066 17566 1477 10206 7925 383 268 99192 35551 637 5400 346 794 64957 75182 45709 493 683 12567 21691 4975 4091 6817 10177 10250 102392 37807 51386 5406
leaf_count=73025 6581 86066 17566 1477 10206 7925 383 268 99192 35551 637 5400 346 794 64957 75182 45709 493 683 12567 21691 4975 4091 6817 10177 10250 102392 37807 51386 5406
internal_value=0.00296053 -0.510832 -1.25829 6.38722 -2.06889 2.23859 10.4096 4.32849 -1.63521 1.46151 0.669036 14.2658 13.6681 2.76037 0.953257 -2.12486 -1.09566 8.29406 4.89004 8.72663 3.65308 8.54916 -3.93978 5.13652 5.0864 4.78406 -0.95408 0.06841 1.27873 3.47684
internal_weight=800000 740413 582150 59587 409797 158263 20173 39414 332681 122411 172353 6129 5746 36345 116980 174374 158307 5736 35852 14044 33678 5468 77116 27927 27244 20427 112598 55373 52023 27097
internal_count=800000 740413 582150 59587 409797 158263 20173 39414 332681 122411 172353 6129 5746 36345 116980 174374 158307 5736 35852 14044 33678 5468 77116 27927 27244 20427 112598 55373 52023 27097
cat_boundaries=0 1 2 3 4 5 6 7 8 9 10 11 12 13 14 15 16 17 18 19
cat_threshold=32 11 12 34 1 33 4 3 4 4 28 50 48 32 16 1 8 32 1
is_linear=0
shrinkage=0.05


Tree=57
num_leaves=31
num_cat=18
split_feature=1 2 1 1 1 0 2 2 0 1 0 0 0 1 0 0 0 0 0 0 0 1 0 0 1 1 0 0 0 0
split_gain=9.47539e+08 5.49314e+08 3.28333e+08 1.78192e+08 1.20036e+08 1.17674e+08 4.73136e+07 3.81404e+07 3.17127e+07 3.14765e+07 1.06601e+07 8.26423e+06 4.08407e+06 3.90107e+06 3.54076e+06 2.86618e+06 2.81039e+06 2.6271e+06 2.23089e+06 1.42346e+06 1.13693e+06 1.08555e+06 2.46723e+06 942812 940231 1.18735e+06 926076 919308 909168 907736
threshold=3.5000000000000004 1.5000000000000002 2.5000000000000004 4.5000000000000009 1.5000000000000002 0 1.5000000000000002 1.5000000000000002 1 1.5000000000000002 2 3 4 2.5000000000000004 5 6 7 8 9 10 11 1.5000000000000002 12 13 2.5000000000000004 1.5000000000000002 14 15 16 17
decision_type=2 2 2 2 2 1 2 2 1 2 1 1 1 2 1 1 1 1 1 1 1 2 1 1 2 2 1 1 1 1
left_child=1 2 4 7 20 9 18 19 16 -3 27 -8 -12 -11 -10 23 26 24 -5 -2 -1 -19 -23 -9 25 -7 -6 -4 -17 -21
right_child=3 5 10 6 8 17 11 15 14 13 12 -13 -14 -15 -16 28 -18 21 -20 29 -22 22 -24 -25 -26 -27 -28 -29 -30 -31
leaf_value=-6.0085237857318834 4.2163529135711126 0.86752620249625834 3.0635002276996928 3.7084420177019561 -0.45075001052129338 6.4813411583690526 14.004923963917159 11.010919725444635 -1.8995067815975037 2.5449435062305974 0.56360976467115831 5.4887949216901593 -0.073487696365326996 6.0885701069153235 -2.4489417866795842 6.2423074467976889 -1.3719333634080009 6.8503730567272401 8.3871827608703118 3.4622852581190724 -3.724021271064013 5.3679042635539069 4.3773743161966898 8.1084412592149189 4.7717389518254132 3.3413127612274445 -0.95175042805156029 1.157015183047968 2.5419288587227147 2.7075507118219466
leaf_weight=593 5644 86066 637 315 10206 318 5783 493 136609 35551 75172 346 37807 794 37765 815 45709 683 13729 22628 76523 12411 14833 4160 1956 5651 102392 58737 268 5406
leaf_count=593 5644 86066 637 315 10206 318 5783 493 136609 35551 75172 346 37807 794 37765 815 45709 683 13729 22628 76523 12411 14833 4160 1956 5651 102392 58737 268 5406
internal_value=0.00286922 -0.485291 -1.19538 6.06862 -1.96546 2.1267 9.89051 4.11249 -1.55346 1.38844 0.6356 13.556 0.350425 2.62236 -2.01863 7.88132 -1.04088 4.64568 8.29085 3.47059 -3.74285 4.8798 4.83219 8.43892 3.81554 3.5086 -0.906383 1.17798 5.35824 3.31776
internal_weight=800000 740413 582150 59587 409797 158263 20173 39414 332681 122411 172353 6129 112979 36345 174374 5736 158307 35852 14044 33678 77116 27927 27244 4653 7925 5969 112598 59374 1083 28034
internal_count=800000 740413 582150 59587 409797 158263 20173 39414 332681 122411 172353 6129 112979 36345 174374 5736 158307 35852 14044 33678 77116 27927 27244 4653 7925 5969 112598 59374 1083 28034
cat_boundaries=0 1 2 3 4 5 6 7 8 9 10 11 12 13 14 15 16 17 18
cat_threshold=32 11 49 35 10 20 49 3 4 8 34 4 17 48 1 32 10 17
is_linear=0
shrinkage=0.05


Tree=58
num_leaves=31
num_cat=17
split_feature=1 2 1 1 1 0 2 2 0 1 0 0 0 0 1 0 0 0 0 0 0 0 0 1 0 1 0 1 1 0
split_gain=8.55316e+08 4.95769e+08 2.96328e+08 1.60835e+08 1.08337e+08 1.0621e+08 4.27203e+07 3.44592e+07 2.86209e+07 2.84077e+07 1.5368e+07 9.69927e+06 4.3701e+06 3.57439e+06 3.52071e+06 3.24465e+06 3.23495e+06 2.59031e+06 2.53647e+06 2.37183e+06 2.10168e+06 1.11453e+06 1.0657e+06 979525 2.29765e+06 1.32311e+06 953007 848558 1.07158e+06 835726
threshold=3.5000000000000004 1.5000000000000002 2.5000000000000004 4.5000000000000009 1.5000000000000002 0 1.5000000000000002 1.5000000000000002 1 1.5000000000000002 2 3 4 5 2.5000000000000004 6 7 8 9 10 11 12 13 1.5000000000000002 14 2.5000000000000004 15 2.5000000000000004 1.5000000000000002 16
decision_type=2 2 2 2 2 1 2 2 1 2 1 1 1 1 2 1 1 1 1 1 1 1 1 2 1 2 1 2 2 1
left_child=1 2 4 7 22 9 20 13 18 -3 -8 -4 -12 -2 -11 -10 -13 -9 29 27 -5 -19 -1 -21 -25 -26 -15 28 -7 -6
right_child=3 5 11 6 8 19 10 17 15 14 12 16 -14 26 -16 -17 -18 21 -20 23 -22 -23 -24 24 25 -27 -28 -29 -30 -31
leaf_value=-3.5087678649556575 6.3003359734527464 0.82414765542687007 0.058562568608896963 5.8894316290237798 -0.42823390315170856 6.1572761097794064 25.652952699583086 3.5617529871157312 -1.7289908923207964 2.4176969992923674 12.75681645670131 1.1558340084985084 7.2601373550679433 3.3291284969964594 5.7841410174477916 -2.1664460888918611 0.62628104144591412 10.471320659171042 -1.3033516643903562 6.5078545169634836 8.0991801180691301 7.5060225586410771 -4.3755107460444043 5.410156571765552 3.9108080192341768 4.7156260135650632 2.5724243311269248 4.533151718053837 3.1742464241401809 -0.90416826194730704
leaf_weight=73025 974 86066 55373 1477 10206 318 234 449 99192 35551 5400 52023 495 27298 794 75182 64957 493 45709 683 12567 4794 4091 6817 10177 10250 5406 1956 5651 102392
leaf_count=73025 974 86066 55373 1477 10206 318 234 449 99192 35551 5400 52023 495 27298 794 75182 64957 493 45709 683 12567 4794 4091 6817 10177 10250 5406 1956 5651 102392
internal_value=0.00276777 -0.461028 -1.13563 5.76578 -1.86721 2.02039 9.39677 3.90735 -1.4758 1.31902 12.8798 0.603833 12.3083 3.29722 2.49124 -1.91771 0.861861 7.48969 -0.988848 4.41353 7.87674 7.80178 -3.55577 4.63598 4.59076 4.31254 3.20487 3.62477 3.33317 -0.861071
internal_weight=800000 740413 582150 59587 409797 158263 20173 39414 332681 122411 6129 172353 5895 33678 36345 174374 116980 5736 158307 35852 14044 5287 77116 27927 27244 20427 32704 7925 5969 112598
internal_count=800000 740413 582150 59587 409797 158263 20173 39414 332681 122411 6129 172353 5895 33678 36345 174374 116980 5736 158307 35852 14044 5287 77116 27927 27244 20427 32704 7925 5969 112598
cat_boundaries=0 1 2 3 4 5 6 7 8 9 10 11 12 13 14 15 16 17
cat_threshold=32 11 48 12 1 48 4 33 12 3 4 28 48 32 16 3 1
is_linear=0
shrinkage=0.05


Tree=59
num_leaves=31
num_cat=17
split_feature=1 2 1 1 1 0 2 2 0 1 0 0 0 1 0 0 0 0 0 0 0 0 1 0 1 0 0 0 1 1
split_gain=7.72128e+08 4.4744e+08 2.67442e+08 1.45212e+08 9.77787e+07 9.58599e+07 3.86075e+07 3.11259e+07 2.58305e+07 2.56378e+07 9.32289e+06 8.7538e+06 7.02202e+06 3.17745e+06 3.00571e+06 2.91964e+06 2.42348e+06 2.28925e+06 2.14101e+06 1.93311e+06 1.28414e+06 1.00212e+06 883926 2.07532e+06 1.1941e+06 800216 785545 774938 765818 967101
threshold=3.5000000000000004 1.5000000000000002 2.5000000000000004 4.5000000000000009 1.5000000000000002 0 1.5000000000000002 1.5000000000000002 1 1.5000000000000002 2 3 4 2.5000000000000004 5 6 7 8 9 10 11 12 1.5000000000000002 13 2.5000000000000004 14 15 16 2.5000000000000004 1.5000000000000002
decision_type=2 2 2 2 2 1 2 2 1 2 1 1 1 2 1 1 1 1 1 1 1 1 2 1 2 1 1 1 2 2
left_child=1 2 4 7 21 9 19 20 17 -3 -8 26 -12 -11 -10 25 27 -6 28 -5 -2 -1 -20 -24 -25 -13 -4 -9 29 -7
right_child=3 5 11 6 8 18 10 16 14 13 12 15 -14 -15 -16 -17 -18 -19 22 -21 -22 -23 23 24 -26 -27 -28 -29 -30 -31
leaf_value=-5.4979325267608292 3.8387754489222647 0.7829428176484523 0.33182053094459329 3.2433115417773908 -0.81802354575887826 5.8494126373866822 20.113520108773812 9.9581661878475867 -1.7121047194033083 2.2968099610694388 12.120153550308425 2.8557950993778167 4.3293561611282696 5.4949334178823674 -2.2182336817197972 0.594971839202172 4.8034998482776583 -1.2381983351323125 6.1824631943709676 7.5728102207982095 2.9879148388058567 -3.3604484467221489 5.1400449908563717 3.7152679296470854 4.479844648919455 1.0757143294730533 -0.072742539774587583 7.3295903902030961 4.3064946157069297 3.0155390528657122
leaf_weight=593 5644 86066 17566 315 112598 318 383 493 136609 35551 5400 637 346 794 37765 64957 1083 45709 683 13729 28034 76523 6817 10177 10250 51386 37807 4160 1956 5651
leaf_count=593 5644 86066 17566 315 112598 318 383 493 136609 35551 5400 637 346 794 37765 64957 1083 45709 683 13729 28034 76523 6817 10177 10250 51386 37807 4160 1956 5651
internal_value=0.00268341 -0.437981 -1.07886 5.47827 -1.77387 1.91939 8.92841 3.71241 -1.40202 1.25307 12.2395 0.573647 11.6594 2.36668 -1.82184 0.818776 7.11708 -0.939414 4.19293 7.4834 3.13254 -3.37803 4.40428 4.36132 4.09692 1.09806 0.0556339 7.62885 3.44353 3.16651
internal_weight=800000 740413 582150 59587 409797 158263 20173 39414 332681 122411 6129 172353 5746 36345 174374 116980 5736 158307 35852 14044 33678 77116 27927 27244 20427 52023 55373 4653 7925 5969
internal_count=800000 740413 582150 59587 409797 158263 20173 39414 332681 122411 6129 172353 5746 36345 174374 116980 5736 158307 35852 14044 33678 77116 27927 27244 20427 52023 55373 4653 7925 5969
cat_boundaries=0 1 2 3 4 5 6 7 8 9 10 11 12 13 14 15 16 17
cat_threshold=32 11 34 12 1 20 33 49 3 4 8 34 4 16 32 8 48
is_linear=0
shrinkage=0.05


Tree=60
num_leaves=31
num_cat=18
split_feature=1 2 1 1 1 0 2 2 0 1 0 0 0 0 1 0 0 0 0 0 0 0 0 1 0 1 0 0 0 1
split_gain=6.97005e+08 4.03821e+08 2.41373e+08 1.31097e+08 8.82498e+07 8.65179e+07 3.48833e+07 2.81182e+07 2.33124e+07 2.31381e+07 1.49077e+07 7.93268e+06 4.37163e+06 3.07917e+06 2.86764e+06 2.75302e+06 2.24225e+06 2.06617e+06 1.93268e+06 1.83046e+06 1.15979e+06 998586 935538 797656 1.87448e+06 1.07768e+06 754583 750207 726074 691157
threshold=3.5000000000000004 1.5000000000000002 2.5000000000000004 4.5000000000000009 1.5000000000000002 0 1.5000000000000002 1.5000000000000002 1 1.5000000000000002 2 3 4 5 2.5000000000000004 6 7 8 9 10 11 12 13 1.5000000000000002 14 2.5000000000000004 15 16 17 2.5000000000000004
decision_type=2 2 2 2 2 1 2 2 1 2 1 1 1 1 2 1 1 1 1 1 1 1 1 2 1 2 1 1 1 2
left_child=1 2 4 7 22 9 19 20 17 -3 -8 27 -12 -13 -11 -10 -9 26 29 -5 -2 -18 -1 -20 -25 -26 -6 -4 -22 -7
right_child=3 5 11 6 8 18 10 16 15 14 12 13 -14 -15 -16 -17 21 -19 23 -21 28 -23 -24 24 25 -27 -28 -29 -30 -31
leaf_value=-3.1665609468729587 3.6471733175162764 0.74379570155894692 2.7152098372693776 5.2667050892022447 -0.36598207246550096 3.0081851806067847 24.13441065334883 2.0161905645466538 -1.5569538564394181 2.1819682176725221 11.515267170176269 0.48408414519973847 6.132660527559791 -0.069105675525818103 5.2201852418913957 -1.9598347684432502 9.4701585151566192 -1.1763025004338237 5.8733387988971586 7.3162025526690826 2.9673854177943264 6.7140333968825416 -3.9976897579580588 4.8834152862165521 3.529504754429214 4.2558527334259777 -0.81806564731329312 0.99393822095005635 2.2949207911639307 4.0911707410051781
leaf_weight=73247 5644 86066 637 1477 10206 5969 234 268 99192 35551 5400 75172 495 37807 794 75182 493 45709 683 12567 22628 4975 3869 6817 10177 10250 102392 58737 5406 1956
leaf_count=73247 5644 86066 637 1477 10206 5969 234 268 99192 35551 5400 75172 495 37807 794 75182 493 45709 683 12567 22628 4975 3869 6817 10177 10250 102392 58737 5406 1956
internal_value=0.00259392 -0.416086 -1.02492 5.205 -1.68519 1.82344 8.48316 3.52716 -1.33193 1.19041 11.6305 0.544978 11.0744 0.298976 2.24834 -1.73076 6.76315 -0.892449 3.98335 7.10962 2.97601 6.97936 -3.20919 4.18416 4.14335 3.89207 -0.777124 1.01286 2.83857 3.27135
internal_weight=800000 740413 582150 59587 409797 158263 20173 39414 332681 122411 6129 172353 5895 112979 36345 174374 5736 158307 35852 14044 33678 5468 77116 27927 27244 20427 112598 59374 28034 7925
internal_count=800000 740413 582150 59587 409797 158263 20173 39414 332681 122411 6129 172353 5895 112979 36345 174374 5736 158307 35852 14044 33678 5468 77116 27927 27244 20427 112598 59374 28034 7925
cat_boundaries=0 1 2 3 4 5 6 7 8 9 10 11 12 13 14 15 16 17 18
cat_threshold=32 11 48 49 1 10 4 4 3 4 28 34 48 40 16 1 32 17
is_linear=0
shrinkage=0.05


Tree=61
num_leaves=31
num_cat=18
split_feature=1 2 1 1 1 0 2 2 0 1 0 0 0 1 0 0 0 0 0 0 0 0 1 0 1 1 0 0 0 0
split_gain=6.29209e+08 3.64455e+08 2.17845e+08 1.18365e+08 7.96488e+07 7.80864e+07 3.15256e+07 2.53973e+07 2.10395e+07 2.08822e+07 9.14081e+06 7.21257e+06 6.93533e+06 2.58805e+06 2.5515e+06 2.38088e+06 2.08203e+06 1.86479e+06 1.74461e+06 1.67423e+06 1.04738e+06 881637 719806 1.70324e+06 697865 798706 680968 661632 654946 654040
threshold=3.5000000000000004 1.5000000000000002 2.5000000000000004 4.5000000000000009 1.5000000000000002 0 1.5000000000000002 1.5000000000000002 1 1.5000000000000002 2 3 4 2.5000000000000004 5 6 7 8 9 10 11 12 1.5000000000000002 13 1.5000000000000002 2.5000000000000004 14 15 16 17
decision_type=2 2 2 2 2 1 2 2 1 2 1 1 1 2 1 1 1 1 1 1 1 1 2 1 2 2 1 1 1 1
left_child=1 2 4 7 21 9 19 20 17 -3 -8 -4 -12 -11 -10 29 -9 26 24 -5 -2 -1 -20 -24 -7 -26 -6 -18 -22 -13
right_child=3 5 11 6 8 18 10 16 14 13 12 15 -14 -15 -16 -17 27 -19 22 -21 28 -23 23 -25 25 -27 -28 -29 -30 -31
leaf_value=-5.0310246817112763 3.4651378953587604 0.70660537596242889 0.047537131215059654 2.8309053955078127 -0.3477017950041974 5.4065327623823904 18.777342052799451 6.8997151853596996 -1.5431468355759419 2.0728728623441302 10.940566475281214 2.5815485995556511 3.2925246407476707 4.9591773012723372 -2.0093855420661084 0.53814350852571147 5.0375963525483103 -1.1175006443508373 5.5796720352563822 6.8375655197218279 2.8190789800280451 -3.0323617890427141 4.3808258679550196 3.5589477363979132 2.7143524465592979 3.8866101383919123 -0.7771677486254055 1.9190043936530463 2.180386562431933 0.97224893949219071
leaf_weight=593 5644 86066 55373 315 10206 318 383 4653 136609 35551 5400 637 346 794 37765 64957 815 45709 683 13729 22628 76523 12411 14833 5651 1956 102392 268 5406 51386
leaf_count=593 5644 86066 55373 315 10206 318 383 4653 136609 35551 5400 637 346 794 37765 64957 815 45709 683 13729 22628 76523 12411 14833 5651 1956 102392 268 5406 51386
internal_value=0.00251231 -0.395284 -0.973683 4.94543 -1.60095 1.73228 8.06035 3.35115 -1.26534 1.13089 11.0524 0.517741 10.4866 2.13593 -1.64423 0.740247 6.42658 -0.847835 3.78425 6.75458 2.82734 -3.04878 3.97504 3.93627 3.10779 3.01578 -0.738275 4.29049 2.69674 0.992446
internal_weight=800000 740413 582150 59587 409797 158263 20173 39414 332681 122411 6129 172353 5746 36345 174374 116980 5736 158307 35852 14044 33678 77116 27927 27244 7925 7607 112598 1083 28034 52023
internal_count=800000 740413 582150 59587 409797 158263 20173 39414 332681 122411 6129 172353 5746 36345 174374 116980 5736 158307 35852 14044 33678 77116 27927 27244 7925 7607 112598 1083 28034 52023
cat_boundaries=0 1 2 3 4 5 6 7 8 9 10 11 12 13 14 15 16 17 18
cat_threshold=32 11 34 12 1 20 33 49 3 4 8 34 4 17 1 10 17 32
is_linear=0
shrinkage=0.05


Tree=62
num_leaves=31
num_cat=17
split_feature=1 2 1 1 1 0 2 2 0 1 0 0 0 1 0 0 0 0 0 0 0 0 1 0 1 1 1 0 0 0
split_gain=5.67983e+08 3.28929e+08 1.96611e+08 1.06862e+08 7.18868e+07 7.04793e+07 2.84846e+07 2.29355e+07 1.89883e+07 1.88461e+07 6.50967e+06 5.41115e+06 2.3358e+06 2.33571e+06 2.16956e+06 1.87462e+06 1.68305e+06 1.59341e+06 1.57509e+06 945845 842790 675773 649504 1.59275e+06 928367 629823 720835 614533 613145 610680
threshold=3.5000000000000004 1.5000000000000002 2.5000000000000004 4.5000000000000009 1.5000000000000002 0 1.5000000000000002 1.5000000000000002 1 1.5000000000000002 2 3 4 2.5000000000000004 5 6 7 8 9 10 11 12 1.5000000000000002 13 2.5000000000000004 1.5000000000000002 2.5000000000000004 14 15 16
decision_type=2 2 2 2 2 1 2 2 1 2 1 1 1 2 1 1 1 1 1 1 1 1 2 1 2 2 2 1 1 1
left_child=1 2 4 7 20 9 17 19 16 -3 29 -8 -10 -11 -12 21 27 -5 25 -2 -1 -9 -20 -24 -25 -7 -27 -6 -16 -4
right_child=3 5 10 6 8 18 11 15 12 13 14 -13 -14 -15 28 -17 -18 -19 22 -21 -22 -23 23 24 -26 26 -28 -29 -30 -31
leaf_value=-3.6420165311558588 3.2921869130239161 0.67127476842609568 0.28867539929757619 4.7079975055060936 -0.33033271467571346 5.1362048546473185 10.946680896312612 8.6679331952013499 -1.401964458189467 1.9692263093713214 0.48440505751832535 5.1218639098063559 -1.7729996263302317 4.7112162931139592 2.4544671655622481 4.0791438267630173 -1.0616378391020314 6.6090783473237238 5.3006892588267744 2.5619903877583674 -2.8561287392028354 6.2849336952557096 4.4208851687290389 3.171793383836067 3.8459493445512729 2.5786337882686432 3.6922806706652809 -0.73831197536703419 0.8983603148212258 -0.068027397593750344
leaf_weight=3868 5644 86066 17566 1477 10206 318 5634 493 99192 35551 57606 495 75182 794 637 1083 45709 12567 683 28034 73248 4160 6817 10177 10250 5651 1956 102392 58737 37807
leaf_count=3868 5644 86066 17566 1477 10206 318 5634 493 99192 35551 57606 495 75182 794 637 1083 45709 12567 683 28034 73248 4160 6817 10177 10250 5651 1956 102392 58737 37807
internal_value=0.0024264 -0.375521 -0.925007 4.69871 -1.52092 1.64569 7.65839 3.18387 -1.20208 1.07435 0.491866 10.5025 -1.56203 2.02913 0.703252 6.10646 -0.805449 6.4172 3.59515 2.6861 -2.89639 6.55547 3.77643 3.7396 3.50836 2.9524 2.86499 -0.701365 0.915466 0.0451613
internal_weight=800000 740413 582150 59587 409797 158263 20173 39414 332681 122411 172353 6129 174374 36345 116980 5736 158307 14044 35852 33678 77116 4653 27927 27244 20427 7925 7607 112598 59374 55373
internal_count=800000 740413 582150 59587 409797 158263 20173 39414 332681 122411 172353 6129 174374 36345 116980 5736 158307 14044 35852 33678 77116 4653 27927 27244 20427 7925 7607 112598 59374 55373
cat_boundaries=0 1 2 3 4 5 6 7 8 9 10 11 12 13 14 15 16 17
cat_threshold=32 11 12 49 4 2 49 3 28 4 34 22 48 16 1 32 8
is_linear=0
shrinkage=0.05


Tree=63
num_leaves=31
num_cat=17
split_feature=1 2 1 1 1 0 2 2 0 1 0 0 0 0 0 1 0 0 0 0 0 0 0 0 1 0 1 1 1 0
split_gain=5.12699e+08 2.96864e+08 1.77446e+08 9.64592e+07 6.48805e+07 6.36109e+07 2.57193e+07 2.07193e+07 1.71371e+07 1.70086e+07 9.02892e+06 6.09236e+06 5.87525e+06 3.29129e+06 2.16592e+06 2.10798e+06 1.96116e+06 1.74655e+06 1.51901e+06 1.44935e+06 1.42182e+06 844671 774756 652148 586111 1.43859e+06 837846 568415 650551 554583
threshold=3.5000000000000004 1.5000000000000002 2.5000000000000004 4.5000000000000009 1.5000000000000002 0 1.5000000000000002 1.5000000000000002 1 1.5000000000000002 2 3 4 5 6 2.5000000000000004 7 8 9 10 11 12 13 14 1.5000000000000002 15 2.5000000000000004 1.5000000000000002 2.5000000000000004 16
decision_type=2 2 2 2 2 1 2 2 1 2 1 1 1 1 1 2 1 1 1 1 1 1 1 1 2 1 2 2 2 1
left_child=1 2 4 7 22 9 19 13 18 -3 -8 -12 -4 -2 -10 -11 -14 -9 29 -5 27 -19 -1 -15 -22 -26 -27 -7 -29 -6
right_child=3 5 12 6 8 20 10 17 14 15 11 -13 16 23 -16 -17 -18 21 -20 -21 24 -23 -24 -25 25 26 -28 28 -30 -31
leaf_value=-4.6045640717691452 5.421996644841947 0.63771073785019994 0.042904797853585877 2.465557691427378 -0.31383215152748228 4.8793951703317511 17.594264129949284 1.6298873105495097 -1.3908213746855802 1.8707656701866349 9.8482228916365653 2.7126410237858805 0.89699629218900057 2.5662784216064161 -1.8203166709107172 4.4756554654022906 0.48468161469372534 8.243151291227246 -1.0085673454263142 6.1737634720938708 5.035653320692294 5.7543472119774242 -2.7362934566389292 1.9437050946177903 4.2001641749427696 3.0132062519066367 3.653652521068294 2.449703895921223 3.5076667816848599 -0.70140081998210002
leaf_weight=593 974 86066 55373 315 10206 318 383 268 136609 35551 5400 346 52023 27298 37765 794 64957 493 45709 13729 683 4975 76523 5406 6817 10177 10250 5651 1956 102392
leaf_count=593 974 86066 55373 315 10206 318 383 268 136609 35551 5400 346 52023 27298 37765 794 64957 493 45709 13729 683 4975 76523 5406 6817 10177 10250 5651 1956 102392
internal_value=0.00233547 -0.356748 -0.878763 4.46421 -1.44489 1.56342 7.27615 3.02499 -1.14199 1.02063 9.97865 9.42401 0.467285 2.55188 -1.48394 1.92767 0.668106 5.8028 -0.765184 6.09674 3.41546 5.99338 -2.75161 2.46399 3.58769 3.5527 3.33294 2.80478 2.72174 -0.666302
internal_weight=800000 740413 582150 59587 409797 158263 20173 39414 332681 122411 6129 5746 172353 33678 174374 36345 116980 5736 158307 14044 35852 5468 77116 32704 27927 27244 20427 7925 7607 112598
internal_count=800000 740413 582150 59587 409797 158263 20173 39414 332681 122411 6129 5746 172353 33678 174374 36345 116980 5736 158307 14044 35852 5468 77116 32704 27927 27244 20427 7925 7607 112598
cat_boundaries=0 1 2 3 4 5 6 7 8 9 10 11 12 13 14 15 16 17
cat_threshold=32 11 34 1 12 48 20 33 4 3 8 4 48 4 3 16 1
is_linear=0
shrinkage=0.05


Tree=64
num_leaves=31
num_cat=18
split_feature=1 2 1 1 1 0 0 2 2 0 1 0 0 2 0 0 1 0 0 0 0 0 0 0 0 0 1 0 1 0
split_gain=4.62821e+08 2.67925e+08 1.60149e+08 8.70819e+07 5.85578e+07 5.74118e+07 2.4925e+07 1.87139e+07 1.79765e+07 1.54663e+07 1.53502e+07 5.3296e+06 4.25482e+06 3.35228e+06 2.17086e+06 1.98178e+06 1.90246e+06 1.61281e+06 1.45272e+06 1.37096e+06 1.28346e+06 854165 737090 706418 553932 549070 528909 1.29937e+06 756154 523976
threshold=3.5000000000000004 1.5000000000000002 2.5000000000000004 4.5000000000000009 1.5000000000000002 0 1 1.5000000000000002 1.5000000000000002 2 1.5000000000000002 3 4 1.5000000000000002 5 6 2.5000000000000004 7 8 9 10 11 12 13 14 15 1.5000000000000002 16 2.5000000000000004 17
decision_type=2 2 2 2 2 1 1 2 2 1 2 1 1 2 1 1 2 1 1 1 1 1 1 1 1 1 2 1 2 1
left_child=1 2 4 7 22 10 13 21 18 19 -3 24 -10 -5 -13 -11 -12 -9 -8 -6 -7 -2 -1 -19 -4 -20 -22 -28 -29 -23
right_child=3 5 11 6 9 20 8 17 12 15 16 14 -14 -15 -16 -17 -18 23 25 -21 26 29 -24 -25 -26 -27 27 28 -30 -31
leaf_value=-3.3096395461813821 2.9988494740891971 0.60582592414368586 2.2894827180888959 14.430327919073273 -0.63299134529758661 2.6645393359743732 5.931468868825732 2.4454620228353932 9.3567270358256618 -1.2623387215750388 1.777223763258386 0.39771176206628273 4.2104110695111876 22.949268323947223 -0.066771181591108689 -1.6040447975640753 4.2518745633757087 7.8391876205535347 4.8339762205083572 -0.95815002852588216 4.7838712901706053 2.4159801700783134 -2.5765464072477555 5.5293159434564112 0.81118794176502096 2.3460742768507741 3.9904633864976482 2.8625456391212993 3.4709684275510835 1.8466971400217258
leaf_weight=3868 5644 86066 637 228 112598 7925 10863 449 5400 99192 35551 75172 495 234 37807 75182 794 493 2638 45709 683 22628 73248 4794 58737 315 6817 10177 10250 5406
leaf_count=3868 5644 86066 637 228 112598 7925 10863 449 5400 99192 35551 75172 495 234 37807 75182 794 493 2638 45709 683 22628 73248 4794 58737 315 6817 10177 10250 5406
internal_value=0.00225464 -0.338915 -0.834835 4.24154 -1.37266 1.48526 6.9133 2.87407 6.63262 -1.08489 0.969597 0.443925 8.94761 18.348 0.242286 -1.40975 1.83129 5.51402 5.64966 -0.726931 3.24474 2.42444 -2.61408 5.7591 0.827431 4.5774 3.40838 3.37514 3.16629 2.3069
internal_weight=800000 740413 582150 59587 409797 158263 20173 39414 19711 332681 122411 172353 5895 462 112979 174374 36345 5736 13816 158307 35852 33678 77116 5287 59374 2953 27927 27244 20427 28034
internal_count=800000 740413 582150 59587 409797 158263 20173 39414 19711 332681 122411 172353 5895 462 112979 174374 36345 5736 13816 158307 35852 33678 77116 5287 59374 2953 27927 27244 20427 28034
cat_boundaries=0 1 2 3 4 5 6 7 8 9 10 11 12 13 14 15 16 17 18
cat_threshold=32 48 11 49 1 10 4 12 1 3 4 34 22 48 32 6 16 17
is_linear=0
shrinkage=0.05


Tree=65
num_leaves=31
num_cat=18
split_feature=1 2 1 1 1 0 2 2 0 1 0 0 0 1 0 0 0 0 0 0 0 1 1 0 0 0 0 0 0 1
split_gain=4.17776e+08 2.41808e+08 1.44538e+08 7.86066e+07 5.28507e+07 5.18185e+07 2.09807e+07 1.69039e+07 1.39585e+07 1.38536e+07 7.08806e+06 4.83566e+06 1.8386e+06 1.71696e+06 1.60045e+06 1.50944e+06 1.40336e+06 1.23735e+06 1.15798e+06 771350 680477 512994 587126 512543 500716 497326 483896 481207 478245 477291
threshold=3.5000000000000004 1.5000000000000002 2.5000000000000004 4.5000000000000009 1.5000000000000002 0 1.5000000000000002 1.5000000000000002 1 1.5000000000000002 2 3 4 2.5000000000000004 5 6 7 8 9 10 11 1.5000000000000002 2.5000000000000004 12 13 14 15 16 17 1.5000000000000002
decision_type=2 2 2 2 2 1 2 2 1 2 1 1 1 2 1 1 1 1 1 1 1 2 2 1 1 1 1 1 1 2
left_child=1 2 4 7 20 9 16 19 17 -3 -8 28 -10 -11 26 25 -5 24 21 -2 -1 -7 -23 -18 -6 -9 -13 -17 -4 -20
right_child=3 5 11 6 8 18 10 15 12 13 -12 14 -14 -15 -16 27 23 -19 29 -21 -22 22 -24 -25 -26 -27 -28 -29 -30 -31
leaf_value=-4.2154164885209369 2.8491719566388394 0.57553568682613976 0.25223033436873749 3.9224583417357581 -0.26653652023947044 4.5021983731467774 9.4194982796367253 7.4550199990244082 -1.2534935578287121 1.6883646483320864 1.8261503166027282 2.1767775610757205 -1.6491423817703379 4.039279017220216 0.43822942712597002 4.0637689902565697 4.6882261824398102 -0.91025311379021856 4.5446810133111599 2.1916288068845087 -2.46911820506672 2.1939908356903675 3.1990587632348935 5.8315566045574974 -0.63468766307083913 5.4086084624503163 0.7933473263466736 1.4334498618146501 -0.063432914583990113 3.2064601000045614
leaf_weight=593 5644 86066 17566 1477 10206 318 5783 493 136609 35551 346 637 37765 794 64957 815 1695 45709 683 28034 76523 5651 1956 10872 102392 4160 51386 268 37807 27244
leaf_count=593 5644 86066 17566 1477 10206 318 5783 493 136609 35551 346 637 37765 794 64957 815 1695 45709 683 28034 76523 5651 1956 10872 102392 4160 51386 268 37807 27244
internal_value=0.00217325 -0.321969 -0.793099 4.02988 -1.30404 1.41102 6.5683 2.73066 -1.03066 0.921119 9.00918 0.421739 -1.33927 1.73972 0.603929 5.23969 5.50307 -0.69059 3.0826 2.30332 -2.48341 2.53148 2.45243 5.6812 -0.601345 5.64095 0.810702 3.43194 0.0367325 3.23803
internal_weight=800000 740413 582150 59587 409797 158263 20173 39414 332681 122411 6129 172353 174374 36345 116980 5736 14044 158307 35852 33678 77116 7925 7607 12567 112598 4653 52023 1083 55373 27927
internal_count=800000 740413 582150 59587 409797 158263 20173 39414 332681 122411 6129 172353 174374 36345 116980 5736 14044 158307 35852 33678 77116 7925 7607 12567 112598 4653 52023 1083 55373 27927
cat_boundaries=0 1 2 3 4 5 6 7 8 9 10 11 12 13 14 15 16 17 18
cat_threshold=32 11 35 12 20 33 49 28 3 4 34 4 2 1 48 32 10 8
is_linear=0
shrinkage=0.05


Tree=66
num_leaves=31
num_cat=19
split_feature=1 2 1 1 1 0 2 2 0 0 1 0 0 0 0 1 0 0 0 0 0 0 1 1 0 0 0 0 0 0
split_gain=3.77119e+08 2.18233e+08 1.30449e+08 7.09556e+07 4.77002e+07 4.67663e+07 1.89397e+07 1.52725e+07 1.46671e+07 1.25977e+07 1.25029e+07 4.36874e+06 3.69588e+06 1.7611e+06 1.68132e+06 1.54956e+06 1.36046e+06 1.26489e+06 1.11676e+06 1.04508e+06 719370 644325 462979 529878 461120 453447 452716 451869 449727 434110
threshold=3.5000000000000004 1.5000000000000002 2.5000000000000004 4.5000000000000009 1.5000000000000002 0 1.5000000000000002 1.5000000000000002 1 2 1.5000000000000002 3 4 5 6 2.5000000000000004 7 8 9 10 11 12 1.5000000000000002 2.5000000000000004 13 14 15 16 17 18
decision_type=2 2 2 2 2 1 2 2 1 1 2 1 1 1 1 2 1 1 1 1 1 1 2 2 1 1 1 1 1 1
left_child=1 2 4 7 21 10 17 20 -8 18 -3 26 -10 -13 -11 -12 25 -5 27 22 -2 -1 -7 -24 -19 -9 -4 -6 -22 -18
right_child=3 5 11 6 9 19 8 16 12 14 15 13 -14 -15 -16 -17 29 24 -20 -21 28 -23 23 -25 -26 -27 -28 -29 -30 -31
leaf_value=-3.0080939881638074 1.6451567987923785 0.54675536562695981 2.0696216245707255 3.7276541742608305 -0.25322265120670961 4.2770894146565368 20.781823450424636 7.0896840620704484 8.4196497072794525 -1.1365611338513995 1.603945676443 0.35809263772181316 3.6454081114211889 -0.060262558936038817 -1.4512501132965139 3.8373162026969854 3.8630441610162913 4.4551868427533909 -0.86474977554738153 3.0761272773872568 2.7069638095055533 -2.3242966858200096 2.0842896126831683 3.0391009785158749 5.5402463197313763 5.1388301266983554 0.73319621207466645 -0.60295568451639558 2.1857006763841103 1.3643560670262618
leaf_weight=3868 5406 86066 637 1477 10206 318 234 493 5400 99192 35551 75172 495 37807 75182 794 815 1695 45709 27927 5644 73248 5651 1956 10872 4160 58737 102392 22628 268
leaf_count=3868 5406 86066 637 1477 10206 318 234 493 5400 99192 35551 75172 495 37807 75182 794 815 1695 45709 27927 5644 73248 5651 1956 10872 4160 58737 102392 22628 268
internal_value=0.0020898 -0.305876 -0.753451 3.8288 -1.23885 1.34047 6.24052 2.59442 8.55963 -0.97913 0.87506 0.400662 8.02561 0.218102 -1.27232 1.65274 4.97931 5.22843 -0.656065 2.92847 2.18823 -2.35929 2.4049 2.3298 5.39756 5.36029 0.74788 -0.571281 2.29068 3.26286
internal_weight=800000 740413 582150 59587 409797 158263 20173 39414 6129 332681 122411 172353 5895 112979 174374 36345 5736 14044 158307 35852 33678 77116 7925 7607 12567 4653 59374 112598 28272 1083
internal_count=800000 740413 582150 59587 409797 158263 20173 39414 6129 332681 122411 172353 5895 112979 174374 36345 5736 14044 158307 35852 33678 77116 7925 7607 12567 4653 59374 112598 28272 1083
cat_boundaries=0 1 2 3 4 5 6 7 8 9 10 11 12 13 14 15 16 17 18 19
cat_threshold=32 48 11 49 1 10 4 49 28 3 4 12 22 2 48 32 1 34 10
is_linear=0
shrinkage=0.05


Tree=67
num_leaves=31
num_cat=17
split_feature=1 2 1 1 1 0 2 2 0 1 0 0 0 0 1 0 0 0 0 0 0 0 1 0 1 0 1 1 0 0
split_gain=3.40453e+08 1.96958e+08 1.17734e+08 6.40689e+07 4.30513e+07 4.22083e+07 1.71168e+07 1.37983e+07 1.13695e+07 1.12839e+07 9.35985e+06 5.97901e+06 3.98176e+06 1.56077e+06 1.39848e+06 1.30567e+06 1.22618e+06 1.14008e+06 1.00791e+06 943358 649082 597384 430753 1.1899e+06 682435 515038 417838 478216 414844 413416
threshold=3.5000000000000004 1.5000000000000002 2.5000000000000004 4.5000000000000009 1.5000000000000002 0 1.5000000000000002 1.5000000000000002 1 1.5000000000000002 2 3 4 5 2.5000000000000004 6 7 8 9 10 11 12 1.5000000000000002 13 2.5000000000000004 14 1.5000000000000002 2.5000000000000004 15 16
decision_type=2 2 2 2 2 1 2 2 1 2 1 1 1 1 2 1 1 1 1 1 1 1 2 1 2 1 2 2 1 1
left_child=1 2 4 7 21 9 17 20 18 -3 -8 -12 -4 -10 -11 -14 29 -5 -6 26 -2 -1 -21 -24 -25 -26 -7 -28 -19 -9
right_child=3 5 12 6 8 19 10 16 13 14 11 -13 15 -15 -16 -17 -18 28 -20 22 -22 -23 23 24 25 -27 27 -29 -30 -31
leaf_value=-3.8602302975124787 1.563049512916689 0.51941963210693287 0.031275086053937431 3.5425239691256518 -0.54272172976042798 4.0632335605861263 15.781039106451525 6.7422465360425337 -1.1296906303831185 1.5237521519738344 7.9994473630443297 1.0572350499335301 0.73272317594896563 -1.4941652826578078 3.6454516139378779 0.39629715519584685 3.1021051331822846 4.2337369510505205 -0.82152180497410987 4.1636376607121353 2.1762328060181981 -2.2280156816512924 3.4775597176021691 2.4052878192169937 3.124990882657551 2.0102650560290609 1.9800753970627996 2.8871474307007587 5.2634862902058863 4.8825043786265301
leaf_weight=593 5406 86066 55373 1477 112598 318 383 493 136609 35551 5400 346 52023 37765 794 64957 1083 1695 45709 683 28272 76523 6817 10177 8901 1349 5651 1956 10872 4160
leaf_count=593 5406 86066 55373 1477 112598 318 383 493 136609 35551 5400 346 52023 37765 794 64957 1083 1695 45709 683 28272 76523 6817 10177 8901 1349 5651 1956 10872 4160
internal_value=0.00202741 -0.290585 -0.715784 3.63795 -1.17692 1.27346 5.92965 2.465 -0.93018 0.83131 8.13433 7.58398 0.380638 -1.20871 1.5701 0.545961 4.73187 4.9675 -0.623268 2.78209 2.07891 -2.24136 2.92238 2.89233 2.694 2.98329 2.28466 2.21331 5.12807 5.09359
internal_weight=800000 740413 582150 59587 409797 158263 20173 39414 332681 122411 6129 5746 172353 174374 36345 116980 5736 14044 158307 35852 33678 77116 27927 27244 20427 10250 7925 7607 12567 4653
internal_count=800000 740413 582150 59587 409797 158263 20173 39414 332681 122411 6129 5746 172353 174374 36345 116980 5736 14044 158307 35852 33678 77116 27927 27244 20427 10250 7925 7607 12567 4653
cat_boundaries=0 1 2 3 4 5 6 7 8 9 10 11 12 13 14 15 16 17
cat_threshold=32 11 34 1 12 20 33 49 28 3 4 12 4 16 3 2 48
is_linear=0
shrinkage=0.05


Tree=68
num_leaves=31
num_cat=18
split_feature=1 2 1 1 1 0 2 2 0 1 0 0 0 1 0 0 0 0 0 0 0 0 0 0 1 0 1 0 0 1
split_gain=3.07337e+08 1.77761e+08 1.06257e+08 5.78469e+07 3.88559e+07 3.8098e+07 1.54639e+07 1.2465e+07 1.0261e+07 1.01837e+07 4.61833e+06 3.59361e+06 1.42642e+06 1.26213e+06 1.19197e+06 1.13593e+06 1.03809e+06 909679 851841 619658 562973 521187 408990 407960 388651 1.07427e+06 616457 464247 379119 377100
threshold=3.5000000000000004 1.5000000000000002 2.5000000000000004 4.5000000000000009 1.5000000000000002 0 1.5000000000000002 1.5000000000000002 1 1.5000000000000002 2 3 4 2.5000000000000004 5 6 7 8 9 10 11 12 13 14 1.5000000000000002 15 2.5000000000000004 16 17 1.5000000000000002
decision_type=2 2 2 2 2 1 2 2 1 2 1 1 1 2 1 1 1 1 1 1 1 1 1 1 2 1 2 1 1 2
left_child=1 2 4 7 20 9 16 19 17 -3 -8 -4 -10 -11 -13 -9 -5 23 29 -2 -1 -17 -16 -6 -20 -26 -27 -28 -21 -7
right_child=3 5 11 6 8 18 10 15 12 13 -12 14 -14 -15 22 21 -18 -19 24 28 -22 -23 -24 -25 25 26 27 -29 -30 -31
leaf_value=-2.7344845732442495 2.4632367911337121 0.49344761391280856 0.029711465153846463 1.6899678139319787 -0.21346541252818627 3.8600731678728786 8.1350110018236439 1.1490646856294262 -1.0232582716996534 1.4475613520794663 2.8930379032852631 0.35645664145436035 -1.3130684192579647 3.4631795035201294 1.9316710933467154 6.4118378561486313 4.7843833449661011 -0.78045461788956383 3.9554541298795058 1.9677003051716697 -2.0967118942108485 4.4629217566889059 0.66201909449479268 -0.54567866386518549 3.3039374922141516 2.2850240060174305 2.9689163275672565 1.9104908337568518 1.4850421954821273 2.1026455880339738
leaf_weight=3868 5644 86066 55373 315 10206 318 5634 268 99192 35551 495 57606 75182 794 637 493 13729 45709 683 22628 73248 4975 58737 102392 6817 10177 8901 1349 5406 7607
leaf_count=3868 5644 86066 55373 315 10206 318 5634 268 99192 35551 495 57606 75182 794 637 493 13729 45709 683 22628 73248 4975 58737 102392 6817 10177 8901 1349 5406 7607
internal_value=0.00196114 -0.276056 -0.680002 3.45653 -1.11808 1.20981 5.63411 2.34199 -0.883677 0.789743 7.72964 0.36161 -1.14828 1.49159 0.518669 4.49656 4.71959 -0.592109 2.6431 1.97503 -2.12933 4.65002 0.675964 -0.515588 2.77641 2.74787 2.55943 2.83438 1.87519 2.17043
internal_weight=800000 740413 582150 59587 409797 158263 20173 39414 332681 122411 6129 172353 174374 36345 116980 5736 14044 158307 35852 33678 77116 5468 59374 112598 27927 27244 20427 10250 28034 7925
internal_count=800000 740413 582150 59587 409797 158263 20173 39414 332681 122411 6129 172353 174374 36345 116980 5736 14044 158307 35852 33678 77116 5468 59374 112598 27927 27244 20427 10250 28034 7925
cat_boundaries=0 1 2 3 4 5 6 7 8 9 10 11 12 13 14 15 16 17 18
cat_threshold=32 11 49 12 4 2 4 8 3 4 34 22 48 32 1 16 3 17
is_linear=0
shrinkage=0.05


Tree=69
num_leaves=31
num_cat=19
split_feature=1 2 1 1 1 0 2 2 0 1 0 0 0 0 1 0 0 0 0 1 0 1 0 0 0 0 0 0 0 0
split_gain=2.77418e+08 1.60435e+08 9.58994e+07 5.22137e+07 3.50689e+07 3.43879e+07 1.39627e+07 1.12587e+07 9.26066e+06 9.1908e+06 9.10261e+06 5.24459e+06 3.24339e+06 1.32491e+06 1.13907e+06 1.07587e+06 1.05258e+06 990774 821031 777943 2.14811e+06 4.09229e+06 7.36534e+06 1.28178e+06 528359 524207 518436 390032 373560 370033
threshold=3.5000000000000004 1.5000000000000002 2.5000000000000004 4.5000000000000009 1.5000000000000002 0 1.5000000000000002 1.5000000000000002 1 1.5000000000000002 2 3 4 5 2.5000000000000004 6 7 8 9 2.5000000000000004 10 1.5000000000000002 11 12 13 14 15 16 17 18
decision_type=2 2 2 2 2 1 2 2 1 2 1 1 1 1 2 1 1 1 1 2 1 2 1 1 1 1 1 1 1 1
left_child=1 2 4 7 25 9 17 24 18 -3 -8 -12 28 -10 -11 -14 -9 -5 -6 20 -7 22 -22 -23 -2 -1 -21 -19 -4 -17
right_child=3 5 12 6 8 19 10 16 13 14 11 -13 15 -15 -16 29 -18 27 -20 26 21 23 -24 -25 -26 -27 -28 -29 -30 -31
leaf_value=-3.5359629199279485 1.4109257871326353 0.46877473229670286 0.21868405822032033 3.1617543554658769 -0.489811847193797 3.5536939870608153 14.854418362915972 4.6071842944599037 -1.0180825759498964 1.3751837047724873 7.1942161244164993 0.71139581082911985 0.33863678677020492 -1.3538401218113878 3.290018114575211 1.8365812537474833 2.7679405833643074 3.785472108611613 -0.74144202997298636 1.8156663286940327 4.3653241740187552 2.9729079627495705 -4.795899096779201 2.0147332849219781 1.9641657549710603 -2.0104434054288478 2.9036253383096677 4.7615544471993116 -0.060298773684891144 0.62892243388902569
leaf_weight=593 5406 86066 17566 1477 112598 3093 383 4653 136609 35551 5400 346 57606 37765 794 637 1083 1695 45709 1349 355 4999 542 12839 28272 76523 12675 10872 37807 58737
leaf_count=593 5406 86066 17566 1477 112598 3093 383 4653 136609 35551 5400 346 57606 37765 794 637 1083 1695 45709 1349 355 4999 542 12839 28272 76523 12675 10872 37807 58737
internal_value=0.00188632 -0.262252 -0.646007 3.284 -1.06219 1.14934 5.35284 2.22512 -0.839499 0.750255 7.34406 6.80576 0.343538 -1.09087 1.41702 0.492747 4.27278 4.48384 -0.562509 2.51106 2.32507 2.11921 -1.17502 2.28605 1.87636 -2.02289 2.80234 4.63302 0.0282266 0.642186
internal_weight=800000 740413 582150 59587 409797 158263 20173 39414 332681 122411 6129 5746 172353 174374 36345 116980 5736 14044 158307 35852 21828 18735 897 17838 33678 77116 14024 12567 55373 59374
internal_count=800000 740413 582150 59587 409797 158263 20173 39414 332681 122411 6129 5746 172353 174374 36345 116980 5736 14044 158307 35852 21828 18735 897 17838 33678 77116 14024 12567 55373 59374
cat_boundaries=0 1 2 3 4 5 6 7 8 9 10 11 12 13 14 15 16 17 18 19
cat_threshold=32 11 34 1 12 20 2 49 28 3 8 6 16 12 4 8 2 8 32
is_linear=0
shrinkage=0.05


Tree=70
num_leaves=31
num_cat=18
split_feature=1 2 1 1 1 0 0 2 0 2 0 1 0 2 0 1 0 0 1 0 0 0 0 1 0 0 0 0 0 0
split_gain=2.50425e+08 1.448e+08 8.65518e+07 4.71456e+07 3.16514e+07 3.10418e+07 2.3092e+07 1.01663e+07 9.84572e+06 1.12404e+07 8.35783e+06 8.29465e+06 2.9273e+06 2.42362e+06 1.21009e+06 1.02801e+06 985865 981461 780465 3.01329e+07 1.5777e+06 741016 571141 524254 491673 476659 445348 375010 368299 337156
threshold=3.5000000000000004 1.5000000000000002 2.5000000000000004 4.5000000000000009 1.5000000000000002 0 1 1.5000000000000002 2 1.5000000000000002 3 1.5000000000000002 4 1.5000000000000002 5 2.5000000000000004 6 7 1.5000000000000002 8 9 10 11 2.5000000000000004 12 13 14 15 16 17
decision_type=2 2 2 2 2 1 1 2 1 2 1 2 1 2 1 2 1 1 2 1 1 1 1 2 1 1 1 1 1 1
left_child=1 2 4 7 24 11 13 25 -8 27 21 -3 29 -5 -12 -13 -9 -14 19 -7 22 28 -20 -24 -1 -2 -18 -10 -6 -4
right_child=3 5 12 6 10 18 8 16 9 -11 14 15 17 -15 -16 -17 26 -19 20 -21 -22 -23 23 -25 -26 -27 -28 -29 -30 -31
leaf_value=-2.486186654423856 1.3405110994505214 0.44533677524751658 0.2077562295446409 12.737971120131643 -0.17833656017306082 -4.2586884984952782 -3.3282758795026179 1.6792342258694388 4.3273115924449987 6.8053505019339404 -0.92120235672915352 1.3064228774746718 0.63004192602805575 19.981466530530881 -1.1880941102233056 3.1255165203392359 5.8718384860287136 0.33836555813591446 2.9914783637590356 13.006739972880547 1.8733828498907341 -0.70437762152530947 2.1045305028632408 2.6786233064445564 -1.891382562218852 1.865992965419039 4.0721487330159576 3.5499842798601828 -0.49390863462369039 -0.057284872316969299
leaf_weight=3868 5406 86066 17566 228 10206 541 361 449 10863 5849 99192 35551 52023 234 75182 794 493 64957 6817 460 11945 45709 7188 8901 73248 28272 4794 2638 102392 37807
leaf_count=3868 5406 86066 17566 228 10206 541 361 449 10863 5849 99192 35551 52023 234 75182 794 493 64957 6817 460 11945 45709 7188 8901 73248 28272 4794 2638 102392 37807
internal_value=0.00182466 -0.249134 -0.613712 3.12018 -1.00909 1.09192 5.08605 2.114 4.81826 4.97189 -0.797529 0.712743 0.326369 16.0592 -1.03634 1.34616 4.05978 0.468122 2.38569 3.76287 2.34682 -0.534387 2.59175 2.42063 -1.92178 1.78259 4.25073 4.18126 -0.465323 0.0268166
internal_weight=800000 740413 582150 59587 409797 158263 20173 39414 19711 19350 332681 122411 172353 462 174374 36345 5736 116980 35852 1001 34851 158307 22906 16089 77116 33678 5287 13501 112598 55373
internal_count=800000 740413 582150 59587 409797 158263 20173 39414 19711 19350 332681 122411 172353 462 174374 36345 5736 116980 35852 1001 34851 158307 22906 16089 77116 33678 5287 13501 112598 55373
cat_boundaries=0 1 2 3 4 5 6 7 8 9 10 11 12 13 14 15 16 17 18
cat_threshold=32 48 8 11 12 4 12 33 16 19 3 16 22 12 48 1 1 8
is_linear=0
shrinkage=0.05


Tree=71
num_leaves=31
num_cat=18
split_feature=1 2 1 1 1 0 2 2 0 1 0 0 0 0 1 0 0 0 1 0 0 1 0 0 0 0 1 0 0 0
split_gain=2.26031e+08 1.3069e+08 7.81145e+07 4.25466e+07 2.85666e+07 2.80218e+07 1.12233e+07 9.18327e+06 7.543e+06 7.48593e+06 6.17675e+06 2.64857e+06 1.1247e+06 1.12347e+06 927781 908604 848034 734319 674415 837783 668782 471884 459807 430020 342955 334279 333640 332380 322712 261210
threshold=3.5000000000000004 1.5000000000000002 2.5000000000000004 4.5000000000000009 1.5000000000000002 0 1.5000000000000002 1.5000000000000002 1 1.5000000000000002 2 3 4 5 2.5000000000000004 6 7 8 1.5000000000000002 9 10 2.5000000000000004 11 12 13 14 2.5000000000000004 15 16 17
decision_type=2 2 2 2 2 1 2 2 1 2 1 1 1 1 2 1 1 1 2 1 1 2 1 1 1 1 2 1 1 1
left_child=1 2 4 7 22 9 16 23 20 -3 -8 25 -10 -13 -11 -9 -5 26 -19 -20 27 -21 -1 -2 -23 -4 -7 -6 -18 -17
right_child=3 5 11 6 8 17 10 15 12 14 -12 13 -14 -15 -16 29 28 18 19 21 -22 24 -24 -25 -26 -27 -28 -29 -30 -31
leaf_value=-3.2398493252781102 1.2736087804706975 0.42307085959104063 1.715156171789862 2.8336178316553728 -0.16942746493157318 1.6463646592037784 6.9993674328675768 0.87931990863607945 -0.91747013929468402 1.2411032604777539 0.024824326761652915 0.27972067528535133 -1.2267766189726672 -0.054420898901110251 2.9692429218244194 4.1646337405003733 3.4208517774878362 3.942546666872798 2.8421214994791226 1.9456037407005007 -0.66916500345954888 2.5418372496278607 -1.8141044511597291 1.7727262520029712 1.6325722352646133 0.56780990906946127 2.3988075996469136 -0.46921643405144009 4.307180519041343 2.9869548094778349
leaf_weight=593 5406 86066 637 1477 10206 5969 5783 268 136609 35551 346 75172 37765 37807 794 4653 1695 683 6817 10177 45709 8901 76523 28272 1349 58737 1956 102392 10872 815
leaf_count=593 5406 86066 637 1477 10206 5969 5783 268 136609 35551 346 75172 37765 37807 794 4653 1695 683 6817 10177 45709 8901 76523 28272 1349 58737 1956 102392 10872 815
internal_value=0.00174991 -0.236673 -0.583032 2.96433 -0.958648 1.03737 4.83186 2.00849 -0.757658 0.677107 6.61709 0.310054 -0.984525 0.167909 1.27886 3.85781 4.05275 2.26659 2.38985 2.3518 -0.507672 2.18571 -1.82572 1.69351 2.42624 0.580406 1.82977 -0.442061 4.19045 3.99487
internal_weight=800000 740413 582150 59587 409797 158263 20173 39414 332681 122411 6129 172353 174374 112979 36345 5736 14044 35852 27927 27244 158307 20427 77116 33678 10250 59374 7925 112598 12567 5468
internal_count=800000 740413 582150 59587 409797 158263 20173 39414 332681 122411 6129 172353 174374 112979 36345 5736 14044 35852 27927 27244 158307 20427 77116 33678 10250 59374 7925 112598 12567 5468
cat_boundaries=0 1 2 3 4 5 6 7 8 9 10 11 12 13 14 15 16 17 18
cat_threshold=32 11 35 49 20 10 4 28 4 16 3 4 12 3 32 1 2 49
is_linear=0
shrinkage=0.05


Tree=72
num_leaves=31
num_cat=18
split_feature=1 2 1 1 1 0 2 2 0 1 0 0 0 1 0 0 0 0 1 0 0 0 1 0 0 1 0 0 0 0
split_gain=2.04025e+08 1.17952e+08 7.05004e+07 3.84068e+07 2.57828e+07 2.52929e+07 1.01307e+07 8.29316e+06 6.80762e+06 6.75609e+06 4.31551e+06 2.40756e+06 1.02656e+06 837318 819394 801751 764448 663045 608559 756367 603616 429223 426256 387947 309136 301109 299958 292616 290430 265281
threshold=3.5000000000000004 1.5000000000000002 2.5000000000000004 4.5000000000000009 1.5000000000000002 0 1.5000000000000002 1.5000000000000002 1 1.5000000000000002 2 3 4 2.5000000000000004 5 6 7 8 1.5000000000000002 9 10 11 2.5000000000000004 12 13 2.5000000000000004 14 15 16 17
decision_type=2 2 2 2 2 1 2 2 1 2 1 1 1 2 1 1 1 1 2 1 1 1 2 1 1 2 1 1 1 1
left_child=1 2 4 7 21 9 16 23 20 -3 -8 29 -10 -11 -9 27 -5 25 -19 -20 26 -1 -21 -2 -24 -7 -6 -13 -18 -4
right_child=3 5 11 6 8 17 10 14 12 13 -12 15 -14 -15 -16 -17 28 18 19 22 -22 -23 24 -25 -26 -27 -28 -29 -30 -31
leaf_value=-2.2608257268617424 1.2100451163738484 0.40191753946717901 0.18339668761397906 2.6928889576027517 -0.16096434089338396 1.5640483645303185 6.6767988180471054 0.83693258162025064 -0.82927772400227817 1.1790508398918902 1.679271559007097 1.6307212892971599 -1.0750633407988592 2.8207795895016767 3.7957827723017576 0.30583590499976809 3.250815064550495 3.745422918730215 2.7002236737432463 1.8483227368356721 -0.63571592376948627 -1.7061334035330771 2.4148878075327089 1.684122859655264 1.5515447348509754 2.2788678652913537 -0.44575695502069101 0.55598907245811446 4.0920229575844775 -0.051702272517193719
leaf_weight=3868 5406 86066 17566 1477 10206 5969 5634 268 99192 35551 495 637 75182 794 5468 64957 1695 683 6817 10177 45709 73248 8901 28272 1349 1956 102392 51386 10872 37807
leaf_count=3868 5406 86066 17566 1477 10206 5969 5634 268 99192 35551 495 637 75182 794 5468 64957 1695 683 6817 10177 45709 73248 8901 28272 1349 1956 102392 51386 10872 37807
internal_value=0.00168121 -0.224838 -0.553886 2.81636 -0.910726 0.98552 4.5907 1.9082 -0.71978 0.643252 6.28681 0.294559 -0.935305 1.21492 3.66561 0.423113 3.8505 2.15336 2.27049 2.23434 -0.482293 -1.73447 2.07653 1.60888 2.30513 1.73828 -0.41996 0.56946 3.98124 0.0228979
internal_weight=800000 740413 582150 59587 409797 158263 20173 39414 332681 122411 6129 172353 174374 36345 5736 116980 14044 35852 27927 27244 158307 77116 20427 33678 10250 7925 112598 52023 12567 55373
internal_count=800000 740413 582150 59587 409797 158263 20173 39414 332681 122411 6129 172353 174374 36345 5736 116980 14044 35852 27927 27244 158307 77116 20427 33678 10250 7925 112598 52023 12567 55373
cat_boundaries=0 1 2 3 4 5 6 7 8 9 10 11 12 13 14 15 16 17 18
cat_threshold=32 11 49 12 4 4 33 28 4 16 3 22 12 3 1 32 2 8
is_linear=0
shrinkage=0.05


Tree=73
num_leaves=31
num_cat=19
split_feature=1 2 1 1 1 0 2 2 0 1 0 0 0 0 0 0 1 0 1 0 0 0 0 0 1 0 0 0 0 0
split_gain=1.8416e+08 1.06456e+08 6.36285e+07 3.4672e+07 2.327e+07 2.28299e+07 9.14551e+06 7.48737e+06 6.1439e+06 6.09732e+06 5.44806e+06 2.17291e+06 954758 825417 5.21034e+06 768743 755684 724321 612532 2.77815e+07 1.1904e+06 544779 416223 403167 377640 349982 273207 270705 247431 239425
threshold=3.5000000000000004 1.5000000000000002 2.5000000000000004 4.5000000000000009 1.5000000000000002 0 1.5000000000000002 1.5000000000000002 1 1.5000000000000002 2 3 4 5 6 7 2.5000000000000004 8 1.5000000000000002 9 10 11 12 13 2.5000000000000004 14 15 16 17 18
decision_type=2 2 2 2 2 1 2 2 1 2 1 1 1 1 1 1 2 1 2 1 1 1 1 1 2 1 1 1 1 1
left_child=1 2 4 7 23 9 13 25 21 -3 -8 29 -10 -5 -15 -9 -11 -13 19 -7 22 27 -20 -1 -24 -2 -19 -6 -17 -4
right_child=3 5 11 6 8 18 10 15 12 16 -12 17 -14 14 -16 28 -18 26 20 -21 -22 -23 24 -25 -26 -27 -28 -29 -30 -31
leaf_value=-2.969376037686223 1.1496551965857187 0.3818216315874412 0.17423164957102508 3.5707644137082593 -0.15292335301520962 -4.4270383665219839 6.3321844760317596 3.76746647825779 -0.82677349409893974 1.1200943949118549 -0.20468670223536117 0.27551880243320465 -1.1117155231549043 1.348315200805664 11.322478282351454 2.6519307625510478 2.679741481089172 1.5504481442376303 2.5654113503558511 12.145494316993876 1.6002550312586281 -0.60393688061144568 1.8096074945092799 -1.6369288780453948 2.2968556802790565 1.5999442345906703 0.51319441522543752 -0.42347260217215316 0.79659169423494414 -0.04911635155988861
leaf_weight=593 5406 86066 17566 13501 10206 541 5783 4653 136609 35551 346 57606 37765 315 228 815 794 637 6817 460 11945 45709 7188 76523 8901 28272 58737 102392 268 37807
leaf_count=593 5406 86066 17566 13501 10206 541 5783 4653 136609 35551 346 57606 37765 315 228 815 794 637 6817 460 11945 45709 7188 76523 8901 28272 58737 102392 268 37807
internal_value=0.00161423 -0.213595 -0.526196 2.67575 -0.865198 0.936264 4.36162 1.81289 -0.683797 0.611088 5.97316 0.279838 -0.888545 3.65833 5.66537 3.48274 1.15417 0.401967 2.04579 3.26582 2.01133 -0.458183 2.22403 -1.64777 2.07788 1.52848 0.524582 -0.398965 2.2043 0.0217551
internal_weight=800000 740413 582150 59587 409797 158263 20173 39414 332681 122411 6129 172353 174374 14044 543 5736 36345 116980 35852 1001 34851 158307 22906 77116 16089 33678 59374 112598 1083 55373
internal_count=800000 740413 582150 59587 409797 158263 20173 39414 332681 122411 6129 172353 174374 14044 543 5736 36345 116980 35852 1001 34851 158307 22906 77116 16089 33678 59374 112598 1083 55373
cat_boundaries=0 1 2 3 4 5 6 7 8 9 10 11 12 13 14 15 16 17 18 19
cat_threshold=32 11 35 12 20 7 8 49 2 16 19 3 16 4 12 32 1 10 8
is_linear=0
shrinkage=0.05


Tree=74
num_leaves=31
num_cat=18
split_feature=1 2 1 1 1 0 0 2 0 2 0 1 0 0 0 1 0 0 1 0 0 0 1 0 0 0 1 0 0 0
split_gain=1.66237e+08 9.60818e+07 5.74264e+07 3.13025e+07 2.10024e+07 2.0609e+07 8.61198e+06 1.03082e+07 1.3978e+07 6.76163e+06 5.54497e+06 5.50282e+06 1.96116e+06 870824 692525 682006 660578 598579 674386 617143 491685 374554 345569 332015 4.69096e+06 315738 294698 255709 244292 239143
threshold=3.5000000000000004 1.5000000000000002 2.5000000000000004 4.5000000000000009 1.5000000000000002 0 1 1.5000000000000002 2 1.5000000000000002 3 1.5000000000000002 4 5 6 2.5000000000000004 7 8 1.5000000000000002 9 10 11 2.5000000000000004 12 13 14 2.5000000000000004 15 16 17
decision_type=2 2 2 2 2 1 1 2 1 2 1 2 1 1 1 2 1 1 2 1 1 1 2 1 1 1 2 1 1 1
left_child=1 2 4 9 21 11 -5 23 -9 25 20 -3 -4 -12 -11 -13 29 26 -19 -20 28 -1 -21 -8 -25 -2 -7 -24 -6 -14
right_child=3 5 12 6 10 17 7 8 -10 14 13 15 16 -15 -16 -17 -18 18 19 22 -22 -23 27 24 -26 -27 -28 -29 -30 -31
leaf_value=-2.0562524656342012 1.092278564627801 0.3627302545303665 0.02066781323549689 -3.4674978122556954 -0.14528665725337217 1.3777432974867934 3.4343983715237671 17.823673503906999 5.4849762998682827 3.5794982127255697 -0.74648345337310906 1.0640891312781624 1.4741209540153397 -0.97282887738820711 2.0956579011182446 2.5457554855634945 0.2754282648182052 3.6072273427535992 2.4373277580649013 1.6685024349092323 -0.5737449858262107 -1.5390032234569158 2.179564844939915 2.802341723667237 10.780141932423376 1.5199756639140827 2.0849125501324552 1.3951142272500101 -0.40229867525192536 0.50253934800295486
leaf_weight=3868 5406 86066 55373 361 10206 5969 12558 234 5849 4653 99192 35551 637 75182 1083 794 64957 683 6817 10177 45709 73248 8901 943 228 28272 1956 1349 102392 51386
leaf_count=3868 5406 86066 55373 361 10206 5969 12558 234 5849 4653 99192 35551 637 75182 1083 794 64957 683 6817 10177 45709 73248 8901 943 228 28272 1956 1349 102392 51386
internal_value=0.00155823 -0.202911 -0.49989 2.54224 -0.821947 0.889489 4.1441 4.28238 5.99794 1.72237 -0.649611 0.580534 0.265854 -0.844123 3.30923 1.09646 0.381879 1.94366 2.05469 2.01652 -0.435275 -1.56541 1.87397 3.52537 4.43379 1.4521 1.55033 2.07981 -0.379018 0.514717
internal_weight=800000 740413 582150 59587 409797 158263 20173 19812 6083 39414 332681 122411 172353 174374 5736 36345 116980 35852 27927 27244 158307 77116 20427 13729 1171 33678 7925 10250 112598 52023
internal_count=800000 740413 582150 59587 409797 158263 20173 19812 6083 39414 332681 122411 172353 174374 5736 36345 116980 35852 27927 27244 158307 77116 20427 13729 1171 33678 7925 10250 112598 52023
cat_boundaries=0 1 2 3 4 5 6 7 8 9 10 11 12 13 14 15 16 17 18
cat_threshold=32 8 48 11 12 4 49 33 4 16 3 22 3 4 12 3 1 32
is_linear=0
shrinkage=0.05


Tree=75
num_leaves=31
num_cat=18
split_feature=1 2 1 1 1 0 0 2 0 2 0 1 0 0 0 0 0 1 0 1 1 0 1 0 0 0 0 0 0 0
split_gain=1.50072e+08 8.67169e+07 5.18287e+07 2.82704e+07 1.89554e+07 1.8602e+07 7.78446e+06 9.3135e+06 8.0256e+06 6.10552e+06 5.00435e+06 4.96634e+06 1.77893e+06 810496 767561 639986 632309 4.69538e+06 4.74111e+06 912895 722736 674174 615509 443759 441719 358066 353383 284842 279385 273723
threshold=3.5000000000000004 1.5000000000000002 2.5000000000000004 4.5000000000000009 1.5000000000000002 0 1 1.5000000000000002 2 1.5000000000000002 3 1.5000000000000002 4 5 6 7 8 1.5000000000000002 9 2.5000000000000004 2.5000000000000004 10 2.5000000000000004 11 12 13 14 15 16 17
decision_type=2 2 2 2 2 1 1 2 1 2 1 2 1 1 1 1 1 2 1 2 2 1 2 1 1 1 1 1 1 1
left_child=1 2 4 9 26 11 -5 25 -9 27 23 -3 -4 -12 -14 -11 19 18 -18 -7 21 -19 -13 -6 -17 -8 -1 -2 -27 -22
right_child=3 5 12 6 10 16 7 8 -10 15 13 22 14 -15 -16 24 17 20 -20 -21 29 -23 -24 -25 -26 28 -28 -29 -30 -31
leaf_value=-2.7222617508364753 1.0377656174551262 0.34459368533532775 0.47413292390131395 -3.2987965828003589 -0.36007027489538901 2.8944423358570672 2.4101887875919967 12.703228451338131 5.1979833146277334 1.2352205064561632 -0.74501645927794147 1.0108873509860421 0.22849248556263579 -1.0075153919424464 -0.047695805037466427 4.8339323369930565 2.6727631472234861 1.8992112978767932 -4.6916208018427312 1.3357020036656386 2.7593604783782291 1.2497555538751906 2.4184681054026416 -0.54506374140440128 3.130112497296361 2.7410230173463348 -1.4770460441058844 1.4440034391932135 3.5370439647291763 2.0545029221676283
leaf_weight=593 5406 86066 59374 361 112598 3093 1162 383 5700 449 136609 35551 75172 37765 37807 493 355 11373 542 1349 1818 6465 794 45709 4794 1695 76523 28272 10872 10857
leaf_count=593 5406 86066 59374 361 112598 3093 1162 383 5700 449 136609 35551 75172 37765 37807 493 355 11373 542 1349 1818 6465 794 45709 4794 1695 76523 28272 10872 10857
internal_value=0.00150971 -0.192764 -0.474899 2.4155 -0.780858 0.845034 3.9378 4.06927 5.69996 1.63636 -0.617134 0.551508 0.252567 -0.801922 0.136074 3.14426 1.84656 1.76534 -1.79957 2.41563 1.87072 1.6656 1.04164 -0.413516 3.29782 3.34972 -1.48717 1.37953 3.43194 2.1594
internal_weight=800000 740413 582150 59587 409797 158263 20173 19812 6083 39414 332681 122411 172353 174374 112979 5736 35852 31410 897 4442 30513 17838 36345 158307 5287 13729 77116 33678 12567 12675
internal_count=800000 740413 582150 59587 409797 158263 20173 19812 6083 39414 332681 122411 172353 174374 112979 5736 35852 31410 897 4442 30513 17838 36345 158307 5287 13729 77116 33678 12567 12675
cat_boundaries=0 1 2 3 4 5 6 7 8 9 10 11 12 13 14 15 16 17 18
cat_threshold=32 8 34 11 49 20 10 12 8 6 18 3 48 20 4 12 2 16
is_linear=0
shrinkage=0.05


Tree=76
num_leaves=31
num_cat=18
split_feature=1 2 1 1 1 0 0 2 2 0 1 0 0 1 0 0 0 1 0 0 0 0 0 0 1 0 0 0 0 1
split_gain=1.35472e+08 7.82651e+07 4.67766e+07 2.5524e+07 1.71082e+07 1.67905e+07 7.03589e+06 8.41414e+06 5.51526e+06 4.51648e+06 4.48208e+06 1.61217e+06 738678 665622 2.42218e+07 948023 590581 555496 540517 400519 356510 4.2676e+06 326727 326160 288519 256976 220539 216713 188895 178248
threshold=3.5000000000000004 1.5000000000000002 2.5000000000000004 4.5000000000000009 1.5000000000000002 0 1 1.5000000000000002 1.5000000000000002 2 1.5000000000000002 3 4 1.5000000000000002 5 6 7 2.5000000000000004 8 9 10 11 12 13 2.5000000000000004 14 15 16 17 2.5000000000000004
decision_type=2 2 2 2 2 1 1 2 2 1 2 1 1 2 1 1 1 2 1 1 1 1 1 1 2 1 1 1 1 2
left_child=1 2 4 8 22 10 -5 20 25 19 -3 28 -11 14 -7 23 -10 -12 27 26 -8 -22 -1 29 -25 -2 -6 -13 -4 -15
right_child=3 5 11 6 9 13 7 -9 16 12 17 18 -14 15 -16 -17 -18 -19 -20 -21 21 -23 -24 24 -26 -27 -28 -29 -30 -31
leaf_value=-1.8705226686948841 0.98597171183350873 0.32736542792383744 0.15307429215557533 -3.1383030642075038 -0.12004331530727441 -4.1564710308981896 3.0914696171737495 5.4164358597297175 0.59764308517785381 -0.67191681997715613 0.96034157245907792 1.3782142547772509 -0.88035535866535142 2.0584218561852019 11.317574014054969 1.3518972531665274 3.0982438934941765 2.2975426623442909 0.24884633205588269 -0.51781800744696194 2.5444500565904136 10.146206561857914 -1.3882210305431344 1.5444195162871843 1.9703104077021925 1.371830999154062 -0.36418511725918368 0.4537169478618549 -0.045309641519039073 2.6365710564310141
leaf_weight=3868 5406 86066 17566 361 10206 541 12558 6083 268 99192 35551 637 75182 4999 460 11945 5468 794 64957 45709 943 228 73248 7188 8901 28272 102392 51386 37807 1818
leaf_count=3868 5406 86066 17566 361 10206 541 12558 6083 268 99192 35551 637 75182 4999 460 11945 5468 794 64957 45709 943 228 73248 7188 8901 28272 102392 51386 37807 1818
internal_value=0.0014561 -0.183126 -0.451159 2.29502 -0.741824 0.802801 3.74149 3.86648 1.55469 -0.586282 0.523933 0.239942 -0.761831 1.75432 3.02602 1.71829 2.98785 0.989554 0.345138 -0.392843 3.18255 4.09793 -1.41283 1.90794 1.77893 1.31059 -0.342068 0.4653 0.0176401 2.20937
internal_weight=800000 740413 582150 59587 409797 158263 20173 19812 39414 332681 122411 172353 174374 35852 1001 34851 5736 36345 116980 158307 13729 1171 77116 22906 16089 33678 112598 52023 55373 6817
internal_count=800000 740413 582150 59587 409797 158263 20173 19812 39414 332681 122411 172353 174374 35852 1001 34851 5736 36345 116980 158307 13729 1171 77116 22906 16089 33678 112598 52023 55373 6817
cat_boundaries=0 1 2 3 4 5 6 7 8 9 10 11 12 13 14 15 16 17 18
cat_threshold=32 8 11 12 4 16 19 4 33 3 3 4 22 16 12 1 32 8
is_linear=0
shrinkage=0.05


Tree=77
num_leaves=31
num_cat=18
split_feature=1 2 1 1 1 0 0 2 2 0 1 0 0 0 1 0 0 0 1 0 0 0 0 0 1 0 0 0 0 1
split_gain=1.2228e+08 7.06379e+07 4.22169e+07 2.30407e+07 1.54409e+07 1.51565e+07 6.35885e+06 7.58963e+06 4.97931e+06 4.07613e+06 4.04512e+06 1.45775e+06 688045 622848 604170 2.19072e+07 855403 560669 501335 450193 951112 361481 309649 294365 260387 231828 202039 199033 178279 160869
threshold=3.5000000000000004 1.5000000000000002 2.5000000000000004 4.5000000000000009 1.5000000000000002 0 1 1.5000000000000002 1.5000000000000002 2 1.5000000000000002 3 4 5 1.5000000000000002 6 7 8 2.5000000000000004 9 10 11 12 13 2.5000000000000004 14 15 16 17 2.5000000000000004
decision_type=2 2 2 2 2 1 1 2 2 1 2 1 1 1 2 1 1 1 2 1 1 1 1 1 2 1 1 1 1 2
left_child=1 2 4 8 22 10 -5 19 25 21 -3 26 -11 -13 15 -7 23 -10 -12 -8 -21 27 -1 29 -25 -2 -4 -6 -19 -16
right_child=3 5 11 6 9 14 7 -9 17 12 18 13 -14 -15 16 -17 -18 28 -20 20 -22 -23 -24 24 -26 -27 -28 -29 -30 -31
leaf_value=-2.4964309413239336 0.93676589405166877 0.31099693945986495 1.3103700805852734 -2.985619629811084 -0.11404539375167017 -3.9524189791532267 0.64955516631946819 5.1456122766645578 3.0811481180912996 -0.67132016007369488 0.91232788429518852 0.20574806896637043 -0.91314722709226581 -0.043045919882197387 1.9555041847621997 10.763738330272918 1.2843595088191335 2.1305711318507341 2.1826691005332046 2.9370205701725411 4.6312556684636776 -0.4919323617427086 -1.3327701288238245 1.4671985844339872 1.8717941001109524 1.3032631527457816 0.41873452335787342 -0.34597781230918101 0.56883526122827321 2.5047462308105199
leaf_weight=593 5406 86066 637 361 10206 541 219 6083 4653 136609 35551 75172 37765 37807 4999 460 11945 815 794 12558 952 45709 76523 7188 8901 28272 58737 102392 268 1818
leaf_count=593 5406 86066 637 361 10206 541 219 6083 4653 136609 35551 75172 37765 37807 4999 460 11945 815 794 12558 952 45709 76523 7188 8901 28272 58737 102392 268 1818
internal_value=0.00139816 -0.173966 -0.428605 2.18043 -0.704739 0.762689 3.55473 3.67356 1.47703 -0.556971 0.497737 0.22795 -0.723743 0.122496 1.66672 2.8783 1.6324 2.83878 0.94008 3.024 3.05974 -0.373204 -1.34221 1.81254 1.68998 1.2451 0.42852 -0.324967 1.75284 2.0989
internal_weight=800000 740413 582150 59587 409797 158263 20173 19812 39414 332681 122411 172353 174374 112979 35852 1001 34851 5736 36345 13729 13510 158307 77116 22906 16089 33678 59374 112598 1083 6817
internal_count=800000 740413 582150 59587 409797 158263 20173 19812 39414 332681 122411 172353 174374 112979 35852 1001 34851 5736 36345 13729 13510 158307 77116 22906 16089 33678 59374 112598 1083 6817
cat_boundaries=0 1 2 3 4 5 6 7 8 9 10 11 12 13 14 15 16 17 18
cat_threshold=32 8 11 49 20 10 16 19 49 16 3 3 4 16 12 32 1 10
is_linear=0
shrinkage=0.05


Tree=78
num_leaves=31
num_cat=18
split_feature=1 2 1 1 1 0 0 2 2 0 1 0 0 0 1 0 1 1 0 0 1 0 0 0 0 0 0 0 0 0
split_gain=1.10368e+08 6.37538e+07 3.8102e+07 2.07948e+07 1.39362e+07 1.36816e+07 5.74665e+06 6.84761e+06 4.49664e+06 3.67877e+06 3.65073e+06 1.3258e+06 626570 611988 4.29204e+06 2.66403e+06 787911 562856 536261 505177 452454 441644 414031 326254 284925 264917 209142 194486 179618 177109
threshold=3.5000000000000004 1.5000000000000002 2.5000000000000004 4.5000000000000009 1.5000000000000002 0 1 1.5000000000000002 1.5000000000000002 2 1.5000000000000002 3 4 5 1.5000000000000002 6 2.5000000000000004 2.5000000000000004 7 8 2.5000000000000004 9 10 11 12 13 14 15 16 17
decision_type=2 2 2 2 2 1 1 2 2 1 2 1 1 1 2 1 2 2 1 1 2 1 1 1 1 1 1 1 1 1
left_child=1 2 4 8 24 10 -5 22 26 23 -3 -4 -11 16 15 -15 -7 18 -16 -10 -12 29 -8 28 -1 -24 -2 -19 -6 -13
right_child=3 5 11 6 9 13 7 -9 19 12 20 21 -14 14 17 -17 -18 27 -20 -21 -22 -23 25 -25 -26 -27 -28 -29 -30 -31
leaf_value=-1.2515136433804135 0.89001366602617316 0.29544523511854731 0.014965592125820196 -2.8403585521358687 -0.10834969341194807 2.5852155723041448 1.9011605911694289 4.8883320754400978 2.9274242775802728 -0.6047617650075785 0.8667100395882289 1.2458638690907216 -0.7967087155035778 1.468968922079426 1.631875879563693 -4.0659271350805311 1.1371042541436038 2.36648762755634 1.0533964081841547 1.666435022345401 2.0735326606020221 0.22491552967324782 2.3051182841974973 -0.46734104404721893 -1.6894838441147859 3.05884828746286 1.2381213988157524 1.7707951671649136 -0.32867968330201514 0.41010161807021428
leaf_weight=73025 5406 86066 55373 361 10206 3093 1162 6083 4653 99192 35551 637 75182 355 11373 542 1349 1818 6465 1083 794 64957 1695 45709 4091 10872 28272 10857 102392 51386
leaf_count=73025 5406 86066 55373 361 10206 3093 1162 6083 4653 99192 35551 637 75182 355 11373 542 1349 1818 6465 1083 794 64957 1695 45709 4091 10872 28272 10857 102392 51386
internal_value=0.00133852 -0.165266 -0.407178 2.07152 -0.66951 0.724578 3.37712 3.49009 1.40328 -0.529127 0.472848 0.216559 -0.687561 1.5835 1.50405 -1.90437 2.14062 1.60474 1.42372 2.69735 0.893075 0.311956 2.8731 -0.354546 -1.27513 2.9591 1.18287 1.8595 -0.30872 0.420573
internal_weight=800000 740413 582150 59587 409797 158263 20173 19812 39414 332681 122411 172353 174374 35852 31410 897 4442 30513 17838 5736 36345 116980 13729 158307 77116 12567 33678 12675 112598 52023
internal_count=800000 740413 582150 59587 409797 158263 20173 19812 39414 332681 122411 172353 174374 35852 31410 897 4442 30513 17838 5736 36345 116980 13729 158307 77116 12567 33678 12675 112598 52023
cat_boundaries=0 1 2 3 4 5 6 7 8 9 10 11 12 13 14 15 16 17 18
cat_threshold=32 8 11 12 4 8 6 18 49 33 20 3 32 2 12 16 1 32
is_linear=0
shrinkage=0.05


Tree=79
num_leaves=31
num_cat=18
split_feature=1 2 1 1 1 0 0 2 0 2 0 1 0 1 0 0 0 1 0 0 0 0 0 0 0 1 0 0 0 1
split_gain=9.9616e+07 5.75397e+07 3.4388e+07 1.87678e+07 1.25779e+07 1.2349e+07 5.19337e+06 6.17826e+06 4.23532e+06 3.36075e+06 3.32012e+06 3.29476e+06 1.19661e+06 699950 1.90144e+07 748733 584094 408341 398653 393647 390569 929765 294455 271568 257153 222669 162102 160230 148739 142168
threshold=3.5000000000000004 1.5000000000000002 2.5000000000000004 4.5000000000000009 1.5000000000000002 0 1 1.5000000000000002 2 1.5000000000000002 3 1.5000000000000002 4 1.5000000000000002 5 6 7 2.5000000000000004 8 9 10 11 12 13 14 2.5000000000000004 15 16 17 2.5000000000000004
decision_type=2 2 2 2 2 1 1 2 1 2 1 2 1 2 1 1 1 2 1 1 1 1 1 1 1 2 1 1 1 2
left_child=1 2 4 8 23 11 -5 20 -2 -10 22 -3 28 14 -7 24 -12 -13 27 -11 -8 -22 26 -1 -15 -26 -6 -14 -4 -17
right_child=3 5 12 6 10 13 7 -9 9 19 16 17 18 15 -16 29 -18 -19 -20 -21 21 -23 -24 -25 25 -27 -28 -29 -30 -31
leaf_value=-2.2906063870411013 3.9637693743247313 0.28067458554802133 0.13439621752264505 -2.7021687073206326 -0.10293634153243239 -3.55877868596958 0.52759148147949486 4.6439141815319749 1.04205827954464 0.46109463602518863 -0.60489324931042798 0.82337412059312143 1.1845338196437547 1.9026984706566872 10.153352396894009 1.036349717003328 -0.82767764179727088 1.9698569753007864 0.21367051479094101 2.5044490517680362 2.6425463402294036 4.3074892373194071 -0.44397913753137641 -1.2025716451565316 1.3155190418346365 1.6896651256755424 -0.31224778771891715 0.38960152383221386 -0.041642795037904259 1.4219361415753387
leaf_weight=593 1467 86066 17566 361 10206 541 219 6083 32704 268 136609 35551 637 6817 460 8640 37765 794 64957 4975 12558 952 45709 76523 7188 8901 102392 51386 37807 3305
leaf_count=593 1467 86066 17566 361 10206 541 219 6083 32704 268 136609 35551 637 6817 460 8640 37765 794 64957 4975 12558 952 45709 76523 7188 8901 102392 51386 37807 3305
internal_value=0.00127921 -0.157002 -0.386822 1.96804 -0.636041 0.688364 3.20838 3.31576 1.3332 1.23014 -0.502674 0.449207 0.205736 1.50438 2.80838 1.46736 -0.653187 0.84842 0.296366 2.40566 2.72971 2.76297 -0.336822 -1.21139 1.63577 1.52156 -0.293286 0.399561 0.0142163 1.14208
internal_weight=800000 740413 582150 59587 409797 158263 20173 19812 39414 37947 332681 122411 172353 35852 1001 34851 174374 36345 116980 5243 13729 13510 158307 77116 22906 16089 112598 52023 55373 11945
internal_count=800000 740413 582150 59587 409797 158263 20173 19812 39414 37947 332681 122411 172353 35852 1001 34851 174374 36345 116980 5243 13729 13510 158307 77116 22906 16089 112598 52023 55373 11945
cat_boundaries=0 1 2 3 4 5 6 7 8 9 10 11 12 13 14 15 16 17 18
cat_threshold=32 8 48 11 12 16 19 20 33 4 16 3 3 4 16 1 32 8
is_linear=0
shrinkage=0.05


Tree=80
num_leaves=31
num_cat=18
split_feature=1 2 1 1 1 0 0 2 0 2 0 1 0 1 0 0 0 0 0 1 0 0 0 0 0 1 0 0 1 0
split_gain=8.99119e+07 5.19325e+07 3.10361e+07 1.69386e+07 1.13523e+07 1.11476e+07 4.6934e+06 5.57421e+06 3.82623e+06 3.03441e+06 2.99641e+06 2.97352e+06 1.08499e+06 634949 1.71975e+07 675858 531464 471540 419592 368528 355021 265756 250297 248644 232274 200956 149167 146291 128307 125523
threshold=3.5000000000000004 1.5000000000000002 2.5000000000000004 4.5000000000000009 1.5000000000000002 0 1 1.5000000000000002 2 1.5000000000000002 3 1.5000000000000002 4 1.5000000000000002 5 6 7 8 9 2.5000000000000004 10 11 12 13 14 2.5000000000000004 15 16 2.5000000000000004 17
decision_type=2 2 2 2 2 1 1 2 1 2 1 2 1 2 1 1 1 1 1 2 1 1 1 1 1 2 1 1 2 1
left_child=1 2 4 8 23 11 -5 18 -2 -10 21 -3 26 14 -7 24 -12 -14 -8 -13 -11 27 -20 -1 -15 -26 -4 -6 -17 -18
right_child=3 5 12 6 10 13 7 -9 9 20 16 19 17 15 -16 28 29 -19 22 -21 -22 -23 -24 -25 25 -27 -28 -29 -30 -31
leaf_value=-1.128825837988265 3.7669228722537462 0.26663916146395372 1.126223320054492 -2.5707022787747036 -0.097795933144299796 -3.384068590499961 1.6286915647088465 4.4117204539030768 0.98995405881722154 0.4388657563024288 -0.54428421588547848 0.78220375050090352 0.17691416631834947 1.807704140212083 9.6564868291388173 0.98453154669867615 -0.65498373564065471 -0.039560048441532963 2.5789933112642753 1.8713638276837636 2.3794779361812859 -0.42178567512425602 3.2998230017191332 -1.5373676017388227 1.2497450550529914 1.6051810527193375 0.36008248209764593 -0.29663761097929314 1.3508384265986226 -0.78630347917507537
leaf_weight=73025 1467 86066 637 361 10206 541 1162 6083 32704 268 99192 35551 75172 6817 460 8640 37417 37807 10863 794 4975 45709 1704 4091 7188 8901 58737 102392 3305 37765
leaf_count=73025 1467 86066 637 361 10206 541 1162 6083 32704 268 99192 35551 75172 6817 460 8640 37417 37807 10863 794 4975 45709 1704 4091 7188 8901 58737 102392 3305 37765
internal_value=0.00122509 -0.149149 -0.367485 1.86973 -0.604246 0.653971 3.04808 3.15017 1.26663 1.16867 -0.477544 0.426745 0.195454 1.42928 2.67126 1.39402 -0.620532 0.104477 2.5935 0.805998 2.28566 -0.319985 2.67928 -1.15084 1.55403 1.44549 0.36849 -0.278625 1.08497 -0.721043
internal_weight=800000 740413 582150 59587 409797 158263 20173 19812 39414 37947 332681 122411 172353 35852 1001 34851 174374 112979 13729 36345 5243 158307 12567 77116 22906 16089 59374 112598 11945 75182
internal_count=800000 740413 582150 59587 409797 158263 20173 19812 39414 37947 332681 122411 172353 35852 1001 34851 174374 112979 13729 36345 5243 158307 12567 77116 22906 16089 59374 112598 11945 75182
cat_boundaries=0 1 2 3 4 5 6 7 8 9 10 11 12 13 14 15 16 17 18
cat_threshold=32 8 48 11 49 16 19 4 10 20 4 3 1 32 16 32 1 16
is_linear=0
shrinkage=0.05


Tree=81
num_leaves=31
num_cat=18
split_feature=1 2 1 1 1 0 0 2 2 0 1 0 0 1 0 1 0 1 0 0 0 1 0 0 0 0 0 0 0 0
split_gain=8.11535e+07 4.68719e+07 2.8011e+07 1.52877e+07 1.02458e+07 1.00631e+07 4.24158e+06 5.0291e+06 3.32259e+06 2.70435e+06 2.68358e+06 983567 584819 3.96232e+06 1.34851e+06 719057 479680 441768 411011 401818 378276 332597 325738 279781 239853 238105 231361 163252 134945 132021
threshold=3.5000000000000004 1.5000000000000002 2.5000000000000004 4.5000000000000009 1.5000000000000002 0 1 1.5000000000000002 1.5000000000000002 2 1.5000000000000002 3 4 1.5000000000000002 5 2.5000000000000004 6 2.5000000000000004 7 8 9 2.5000000000000004 10 11 12 13 14 15 16 17
decision_type=2 2 2 2 2 1 1 2 2 1 2 1 1 2 1 2 1 2 1 1 1 2 1 1 1 1 1 1 1 1
left_child=1 2 4 8 25 10 -5 20 26 24 -3 -4 15 14 -14 -7 -11 19 -10 -15 -8 -12 -13 -22 29 -1 -2 -19 -24 -6
right_child=3 5 11 6 9 12 7 -9 18 16 21 22 13 17 -16 -17 -18 27 -20 -21 23 -23 28 -25 -26 -27 -28 -29 -30 -31
leaf_value=-2.1023820314043595 1.0775811116293026 0.25330848916791993 0.012051106386078104 -2.4456326903679946 -0.092910927111689912 2.3250017914770491 1.5479533308398601 4.1911313959393244 2.5226439674601595 -0.51707408210783778 0.74309293512976005 0.18305794891302074 0.43417736549899999 1.3970590999316408 -3.5278829574584964 0.94161048023854477 -0.68500112572785765 2.0643053858754934 1.3907578378452257 0.89649938152563624 1.8951595505521444 1.7777949942149203 1.0707805651232853 2.6451139179623055 -0.40069958458980576 -1.0850835864564445 0.73672645413723592 1.5224446178919655 0.34208289085109095 -0.28180628608617492
leaf_weight=593 27335 86066 55373 361 10206 3093 1162 6083 4653 99192 35551 57606 355 11373 542 1349 75182 1818 1083 6465 1695 794 637 10872 45709 76523 6343 10857 58737 102392
leaf_count=593 27335 86066 55373 361 10206 3093 1162 6083 4653 99192 35551 57606 355 11373 542 1349 75182 1818 1083 6465 1695 794 637 10872 45709 76523 6343 10857 58737 102392
internal_value=0.00117382 -0.141688 -0.349114 1.77634 -0.574041 0.621299 2.8958 2.99285 1.20338 -0.453671 0.405409 0.185687 1.35793 1.2806 -1.99433 1.9006 -0.589512 1.3773 2.31576 1.21693 2.4641 0.765697 0.267854 2.54555 -0.303987 -1.09332 1.01392 1.60299 0.35008 -0.264694
internal_weight=800000 740413 582150 59587 409797 158263 20173 19812 39414 332681 122411 172353 35852 31410 897 4442 174374 30513 5736 17838 13729 36345 116980 12567 158307 77116 33678 12675 59374 112598
internal_count=800000 740413 582150 59587 409797 158263 20173 19812 39414 332681 122411 172353 35852 31410 897 4442 174374 30513 5736 17838 13729 36345 116980 12567 158307 77116 33678 12675 59374 112598
cat_boundaries=0 1 2 3 4 5 6 7 8 9 10 11 12 13 14 15 16 17 18
cat_threshold=32 8 11 12 8 6 4 49 18 20 2 2 3 4 35 16 32 1
is_linear=0
shrinkage=0.05


Tree=82
num_leaves=31
num_cat=18
split_feature=1 2 1 1 1 0 0 2 2 0 1 0 1 0 0 0 0 0 0 0 1 0 0 0 0 1 0 0 1 0
split_gain=7.32473e+07 4.23029e+07 2.52807e+07 1.37975e+07 9.2474e+06 9.08275e+06 3.83321e+06 4.53757e+06 3.00015e+06 2.44069e+06 2.42198e+06 891943 724376 1.50149e+07 594873 447532 409243 4.32972e+06 390665 370645 300168 216909 216481 208748 202844 171721 122806 122082 119329 119146
threshold=3.5000000000000004 1.5000000000000002 2.5000000000000004 4.5000000000000009 1.5000000000000002 0 1 1.5000000000000002 1.5000000000000002 2 1.5000000000000002 3 1.5000000000000002 4 5 6 7 8 9 10 2.5000000000000004 11 12 13 14 2.5000000000000004 15 16 2.5000000000000004 17
decision_type=2 2 2 2 2 1 1 2 2 1 2 1 2 1 1 1 1 1 1 1 2 1 1 1 1 2 1 1 2 1
left_child=1 2 4 8 21 10 -5 16 23 22 -3 -4 13 -7 24 -11 -8 -18 27 -10 -12 -1 29 -2 -14 -26 -21 -13 -16 -6
right_child=3 5 11 6 9 12 7 -9 19 15 20 18 14 -15 28 -17 17 -19 -20 26 -22 -23 -24 -25 25 -27 -28 -29 -30 -31
leaf_value=-1.018145615208881 1.0237207550774938 0.24064093185934343 -0.038185287314391608 -2.3266467672795299 -0.088269022377842371 -3.0447395241628326 2.2497247276983012 3.981577635326806 2.3967794881776094 -0.51777153160541356 0.70594077368754482 1.018070919325768 1.6388157454856374 9.1421907534497855 0.86577063147668487 -0.71275782366133467 1.7250870392805382 9.3385061728854151 0.16091577235250254 1.6330916743423001 1.6889069698919876 -1.3992091155174273 -0.38067018067566372 0.69994996329084902 1.1202351081019717 1.4488014451226094 0.35067599522981713 0.32498082710245468 1.2190301804535328 -0.26771717090066161
leaf_weight=73025 27335 86066 37807 361 10206 541 12558 6083 4653 136609 35551 637 6817 460 8640 37765 943 228 75172 815 794 4091 45709 6343 7188 8901 268 58737 3305 102392
leaf_count=73025 27335 86066 37807 361 10206 541 12558 6083 4653 136609 35551 637 6817 460 8640 37765 943 228 75172 815 794 4091 45709 6343 7188 8901 268 58737 3305 102392
internal_value=0.00112038 -0.134605 -0.331661 1.6876 -0.545345 0.590242 2.7511 2.84336 1.14328 -0.43099 0.385137 0.176407 1.29007 2.61656 1.25234 -0.560039 2.34111 3.27398 0.236692 2.20031 0.727415 -1.03867 -0.28879 0.963253 1.40235 1.3012 1.32186 0.332587 0.962706 -0.251461
internal_weight=800000 740413 582150 59587 409797 158263 20173 19812 39414 332681 122411 172353 35852 1001 34851 174374 13729 1171 134546 5736 36345 77116 158307 33678 22906 16089 1083 59374 11945 112598
internal_count=800000 740413 582150 59587 409797 158263 20173 19812 39414 332681 122411 172353 35852 1001 34851 174374 13729 1171 134546 5736 36345 77116 158307 33678 22906 16089 1083 59374 11945 112598
cat_boundaries=0 1 2 3 4 5 6 7 8 9 10 11 12 13 14 15 16 17 18
cat_threshold=32 8 11 4 16 19 20 3 4 49 49 32 3 35 16 10 32 1
is_linear=0
shrinkage=0.05


Tree=83
num_leaves=31
num_cat=17
split_feature=1 2 1 1 1 0 0 2 2 0 1 0 1 0 0 0 0 0 0 1 0 0 0 0 0 1 0 1 1 0
split_gain=6.61164e+07 3.81808e+07 2.28164e+07 1.24554e+07 8.34615e+06 8.1992e+06 3.46443e+06 4.09261e+06 2.70929e+06 2.20272e+06 2.1858e+06 808153 656802 1.35802e+07 536969 460713 1.00386e+06 406853 334326 270902 269457 208713 195377 188347 183207 154974 120737 108798 107693 107525
threshold=3.5000000000000004 1.5000000000000002 2.5000000000000004 4.5000000000000009 1.5000000000000002 0 1 1.5000000000000002 1.5000000000000002 2 1.5000000000000002 3 1.5000000000000002 4 5 6 7 8 9 2.5000000000000004 10 11 12 13 14 2.5000000000000004 15 2.5000000000000004 2.5000000000000004 16
decision_type=2 2 2 2 2 1 1 2 2 1 2 1 2 1 1 1 1 1 1 2 1 1 1 1 1 2 1 2 2 1
left_child=1 2 4 8 21 10 -5 15 23 22 -3 -4 13 -7 24 -8 26 -11 -10 -12 -13 -1 29 -2 27 -26 -17 -14 -16 -6
right_child=3 5 11 6 9 12 7 -9 18 17 19 20 14 -15 28 16 -18 -19 -20 -21 -22 -23 -24 -25 25 -27 -28 -29 -30 -31
leaf_value=-1.9302061810026914 0.97255312385496306 0.22861184114482724 0.01019920392049611 -2.2134499444473144 -0.083860614555089294 -2.8952676980768057 -0.096070494922488023 3.7824996097472359 0.72311893911922676 -0.4653359341603614 0.67064283230996091 0.32691168039043422 1.4388162115331316 8.6948079204052053 0.82248155631400932 2.205643446224216 3.8469600335700656 -0.6199731382851601 2.2012859603380606 1.6044617965779917 0.17408487209058365 -0.97906504842716735 -0.36163985139050847 0.66500811631447243 1.0642276574985545 1.376360904563747 1.6891324174159434 1.8905040469762384 1.1580760549525091 -0.25433338511206904
leaf_weight=593 27335 86066 55373 361 10206 541 219 6083 449 99192 35551 52023 4999 460 8640 10863 952 75182 5287 794 64957 76523 45709 6343 7188 8901 1695 1818 3305 102392
leaf_count=593 27335 86066 55373 361 10206 541 219 6083 449 99192 35551 52023 4999 460 8640 10863 952 75182 5287 794 64957 76523 45709 6343 7188 8901 1695 1818 3305 102392
internal_value=0.00107847 -0.127871 -0.31508 1.60337 -0.518083 0.560756 2.61381 2.70153 1.0862 -0.409443 0.365882 0.167591 1.22568 2.48878 1.18975 2.22454 2.26056 -0.53204 2.09068 0.691043 0.242072 -0.986756 -0.274353 0.915116 1.33227 1.23614 2.13733 1.55699 0.91457 -0.23889
internal_weight=800000 740413 582150 59587 409797 158263 20173 19812 39414 332681 122411 172353 35852 1001 34851 13729 13510 174374 5736 36345 116980 77116 158307 33678 22906 16089 12558 6817 11945 112598
internal_count=800000 740413 582150 59587 409797 158263 20173 19812 39414 332681 122411 172353 35852 1001 34851 13729 13510 174374 5736 36345 116980 77116 158307 33678 22906 16089 12558 6817 11945 112598
cat_boundaries=0 1 2 3 4 5 6 7 8 9 10 11 12 13 14 15 16 17
cat_threshold=32 8 11 12 16 19 16 3 4 12 33 4 3 35 16 1 1
is_linear=0
shrinkage=0.05


Tree=84
num_leaves=31
num_cat=19
split_feature=1 2 1 1 1 0 0 2 2 0 1 0 1 0 0 0 0 0 0 0 1 0 0 0 0 0 1 0 0 0
split_gain=5.96761e+07 3.44599e+07 2.05923e+07 1.12422e+07 7.53282e+06 7.40128e+06 3.13097e+06 3.69218e+06 2.44614e+06 1.98797e+06 1.97271e+06 744080 595550 1.22825e+07 484616 426655 379938 316382 315251 292414 244489 189516 176336 169942 165351 164573 139865 110280 101007 100128
threshold=3.5000000000000004 1.5000000000000002 2.5000000000000004 4.5000000000000009 1.5000000000000002 0 1 1.5000000000000002 1.5000000000000002 2 1.5000000000000002 3 1.5000000000000002 4 5 6 7 8 9 10 2.5000000000000004 11 12 13 14 15 2.5000000000000004 16 17 18
decision_type=2 2 2 2 2 1 1 2 2 1 2 1 2 1 1 1 1 1 1 1 2 1 1 1 1 1 2 1 1 1
left_child=1 2 4 8 21 10 -5 15 23 22 -3 -4 13 -7 24 25 -11 27 -10 -17 -12 -1 -6 -2 -14 -8 -26 -13 -20 -9
right_child=3 5 11 6 9 12 7 29 18 16 20 17 14 -15 -16 19 -18 -19 28 -21 -22 -23 -24 -25 26 -27 -28 -29 -30 -31
leaf_value=-1.6624407513040893 0.92394317737160137 0.21717843939590803 -0.036786460775592299 -2.1057613740391488 -0.2269477300879443 -2.753130014838411 1.449408238482 3.6827149950745133 2.1673699659772527 -0.4665016149416823 0.63711027648793594 0.95186076274795184 1.479146121316159 8.2693171493043298 0.86884140078466054 2.0954630417140967 -0.64614007267551188 0.14608132442039426 1.4599120721528025 2.843168156678368 1.5242373198045591 -0.92841040913074802 -0.3435624371452301 0.63180922286615182 1.0110140359461408 -0.091473800959024895 1.3075424437870566 0.29334843296098623 0.29891990757674625 2.7588763799496041
leaf_weight=913 27335 86066 37807 361 112598 541 943 5425 4653 136609 35551 637 6817 460 11945 10863 37765 75172 815 1704 794 76203 45709 6343 7188 219 8901 58737 268 658
leaf_count=913 27335 86066 37807 361 112598 541 943 5425 4653 136609 35551 637 6817 460 11945 10863 37765 75172 815 1704 794 76203 45709 6343 7188 219 8901 58737 268 658
internal_value=0.00103121 -0.121477 -0.29933 1.52328 -0.492185 0.532735 2.48326 2.56664 1.03195 -0.388974 0.347586 0.159212 1.16447 2.36724 1.13026 2.11359 -0.505442 0.214274 1.9864 2.19903 0.656491 -0.937437 -0.260638 0.869384 1.26565 1.1607 1.17433 0.300572 1.17798 3.59337
internal_weight=800000 740413 582150 59587 409797 158263 20173 19812 39414 332681 122411 172353 35852 1001 34851 13729 174374 134546 5736 12567 36345 77116 158307 33678 22906 1162 16089 59374 1083 6083
internal_count=800000 740413 582150 59587 409797 158263 20173 19812 39414 332681 122411 172353 35852 1001 34851 13729 174374 134546 5736 12567 36345 77116 158307 33678 22906 1162 16089 59374 1083 6083
cat_boundaries=0 1 2 3 4 5 6 7 8 9 10 11 12 13 14 15 16 17 18 19
cat_threshold=32 8 11 4 16 19 20 20 49 49 1 14 3 35 16 4 32 10 33
is_linear=0
shrinkage=0.05


Tree=85
num_leaves=31
num_cat=18
split_feature=1 2 1 1 1 0 0 2 2 0 1 0 0 1 1 0 0 0 1 0 0 0 0 1 0 0 0 0 0 0
split_gain=5.38667e+07 3.11024e+07 1.85851e+07 1.01489e+07 6.79877e+06 6.68151e+06 2.82977e+06 3.33362e+06 2.20897e+06 1.79417e+06 1.78036e+06 671563 569987 3.74193e+06 643876 384725 345074 342000 321806 286579 284125 280204 272006 220650 184352 159148 153335 148726 121297 97066
threshold=3.5000000000000004 1.5000000000000002 2.5000000000000004 4.5000000000000009 1.5000000000000002 0 1 1.5000000000000002 1.5000000000000002 2 1.5000000000000002 3 4 1.5000000000000002 2.5000000000000004 5 6 7 2.5000000000000004 8 9 10 11 2.5000000000000004 12 13 14 15 16 17
decision_type=2 2 2 2 2 1 1 2 2 1 2 1 1 2 2 1 1 1 2 1 1 1 1 2 1 1 1 1 1 1
left_child=1 2 4 8 24 10 -5 15 26 25 -3 -4 14 17 -7 27 -11 -14 21 -13 -10 -15 -17 -12 -1 29 -2 -8 -20 -6
right_child=3 5 11 6 9 12 7 -9 20 16 23 19 13 18 -16 22 -18 -19 28 -21 -22 -23 -24 -25 -26 -27 -28 -29 -30 -31
leaf_value=-1.2320440819608975 0.877763448071057 0.20632236348985145 -0.034947282498758607 -2.0033115965336803 -0.068336163502049435 2.0413084797900818 1.3776979890224943 3.4142323787365623 2.0592360031239187 -0.41874824222524626 0.60525675376575983 0.29550030146203604 -0.85648692718923913 1.1377416458425629 0.73223382484656607 1.4638493530631416 -0.56114614078631764 -2.9310529385787856 1.7126039569663534 0.14558094124389984 1.1198802042312832 0.72007398713601611 2.1853416547335329 1.4480241637085789 -0.87226354774729309 -0.32638699437207774 0.6002691227207968 -0.087104500849694677 1.2479286069405751 -0.23027205517561122
leaf_weight=3868 27335 86066 37807 361 10206 3093 943 6083 4653 99192 35551 52023 355 11373 1349 1695 75182 542 1818 82523 1083 6465 10872 794 73248 45709 6343 219 10857 102392
leaf_count=3868 27335 86066 37807 361 10206 3093 943 6083 4653 99192 35551 52023 355 11373 1349 1695 75182 542 1818 82523 1083 6465 10872 794 73248 45709 6343 219 10857 102392
internal_value=0.000993337 -0.115399 -0.284366 1.44725 -0.46758 0.506125 2.35936 2.43863 0.980418 -0.369528 0.330209 0.151256 1.10636 1.03039 1.64006 2.00814 -0.480172 -2.15224 1.12428 0.203566 1.88742 0.987408 2.08927 0.623668 -0.890582 -0.247608 0.825938 1.10324 1.31691 -0.215601
internal_weight=800000 740413 582150 59587 409797 158263 20173 19812 39414 332681 122411 172353 35852 31410 4442 13729 174374 897 30513 134546 5736 17838 12567 36345 77116 158307 33678 1162 12675 112598
internal_count=800000 740413 582150 59587 409797 158263 20173 19812 39414 332681 122411 172353 35852 31410 4442 13729 174374 897 30513 134546 5736 17838 12567 36345 77116 158307 33678 1162 12675 112598
cat_boundaries=0 1 2 3 4 5 6 7 8 9 10 11 12 13 14 15 16 17 18
cat_threshold=32 8 11 4 8 20 4 6 33 49 18 2 22 3 35 4 16 1
is_linear=0
shrinkage=0.05


Tree=86
num_leaves=31
num_cat=18
split_feature=1 2 1 1 1 0 0 2 2 0 1 1 0 0 0 0 0 0 0 0 1 0 0 0 0 1 0 1 0 0
split_gain=4.8619e+07 2.80703e+07 1.67734e+07 9.15961e+06 6.13616e+06 6.03031e+06 2.55734e+06 3.00779e+06 1.9946e+06 1.61926e+06 1.60675e+06 679310 1.08231e+07 606108 430025 4.30906e+06 429703 322546 260585 257659 199139 168729 144301 143645 138562 119272 115461 101500 99596.6 97747
threshold=3.5000000000000004 1.5000000000000002 2.5000000000000004 4.5000000000000009 1.5000000000000002 0 1 1.5000000000000002 1.5000000000000002 2 1.5000000000000002 1.5000000000000002 3 4 5 6 7 8 9 10 2.5000000000000004 11 12 13 14 2.5000000000000004 15 2.5000000000000004 16 17
decision_type=2 2 2 2 2 1 1 2 2 1 2 2 1 1 1 1 1 1 1 1 2 1 1 1 1 2 1 2 1 1
left_child=1 2 4 8 21 10 -5 14 24 23 -3 12 -7 -4 26 -16 22 -11 28 -10 -12 -1 -13 -6 -2 -24 -8 -18 -15 -9
right_child=3 5 13 6 9 11 7 29 19 17 20 16 -14 18 15 -17 27 -19 -20 -21 -22 -23 25 -25 -26 -27 -28 -29 -30 -31
leaf_value=-1.6929719469440518 0.860727189109038 0.19600648934743703 -0.033201554848131067 -1.905844136004178 -0.20482126177288859 -2.4740823787699595 1.8816203711432609 3.3285226697316386 0.59546879080645654 -0.4202924770821273 0.57499046592865843 1.3408357201347909 7.874722449931693 0.89045669048610021 1.3095343629811018 8.8870558794806982 0.67905885586032166 -0.58578996099879777 0.13150218282026627 1.8903527082846889 1.3756257121148578 -0.83917286604062269 0.9059408942593028 -0.31007259485459232 0.64510231469586543 1.1797704362585335 1.3910855734313339 1.0048607733029642 0.26484844478312575 2.4548410063018342
leaf_weight=593 21728 86066 37807 361 112598 541 10863 5425 449 136609 35551 6817 460 637 943 228 8640 37765 75172 5287 794 76523 7188 45709 11950 8901 1695 3305 58737 658
leaf_count=593 21728 86066 37807 361 112598 541 10863 5425 449 136609 35551 6817 460 637 943 228 8640 37765 75172 5287 794 76523 7188 45709 11950 8901 1695 3305 58737 658
internal_value=0.00094713 -0.10963 -0.27015 1.37496 -0.444206 0.480821 2.24146 2.31683 0.931457 -0.351054 0.313698 1.05106 2.33556 0.143695 1.90791 2.84768 1.01446 -0.456167 0.19339 1.79333 0.592481 -0.846067 1.14186 -0.235229 0.784664 1.05678 1.81657 0.76856 0.271709 3.24352
internal_weight=800000 740413 582150 59587 409797 158263 20173 19812 39414 332681 122411 35852 1001 172353 13729 1171 34851 174374 134546 5736 36345 77116 22906 158307 33678 16089 12558 11945 59374 6083
internal_count=800000 740413 582150 59587 409797 158263 20173 19812 39414 332681 122411 35852 1001 172353 13729 1171 34851 174374 134546 5736 36345 77116 22906 158307 33678 16089 12558 11945 59374 6083
cat_boundaries=0 1 2 3 4 5 6 7 8 9 10 11 12 13 14 15 16 17 18
cat_threshold=32 8 11 16 4 3 4 19 20 49 12 4 16 3 33 1 32 33
is_linear=0
shrinkage=0.05


Tree=87
num_leaves=31
num_cat=18
split_feature=1 2 1 1 1 0 0 2 2 0 1 1 0 0 0 0 0 0 0 0 1 0 0 0 0 1 0 1 0 0
split_gain=4.38896e+07 2.53351e+07 1.51384e+07 8.27158e+06 5.53822e+06 5.4438e+06 2.31156e+06 2.71446e+06 1.80086e+06 1.46141e+06 1.45011e+06 615698 9.78893e+06 550941 497027 474367 1.0319e+06 387876 292657 241762 179723 178733 158286 130333 129641 107642 104024 91604.7 87622.3 87588.9
threshold=3.5000000000000004 1.5000000000000002 2.5000000000000004 4.5000000000000009 1.5000000000000002 0 1 1.5000000000000002 1.5000000000000002 2 1.5000000000000002 1.5000000000000002 3 4 5 6 7 8 9 10 2.5000000000000004 11 12 13 14 2.5000000000000004 15 2.5000000000000004 16 17
decision_type=2 2 2 2 2 1 1 2 2 1 2 2 1 1 1 1 1 1 1 1 2 1 1 1 1 2 1 2 1 1
left_child=1 2 4 8 22 10 -5 15 14 24 -3 12 -7 -4 -2 -8 26 23 -11 -10 -12 -15 -1 -13 28 -25 -17 -19 -6 -9
right_child=3 5 13 6 9 11 7 29 19 18 20 17 -14 21 -16 16 -18 27 -20 -21 -22 -23 -24 25 -26 -27 -28 -29 -30 -31
leaf_value=-0.78632440947520055 1.1745785881530957 0.18620556727267465 0.0065605574735739247 -1.8131216126310858 -0.054690263125704158 -2.3526224141544958 -0.50788340339494065 3.1624019933558434 1.8621796407746627 -0.37680121601566419 0.54624279670106934 1.2738920838636065 7.489362923642422 0.26710696848232474 0.65840383402598324 1.7876253281544821 3.4473534726799153 0.64510345704025696 -0.50792489297809296 0.99734283318131323 1.3068455538686639 0.14263810244340097 -1.1107274821722575 0.860644091621796 -0.29457073394816108 1.1207804909851722 1.3219371251976035 0.95461674284826792 -0.20851845116087342 2.3339362598464874
leaf_weight=73025 5644 86066 55373 361 10206 541 219 5425 4653 99192 35551 6817 460 52023 28034 10863 952 8640 75182 1083 794 64957 4091 7188 45709 8901 1695 3305 102392 658
leaf_count=73025 5644 86066 55373 361 10206 541 219 5425 4653 99192 35551 6817 460 52023 28034 10863 952 8640 75182 1083 794 64957 4091 7188 45709 8901 1695 3305 102392 658
internal_value=0.000915422 -0.104146 -0.256645 1.30639 -0.422 0.456801 2.12982 2.20147 0.884934 -0.333503 0.298013 0.998596 2.22148 0.136513 0.745452 1.81301 1.84964 0.963758 -0.433362 1.70388 0.562859 0.19801 -0.80378 1.0848 -0.223469 1.00394 1.72587 0.73013 -0.194581 3.08182
internal_weight=800000 740413 582150 59587 409797 158263 20173 19812 39414 332681 122411 35852 1001 172353 33678 13729 13510 34851 174374 5736 36345 116980 77116 22906 158307 16089 12558 11945 112598 6083
internal_count=800000 740413 582150 59587 409797 158263 20173 19812 39414 332681 122411 35852 1001 172353 33678 13729 13510 34851 174374 5736 36345 116980 77116 22906 158307 16089 12558 11945 112598 6083
cat_boundaries=0 1 2 3 4 5 6 7 8 9 10 11 12 13 14 15 16 17 18
cat_threshold=32 8 11 16 12 34 16 3 19 4 49 33 32 16 3 1 1 33
is_linear=0
shrinkage=0.05


Tree=88
num_leaves=31
num_cat=17
split_feature=1 2 1 1 1 0 0 2 2 0 1 1 0 0 0 0 0 0 0 0 0 1 0 0 0 0 1 0 1 1
split_gain=3.96174e+07 2.28664e+07 1.36627e+07 7.4674e+06 4.99845e+06 4.91437e+06 2.08921e+06 2.45073e+06 1.62607e+06 1.31892e+06 1.30874e+06 558037 3.69179e+06 505557 430189 350115 346450 273840 228016 210998 174366 162198 147712 141145 117717 117006 97148.6 89970 85475.5 82672.4
threshold=3.5000000000000004 1.5000000000000002 2.5000000000000004 4.5000000000000009 1.5000000000000002 0 1 1.5000000000000002 1.5000000000000002 2 1.5000000000000002 1.5000000000000002 3 4 5 6 7 8 9 10 11 2.5000000000000004 12 13 14 15 2.5000000000000004 16 2.5000000000000004 2.5000000000000004
decision_type=2 2 2 2 2 1 1 2 2 1 2 2 1 1 1 1 1 1 1 1 1 2 1 1 1 1 2 1 2 2
left_child=1 2 4 8 22 10 -5 14 23 25 -3 12 -7 -4 20 24 -16 -11 -10 27 -8 -12 -1 -2 28 -6 -26 -15 -13 -17
right_child=3 5 13 6 9 11 7 -9 18 17 21 15 -14 19 16 29 -18 -19 -20 -21 -22 -23 -24 -25 26 -27 -28 -29 -30 -31
leaf_value=-1.555111318243479 0.78475963755247946 0.1768931754408343 -0.031868331458884618 -1.7249072642981844 -0.18485391184509767 -2.3193325356739325 1.0741878433467711 2.9281809612420289 0.15375275989230588 -0.37864527077119531 0.51893092988094081 1.1052965443571654 4.1498239630056499 0.83347131207331993 1.6983260406014189 0.61284984899891759 2.4915007474542086 -0.53112034765929284 1.6873758092158118 0.11938589928057641 -0.48359978022013173 1.2415001992014254 -0.75716669963494099 0.56788292710697374 0.81761077109747093 -0.27984594968665905 1.0647429983370251 0.23903382880203916 1.5056550332946486 0.90688601449109429
leaf_weight=593 21728 86066 37807 361 112598 318 943 6083 268 136609 35551 4999 683 637 10863 8640 1704 37765 5468 75172 219 794 76523 11950 7188 45709 8901 58737 1818 3305
leaf_count=593 21728 86066 37807 361 112598 318 943 6083 268 136609 35551 4999 683 637 10863 8640 1704 37765 5468 75172 219 794 76523 11950 7188 45709 8901 58737 1818 3305
internal_value=0.000880604 -0.0989369 -0.243816 1.24119 -0.400905 0.43398 2.02357 2.09169 0.840746 -0.316831 0.283111 0.948756 2.11297 0.129689 1.72258 0.915589 1.80777 -0.411696 1.61893 0.175075 0.778973 0.534716 -0.763603 0.708207 1.03059 -0.212298 0.95374 0.245551 1.21029 0.693625
internal_weight=800000 740413 582150 59587 409797 158263 20173 19812 39414 332681 122411 35852 1001 172353 13729 34851 12567 174374 5736 134546 1162 36345 77116 33678 22906 158307 16089 59374 6817 11945
internal_count=800000 740413 582150 59587 409797 158263 20173 19812 39414 332681 122411 35852 1001 172353 13729 34851 12567 174374 5736 134546 1162 36345 77116 33678 22906 158307 16089 59374 6817 11945
cat_boundaries=0 1 2 3 4 5 6 7 8 9 10 11 12 13 14 15 16 17
cat_threshold=32 8 11 4 4 20 19 1 20 4 49 4 4 33 16 3 32
is_linear=0
shrinkage=0.05


Tree=89
num_leaves=31
num_cat=17
split_feature=1 2 1 1 1 0 0 2 2 0 1 0 0 1 1 0 2 0 1 0 0 0 0 1 0 0 0 0 0 0
split_gain=3.57576e+07 2.06375e+07 1.2331e+07 6.73972e+06 4.5114e+06 4.43558e+06 1.89711e+06 1.60937e+06 1.468e+06 1.19033e+06 1.18112e+06 1.06706e+06 555418 3.60866e+06 597015 456286 271641 248198 229288 208918 196782 191302 189652 146385 138040 127377 110033 101235 91096.7 79108.7
threshold=3.5000000000000004 1.5000000000000002 2.5000000000000004 4.5000000000000009 1.5000000000000002 0 1 1.5000000000000002 1.5000000000000002 2 1.5000000000000002 3 4 1.5000000000000002 2.5000000000000004 5 1.5000000000000002 6 2.5000000000000004 7 8 9 10 2.5000000000000004 11 12 13 14 15 16
decision_type=2 2 2 2 2 1 1 2 2 1 2 1 1 2 2 1 2 1 2 1 1 1 1 2 1 1 1 1 1 1
left_child=1 2 4 8 24 10 7 -5 25 26 -3 -8 14 27 -7 -4 20 -11 22 -10 -13 29 -15 -12 -1 -2 -6 -14 -20 -17
right_child=3 5 15 6 9 12 11 -9 19 17 23 16 13 18 -16 21 -18 -19 28 -21 -22 -23 -24 -25 -26 -27 -28 -29 -30 -31
leaf_value=-0.70916061167763667 0.74554068849610811 0.1680502160411641 -0.030274762602180507 1.8093149140970597 -0.042726458761966506 1.8128407780190636 -1.640987358710194 2.8636963496581753 1.685081161901518 -0.33903176593832435 0.49298399133100945 1.0965887679164144 -1.4819971800503666 0.92686988128610848 0.55230232264219692 0.79244157770501777 2.1062992414804937 -0.45977327825335296 1.4225489468360626 0.88313652432957379 -0.46047832538987876 0.1189510441250487 0.58335877380223811 1.1794273727186382 -1.0117916913649945 0.5395123664451682 -0.2126353771354258 -2.7557536129502282 1.021968907911512 0.23445617818806422
leaf_weight=73025 21728 86066 37807 10872 10206 3093 361 5425 4653 99192 35551 2638 355 11373 1349 637 658 75182 1818 1083 219 82523 6465 794 4091 11950 148101 542 10857 51386
leaf_count=73025 21728 86066 37807 10872 10206 3093 361 5425 4653 99192 35551 2638 355 11373 1349 637 658 75182 1818 1083 219 82523 6465 794 4091 11950 148101 542 10857 51386
internal_value=0.000840203 -0.0939903 -0.231627 1.17918 -0.380864 0.412288 1.92246 2.15898 0.79875 -0.300991 0.268957 0.920086 0.901345 0.826603 1.42681 0.123208 1.18702 -0.391113 0.918755 1.53815 0.97946 0.166326 0.803218 0.50798 -0.725438 0.672817 -0.201685 -2.29889 1.08135 0.241439
internal_weight=800000 740413 582150 59587 409797 158263 20173 16297 39414 332681 122411 3876 35852 31410 4442 172353 3515 174374 30513 5736 2857 134546 17838 36345 77116 33678 158307 897 12675 52023
internal_count=800000 740413 582150 59587 409797 158263 20173 16297 39414 332681 122411 3876 35852 31410 4442 172353 3515 174374 30513 5736 2857 134546 17838 36345 77116 33678 158307 897 12675 52023
cat_boundaries=0 1 2 3 4 5 6 7 8 9 10 11 12 13 14 15 16 17
cat_threshold=32 33 11 8 8 4 4 49 6 33 18 32 33 1 6 16 32
is_linear=0
shrinkage=0.05


Tree=90
num_leaves=31
num_cat=17
split_feature=1 2 1 1 1 0 0 2 2 0 1 0 1 0 0 0 2 0 0 0 1 0 0 0 0 0 1 1 0 0
split_gain=3.22727e+07 1.86253e+07 1.1129e+07 6.08177e+06 4.07172e+06 4.00306e+06 1.71253e+06 1.45246e+06 1.32553e+06 1.07429e+06 1.06598e+06 964685 636610 9.08422e+06 412717 313431 245104 232487 196743 177896 132112 130756 129660 114951 103839 102555 82740.6 79453.6 74266.2 71560.9
threshold=3.5000000000000004 1.5000000000000002 2.5000000000000004 4.5000000000000009 1.5000000000000002 0 1 1.5000000000000002 1.5000000000000002 2 1.5000000000000002 3 1.5000000000000002 4 5 6 1.5000000000000002 7 8 9 2.5000000000000004 10 11 12 13 14 2.5000000000000004 2.5000000000000004 15 16
decision_type=2 2 2 2 2 1 1 2 2 1 2 1 2 1 1 1 2 1 1 1 2 1 1 1 1 1 2 2 1 1
left_child=1 2 4 8 22 10 7 -5 23 24 -3 -8 13 -7 -4 25 19 -11 -10 -13 -12 29 -1 -2 -6 -14 -27 -17 -29 -16
right_child=3 5 14 6 9 12 11 -9 18 17 20 16 15 -15 21 27 -18 -19 -20 -21 -22 -23 -24 -25 -26 26 -28 28 -30 -31
leaf_value=-1.2866229655554082 0.70828071577435581 0.15964557701867699 0.0045753210911613816 1.7188511233017498 -0.16575151104358288 -2.3055650046429923 -1.5611505513563955 2.7205142333914059 0.10377520966015275 -0.34111041529599778 0.46833461068195686 1.0419656189321751 1.0969024043630085 7.1748418990601897 0.75343141334686992 0.53177170894764092 2.0009821072900187 -0.48158773961720441 1.5250268729336292 -0.43845908735516814 1.1204551499496478 0.12291574254142301 -0.6817606062104079 0.51255964119298802 -0.25522767993137097 0.73233324509563891 0.9604044222159408 1.0185105749694887 0.52082222074686912 0.22273557402482896
leaf_weight=913 21728 86066 55373 10872 112598 541 361 5425 268 136609 35551 2638 6817 460 637 8640 658 37765 5468 219 794 64957 76203 11950 45709 7188 8901 1956 1349 51386
leaf_count=913 21728 86066 55373 10872 112598 541 361 5425 268 136609 35551 2638 6817 460 637 8640 658 37765 5468 219 794 64957 76203 11950 45709 7188 8901 1956 1349 51386
internal_value=0.000798511 -0.0892924 -0.220047 1.12025 -0.361824 0.391671 1.82632 2.05103 0.758861 -0.285943 0.255507 0.873952 0.856272 2.09971 0.117051 0.820803 1.12776 -0.37156 1.46146 0.930598 0.482581 0.170277 -0.689177 0.639195 -0.191601 0.929531 0.857977 0.611016 0.820027 0.229377
internal_weight=800000 740413 582150 59587 409797 158263 20173 16297 39414 332681 122411 3876 35852 1001 172353 34851 3515 174374 5736 2857 36345 116980 77116 33678 158307 22906 16089 11945 3305 52023
internal_count=800000 740413 582150 59587 409797 158263 20173 16297 39414 332681 122411 3876 35852 1001 172353 34851 3515 174374 5736 2857 36345 116980 77116 33678 158307 22906 16089 11945 3305 52023
cat_boundaries=0 1 2 3 4 5 6 7 8 9 10 11 12 13 14 15 16 17
cat_threshold=32 33 11 8 16 12 19 20 4 6 33 14 33 3 16 4 32
is_linear=0
shrinkage=0.05


Tree=91
num_leaves=31
num_cat=17
split_feature=1 2 1 1 1 0 1 0 1 2 2 0 0 0 0 0 0 1 2 0 0 0 0 0 0 0 1 1 0 0
split_gain=2.91267e+07 1.68108e+07 1.00442e+07 5.48815e+06 3.67493e+06 3.66092e+06 2.91721e+06 1.5459e+06 1.45265e+06 1.31086e+06 1.19668e+06 969568 906996 872133 494875 380692 298681 298646 221160 210473 180506 160824 155953 123308 97625.5 92626.7 74677.1 67416.4 66424.1 66221.9
threshold=3.5000000000000004 1.5000000000000002 2.5000000000000004 4.5000000000000009 1.5000000000000002 0 1.5000000000000002 1 1.5000000000000002 1.5000000000000002 1.5000000000000002 2 3 4 5 6 7 2.5000000000000004 1.5000000000000002 8 9 10 11 12 13 14 2.5000000000000004 2.5000000000000004 15 16
decision_type=2 2 2 2 2 1 2 1 2 2 2 1 1 1 1 1 1 2 2 1 1 1 1 1 1 1 2 2 1 1
left_child=1 2 4 10 23 8 -7 9 12 -5 14 24 -3 -9 -2 -4 -8 -10 21 -13 -12 -15 28 -1 -6 27 -27 -18 -17 -26
right_child=3 5 15 7 11 6 16 13 17 -11 20 19 -14 18 -16 22 25 -19 -20 -21 -22 -23 -24 -25 29 26 -28 -29 -30 -31
leaf_value=-0.93311905167408993 1.0348966210817001 0.15164543715400366 -0.028991612019473187 1.63290684575803 -0.032312346452273891 4.1193752143602946 0.42710167578633157 -1.4851959220803974 0.46108832201687583 2.5844912196743874 1.5249208960797995 -0.30502919261896455 -2.4828662279175551 0.99006590125941618 0.52060206516835406 0.71634200713733986 0.94884580731701917 0.99924949509013783 1.9009333869968867 -0.41620585127312631 0.78125410210835433 -0.41749268910770337 0.10270879195073962 -0.63981514695385289 -0.16993439015516842 0.69571451762681813 0.91238755228117396 1.3044042060346364 0.20557571245355463 -0.24246890240499477
leaf_weight=3868 5644 86066 37807 10872 10206 683 4338 361 41202 5425 4653 99192 318 2638 28034 637 4999 2750 658 75182 1083 219 75172 73248 102392 7188 8901 1818 58737 45709
leaf_count=3868 5644 86066 37807 10872 10206 683 4338 361 41202 5425 4653 99192 318 2638 28034 637 4999 2750 658 75182 1083 219 75172 73248 102392 7188 8901 1818 58737 45709
internal_value=0.000763315 -0.084824 -0.209046 1.06425 -0.343737 0.372112 0.891549 1.73498 0.260724 1.94848 0.720954 -0.271648 0.141677 0.830133 0.607253 0.111201 0.810956 0.49476 1.07146 -0.352985 1.38853 0.884175 0.150586 -0.654731 -0.182022 0.883079 0.815079 1.04214 0.211175 -0.192336
internal_weight=800000 740413 582150 59587 409797 158263 27927 20173 130336 16297 39414 332681 86384 3876 33678 172353 27244 43952 3515 174374 5736 2857 134546 77116 158307 22906 16089 6817 59374 148101
internal_count=800000 740413 582150 59587 409797 158263 27927 20173 130336 16297 39414 332681 86384 3876 33678 172353 27244 43952 3515 174374 5736 2857 134546 77116 158307 22906 16089 6817 59374 148101
cat_boundaries=0 1 2 3 4 5 6 7 8 9 10 11 12 13 14 15 16 17
cat_threshold=36 33 11 32 8 34 4 8 4 49 6 49 22 1 16 32 2
is_linear=0
shrinkage=0.05


Tree=92
num_leaves=31
num_cat=17
split_feature=1 2 1 1 1 0 1 0 1 2 2 0 0 0 0 1 0 2 0 0 0 0 0 0 0 0 1 0 0 1
split_gain=2.62881e+07 1.51716e+07 9.06522e+06 4.9523e+06 3.31677e+06 3.30415e+06 2.63277e+06 1.39548e+06 1.3111e+06 1.18305e+06 1.08051e+06 875038 821043 788460 343586 269531 269497 199556 197388 169746 145390 140769 118245 115313 88107.8 83594.7 67393.6 64809.3 61084.3 60842.1
threshold=3.5000000000000004 1.5000000000000002 2.5000000000000004 4.5000000000000009 1.5000000000000002 0 1.5000000000000002 1 1.5000000000000002 1.5000000000000002 1.5000000000000002 2 3 4 5 2.5000000000000004 6 1.5000000000000002 7 8 9 10 11 12 13 14 2.5000000000000004 15 16 2.5000000000000004
decision_type=2 2 2 2 2 1 2 1 2 2 2 1 1 1 1 2 1 2 1 1 1 1 1 1 1 1 2 1 1 2
left_child=1 2 4 10 23 8 -7 9 12 -5 22 24 -3 -9 -4 -10 -8 20 -13 -12 -15 -16 -2 -1 -6 29 28 -21 -27 -18
right_child=3 5 14 7 11 6 16 13 15 -11 19 18 -14 17 21 -17 25 -19 -20 27 -22 -23 -24 -25 -26 26 -28 -29 -30 -31
leaf_value=-1.319748692172479 0.64682208643697514 0.14406555596711529 -0.027540980324247247 1.5512596692470526 -0.030698115977815289 3.9134047818218805 0.40579545671169986 -1.4129365502020743 0.43803286488545379 2.4552648552925356 0.06111516197808356 -0.3072835032836721 -2.3625066931654768 0.94074955255909321 0.20062486196839391 0.94928873622200705 0.90140315257780412 1.805888343654505 -0.43671081493864938 1.4790806164564079 -0.39753110877291087 0.097573801026416995 0.44888823235912068 -0.61634432966917574 -0.18272109306103856 0.7128609297269568 0.86676627062315514 1.0228411416500662 0.24255526601110847 1.2391801665456121
leaf_weight=593 21728 86066 37807 10872 10206 683 4338 361 41202 5425 268 136609 318 2638 59374 2750 4999 658 37765 4236 219 75172 11950 76523 148101 6374 8901 1232 814 1818
leaf_count=593 21728 86066 37807 10872 10206 683 4338 361 41202 5425 268 136609 318 2638 59374 2750 4999 658 37765 4236 219 75172 11950 76523 148101 6374 8901 1232 814 1818
internal_value=0.00072473 -0.0805852 -0.198596 1.01106 -0.326553 0.353501 0.846979 1.64821 0.24768 1.85105 0.684956 -0.258067 0.134581 0.788509 0.105645 0.470021 0.770415 1.01797 -0.335338 1.31931 0.840067 0.143061 0.576914 -0.622004 -0.172923 0.838925 0.774325 1.37834 0.660931 0.990031
internal_weight=800000 740413 582150 59587 409797 158263 27927 20173 130336 16297 39414 332681 86384 3876 172353 43952 27244 3515 174374 5736 2857 134546 33678 77116 158307 22906 16089 5468 7188 6817
internal_count=800000 740413 582150 59587 409797 158263 27927 20173 130336 16297 39414 332681 86384 3876 172353 43952 27244 3515 174374 5736 2857 134546 33678 77116 158307 22906 16089 5468 7188 6817
cat_boundaries=0 1 2 3 4 5 6 7 8 9 10 11 12 13 14 15 16 17
cat_threshold=36 33 11 32 8 4 8 20 4 6 49 33 4 1 16 33 2
is_linear=0
shrinkage=0.05


Tree=93
num_leaves=31
num_cat=18
split_feature=1 2 1 1 1 0 1 0 1 2 2 0 0 0 0 1 0 2 0 0 0 0 0 0 0 0 1 0 0 0
split_gain=2.37262e+07 1.36924e+07 8.18151e+06 4.4688e+06 2.9936e+06 2.98234e+06 2.37604e+06 1.25971e+06 1.18338e+06 1.06769e+06 975744 789739 743234 712818 310093 243249 243189 180063 178480 153224 131437 127786 106707 104771 83168.2 75421.2 60782.8 58553.1 58407.3 56182.5
threshold=3.5000000000000004 1.5000000000000002 2.5000000000000004 4.5000000000000009 1.5000000000000002 0 1.5000000000000002 1 1.5000000000000002 1.5000000000000002 1.5000000000000002 2 3 4 5 2.5000000000000004 6 1.5000000000000002 7 8 9 10 11 12 13 14 2.5000000000000004 15 16 17
decision_type=2 2 2 2 2 1 2 1 2 2 2 1 1 1 1 2 1 2 1 1 1 1 1 1 1 1 2 1 1 1
left_child=1 2 4 10 23 8 -7 9 12 -5 22 24 -3 -9 -4 -10 -8 20 -13 -12 -15 27 -2 -1 29 -18 -27 -16 -21 -6
right_child=3 5 14 7 11 6 16 13 15 -11 19 18 -14 17 21 -17 25 -19 -20 28 -22 -23 -24 -25 -26 26 -28 -29 -30 -31
leaf_value=-1.1272864284908011 0.61449297281908066 0.13686305758755771 -0.026165396480578963 1.4736977364580099 -0.029165330519877849 3.7177380207866038 0.38555341486329864 -1.3441974395690259 0.4161328749867077 2.3324988491392356 0.058165469272531189 -0.27441679060342578 -2.2479810296035398 0.89388848546656063 0.67120554156060197 0.90182351129705263 0.94053092625194579 1.7155967331222488 -0.37678631452477124 1.4053026802630793 -0.37851992278119884 0.097188329703010556 0.42646350425621338 -0.58426651063580481 -0.22121372119020208 0.62794970538991657 0.82342933842659327 0.19129403701263864 0.97211024012542591 -0.15230408288992903
leaf_weight=913 21728 86066 37807 10872 10206 683 4338 361 41202 5425 268 99192 318 2638 637 2750 6817 658 75182 4236 219 82523 11950 76203 45709 7188 8901 51386 1232 102392
leaf_count=913 21728 86066 37807 10872 10206 683 4338 361 41202 5425 268 99192 318 2638 637 2750 6817 658 75182 4236 219 82523 11950 76203 45709 7188 8901 51386 1232 102392
internal_value=0.000687885 -0.0765584 -0.188668 0.960531 -0.310229 0.335824 0.804655 1.56577 0.235288 1.7585 0.650753 -0.245165 0.127839 0.748971 0.100362 0.446522 0.73192 0.967148 -0.318573 1.25356 0.798157 0.135908 0.548083 -0.590917 -0.164277 0.797 0.735639 0.197298 1.30965 -0.141146
internal_weight=800000 740413 582150 59587 409797 158263 27927 20173 130336 16297 39414 332681 86384 3876 172353 43952 27244 3515 174374 5736 2857 134546 33678 77116 158307 22906 16089 52023 5468 112598
internal_count=800000 740413 582150 59587 409797 158263 27927 20173 130336 16297 39414 332681 86384 3876 172353 43952 27244 3515 174374 5736 2857 134546 33678 77116 158307 22906 16089 52023 5468 112598
cat_boundaries=0 1 2 3 4 5 6 7 8 9 10 11 12 13 14 15 16 17 18
cat_threshold=36 33 11 32 8 4 8 4 4 6 33 33 14 3 16 32 33 1
is_linear=0
shrinkage=0.05


Tree=94
num_leaves=31
num_cat=18
split_feature=1 2 1 1 1 0 1 0 2 0 1 2 0 0 0 0 0 0 1 0 0 0 0 0 0 0 1 1 0 0
split_gain=2.1414e+07 1.23573e+07 7.38406e+06 4.03249e+06 2.70187e+06 2.69185e+06 2.14434e+06 1.13793e+06 1.32359e+06 1.37223e+07 1.06808e+06 881122 712749 672802 600638 4.59148e+06 475022 281534 219532 219452 167585 138309 103898 86732.1 75065.9 68118.9 54910.2 54855 55324.7 52964
threshold=3.5000000000000004 1.5000000000000002 2.5000000000000004 4.5000000000000009 1.5000000000000002 0 1.5000000000000002 1 1.5000000000000002 2 1.5000000000000002 1.5000000000000002 3 4 5 6 7 8 2.5000000000000004 9 10 11 12 13 14 15 2.5000000000000004 2.5000000000000004 16 17
decision_type=2 2 2 2 2 1 2 1 2 1 2 2 1 1 1 1 1 1 2 1 1 1 1 1 1 1 2 2 1 1
left_child=1 2 4 11 22 10 -7 -5 14 -10 13 16 24 -3 -9 -16 -2 -4 -12 -8 -14 -13 -1 29 -6 26 -21 28 -27 -19
right_child=3 5 17 7 12 6 19 8 9 -11 18 21 20 -15 15 -17 -18 23 -20 25 -22 -23 -24 -25 -26 27 -28 -29 -30 -31
leaf_value=-0.81649124699809494 0.93942694900142976 0.13002255344608027 0.0024521568619933504 -1.2787989165262392 -0.13408898271622391 3.5318506691850295 0.36631818453763315 1.1622593978530167 13.778961500574333 1.6609447865014926 0.3953273063191835 0.05536402215202936 -0.27679938618037148 -2.1390097048224472 0.77548245222846213 8.576556178501674 0.43590373745948741 0.63816189095262776 0.85673300557570031 0.80930646641489545 -0.39604520390634901 1.2443867683758829 -0.54772440621977136 0.10073518922598426 -0.21015641069304808 0.64592509384740859 1.130195414823274 0.78225583398011334 0.19955652563027967 0.18173206440344222
leaf_weight=3868 5644 86066 55373 361 112598 683 4338 12558 234 5849 41202 268 136609 318 943 228 28034 637 2750 4999 37765 5468 73248 64957 45709 6374 1818 8901 814 51386
leaf_count=3868 5644 86066 55373 361 112598 683 4338 12558 234 5849 41202 268 136609 318 943 228 28034 637 2750 4999 37765 5468 73248 64957 45709 6374 1818 8901 814 51386
internal_value=0.000654032 -0.0727318 -0.179236 0.912528 -0.294721 0.319031 0.764445 1.48747 1.53774 2.15248 0.223517 0.618261 -0.232909 0.121437 1.26648 2.35415 0.520696 0.0953477 0.424197 0.695348 -0.302646 1.1911 -0.561382 0.139308 -0.156064 0.75717 0.893572 0.698856 0.596553 0.187442
internal_weight=800000 740413 582150 59587 409797 158263 27927 20173 19812 6083 130336 39414 332681 86384 13729 1171 33678 172353 43952 27244 174374 5736 77116 116980 158307 22906 6817 16089 7188 52023
internal_count=800000 740413 582150 59587 409797 158263 27927 20173 19812 6083 130336 39414 332681 86384 13729 1171 33678 172353 43952 27244 174374 5736 77116 116980 158307 22906 6817 16089 7188 52023
cat_boundaries=0 1 2 3 4 5 6 7 8 9 10 11 12 13 14 15 16 17 18
cat_threshold=36 8 48 11 32 3 4 34 12 8 20 4 22 33 3 16 2 32
is_linear=0
shrinkage=0.05


Tree=95
num_leaves=31
num_cat=17
split_feature=1 2 1 1 1 0 0 2 2 0 0 2 0 0 1 1 1 0 0 0 0 0 1 0 0 0 0 1 0 0
split_gain=1.93357e+07 1.11524e+07 6.66426e+06 3.64443e+06 2.43856e+06 2.43321e+06 1.21752e+06 899915 898597 2.00735e+06 940395 795442 643262 636736 3.72212e+06 624656 507995 258669 240045 203863 151345 129110 121341 109896 104008 93167.5 93019 83900.7 70550.2 57969.3
threshold=3.5000000000000004 1.5000000000000002 2.5000000000000004 4.5000000000000009 1.5000000000000002 0 1 1.5000000000000002 1.5000000000000002 2 3 1.5000000000000002 4 5 1.5000000000000002 1.5000000000000002 2.5000000000000004 6 7 8 9 10 2.5000000000000004 11 12 13 14 2.5000000000000004 15 16
decision_type=2 2 2 2 2 1 1 2 2 1 1 2 1 1 2 2 2 1 1 1 1 1 2 1 1 1 1 2 1 1
left_child=1 2 4 11 26 15 7 -5 10 -10 -8 23 28 16 18 -3 -7 -4 -15 -12 -14 -13 25 -2 -19 -16 -1 -17 -6 -24
right_child=3 5 17 6 12 13 8 -9 9 -11 19 21 20 14 22 27 -18 24 -20 -21 -22 -23 29 -25 -26 -27 -28 -29 -30 -31
leaf_value=-1.1592777397699814 0.56195739713541248 0.12353526992501776 -0.024978660124324245 1.3415964883070295 -0.021009039127369272 1.5821744449540247 3.5250641794938313 2.1300388840090845 1.6195824086666109 -3.6569190823630002 0.79835623354169893 1.2468189046844609 -0.24685814374637341 -1.4341226708399109 0.68182199498759433 0.35939009998328297 0.4194068300715193 0.17252689808763683 -3.2584074517954953 -0.77052360434719569 -0.34111659378114567 0.61963727293162862 1.067812046754282 0.37157804731341909 0.08394765330757567 0.44068322791832293 -0.52825051239728638 0.87907361816098772 -0.15702910097276482 0.75043261388610372
leaf_weight=593 21728 86066 37807 10872 10206 3093 315 5425 358 346 2638 4653 99192 355 11373 35551 1349 59374 542 219 75182 1083 1818 11950 75172 6465 76523 794 148101 10857
leaf_count=593 21728 86066 37807 10872 10206 3093 315 5425 358 346 2638 4653 99192 355 11373 35551 1349 59374 542 219 75182 1083 1818 11950 75172 6465 76523 794 148101 10857
internal_value=0.000636858 -0.069097 -0.170276 0.867132 -0.279988 0.303076 1.41371 1.60307 0.611782 -1.00264 0.972019 0.587382 -0.221264 0.665297 0.585596 0.196918 1.22629 0.090582 -2.58874 0.675827 -0.287515 1.13166 0.679104 0.494682 0.123047 0.595056 -0.533322 0.370743 -0.148262 0.797389
internal_weight=800000 740413 582150 59587 409797 158263 20173 16297 3876 704 3172 39414 332681 35852 31410 122411 4442 172353 897 2857 174374 5736 30513 33678 134546 17838 77116 36345 158307 12675
internal_count=800000 740413 582150 59587 409797 158263 20173 16297 3876 704 3172 39414 332681 35852 31410 122411 4442 172353 897 2857 174374 5736 30513 33678 134546 17838 77116 36345 158307 12675
cat_boundaries=0 1 2 3 4 5 6 7 8 9 10 11 12 13 14 15 16 17
cat_threshold=32 33 2 8 11 8 4 6 6 4 49 33 49 18 4 1 16
is_linear=0
shrinkage=0.05


Tree=96
num_leaves=31
num_cat=17
split_feature=1 2 1 1 1 0 0 2 0 0 2 2 0 0 1 1 1 0 0 0 0 0 1 0 0 0 0 1 0 0
split_gain=1.74519e+07 1.00649e+07 6.01466e+06 3.2891e+06 2.20093e+06 2.19572e+06 1.09834e+06 812721 1.81694e+06 852129 812172 718245 580553 574712 3.36498e+06 563751 458466 233463 216840 184447 142296 120224 109557 99177.3 93873.2 86740.7 84078.6 75722.4 66613.7 52414.6
threshold=3.5000000000000004 1.5000000000000002 2.5000000000000004 4.5000000000000009 1.5000000000000002 0 1 1.5000000000000002 2 3 1.5000000000000002 1.5000000000000002 4 5 1.5000000000000002 1.5000000000000002 2.5000000000000004 6 7 8 9 10 2.5000000000000004 11 12 13 14 2.5000000000000004 15 16
decision_type=2 2 2 2 2 1 1 2 1 1 2 2 1 1 2 2 2 1 1 1 1 1 2 1 1 1 1 2 1 1
left_child=1 2 4 11 25 15 10 9 -9 -8 -5 23 28 16 18 -3 -7 -4 -15 -11 -14 -13 26 -2 -19 -1 -16 -17 -6 -24
right_child=3 5 17 6 12 13 7 8 -10 19 -12 21 20 14 22 27 -18 24 -20 -21 -22 -23 29 -25 -26 -27 -28 -29 -30 -31
leaf_value=-0.49382360543380116 0.53387102674501274 0.1173580522887161 -0.023732142059183337 1.2745136110812449 -0.12015155782501241 1.5030669076366407 3.3542377003889818 1.5408044403013976 -3.4792116786656759 0.75858890337706342 2.0235333947476155 0.26602342144336577 -0.24932754828408299 -1.3643813488581411 0.64775788865922612 0.3414199406056293 0.39843689937605697 0.16390408299834233 -3.098436748463175 -0.73367860952319019 -0.35919853727743378 1.141298049878507 1.0147148102065406 0.35301408070186313 0.079751082903998072 -0.73292367351953358 0.41868236694004546 0.83512573626539877 -0.19180106069553599 0.71294429963368045
leaf_weight=73025 21728 86066 37807 10872 112598 3093 315 358 346 2638 5425 449 136609 355 11373 35551 1349 59374 542 219 37765 5287 1818 11950 75172 4091 6465 794 45709 10857
leaf_count=73025 21728 86066 37807 10872 112598 3093 315 358 346 2638 5425 449 136609 355 11373 35551 1349 59374 542 219 37765 5287 1818 11950 75172 4091 6465 794 45709 10857
internal_value=0.000604674 -0.0656453 -0.161764 0.82381 -0.265992 0.287916 1.34306 0.581388 -0.953954 0.923978 1.52292 0.558048 -0.210203 0.632006 0.556287 0.187071 1.16498 0.0860539 -2.46191 0.642041 -0.273142 1.07524 0.645196 0.469961 0.116897 -0.506667 0.565332 0.352206 -0.14085 0.757591
internal_weight=800000 740413 582150 59587 409797 158263 20173 3876 704 3172 16297 39414 332681 35852 31410 122411 4442 172353 897 2857 174374 5736 30513 33678 134546 77116 17838 36345 158307 12675
internal_count=800000 740413 582150 59587 409797 158263 20173 3876 704 3172 16297 39414 332681 35852 31410 122411 4442 172353 897 2857 174374 5736 30513 33678 134546 77116 17838 36345 158307 12675
cat_boundaries=0 1 2 3 4 5 6 7 8 9 10 11 12 13 14 15 16 17
cat_threshold=32 33 2 8 11 8 4 6 6 20 12 33 49 32 18 3 16
is_linear=0
shrinkage=0.05


Tree=97
num_leaves=31
num_cat=19
split_feature=1 2 1 1 1 0 0 2 0 2 0 0 1 0 0 1 0 0 0 0 1 0 0 0 0 1 0 0 0 0
split_gain=1.57516e+07 9.08339e+06 5.42832e+06 2.96848e+06 1.98645e+06 1.98142e+06 1.12119e+06 1.03377e+06 1.35098e+07 648459 623393 4.32675e+06 620711 9.33966e+06 523951 508793 221306 210699 128432 111350 98914.9 89504.6 85467.5 81347.7 75879.1 68338.8 62593.6 49342.5 48011.8 47390.4
threshold=3.5000000000000004 1.5000000000000002 2.5000000000000004 4.5000000000000009 1.5000000000000002 0 1 1.5000000000000002 2 1.5000000000000002 3 4 1.5000000000000002 5 6 1.5000000000000002 7 8 9 10 2.5000000000000004 11 12 13 14 2.5000000000000004 15 16 17 18
decision_type=2 2 2 2 2 1 1 2 1 2 1 1 2 1 1 2 1 1 1 1 2 1 1 1 1 2 1 1 1 1
left_child=1 2 4 9 23 15 -5 10 -9 21 -8 -12 13 -7 26 -3 -14 -4 -16 -11 24 -2 28 -1 -18 -17 -6 -21 -19 -22
right_child=3 5 17 6 14 12 7 8 -10 19 11 -13 16 -15 18 25 20 22 -20 27 29 -23 -24 -25 -26 -27 -28 -29 -30 -31
leaf_value=-1.0662372234844253 0.50718984156833291 0.11149008262055776 -0.022544613671831748 -1.4643879201534302 -0.013958384531871735 -2.6305552252407733 0.98063544970003391 13.402598454522305 1.3825166364236179 1.1540034956040386 0.66008674875761753 8.2300040317182788 0.22931014193014587 6.9774287426725357 -0.23686115337853178 0.32435053453914658 0.61540051669885121 0.59018474531689602 -0.34124279676850156 0.010008223965871248 0.96425411742938683 0.33537839863810653 0.079386097187781168 -0.47660777115269504 0.3977809245393083 0.79336898753264695 -0.14206596950305361 0.77068931207948654 0.15582718145560639 0.67732992406776471
leaf_weight=593 21728 86066 37807 361 10206 541 12558 234 5849 4236 943 228 4338 460 136609 35551 11373 637 37765 268 1818 11950 82523 76523 6465 794 148101 1232 51386 10857
leaf_count=593 21728 86066 37807 361 10206 541 12558 234 5849 4236 943 228 4338 460 136609 35551 11373 637 37765 268 1818 11950 82523 76523 6465 794 148101 1232 51386 10857
internal_value=0.000574833 -0.0623652 -0.153677 0.782651 -0.252695 0.273515 1.27594 1.32594 1.86921 0.530174 1.0862 2.1912 0.600383 1.82813 -0.199694 0.177718 0.565292 0.0817517 -0.259486 1.0216 0.612782 0.446476 0.111052 -0.481342 0.537097 0.334597 -0.133808 0.635747 0.161258 0.719779
internal_weight=800000 740413 582150 59587 409797 158263 20173 19812 6083 39414 13729 1171 35852 1001 332681 122411 34851 172353 174374 5736 30513 33678 134546 77116 17838 36345 158307 1500 52023 12675
internal_count=800000 740413 582150 59587 409797 158263 20173 19812 6083 39414 13729 1171 35852 1001 332681 122411 34851 172353 174374 5736 30513 33678 134546 77116 17838 36345 158307 1500 52023 12675
cat_boundaries=0 1 2 3 4 5 6 7 8 9 10 11 12 13 14 15 16 17 18 19
cat_threshold=32 8 48 3 4 16 11 8 4 20 33 33 33 4 18 1 4 32 16
is_linear=0
shrinkage=0.05


Tree=98
num_leaves=31
num_cat=18
split_feature=1 2 1 1 0 1 1 0 2 0 2 0 0 1 0 2 0 0 0 0 1 0 0 0 0 0 0 0 0 1
split_gain=1.42235e+07 8.19874e+06 4.89924e+06 2.68313e+06 1.82986e+06 2.51356e+06 1.79287e+06 1.24288e+06 3.36612e+06 1.00131e+06 900286 8.1378e+06 1.26565e+06 724670 717923 585568 472872 467815 228311 192235 148008 120717 100436 75582.5 59114.4 57556.6 55055.9 44567.9 43426.6 42098.2
threshold=3.5000000000000004 1.5000000000000002 2.5000000000000004 4.5000000000000009 0 1.5000000000000002 1.5000000000000002 1 1.5000000000000002 2 1.5000000000000002 3 4 1.5000000000000002 5 1.5000000000000002 6 7 8 9 2.5000000000000004 10 11 12 13 14 15 16 17 2.5000000000000004
decision_type=2 2 2 2 1 2 2 1 2 1 2 1 1 2 1 2 1 1 1 1 2 1 1 1 1 1 1 1 1 2
left_child=1 2 6 15 13 -6 23 8 9 -5 12 -12 -9 14 -3 17 24 -2 -7 -4 -15 -18 -17 -1 -8 28 -20 -24 -21 -28
right_child=3 4 19 7 5 18 16 10 -10 -11 11 -13 -14 20 -16 22 21 -19 26 25 -22 -23 27 -25 -26 -27 29 -29 -30 -31
leaf_value=-0.44530815906345772 0.8394549190681817 0.10590465323533582 0.00090542756974962941 3.2626499305138221 3.623223687867644 0.21787128411199155 -0.10762260882445918 0.93164133796222959 -5.465499722349878 -1.0921265664579567 8.76487841412008 1.3054324372749593 2.8201183723560739 0.32270799929016714 -2.2378959434788404 1.0964394093907446 -0.21020935173032362 0.3401358569646899 0.73711739633414064 0.56113311791162035 0.70156610135165132 -0.2943772399497801 0.0095245539713248936 -0.66833200103566293 -0.1751119832296473 0.082569681251832741 0.47342656571532066 0.73246708323222243 0.14803905534747974 0.63610980743411527
leaf_weight=73025 5644 86066 55373 315 683 4338 112598 12558 255 219 383 5491 952 41202 318 4236 99192 28034 6817 637 2750 75182 268 4091 45709 64957 7188 1232 51386 8901
leaf_count=73025 5644 86066 55373 315 683 4338 112598 12558 255 219 383 5491 952 41202 318 4236 99192 28034 6817 637 2750 75182 268 4091 45709 64957 7188 1232 51386 8901
internal_value=0.000565965 -0.059243 -0.145995 0.743737 0.259862 0.627099 -0.240063 1.21272 -0.73021 1.51735 1.29151 1.80895 1.06749 0.181113 0.0970298 0.503702 -0.189711 0.424166 0.552217 0.0776669 0.346412 -0.246513 0.970686 -0.457284 -0.127119 0.113992 0.615173 0.60422 0.153204 0.563079
internal_weight=800000 740413 582150 59587 158263 27927 409797 20173 789 534 19384 5874 13510 130336 86384 39414 332681 33678 27244 172353 43952 174374 5736 77116 158307 116980 22906 1500 52023 16089
internal_count=800000 740413 582150 59587 158263 27927 409797 20173 789 534 19384 5874 13510 130336 86384 39414 332681 33678 27244 172353 43952 174374 5736 77116 158307 116980 22906 1500 52023 16089
cat_boundaries=0 1 2 3 4 5 6 7 8 9 10 11 12 13 14 15 16 17 18
cat_threshold=36 24 8 34 3 32 11 34 8 12 4 33 32 3 33 16 4 32
is_linear=0
shrinkage=0.05


Tree=99
num_leaves=31
num_cat=18
split_feature=1 2 1 1 0 1 1 0 2 0 0 1 0 2 2 0 0 0 0 1 0 0 0 0 0 0 0 0 1 0
split_gain=1.28421e+07 7.39922e+06 4.42168e+06 2.42409e+06 1.65165e+06 2.26846e+06 1.61815e+06 1.15234e+06 940442 806721 675931 654091 649911 647275 528767 426779 224319 206039 175731 133576 108947 93076.8 90705.2 71444.4 69332.1 55533.1 49720.8 40168.8 37991.2 42498
threshold=3.5000000000000004 1.5000000000000002 2.5000000000000004 4.5000000000000009 0 1.5000000000000002 1.5000000000000002 1 1.5000000000000002 2 3 1.5000000000000002 4 1.5000000000000002 1.5000000000000002 5 6 7 8 2.5000000000000004 9 10 11 12 13 14 15 16 2.5000000000000004 17
decision_type=2 2 2 2 1 2 2 1 2 1 1 2 1 2 2 1 1 1 1 2 1 1 1 1 1 1 1 1 2 1
left_child=1 2 6 14 11 -6 23 13 9 -9 -10 12 -3 -5 21 25 -11 -7 -4 -13 -17 -2 -16 -1 27 -8 -19 -20 29 -28
right_child=3 4 18 7 5 17 15 8 10 16 -12 19 -14 -15 22 20 -18 26 24 -21 -22 -23 -24 -25 -26 -27 28 -29 -30 -31
leaf_value=-0.87616863705355075 0.46480181844772556 0.10060917890959886 -0.021462942936899775 1.1147972751137436 3.4420607726011934 0.20700389621667942 -0.0078854960161162807 3.1045360013521637 1.0987597043111446 0.5976322797670105 -2.2583672369116603 0.30657336590944073 -2.1294101668567196 1.7834700440569407 1.0187311496239682 -0.19970024020673624 -1.0399084932418892 0.70031346677598838 0.53351110078083497 0.66648622672341096 -0.27965968755702159 0.28992773579298847 0.49409203821655168 -0.42896299255381809 0.068621826573985564 -0.12854043955262404 0.49294820161989161 0.13659567809326914 0.60430212089110336 0.10422150421055776
leaf_weight=913 21728 86066 37807 10872 683 4338 10206 315 209 2638 495 41202 318 5425 4653 99192 219 6817 637 2750 75182 11950 1083 76203 75172 148101 6374 58737 8901 814
leaf_count=913 21728 86066 37807 10872 683 4338 10206 315 209 2638 495 41202 318 5425 4653 99192 219 6817 637 2750 75182 11950 1083 76203 75172 148101 6374 58737 8901 814
internal_value=0.000548328 -0.0562822 -0.138696 0.70671 0.246865 0.595761 -0.228061 1.15248 0.37404 0.741918 -1.27819 0.172049 0.0921651 1.33657 0.478555 -0.180226 0.468919 0.524624 0.073786 0.329092 -0.234189 0.402975 0.922313 -0.434427 0.100545 -0.120763 0.58443 0.140943 0.534925 0.449758
internal_weight=800000 740413 582150 59587 158263 27927 409797 20173 3876 3172 704 130336 86384 16297 39414 332681 2857 27244 172353 43952 174374 33678 5736 77116 134546 158307 22906 59374 16089 7188
internal_count=800000 740413 582150 59587 158263 27927 409797 20173 3876 3172 704 130336 86384 16297 39414 332681 2857 27244 172353 43952 174374 33678 5736 77116 134546 158307 22906 59374 16089 7188
cat_boundaries=0 1 2 3 4 5 6 7 8 9 10 11 12 13 14 15 16 17 18
cat_threshold=36 33 8 16 32 11 6 8 4 4 33 49 14 49 1 16 32 2
is_linear=0
shrinkage=0.05


Tree=100
num_leaves=31
num_cat=19
split_feature=1 2 1 1 0 1 1 0 2 0 2 0 1 0 2 0 0 0 1 0 0 0 0 0 0 0 0 0 0 0
split_gain=1.1591e+07 6.67782e+06 3.99069e+06 2.18782e+06 1.49086e+06 2.04724e+06 1.46048e+06 1.11822e+06 2.99816e+06 821450 761832 1.1738e+06 590386 588345 477443 385170 185956 158604 120550 102453 86020.6 84001.8 69614.3 62577.8 52455.9 51399.5 44892.2 36331.8 35412.7 34630.9
threshold=3.5000000000000004 1.5000000000000002 2.5000000000000004 4.5000000000000009 0 1.5000000000000002 1.5000000000000002 1 1.5000000000000002 2 1.5000000000000002 3 1.5000000000000002 4 1.5000000000000002 5 6 7 2.5000000000000004 8 9 10 11 12 13 14 15 16 17 18
decision_type=2 2 2 2 1 2 2 1 2 1 2 1 2 1 2 1 1 1 2 1 1 1 1 1 1 1 1 1 1 1
left_child=1 2 6 14 12 -6 22 8 9 -5 11 -9 13 -3 21 24 -7 -4 -14 -17 -16 -2 -1 27 28 -12 -18 -19 -8 -22
right_child=3 4 17 7 5 16 15 10 -10 -11 25 -13 18 -15 20 19 26 23 -20 -21 29 -23 -24 -25 -26 -27 -28 -29 -30 -31
leaf_value=-0.6210673782000411 0.44157230681400866 0.095579912175121323 -0.020389815617815617 2.9540874877342813 3.2699577853759951 0.1966764266488743 -0.0074916307872034378 0.83289021397001195 -5.2168822195015707 -0.99018114081636799 1.6911832589251028 2.6507634103422109 0.29124685814239343 -2.0261866336915553 -0.014751035704029551 -0.20227739768589181 0.6653492078994856 0.50724670699059138 0.63316169714494186 -0.29549055214357411 0.99092826335653639 0.27544186826035333 -0.40157237267259227 0.065191862302253836 -0.15993113641979403 1.0345798613978368 0.50819760859271779 0.12976557253565624 -0.1052185095743482 0.66282540619277341
leaf_weight=3868 21728 86066 37807 315 683 4338 10206 12558 255 219 5425 952 41202 318 268 136609 6817 637 2750 37765 4236 11950 73248 75172 45709 449 16089 58737 102392 1232
leaf_count=3868 21728 86066 37807 315 683 4338 10206 12558 255 219 5425 952 41202 318 268 136609 6817 637 2750 37765 4236 11950 73248 75172 45709 449 16089 58737 102392 1232
internal_value=0.000522266 -0.0534692 -0.131762 0.671406 0.234521 0.566 -0.216661 1.09489 -0.747156 1.37327 1.16965 0.963568 0.16344 0.0875457 0.454656 -0.171215 0.49842 0.0700986 0.31264 -0.222481 0.876327 0.382837 -0.412714 0.0955199 -0.114726 1.64563 0.555237 0.1339 -0.0963619 0.918348
internal_weight=800000 740413 582150 59587 158263 27927 409797 20173 789 534 19384 13510 130336 86384 39414 332681 27244 172353 43952 174374 5736 33678 77116 134546 158307 5874 22906 59374 112598 5468
internal_count=800000 740413 582150 59587 158263 27927 409797 20173 789 534 19384 13510 130336 86384 39414 332681 27244 172353 43952 174374 5736 33678 77116 134546 158307 5874 22906 59374 112598 5468
cat_boundaries=0 1 2 3 4 5 6 7 8 9 10 11 12 13 14 15 16 17 18 19
cat_threshold=36 24 8 3 32 11 8 4 20 4 33 22 49 3 33 16 32 1 33
is_linear=0
shrinkage=0.05


Tree=101
num_leaves=31
num_cat=18
split_feature=1 2 1 1 0 1 0 1 0 2 0 0 0 0 2 1 0 0 0 1 0 0 0 0 0 0 0 1 1 0
split_gain=1.04636e+07 6.02668e+06 3.6017e+06 1.97562e+06 1.35209e+06 1.31814e+06 1.13293e+06 994807 2.55769e+06 759843 1.35578e+07 495816 4.41817e+06 446041 431142 392231 347621 264636 143965 108798 92468.6 77666.1 75807.7 63332.7 47344.1 42590.1 40502.3 39455.5 33264.3 32062.5
threshold=3.5000000000000004 1.5000000000000002 2.5000000000000004 4.5000000000000009 0 1.5000000000000002 1 1.5000000000000002 2 1.5000000000000002 3 4 5 6 1.5000000000000002 2.5000000000000004 7 8 9 2.5000000000000004 10 11 12 13 14 15 16 2.5000000000000004 2.5000000000000004 17
decision_type=2 2 2 2 1 2 1 2 1 2 1 1 1 1 2 2 1 1 1 2 1 1 1 1 1 1 1 2 2 1
left_child=1 2 5 14 13 23 -5 8 -6 11 -11 -8 -13 15 22 -3 24 28 -4 -19 -18 -16 -2 -1 -7 29 -10 -15 -9 -20
right_child=3 4 18 6 7 16 9 17 26 10 -12 12 -14 27 21 -17 20 19 25 -21 -22 -23 -24 -25 -26 -27 -28 -29 -30 -31
leaf_value=-0.90732637914654435 0.41950256152165744 1.3576959029702436 0.00016682015776089647 -1.7086301202079999 0.090800189994082722 -0.091544165412711986 0.79127935212482559 0.56645108682915168 -1.9279666772702848 13.10767276013484 1.0701238874160992 0.32718504168179208 7.9669896694792417 0.39141355175292958 -0.014042629955483854 0.33596990308203112 -0.19216459785811962 0.27668386821775526 0.48227703619224399 0.6015043186187744 -0.28071950689046926 0.87258524408998517 0.26168262785294383 -0.38792293980181647 -0.15193665224792594 0.071000650875241808 -3.0087961532675855 0.54867864258770671 0.81620790578088875 0.12732329187675973
leaf_weight=593 21728 3093 55373 361 86066 112598 12558 4999 318 234 5849 943 228 7226 268 1349 136609 41202 637 2750 37765 5468 11950 76523 45709 64957 541 8901 1818 51386
leaf_count=593 21728 3093 55373 361 86066 112598 12558 4999 318 234 5849 943 228 7226 268 1349 136609 41202 637 2750 37765 5468 11950 76523 45709 64957 541 8901 1818 51386
internal_value=0.000501433 -0.0507971 -0.125175 0.637924 0.222793 -0.20583 1.04035 0.166263 0.0635663 1.09075 1.55649 0.885188 1.86956 0.600842 0.431953 1.04505 -0.162656 0.34213 0.0665952 0.29694 -0.211358 0.832657 0.363705 -0.392085 -0.10899 0.0980309 -2.63547 0.477917 0.632131 0.131761
internal_weight=800000 740413 582150 59587 158263 409797 20173 137694 86925 19812 6083 13729 1171 20569 39414 4442 332681 50769 172353 43952 174374 5736 33678 77116 158307 116980 859 16127 6817 52023
internal_count=800000 740413 582150 59587 158263 409797 20173 137694 86925 19812 6083 13729 1171 20569 39414 4442 332681 50769 172353 43952 174374 5736 33678 77116 158307 116980 859 16127 6817 52023
cat_boundaries=0 1 2 3 4 5 6 7 8 9 10 11 12 13 14 15 16 17 18
cat_threshold=11 8 32 48 3 4 8 11 16 12 20 4 33 4 3 33 4 32
is_linear=0
shrinkage=0.05


Tree=102
num_leaves=31
num_cat=18
split_feature=1 2 1 1 0 2 0 1 0 1 0 2 0 0 2 0 1 0 0 0 0 0 0 0 0 0 0 1 0 1
split_gain=9.44916e+06 5.43858e+06 3.25066e+06 1.78618e+06 1.24262e+06 3.07241e+06 1.22036e+06 1.1897e+06 944852 897996 2.31338e+06 650334 1.08613e+06 402553 389213 457627 353986 313736 239234 132310 86892.9 72817.9 57634.1 53441.1 50761.3 46744.6 44466.6 43755.1 36404.2 35608.6
threshold=3.5000000000000004 1.5000000000000002 2.5000000000000004 4.5000000000000009 0 1.5000000000000002 1 1.5000000000000002 2 1.5000000000000002 3 1.5000000000000002 4 5 1.5000000000000002 6 2.5000000000000004 7 8 9 10 11 12 13 14 15 16 2.5000000000000004 17 2.5000000000000004
decision_type=2 2 2 2 1 2 1 2 1 2 1 2 1 1 2 1 2 1 1 1 1 1 1 1 1 1 1 2 1 2
left_child=1 2 7 14 5 8 13 22 -5 10 -8 12 -6 16 15 -2 -3 26 23 -4 -19 -16 -1 -11 -21 -13 -9 -20 -12 -15
right_child=3 6 19 4 11 -7 9 17 -10 18 28 25 -14 29 21 -17 -18 20 27 24 -22 -23 -24 -25 -26 -27 -28 -29 -30 -31
leaf_value=-0.76888689266382559 0.75611450490826726 1.2898092032480966 -0.019379956314293099 2.8937294340867261 0.75174641309840751 -5.4777835412118954 0.086259903804293867 -0.0025440524449643442 -1.3237905627254838 0.60052620468122886 -1.8345078049636472 1.5506034909615083 2.499843207218543 0.37184132170329098 0.89797449419647801 0.262505943074476 0.31917260419535937 -0.16999670348507065 0.24826872470372102 0.12517899731955748 -0.24139474671829864 0.48008485162494985 -0.36759142199141115 0.40435199857744097 0.062082270150725816 0.93163301321416125 -0.11050060942601336 0.62356159056464133 -2.8610868924758832 0.52124321773378735
leaf_weight=913 5644 3093 37807 315 12558 255 86066 10206 219 6817 318 5425 952 7226 4236 28034 1349 99192 35551 52023 75182 1500 76203 7607 82523 449 148101 794 541 8901
leaf_count=913 5644 3093 37807 315 12558 255 86066 10206 219 6817 318 5425 952 7226 4236 28034 1349 99192 35551 52023 75182 1500 76203 7607 82523 449 148101 794 541 8901
internal_value=0.000486652 -0.0482617 -0.118918 0.606222 0.988868 -0.950589 0.211637 -0.195541 1.19347 0.157931 0.0603593 1.06775 0.877335 0.570798 0.410375 0.345531 0.9928 -0.154524 0.325022 0.0632677 -0.200792 0.791096 -0.37249 0.497419 0.0864865 1.50752 -0.103541 0.256397 -2.50653 0.454019
internal_weight=800000 740413 582150 59587 20173 789 158263 409797 534 137694 86925 19384 13510 20569 39414 33678 4442 332681 50769 172353 174374 5736 77116 14424 134546 5874 158307 36345 859 16127
internal_count=800000 740413 582150 59587 20173 789 158263 409797 534 137694 86925 19384 13510 20569 39414 33678 4442 332681 50769 172353 174374 5736 77116 14424 134546 5874 158307 36345 859 16127
cat_boundaries=0 1 2 3 4 5 6 7 8 9 10 11 12 13 14 15 16 17 18
cat_threshold=24 11 8 32 3 8 34 11 20 4 4 33 14 16 33 33 1 4
is_linear=0
shrinkage=0.05


Tree=103
num_leaves=31
num_cat=17
split_feature=1 2 1 1 0 2 0 1 0 1 0 2 0 0 2 1 0 0 0 0 0 0 0 0 1 0 1 0 1 0
split_gain=8.53016e+06 4.90805e+06 2.93378e+06 1.6129e+06 1.15458e+06 1.96386e+06 1.10144e+06 1.07377e+06 822987 810693 2.09241e+06 500518 572554 363303 351441 319475 286247 215960 154737 119412 111049 79583.2 68117.7 58638.7 52909.1 46190.3 39488.1 32719.2 32137.1 30558.1
threshold=3.5000000000000004 1.5000000000000002 2.5000000000000004 4.5000000000000009 0 1.5000000000000002 1 1.5000000000000002 2 1.5000000000000002 3 1.5000000000000002 4 5 1.5000000000000002 2.5000000000000004 6 7 8 9 10 11 12 13 2.5000000000000004 14 2.5000000000000004 15 2.5000000000000004 16
decision_type=2 2 2 2 1 2 1 2 1 2 1 2 1 1 2 2 1 1 1 1 1 1 1 1 2 1 2 1 2 1
left_child=1 2 7 14 11 8 13 23 -6 10 -8 12 -5 15 21 -3 -9 24 -10 -4 -18 -2 -16 -1 29 -21 -19 -12 -15 -11
right_child=3 6 19 4 5 -7 9 16 18 17 27 -13 -14 28 22 -17 20 26 -20 25 -22 -23 -24 -25 -26 -27 -28 -29 -30 -31
leaf_value=-0.54486925185126334 0.38537645550548061 1.225319216654519 -0.018411372747344855 0.7459171114131915 2.7534951350872334 -3.6536403518191656 0.08194823872450864 -0.081932381770681281 0.18731783859877371 0.50708757422598194 -1.7455803091933089 1.4440224114120699 1.734476172353729 0.35324944138419689 0.14572425418429905 0.3032117198183415 -0.15435301624748271 0.23586104095295674 -1.260487377383303 0.11513678001278288 -0.22932699102456933 0.22392366602667996 0.80133037206157542 -0.34366513674589 0.63377468230930289 0.05610644195729967 0.59238559569159444 -2.7206272654870896 0.49518201854868882 0.33374985973019206
leaf_weight=3868 21728 3093 37807 10863 315 346 86066 112598 943 4999 318 5783 1704 7226 449 1349 144901 35551 219 59374 75182 11950 5287 73248 3774 75172 794 541 8901 5651
leaf_count=3868 21728 3093 37807 10863 315 346 86066 112598 943 4999 318 5783 1704 7226 449 1349 144901 35551 219 59374 75182 11950 5287 73248 3774 75172 794 541 8901 5651
internal_value=0.000465393 -0.0458518 -0.112973 0.575991 0.939603 -0.261545 0.201045 -0.185766 0.531312 0.150023 0.0573156 1.0585 0.881933 0.542259 0.389886 0.943159 -0.146799 0.308784 -0.0939742 0.0601046 -0.179974 0.328269 0.751662 -0.353872 0.47258 0.0821626 0.243583 -2.38391 0.431319 0.415902
internal_weight=800000 740413 582150 59587 20173 1823 158263 409797 1477 137694 86925 18350 12567 20569 39414 4442 332681 50769 1162 172353 220083 33678 5736 77116 14424 134546 36345 859 16127 10650
internal_count=800000 740413 582150 59587 20173 1823 158263 409797 1477 137694 86925 18350 12567 20569 39414 4442 332681 50769 1162 172353 220083 33678 5736 77116 14424 134546 36345 859 16127 10650
cat_boundaries=0 1 2 3 4 5 6 7 8 9 10 11 12 13 14 15 16 17
cat_threshold=35 11 8 32 1 8 3 20 4 4 12 33 12 22 49 4 16
is_linear=0
shrinkage=0.05


Tree=104
num_leaves=31
num_cat=18
split_feature=1 2 1 1 0 0 1 1 0 2 0 0 0 0 2 0 1 0 0 0 0 1 0 0 0 0 0 1 1 0
split_gain=7.69981e+06 4.42917e+06 2.64779e+06 1.45612e+06 1.0961e+06 994134 969125 731844 1.89255e+06 602324 1.34358e+07 448551 4.28276e+06 327880 317296 1.71358e+06 288326 258338 196973 107965 100222 80876.7 62671.8 52959.8 45039.7 34119.3 29407.1 29003.7 28439 28358.8
threshold=3.5000000000000004 1.5000000000000002 2.5000000000000004 4.5000000000000009 0 1 1.5000000000000002 1.5000000000000002 2 1.5000000000000002 3 4 5 6 1.5000000000000002 7 2.5000000000000004 8 9 10 11 2.5000000000000004 12 13 14 15 16 2.5000000000000004 2.5000000000000004 17
decision_type=2 2 2 2 1 1 2 2 1 2 1 1 1 1 2 1 2 1 1 1 1 2 1 1 1 1 1 2 2 1
left_child=1 2 6 14 -5 13 23 8 -7 11 -11 24 -13 16 15 -2 -3 29 28 -4 -19 -20 -16 -1 -6 -21 -10 -15 -9 -8
right_child=3 5 19 4 9 7 17 18 26 10 -12 12 -14 27 22 -17 -18 20 21 25 -22 -23 -24 -25 -26 -27 -28 -29 -30 -31
leaf_value=-0.51769617588757366 1.8854117526173739 1.1640533447265626 -0.00042598765020761546 -1.8086326830470658 0.70865439744154868 0.077849884051816601 0.0016752336253014596 0.4827504181675874 -1.6609612778919498 12.854889125511296 0.87357101582447239 0.17805008793177413 7.6962684246672302 0.33558733641974725 0.81321183667113306 0.23086071336044736 0.28805138380815576 -0.14663634837611955 0.23689920792538685 0.44670521649179351 -0.21786170362830101 0.51695555423389783 0.42618784373959173 -0.32648406492058996 0.42143921438200388 0.082300795430390317 -2.5870670042539903 0.47042308849453218 0.71368318244044415 -0.085761506941487972
leaf_weight=3868 1636 3093 55373 361 10863 86066 10206 4999 318 234 5849 943 228 7226 4236 32042 1349 144901 41202 637 75182 2750 1500 73248 1695 116343 541 8901 1818 102392
leaf_count=3868 1636 3093 55373 361 10863 86066 10206 4999 318 234 5849 943 228 7226 4236 32042 1349 144901 41202 637 75182 2750 1500 73248 1695 116343 541 8901 1818 102392
internal_value=0.00044231 -0.0435629 -0.107325 0.54724 0.892727 0.19098 -0.17648 0.142507 0.0544232 0.942387 1.35704 0.759352 1.69466 0.515146 0.370411 0.311863 0.896001 -0.13946 0.29335 0.0571001 -0.170976 0.254364 0.714163 -0.336184 0.670254 0.0843231 -2.26728 0.409753 0.54354 -0.0778367
internal_weight=800000 740413 582150 59587 20173 158263 409797 137694 86925 19812 6083 13729 1171 20569 39414 33678 4442 332681 50769 172353 220083 43952 5736 77116 12558 116980 859 16127 6817 112598
internal_count=800000 740413 582150 59587 20173 158263 409797 137694 86925 19812 6083 13729 1171 20569 39414 33678 4442 332681 50769 172353 220083 43952 5736 77116 12558 116980 859 16127 6817 112598
cat_boundaries=0 1 2 3 4 5 6 7 8 9 10 11 12 13 14 15 16 17 18
cat_threshold=8 11 32 48 3 4 8 40 3 16 12 12 33 22 1 32 4 1
is_linear=0
shrinkage=0.05


Tree=105
num_leaves=31
num_cat=18
split_feature=1 2 1 1 0 2 0 0 1 1 0 2 0 0 2 1 0 0 0 0 0 0 0 1 0 0 0 0 1 0
split_gain=6.95421e+06 3.99704e+06 2.38968e+06 1.31666e+06 1.27429e+06 2.9231e+06 975158 897268 874687 660612 1.71178e+06 509666 1.04921e+06 295914 286467 260211 235267 179443 99625.8 82599.6 68563.7 60360.3 49150.1 41934.1 40617.4 40205.9 35260.1 33988 32752.5 26428.9
threshold=3.5000000000000004 1.5000000000000002 2.5000000000000004 4.5000000000000009 0 1.5000000000000002 1 2 1.5000000000000002 1.5000000000000002 3 1.5000000000000002 4 5 1.5000000000000002 2.5000000000000004 6 7 8 9 10 11 12 2.5000000000000004 13 14 15 16 2.5000000000000004 17
decision_type=2 2 2 2 1 2 1 1 2 2 1 2 1 1 2 2 1 1 1 1 1 1 1 2 1 1 1 1 2 1
left_child=1 2 8 14 5 6 -5 13 22 10 -9 12 24 15 19 -3 26 23 -4 -2 -18 -16 -1 -11 -6 -20 -10 -13 -19 -12
right_child=3 7 18 4 11 -7 -8 9 16 17 29 27 -14 -15 21 -17 20 28 25 -21 -22 -23 -24 -25 -26 -27 -28 -29 -30 -31
leaf_value=-0.77265879186627096 0.35443891736640482 1.1058506098604495 -0.017470276299948278 2.7077039880018972 0.67325363822269724 -5.5316990302590767 -1.5682272682023362 0.073962287476494984 0.0015906974031482718 0.37753365987231474 -1.580445022117801 1.35479536675047 2.3538303319728797 0.38926588698862408 -0.06407288887517916 0.27365349196256578 -0.15602919260148904 0.21222028681063049 0.10882828052664373 0.19014435489839535 -0.23226838276103823 0.71377059456726721 -0.3157257345421714 0.57149738537677708 0.40049393108513354 0.052675898003202361 -0.09453489366435909 0.82324726030977213 0.53691724205497537 -2.4600605978507097
leaf_weight=593 21728 3093 37807 315 10863 255 219 86066 10206 10650 318 5425 952 16127 268 1349 136609 35551 52023 11950 37765 5468 76523 3774 1695 82523 148101 449 794 541
leaf_count=593 21728 3093 37807 315 10863 255 219 86066 10206 10650 318 5425 952 16127 268 1349 136609 35551 52023 11950 37765 5468 76523 3774 1695 82523 148101 449 794 541
internal_value=0.000433166 -0.0413872 -0.10196 0.520082 0.848609 -1.11352 0.97543 0.181421 -0.167657 0.13537 0.0516825 0.928571 0.759994 0.489389 0.351934 0.851203 -0.132487 0.278684 0.0542462 0.296304 -0.172553 0.678561 -0.319381 0.427987 0.636786 0.074394 -0.088338 1.31787 0.219253 -2.15636
internal_weight=800000 740413 582150 59587 20173 789 534 158263 409797 137694 86925 19384 13510 20569 39414 4442 332681 50769 172353 33678 174374 5736 77116 14424 12558 134546 158307 5874 36345 859
internal_count=800000 740413 582150 59587 20173 789 534 158263 409797 137694 86925 19384 13510 20569 39414 4442 332681 50769 172353 33678 174374 5736 77116 14424 12558 134546 158307 5874 36345 859
cat_boundaries=0 1 2 3 4 5 6 7 8 9 10 11 12 13 14 15 16 17 18
cat_threshold=24 8 11 32 3 8 11 20 4 33 20 4 4 1 33 1 33 4
is_linear=0
shrinkage=0.05


Tree=106
num_leaves=31
num_cat=18
split_feature=1 2 1 1 0 2 0 1 0 1 2 0 0 1 0 0 2 0 0 0 0 0 1 1 0 0 0 0 0 0
split_gain=6.27782e+06 3.60705e+06 2.15675e+06 1.18906e+06 1.15557e+06 1.82576e+06 814090 2.82707e+06 811358 789461 375961 7.77678e+06 547151 315823 323817 306413 258611 214946 176028 89910.9 82910.2 74545.8 74259.2 64303.6 54612.4 44879.4 36482.3 26611.7 26387.2 24615.2
threshold=3.5000000000000004 1.5000000000000002 2.5000000000000004 4.5000000000000009 0 1.5000000000000002 1 1.5000000000000002 2 1.5000000000000002 1.5000000000000002 3 4 1.5000000000000002 5 6 1.5000000000000002 7 8 9 10 11 2.5000000000000004 2.5000000000000004 12 13 14 15 16 17
decision_type=2 2 2 2 1 2 1 2 1 2 2 1 1 2 1 1 2 1 1 1 1 1 2 2 1 1 1 1 1 1
left_child=1 2 9 16 10 8 13 -8 -6 25 12 -12 -5 14 -3 22 21 -11 -10 -4 -19 -2 -9 -15 -18 -1 27 -21 -17 -26
right_child=3 6 19 4 5 -7 7 15 18 17 11 -13 -14 23 -16 28 24 20 -20 26 -22 -23 -24 -25 29 -27 -28 -29 -30 -31
leaf_value=-0.65273161916019862 0.33672341277775042 0.070263843681739269 -0.016595024183330663 0.63962528155433951 2.5764872465867263 -3.6656537789140824 3.5946837451063525 -0.18694210524701005 0.052783341422786491 -0.06965381506217512 8.0518312608316052 0.76138626920978592 1.604980575078566 0.21331217313390308 -1.5038317401234698 0.49493012381487023 0.73704061447535274 -0.13247347316945565 -1.4932375095817201 0.41935695547961749 -0.19725495790316586 0.18064393622022012 0.25996871959553375 0.46303106450167575 -0.060983123367638892 -0.29910872886502249 0.047519713188790003 0.096444853598840946 0.37466377428069797 0.47135712689631615
leaf_weight=913 21728 86066 37807 10863 315 346 683 2989 943 112598 383 5400 1704 41202 318 6817 4236 144901 219 637 75182 11950 1349 2750 268 76203 75172 58737 16089 1232
leaf_count=913 21728 86066 37807 10863 315 346 683 2989 943 112598 383 5400 1704 41202 318 6817 4236 144901 219 637 75182 11950 1349 2750 268 76203 75172 58737 16089 1232
internal_value=0.00041328 -0.0393212 -0.0968628 0.494144 0.806347 -0.394221 0.172338 0.417285 0.369472 -0.159276 0.92533 1.25946 0.772307 0.119812 0.0643033 0.337782 0.334352 -0.125864 -0.248847 0.0515351 -0.154611 0.281495 -0.0478547 0.228937 0.644691 -0.303419 0.0706754 0.0999793 0.410656 0.376472
internal_weight=800000 740413 582150 59587 20173 1823 158263 27927 1477 409797 18350 5783 12567 130336 86384 27244 39414 332681 1162 172353 220083 33678 4338 43952 5736 77116 134546 59374 22906 1500
internal_count=800000 740413 582150 59587 20173 1823 158263 27927 1477 409797 18350 5783 12567 130336 86384 27244 39414 332681 1162 172353 220083 33678 4338 43952 5736 77116 134546 59374 22906 1500
cat_boundaries=0 1 2 3 4 5 6 7 8 9 10 11 12 13 14 15 16 17 18
cat_threshold=35 36 8 34 1 32 8 3 4 4 12 33 33 14 49 32 16 4
is_linear=0
shrinkage=0.05


Tree=107
num_leaves=31
num_cat=17
split_feature=1 2 1 1 0 2 0 0 1 0 1 0 2 0 1 2 0 0 0 0 0 0 0 1 0 0 0 1 0 1
split_gain=5.66836e+06 3.25532e+06 1.94653e+06 1.07447e+06 1.14594e+06 774247 1.24067e+06 772914 712536 654802 548072 1.66858e+06 291582 288687 244435 233519 454472 224931 193992 150530 81154.3 74828.7 60309.3 58035.7 49388.7 44555.8 33060.4 26522.2 23565 23447.9
threshold=3.5000000000000004 1.5000000000000002 2.5000000000000004 4.5000000000000009 0 1.5000000000000002 1 2 1.5000000000000002 3 1.5000000000000002 4 1.5000000000000002 5 2.5000000000000004 1.5000000000000002 6 7 8 9 10 11 12 2.5000000000000004 13 14 15 2.5000000000000004 16 2.5000000000000004
decision_type=2 2 2 2 1 2 1 1 2 1 2 1 2 1 2 2 1 1 1 1 1 1 1 2 1 1 1 2 1 2
left_child=1 2 8 15 12 9 -7 13 25 -6 11 -9 -5 14 -3 16 -2 -11 -10 29 -4 -20 -13 -21 -17 -1 28 -15 -22 -12
right_child=3 7 20 4 5 6 -8 10 18 17 19 22 -14 27 -16 24 -18 -19 21 23 26 -23 -24 -25 -26 -27 -28 -29 -30 -31
leaf_value=-0.45457116921824731 0.67647184364189306 1.0535457971833726 -0.015767408402696099 0.80100614492993216 2.451624033707839 -3.2697666778656598 0.94292407589574023 0.066750766076620158 -0.066171163087644577 0.2117403759697053 0.41498658451516052 -1.4309316332747297 1.2498025011510894 0.2797674124495923 0.24696952432416119 0.098037152092960669 0.18477119335756206 -1.4218379624545836 -0.12585022606337562 0.20264499142218445 0.39871389427361942 -0.18739355593770726 -2.5157665684034951 0.43988146299882369 0.65482794157802016 -0.27937116189424643 0.047450653165977852 0.4087062064134302 0.094569112845585682 0.62467757299526039
leaf_weight=3868 5644 3093 37807 10872 315 404 300 86066 112598 2638 4999 318 5425 7226 1349 449 28034 219 144901 41202 637 75182 541 2750 5287 73248 82523 8901 51386 1818
leaf_count=3868 5644 3093 37807 10872 315 404 300 86066 112598 2638 4999 318 5425 7226 1349 449 28034 219 144901 41202 637 75182 541 2750 5287 73248 82523 8901 51386 1818
internal_value=0.000400459 -0.0373561 -0.0920202 0.469554 0.766332 -0.00759431 -1.50764 0.163719 -0.151314 0.325304 0.120979 0.0447524 0.94982 0.449549 0.806779 0.317657 0.26743 0.0819978 -0.119571 0.251516 0.04896 -0.146881 -2.13525 0.217439 0.612556 -0.288254 0.0671444 0.350715 0.0983692 0.470219
internal_weight=800000 740413 582150 59587 20173 3876 704 158263 409797 3172 137694 86925 16297 20569 4442 39414 33678 2857 332681 50769 172353 220083 859 43952 5736 77116 134546 16127 52023 6817
internal_count=800000 740413 582150 59587 20173 3876 704 158263 409797 3172 137694 86925 16297 20569 4442 39414 33678 2857 332681 50769 172353 220083 859 43952 5736 77116 134546 16127 52023 6817
cat_boundaries=0 1 2 3 4 5 6 7 8 9 10 11 12 13 14 15 16 17
cat_threshold=33 10 11 8 32 8 34 6 3 16 4 12 4 12 22 33 32
is_linear=0
shrinkage=0.05


Tree=108
num_leaves=31
num_cat=17
split_feature=1 2 1 1 0 0 1 0 1 0 2 0 1 2 0 0 2 0 0 0 0 0 0 0 1 0 1 0 1 0
split_gain=5.11583e+06 2.93762e+06 1.75678e+06 969485 1.09705e+06 697623 643096 567990 494763 1.50916e+06 263150 260542 220604 210819 176420 137269 90900.2 203824 78247.2 73789.3 54372.2 54311.9 47025.5 40239.8 30823.3 30523.9 25076.9 24983.1 23937.1 20247.7
threshold=3.5000000000000004 1.5000000000000002 2.5000000000000004 4.5000000000000009 0 1 1.5000000000000002 2 1.5000000000000002 3 1.5000000000000002 4 2.5000000000000004 1.5000000000000002 5 6 1.5000000000000002 7 8 9 10 11 12 13 2.5000000000000004 14 2.5000000000000004 15 2.5000000000000004 16
decision_type=2 2 2 2 1 1 2 1 2 1 2 1 2 2 1 1 2 1 1 1 1 1 1 1 2 1 2 1 2 1
left_child=1 2 6 13 -5 11 23 10 9 -7 -6 12 -3 18 25 24 17 -9 -2 -4 -11 -16 -15 -1 -10 -8 -17 -21 -13 -24
right_child=3 5 19 4 7 8 14 16 15 20 -12 28 -14 22 21 26 -18 -19 -20 27 -22 -23 29 -25 -26 -27 -28 -29 -30 -31
leaf_value=-0.43190173891292771 0.31061929800942761 1.0008694433834495 -0.0010447462694686642 -1.9717562847702972 0.76095338443169447 0.063410986255904744 0.008296709982043798 0.20119382110607231 0.32626451845124294 -1.3615656271213439 1.1873082850671584 0.26577727932976847 0.23461998309622528 0.66761053579908136 -0.13358352161940476 0.18081114018323208 0.72980821451517597 -1.3538490661887623 0.1508627593078741 0.37908833310629891 -2.3922572492471406 -0.20143007997705953 -0.062766140999553882 -0.26540425924369732 0.49255857606634112 -0.081127742858000368 0.46492559783704934 0.067288282669938956 0.38827115836109743 0.41955635536120134
leaf_weight=3868 21728 3093 55373 361 10872 86066 10206 2638 10650 318 5425 7226 1349 4236 136609 35551 658 219 11950 637 541 37765 268 73248 3774 148101 794 116343 8901 1232
leaf_count=3868 21728 3093 55373 361 10872 86066 10206 2638 10650 318 5425 7226 1349 4236 136609 35551 658 219 11950 637 541 37765 268 73248 3774 148101 794 116343 8901 1232
internal_value=0.000377437 -0.0354918 -0.0874199 0.446079 0.727986 0.155519 -0.14375 0.777781 0.114915 0.0424899 0.902326 0.427071 0.76644 0.301793 -0.113593 0.238941 0.199417 0.0779593 0.25407 0.0465127 -2.03076 -0.148288 0.581993 -0.273846 0.369519 -0.0753624 0.186967 0.0690184 0.333179 0.333536
internal_weight=800000 740413 582150 59587 20173 158263 409797 19812 137694 86925 16297 20569 4442 39414 332681 50769 3515 2857 33678 172353 859 174374 5736 77116 14424 158307 36345 116980 16127 1500
internal_count=800000 740413 582150 59587 20173 158263 409797 19812 137694 86925 16297 20569 4442 39414 332681 50769 3515 2857 33678 172353 859 174374 5736 77116 14424 158307 36345 116980 16127 1500
cat_boundaries=0 1 2 3 4 5 6 7 8 9 10 11 12 13 14 15 16 17
cat_threshold=8 11 33 32 8 11 20 6 33 12 4 20 33 22 1 32 4
is_linear=0
shrinkage=0.05


Tree=109
num_leaves=31
num_cat=17
split_feature=1 2 1 1 0 0 1 0 1 0 2 0 1 2 0 0 2 0 0 0 0 0 1 0 0 0 1 0 0 1
split_gain=4.61681e+06 2.65096e+06 1.58556e+06 874555 992091 629653 580428 512867 446602 1.36498e+06 237492 235140 199095 190364 161364 127431 82091.5 184698 70617.8 67692.1 62379.5 49019 45989.5 42428.1 38139.6 28847.4 21603.2 20199.4 19524.1 19431
threshold=3.5000000000000004 1.5000000000000002 2.5000000000000004 4.5000000000000009 0 1 1.5000000000000002 2 1.5000000000000002 3 1.5000000000000002 4 2.5000000000000004 1.5000000000000002 5 6 1.5000000000000002 7 8 9 10 11 2.5000000000000004 12 13 14 2.5000000000000004 15 16 2.5000000000000004
decision_type=2 2 2 2 1 1 2 1 2 1 2 1 2 2 1 1 2 1 1 1 1 1 2 1 1 1 2 1 1 2
left_child=1 2 6 13 -5 11 24 10 9 -7 -6 12 -3 18 27 29 17 -9 -2 -4 -16 -11 -17 -15 -1 28 -13 -8 -21 -10
right_child=3 5 19 4 7 8 14 16 15 21 -12 26 -14 23 20 22 -18 -19 -20 25 -22 -23 -24 -25 -26 -27 -28 -29 -30 -31
leaf_value=-0.65898323881487741 0.29509390855912548 0.95082615379989643 -0.014926039920710754 -1.8758269554199878 0.72290753495438831 0.060243607826007774 0.0078823419828945151 0.19117161437103758 0.37792544743613643 -1.2955642636229354 1.127944009543564 0.25248718659509228 0.22288875084969628 0.63430611447124507 -0.19136143903145328 0.18247284157103369 0.69331965080510516 -1.2891119577999199 0.14332548703238321 0.36042624448513877 -0.12068645001022663 -2.2748132830306536 0.39365786465731539 0.31697687016417653 -0.2569483496784446 0.04020734309122672 0.36885615599288019 -0.065899523929987033 0.083826428999309838 0.56881236772988364
leaf_weight=593 21728 3093 37807 361 10872 86066 10206 2638 4999 318 5425 7226 1349 4236 37765 41202 658 219 11950 637 182318 541 2750 1500 76523 75172 8901 102392 58737 1818
leaf_count=593 21728 3093 37807 361 10872 86066 10206 2638 4999 318 5425 7226 1349 4236 37765 41202 658 219 11950 637 182318 541 2750 1500 76523 75172 8901 102392 58737 1818
internal_value=0.000355083 -0.0337198 -0.0830493 0.423761 0.69151 0.147732 -0.136563 0.738864 0.109157 0.040347 0.857211 0.405717 0.728118 0.286721 -0.107914 0.226992 0.189282 0.0738592 0.241372 0.0441893 -0.132822 -1.93138 0.195642 0.552981 -0.260159 0.0607971 0.316519 -0.0592118 0.0868542 0.428204
internal_weight=800000 740413 582150 59587 20173 158263 409797 19812 137694 86925 16297 20569 4442 39414 332681 50769 3515 2857 33678 172353 220083 859 43952 5736 77116 134546 16127 112598 59374 6817
internal_count=800000 740413 582150 59587 20173 158263 409797 19812 137694 86925 16297 20569 4442 39414 332681 50769 3515 2857 33678 172353 220083 859 43952 5736 77116 134546 16127 112598 59374 6817
cat_boundaries=0 1 2 3 4 5 6 7 8 9 10 11 12 13 14 15 16 17
cat_threshold=8 11 33 32 8 3 16 6 33 4 32 4 33 4 49 1 32
is_linear=0
shrinkage=0.05


Tree=110
num_leaves=31
num_cat=16
split_feature=1 2 1 1 0 0 0 1 0 1 0 2 0 1 0 0 2 2 2 0 0 0 0 1 0 0 0 0 1 1
split_gain=4.16649e+06 2.39226e+06 1.431e+06 788906 3.25362e+06 897173 568318 523874 463094 403167 1.23457e+06 214336 212213 179685 145948 115004 97055.7 88639.8 74135.8 167367 61096 44193.6 43792.6 41503.3 34959.2 26176.1 24685.7 23246.1 19495.9 17536.6
threshold=3.5000000000000004 1.5000000000000002 2.5000000000000004 4.5000000000000009 0 1 2 1.5000000000000002 3 1.5000000000000002 4 1.5000000000000002 5 2.5000000000000004 6 7 1.5000000000000002 1.5000000000000002 1.5000000000000002 8 9 10 11 2.5000000000000004 12 13 14 15 2.5000000000000004 2.5000000000000004
decision_type=2 2 2 2 1 1 1 2 1 2 1 2 1 2 1 1 2 2 2 1 1 1 1 2 1 1 1 1 2 2
left_child=1 2 7 4 17 -5 12 24 11 10 -8 -7 13 -3 26 29 -6 -2 19 -10 -4 -12 -16 -17 -1 -22 -9 -18 -14 -11
right_child=3 6 20 5 16 8 9 14 18 15 21 -13 28 -15 22 23 27 -19 -20 -21 25 -23 -24 -25 -26 -27 -28 -29 -30 -31
leaf_value=-0.55509146869118009 2.868902733487515 0.90328605490288916 -0.014180698990427808 -1.7845631111021634 0.1506983814771978 0.68676287501589883 0.05723046505726527 0.0074880373132536916 0.18164848350326102 0.35902911144438976 -1.2327606009273995 1.0715468800188759 0.23986567344146359 0.21174326133869417 -0.1208710075819979 0.173352244617719 -0.075023465876956644 2.0460986986605199 0.65865257105204122 -1.2274721203933117 0.085541869516643762 -2.1631407227144055 -0.18179528110789434 0.37397271236072888 -0.24336205554146445 0.040235590417086436 -0.072930954466576881 0.40640302959392405 0.35041338295471053 0.54037203547453594
leaf_weight=913 974 3093 37807 361 32704 10872 86066 10206 2638 4999 318 5425 7226 1349 136609 41202 268 493 658 219 52023 541 37765 2750 76203 82523 148101 4975 8901 1818
leaf_count=913 974 3093 37807 361 32704 10872 86066 10206 2638 4999 318 5425 7226 1349 136609 41202 268 493 658 219 52023 541 37765 2750 76203 82523 148101 4975 8901 1818
internal_value=0.000333783 -0.0320367 -0.0788975 0.402561 0.272404 0.656861 0.140335 -0.129737 0.701894 0.103686 0.0383081 0.814351 0.385432 0.691713 -0.102519 0.215645 0.182667 2.57484 0.179662 0.0699734 0.0419807 -1.83687 -0.134075 0.185862 -0.247156 0.0577586 -0.0677462 0.382427 0.300694 0.406794
internal_weight=800000 740413 582150 59587 39414 20173 158263 409797 19812 137694 86925 16297 20569 4442 332681 50769 37947 1467 3515 2857 172353 859 174374 43952 77116 134546 158307 5243 16127 6817
internal_count=800000 740413 582150 59587 39414 20173 158263 409797 19812 137694 86925 16297 20569 4442 332681 50769 37947 1467 3515 2857 172353 859 174374 43952 77116 134546 158307 5243 16127 6817
cat_boundaries=0 1 2 3 4 5 6 7 8 9 10 11 12 13 14 15 16
cat_threshold=48 8 11 33 32 8 11 16 6 4 4 20 14 33 1 4
is_linear=0
shrinkage=0.05


Tree=111
num_leaves=31
num_cat=15
split_feature=1 2 1 0 1 0 1 1 0 2 0 2 0 1 2 0 0 1 0 0 1 0 0 0 0 1 0 0 1 1
split_gain=3.75992e+06 2.15879e+06 1.2915e+06 763591 814217 512959 472824 363953 1.11662e+06 193442 191524 166443 3.47075e+06 162164 135906 134260 116597 703747 105131 71237.9 98561.6 55263 53174.3 39841.8 33812.9 23118.2 22810.3 20246.1 19310.7 17595.2
threshold=3.5000000000000004 1.5000000000000002 2.5000000000000004 0 4.5000000000000009 1 1.5000000000000002 1.5000000000000002 2 1.5000000000000002 3 1.5000000000000002 4 2.5000000000000004 1.5000000000000002 5 6 4.5000000000000009 7 8 4.5000000000000009 9 10 11 12 4.5000000000000009 13 14 2.5000000000000004 2.5000000000000004
decision_type=2 2 2 1 2 1 2 2 1 2 1 2 1 2 2 1 1 2 1 1 2 1 1 1 1 2 1 1 2 2
left_child=1 2 6 4 14 10 24 8 -7 -6 13 16 -13 -3 -2 -8 17 -5 26 -18 -21 -4 -17 -10 -1 -14 -9 -23 -20 -12
right_child=3 5 21 11 9 7 15 18 23 -11 29 12 25 -15 -16 22 19 -19 28 20 -22 27 -24 -25 -26 -27 -28 -29 -30 -31
leaf_value=-0.37955948791287497 0.27270865228811669 0.85812138490525802 -0.0012749298554364972 0.10283216392345321 0.6524226559533014 0.054366324675715241 -0.052969820727362629 0.38645385023055323 -1.173002387256157 1.0179711560016405 0.22787146785093118 -6.0203757563723794 0.26288239773337457 0.20115886869211388 0.58229936046123054 -0.10238608186226916 0.14466680302941726 2.6884818600851395 0.15397900843740345 -0.043967602372551172 -1.2221457233167676 0.33847019484459528 -0.15426227524123531 -2.0569434101914754 -0.22707643352174137 0.62572190189071708 0.25837021417406203 0.057800934780344086 0.40329759391188924 0.33289240516580743
leaf_weight=3868 21728 3093 55373 1599 10872 86066 112598 6817 318 5425 7226 227 1319 1349 4236 144901 12052 315 35551 937 219 637 75182 541 73248 658 7607 116343 794 8901
leaf_count=3868 21728 3093 55373 1599 10872 86066 112598 6817 318 5425 7226 227 1319 1349 4236 144901 12052 315 35551 937 219 637 75182 541 73248 658 7607 116343 794 8901
internal_value=0.000312143 -0.0304384 -0.0749539 0.382411 0.496976 0.133306 -0.123251 0.0984878 0.0363706 0.774108 0.36616 0.102622 -0.30325 0.657128 0.323218 -0.0973936 0.161845 0.525624 0.204862 0.108649 -0.264878 0.0398815 -0.120114 -1.74697 -0.234803 0.381715 0.31913 0.0593581 0.159382 0.285659
internal_weight=800000 740413 582150 59587 42261 158263 409797 137694 86925 16297 20569 17326 2204 4442 25964 332681 15122 1914 50769 13208 1156 172353 220083 859 77116 1977 14424 116980 36345 16127
internal_count=800000 740413 582150 59587 42261 158263 409797 137694 86925 16297 20569 17326 2204 4442 25964 332681 15122 1914 50769 13208 1156 172353 220083 859 77116 1977 14424 116980 36345 16127
cat_boundaries=0 1 2 3 4 5 6 7 8 9 10 11 12 13 14 15
cat_threshold=33 11 32 8 8 3 8 20 6 12 12 4 22 16 32
is_linear=0
shrinkage=0.05


Tree=112
num_leaves=31
num_cat=15
split_feature=1 2 1 0 1 0 1 1 0 2 0 2 0 1 2 0 0 1 0 0 1 0 0 0 0 0 1 1 1 0
split_gain=3.39251e+06 1.9482e+06 1.16562e+06 689770 734835 462972 426748 328549 1.00994e+06 174577 172849 151149 3.14545e+06 146353 122656 121169 105227 635131 94910.8 64294.5 88952.7 51202.7 47991.3 35918.9 30691.3 22603.7 21234.8 20864 17427.9 16200.1
threshold=3.5000000000000004 1.5000000000000002 2.5000000000000004 0 4.5000000000000009 1 1.5000000000000002 1.5000000000000002 2 1.5000000000000002 3 1.5000000000000002 4 2.5000000000000004 1.5000000000000002 5 6 4.5000000000000009 7 8 4.5000000000000009 9 10 11 12 13 2.5000000000000004 4.5000000000000009 2.5000000000000004 14
decision_type=2 2 2 1 2 1 2 2 1 2 1 2 1 2 2 1 1 2 1 1 2 1 1 1 1 1 2 2 2 1
left_child=1 2 6 4 14 10 24 8 -7 -6 13 16 -13 -3 -2 29 17 -5 26 -18 -21 -4 -17 -10 -1 -23 -9 -14 -20 -8
right_child=3 5 21 11 9 7 15 18 23 -11 -12 12 27 -15 -16 22 19 -19 28 20 -22 25 -24 -25 -26 -27 -28 -29 -30 -31
leaf_value=-0.5806217250539295 0.25907359261927093 0.81521507410258498 0.075478466798012012 0.097691863115464558 0.61980484998603358 0.051652604930102479 0.0097601403691568878 0.26729291070570971 -1.1161401303803049 0.96707161540369835 0.27137644520072018 -5.7320583810283168 0.24973721370451193 0.1911006014818965 0.55318574376326901 -0.097266632277405951 0.1374393248277366 2.5540575457376149 0.14627905440818059 -0.041769458593655551 -1.1610441878506037 0.033986178405591032 -0.14654980499270825 -1.9559641538644226 -0.22019166698126594 -0.01340760607449209 0.40531887886823648 0.59443365455036101 0.38313192468446211 -0.056310732496294418
leaf_weight=593 21728 3093 59374 1599 10872 86066 10206 10650 318 5425 16127 227 1319 1349 4236 144901 12052 315 35551 937 219 75172 75182 541 76523 37807 3774 658 794 102392
leaf_count=593 21728 3093 59374 1599 10872 86066 10206 10650 318 5425 16127 227 1319 1349 4236 144901 12052 315 35551 937 219 75172 75182 541 76523 37807 3774 658 794 102392
internal_value=0.000291712 -0.0289178 -0.0712062 0.363242 0.472128 0.126635 -0.11709 0.0935567 0.034538 0.735404 0.347853 0.0973216 -0.289454 0.624271 0.307058 -0.0925241 0.153758 0.499344 0.194625 0.103222 -0.251635 0.0378893 -0.114108 -1.66148 -0.223067 0.0181267 0.303197 0.362627 0.151412 -0.0503217
internal_weight=800000 740413 582150 59587 42261 158263 409797 137694 86925 16297 20569 17326 2204 4442 25964 332681 15122 1914 50769 13208 1156 172353 220083 859 77116 112979 14424 1977 36345 112598
internal_count=800000 740413 582150 59587 42261 158263 409797 137694 86925 16297 20569 17326 2204 4442 25964 332681 15122 1914 50769 13208 1156 172353 220083 859 77116 112979 14424 1977 36345 112598
cat_boundaries=0 1 2 3 4 5 6 7 8 9 10 11 12 13 14 15
cat_threshold=33 11 32 8 8 3 8 20 6 49 12 4 4 10 1
is_linear=0
shrinkage=0.05


Tree=113
num_leaves=31
num_cat=15
split_feature=1 2 1 0 1 0 1 1 0 2 0 2 0 1 2 0 0 1 0 0 1 0 0 0 1 0 0 1 1 0
split_gain=3.06101e+06 1.75808e+06 1.05199e+06 623080 663187 417898 385168 296596 913455 157555 155987 137258 2.85063e+06 132084 110698 109359 94964.3 573205 87879 58027.3 80279.5 46211 44191.5 32382.3 30575.3 28181.1 20399.1 18829.9 15879.3 15844.7
threshold=3.5000000000000004 1.5000000000000002 2.5000000000000004 0 4.5000000000000009 1 1.5000000000000002 1.5000000000000002 2 1.5000000000000002 3 1.5000000000000002 4 2.5000000000000004 1.5000000000000002 5 6 4.5000000000000009 7 8 4.5000000000000009 9 10 11 2.5000000000000004 12 13 4.5000000000000009 2.5000000000000004 14
decision_type=2 2 2 1 2 1 2 2 1 2 1 2 1 2 2 1 1 2 1 1 2 1 1 1 2 1 1 2 2 1
left_child=1 2 6 4 14 10 25 8 -7 -6 13 16 -13 -3 -2 -8 17 -5 -9 -18 -21 29 -17 -10 -20 -1 -23 -14 -12 -4
right_child=3 5 21 11 9 7 15 18 23 -11 28 12 27 -15 -16 22 19 -19 24 20 -22 26 -24 -25 -26 -27 -28 -29 -30 -31
leaf_value=-0.48822980980960939 0.24611881697037435 0.77445326895148014 0.31809443513613767 0.092806794928192271 0.58881364980982542 0.049067370203205118 -0.047805759721255905 0.35197887438814202 -1.0620334119331545 0.91871587410500521 0.20291060871907854 -5.4575478179545343 0.23725166284649368 0.18154442350982825 0.52552670234773835 -0.15767223097361294 0.13057271096070319 2.4263522829328266 0.14812516486561997 -0.039680921713341519 -1.1029893918668845 0.032285948584686142 -0.098190299095587991 -1.8599440662917122 0.32031961191350766 -0.20851712405619827 -0.012737405763208438 0.5647145868434732 0.30267912792953239 0.068978388613412031
leaf_weight=913 21728 3093 637 1599 10872 86066 112598 6817 318 5425 7226 227 1319 1349 4236 37765 12052 315 41202 937 219 75172 182318 541 2750 76203 37807 658 8901 58737
leaf_count=913 21728 3093 637 1599 10872 86066 112598 6817 318 5425 7226 227 1319 1349 4236 37765 12052 315 41202 937 219 75172 182318 541 2750 76203 37807 658 8901 58737
internal_value=0.000270589 -0.0274751 -0.0676473 0.345032 0.448521 0.120293 -0.111237 0.0888663 0.0327909 0.698633 0.330466 0.0922941 -0.27628 0.593056 0.291704 -0.0878987 0.146074 0.474376 0.184894 0.0980657 -0.239053 0.0359942 -0.108404 -1.58018 0.158863 -0.211919 0.0172197 0.344498 0.257816 0.0717042
internal_weight=800000 740413 582150 59587 42261 158263 409797 137694 86925 16297 20569 17326 2204 4442 25964 332681 15122 1914 50769 13208 1156 172353 220083 859 43952 77116 112979 1977 16127 59374
internal_count=800000 740413 582150 59587 42261 158263 409797 137694 86925 16297 20569 17326 2204 4442 25964 332681 15122 1914 50769 13208 1156 172353 220083 859 43952 77116 112979 1977 16127 59374
cat_boundaries=0 1 2 3 4 5 6 7 8 9 10 11 12 13 14 15
cat_threshold=33 11 32 8 8 3 8 16 6 49 32 4 14 10 32
is_linear=0
shrinkage=0.05


Tree=114
num_leaves=31
num_cat=15
split_feature=1 2 1 0 1 0 0 1 0 2 0 2 0 1 2 0 1 0 1 0 1 0 1 0 0 1 0 1 0 0
split_gain=2.7619e+06 1.58653e+06 949455 562844 598525 377185 348794 267749 826183 142198 140780 124644 2.58345e+06 119205 99904.1 85703.6 517318 79331.7 65522.3 52370.8 72452.8 49638.5 47550.7 41713.3 29192.8 27594.5 18410.3 16993.7 16637.7 14842.8
threshold=3.5000000000000004 1.5000000000000002 2.5000000000000004 0 4.5000000000000009 1 2 1.5000000000000002 3 1.5000000000000002 4 1.5000000000000002 5 2.5000000000000004 1.5000000000000002 6 4.5000000000000009 7 1.5000000000000002 8 4.5000000000000009 9 1.5000000000000002 10 11 2.5000000000000004 12 4.5000000000000009 13 14
decision_type=2 2 2 1 2 1 1 2 1 2 1 2 1 2 2 1 2 1 2 1 2 1 2 1 1 2 1 2 1 1
left_child=1 2 6 4 14 10 18 8 -7 -6 13 15 -13 -3 -2 16 -5 -9 -1 -17 -21 28 -23 -4 -10 -19 -25 29 -8 -14
right_child=3 5 23 11 9 7 21 17 24 -11 -12 12 27 -15 -16 19 -18 25 -20 20 -22 22 -24 26 -26 -27 -28 -29 -30 -31
leaf_value=-0.19862896300079297 0.23381394013564966 0.73573156938636108 0.068123684430658762 0.088167491027755687 0.55937164735057232 0.046614321827406539 0.015448314863326113 0.33440345455721182 -1.0105512668446799 0.87278415177165103 0.24492528504001362 -5.1961842404136185 0.30837600799689979 0.17246968783300132 0.49924985106200737 0.12404913945768113 2.3050368760124087 0.14071823486939927 -0.13283829649956463 -0.037694998815448973 -1.0478420170474816 -0.47049090871050314 -0.087500731677053259 0.030671498944888693 -1.7686315823812884 0.30430394647771664 -0.012100824961869207 0.53647535666144008 -0.05149439277881529 -0.107551604895283
leaf_weight=76202 21728 3093 59374 1599 10872 86066 10207 6817 318 5425 16127 227 1051 1349 4236 12052 315 41202 75182 937 219 815 144901 75172 541 2750 37807 658 102490 268
leaf_count=76202 21728 3093 59374 1599 10872 86066 10207 6817 318 5425 16127 227 1051 1349 4236 12052 315 41202 75182 937 219 815 144901 75172 541 2750 37807 658 102490 268
internal_value=0.000252015 -0.0261033 -0.0642651 0.327736 0.426095 0.11427 -0.105676 0.0844135 0.0311349 0.663701 0.313943 0.0875255 -0.263706 0.563405 0.27712 0.138775 0.450658 0.175652 -0.165944 0.0931671 -0.227099 -0.0703604 -0.0896367 0.034196 -1.50285 0.150919 0.0163585 0.327271 -0.0454305 0.225389
internal_weight=800000 740413 582150 59587 42261 158263 409797 137694 86925 16297 20569 17326 2204 4442 25964 15122 1914 50769 151384 13208 1156 258413 145716 172353 859 43952 112979 1977 112697 1319
internal_count=800000 740413 582150 59587 42261 158263 409797 137694 86925 16297 20569 17326 2204 4442 25964 15122 1914 50769 151384 13208 1156 258413 145716 172353 859 43952 112979 1977 112697 1319
cat_boundaries=0 1 2 3 4 5 6 7 8 9 10 11 12 13 14 15
cat_threshold=33 11 48 32 8 8 8 16 6 3 49 4 10 1 18
is_linear=0
shrinkage=0.05


Tree=115
num_leaves=31
num_cat=15
split_feature=1 2 1 0 1 0 0 1 0 2 0 2 0 1 2 0 1 0 1 0 1 0 1 0 0 1 0 1 0 0
split_gain=2.49202e+06 1.43173e+06 856893 508409 540165 340448 314788 241714 747253 128328 127049 113161 2.34136e+06 107584 90163.2 77344.3 466880 72775.5 59133 47266.6 65388.3 44797.3 42914.6 37645.3 26317.4 16638.9 16616.7 15328.9 15015.7 14339.4
threshold=3.5000000000000004 1.5000000000000002 2.5000000000000004 0 4.5000000000000009 1 2 1.5000000000000002 3 1.5000000000000002 4 1.5000000000000002 5 2.5000000000000004 1.5000000000000002 6 4.5000000000000009 7 1.5000000000000002 8 4.5000000000000009 9 1.5000000000000002 10 11 2.5000000000000004 12 4.5000000000000009 13 14
decision_type=2 2 2 1 2 1 1 2 1 2 1 2 1 2 2 1 2 1 2 1 2 1 2 1 1 2 1 2 1 1
left_child=1 2 6 4 14 10 18 8 -7 -6 13 15 -13 -3 -2 16 -5 25 -1 -17 -21 28 -23 29 -10 -9 -25 -14 -8 -4
right_child=3 5 23 11 9 7 21 17 24 -11 -12 12 27 -15 -16 19 -18 -19 -20 20 -22 22 -24 26 -26 -27 -28 -29 -30 -31
leaf_value=-0.18869758191182168 0.22212281734497452 0.69894612772041576 0.29908248983910868 0.083756454502365754 0.531403620879908 0.044284416307574938 0.01467581562558604 0.23015501150390916 -0.96156587629783452 0.82913816794821749 0.23268484666425515 -4.9473356158421513 0.2141952171209999 0.16384283798195154 0.47428659582273147 0.11785195356300077 2.189784164428711 0.12903813579718293 -0.12619687457352433 -0.035812406733298129 -0.99544948595299576 -0.44696638259419635 -0.083125389553985726 0.029139381211860195 -1.681805419921875 0.35233467695380749 -0.011495995445260544 0.5096516966457425 -0.048920075818038568 0.062125591352133781
leaf_weight=76202 21728 3093 637 1599 10872 86066 10207 10650 318 5425 16127 227 1319 1349 4236 12052 315 36345 75182 937 219 815 144901 75172 541 3774 37807 658 102490 58737
leaf_count=76202 21728 3093 637 1599 10872 86066 10207 10650 318 5425 16127 227 1319 1349 4236 12052 315 36345 75182 937 219 815 144901 75172 541 3774 37807 658 102490 58737
internal_value=0.000235178 -0.0247993 -0.0610517 0.311308 0.40479 0.10855 -0.100392 0.080185 0.0295629 0.630514 0.298251 0.0830085 -0.251653 0.535235 0.263263 0.13184 0.428123 0.166874 -0.157647 0.0885134 -0.215746 -0.0668423 -0.0851545 0.0324869 -1.42931 0.261941 0.0155415 0.310958 -0.0431594 0.0647177
internal_weight=800000 740413 582150 59587 42261 158263 409797 137694 86925 16297 20569 17326 2204 4442 25964 15122 1914 50769 151384 13208 1156 258413 145716 172353 859 14424 112979 1977 112697 59374
internal_count=800000 740413 582150 59587 42261 158263 409797 137694 86925 16297 20569 17326 2204 4442 25964 15122 1914 50769 151384 13208 1156 258413 145716 172353 859 14424 112979 1977 112697 59374
cat_boundaries=0 1 2 3 4 5 6 7 8 9 10 11 12 13 14 15
cat_threshold=33 11 48 32 8 8 8 20 6 3 49 4 10 1 32
is_linear=0
shrinkage=0.05


Tree=116
num_leaves=31
num_cat=14
split_feature=1 2 1 0 1 0 0 1 0 2 0 2 0 1 2 0 1 0 1 0 1 0 1 0 0 1 0 1 1 0
split_gain=2.24851e+06 1.29203e+06 773356 459257 487490 307295 284093 218204 675862 115819 114654 102761 2.12192e+06 97093.4 81372.5 69800.9 421360 67160.8 53368.9 42659.1 59012.6 40427.5 38730.6 34198.3 23725.1 22633.4 14746 14332.6 13834.6 13552
threshold=3.5000000000000004 1.5000000000000002 2.5000000000000004 0 4.5000000000000009 1 2 1.5000000000000002 3 1.5000000000000002 4 1.5000000000000002 5 2.5000000000000004 1.5000000000000002 6 4.5000000000000009 7 1.5000000000000002 8 4.5000000000000009 9 1.5000000000000002 10 11 2.5000000000000004 12 2.5000000000000004 4.5000000000000009 13
decision_type=2 2 2 1 2 1 1 2 1 2 1 2 1 2 2 1 2 1 2 1 2 1 2 1 1 2 1 2 2 1
left_child=1 2 6 4 14 10 18 8 -7 -6 13 15 -13 -3 -2 16 -5 -9 -1 -17 -21 29 -23 -4 -10 -19 -25 -12 -14 -8
right_child=3 5 23 11 9 7 21 17 24 -11 27 12 28 -15 -16 19 -18 25 -20 20 -22 22 -24 26 -26 -27 -28 -29 -30 -31
leaf_value=-0.17926273368599566 0.21101895854732955 0.6639962491078012 -0.0015124099363048723 0.079569229325180582 0.50483137696345481 0.042070996957982172 0.013941985356477513 0.30459282740817439 -0.91495279073715219 0.78768274563908036 0.16888006472650274 -4.7104078719384566 0.20348512687133602 0.15565166045684475 0.45057477275080227 0.11196587636802469 2.0802972381834 0.12654032955574276 -0.11988633820434125 -0.034019416780583761 -0.94567253600516821 -0.42461841489639751 -0.078968825253953878 0.28435895910955838 -1.5992398118366997 0.27469278730912644 0.04485636177101348 0.26366548825349584 0.48417099775876687 -0.046474880867702212
leaf_weight=76202 21728 3093 55373 1599 10872 86066 10207 6817 318 5425 7226 227 1319 1349 4236 12052 315 41202 75182 937 219 815 144901 637 541 2750 116343 8901 658 102490
leaf_count=76202 21728 3093 55373 1599 10872 86066 10207 6817 318 5425 7226 227 1319 1349 4236 12052 315 41202 75182 937 219 815 144901 637 541 2750 116343 8901 658 102490
internal_value=0.00021942 -0.0235605 -0.0579989 0.295703 0.384551 0.103116 -0.0953727 0.0761677 0.0280704 0.598988 0.283344 0.0787202 -0.240193 0.508471 0.250102 0.125253 0.406718 0.158533 -0.149765 0.084094 -0.204956 -0.0635004 -0.0808965 0.0308633 -1.35936 0.135779 0.0461847 0.221058 0.295411 -0.0410022
internal_weight=800000 740413 582150 59587 42261 158263 409797 137694 86925 16297 20569 17326 2204 4442 25964 15122 1914 50769 151384 13208 1156 258413 145716 172353 859 43952 116980 16127 1977 112697
internal_count=800000 740413 582150 59587 42261 158263 409797 137694 86925 16297 20569 17326 2204 4442 25964 15122 1914 50769 151384 13208 1156 258413 145716 172353 859 43952 116980 16127 1977 112697
cat_boundaries=0 1 2 3 4 5 6 7 8 9 10 11 12 13 14
cat_threshold=33 11 48 32 8 8 8 16 6 3 12 4 32 1
is_linear=0
shrinkage=0.05


Tree=117
num_leaves=31
num_cat=13
split_feature=1 2 1 0 1 0 0 1 0 2 0 2 0 1 2 0 1 0 1 0 1 0 1 0 0 1 0 1 1 1
split_gain=2.02878e+06 1.16595e+06 697967 414861 439969 277357 256395 196970 611294 104526 103478 93315 1.92304e+06 87626.6 73439.8 62993.3 380277 60630.8 48165.5 38501 53259 36487 34954.2 32164.2 21388.4 20428.7 13647.6 13527.3 12935.4 12485.4
threshold=3.5000000000000004 1.5000000000000002 2.5000000000000004 0 4.5000000000000009 1 2 1.5000000000000002 3 1.5000000000000002 4 1.5000000000000002 5 2.5000000000000004 1.5000000000000002 6 4.5000000000000009 7 1.5000000000000002 8 4.5000000000000009 9 1.5000000000000002 10 11 2.5000000000000004 12 2.5000000000000004 2.5000000000000004 4.5000000000000009
decision_type=2 2 2 1 2 1 1 2 1 2 1 2 1 2 2 1 2 1 2 1 2 1 2 1 1 2 1 2 2 2
left_child=1 2 6 4 14 10 18 8 -7 -6 13 15 -13 -3 -2 16 -5 27 -1 -17 -21 -8 -23 -4 -10 -19 -25 -9 -12 -14
right_child=3 5 23 11 9 7 21 17 24 -11 28 12 29 -15 -16 19 -18 25 -20 20 -22 22 -24 26 -26 -27 -28 -29 -30 -31
leaf_value=-0.17030001020798213 0.20046646569105242 0.63079913433724311 0.059113186627534078 0.075589574792371689 0.47959211949831959 0.039969053232535218 -0.038951932871701428 0.24733356779922269 -0.87059851768540186 0.74830107499926868 0.16043518357104686 -4.4848243310984683 0.19331248762753989 0.14787232874056602 0.42804622912992274 0.10637138518226066 1.9762798715016201 0.12020980863106852 -0.11389237074164343 -0.032319044990498841 -0.89839034232919079 -0.40338729952010643 -0.075020895901272977 0.025981251864151556 -1.5207318619245194 0.26096171306263316 -0.010845163213546928 0.40660321882980233 0.25048194763004455 0.4599609756179856
leaf_weight=76202 21728 3093 59374 1599 10872 86066 112697 4999 318 5425 7226 227 1319 1349 4236 12052 315 41202 75182 937 219 815 144901 75172 541 2750 37807 1818 8901 658
leaf_count=76202 21728 3093 59374 1599 10872 86066 112697 4999 318 5425 7226 227 1319 1349 4236 12052 315 41202 75182 937 219 815 144901 75172 541 2750 37807 1818 8901 658
internal_value=0.000204218 -0.022384 -0.0550989 0.280879 0.365324 0.0979536 -0.0906043 0.0723512 0.026654 0.569041 0.269177 0.0746509 -0.229251 0.483051 0.237596 0.118993 0.38638 0.150607 -0.142277 0.0798927 -0.194709 -0.0603256 -0.0768522 0.029321 -1.29284 0.128987 0.0136579 0.289384 0.210005 0.280641
internal_weight=800000 740413 582150 59587 42261 158263 409797 137694 86925 16297 20569 17326 2204 4442 25964 15122 1914 50769 151384 13208 1156 258413 145716 172353 859 43952 112979 6817 16127 1977
internal_count=800000 740413 582150 59587 42261 158263 409797 137694 86925 16297 20569 17326 2204 4442 25964 15122 1914 50769 151384 13208 1156 258413 145716 172353 859 43952 112979 6817 16127 1977
cat_boundaries=0 1 2 3 4 5 6 7 8 9 10 11 12 13
cat_threshold=33 11 48 32 8 8 8 16 6 3 49 4 10
is_linear=0
shrinkage=0.05


Tree=118
num_leaves=31
num_cat=14
split_feature=1 2 1 0 1 0 0 1 0 2 0 2 0 1 2 0 1 0 1 0 1 0 1 0 0 0 0 1 1 1
split_gain=1.83053e+06 1.05216e+06 629922 374755 397074 250338 231396 177816 552891 94336.5 93387.7 84737.1 1.7428e+06 79082.9 66276.2 56851.2 343200 55838.4 43469.9 34748.4 48066 32931 31546.1 29029.3 19281.4 12317.9 12231.8 12185.7 11673.1 11664.7
threshold=3.5000000000000004 1.5000000000000002 2.5000000000000004 0 4.5000000000000009 1 2 1.5000000000000002 3 1.5000000000000002 4 1.5000000000000002 5 2.5000000000000004 1.5000000000000002 6 4.5000000000000009 7 1.5000000000000002 8 4.5000000000000009 9 1.5000000000000002 10 11 12 13 2.5000000000000004 2.5000000000000004 2.5000000000000004
decision_type=2 2 2 1 2 1 1 2 1 2 1 2 1 2 2 1 2 1 2 1 2 1 2 1 1 1 1 2 2 2
left_child=1 2 6 4 14 10 18 8 -7 -6 13 15 -13 -3 -2 16 -5 27 -1 -17 -21 26 -23 -4 -10 -25 -8 -9 -12 -19
right_child=3 5 23 11 9 7 21 17 24 -11 28 12 -14 -15 -16 19 -18 29 -20 20 -22 22 -24 25 -26 -27 -28 -29 -30 -31
leaf_value=-0.1617853614039404 0.19044365125745316 0.59925781921241184 0.056158511468892981 0.071812808565828043 0.45561212603882711 0.03796954685673682 0.015192536793425322 0.19914625195606217 -0.82839513232068329 0.71088761840328096 0.15241618270676716 -4.2700436459311959 0.26660928145448465 0.14047761087156033 0.40663924118727302 0.10105692506370173 1.8774698529924667 0.10573633754676895 -0.10819774420896706 -0.030704410200821299 -0.85346996882190451 -0.38321845821076378 -0.071270422430318378 0.024682759560006619 -1.4460747180530251 -0.010303642545708598 -0.042203365814860276 0.30370566467159821 0.23795647298388367 0.29950955796902368
leaf_weight=76202 21728 3093 59374 1599 10872 86066 10207 10650 318 5425 7226 227 1977 1349 4236 12052 315 35551 75182 937 219 815 144901 75172 541 37807 102490 3774 8901 794
leaf_count=76202 21728 3093 59374 1599 10872 86066 10207 10650 318 5425 7226 227 1977 1349 4236 12052 315 35551 75182 937 219 815 144901 75172 541 37807 102490 3774 8901 794
internal_value=0.00018976 -0.0212664 -0.0523439 0.266798 0.347057 0.0930484 -0.0860743 0.068725 0.0253065 0.540589 0.255718 0.0707921 -0.218806 0.458897 0.225716 0.113047 0.367064 0.143078 -0.135163 0.0759017 -0.184974 -0.0573095 -0.0730102 0.0278554 -1.22958 0.0129751 -0.0370041 0.226347 0.199505 0.109939
internal_weight=800000 740413 582150 59587 42261 158263 409797 137694 86925 16297 20569 17326 2204 4442 25964 15122 1914 50769 151384 13208 1156 258413 145716 172353 859 112979 112697 14424 16127 36345
internal_count=800000 740413 582150 59587 42261 158263 409797 137694 86925 16297 20569 17326 2204 4442 25964 15122 1914 50769 151384 13208 1156 258413 145716 172353 859 112979 112697 14424 16127 36345
cat_boundaries=0 1 2 3 4 5 6 7 8 9 10 11 12 13 14
cat_threshold=33 11 48 32 8 8 8 20 6 3 49 4 10 1
is_linear=0
shrinkage=0.05


Tree=119
num_leaves=31
num_cat=14
split_feature=1 0 2 1 2 1 1 0 0 1 0 0 1 0 2 1 1 0 1 0 1 0 2 0 2 0 0 1 0 0
split_gain=1.65168e+06 3.06599e+06 2.99004e+06 3.98694e+06 949474 568512 399053 225956 208833 160518 500069 84280.9 71371.9 53202.7 1.71402e+06 309737 59423.2 51307 39228.8 29718.4 28470.4 27790.7 61667.9 40015.2 26813.7 26199.3 17381.9 15987 12482.9 11664
threshold=3.5000000000000004 0 1.5000000000000002 4.5000000000000009 1.5000000000000002 2.5000000000000004 4.5000000000000009 1 2 1.5000000000000002 3 4 2.5000000000000004 5 1.5000000000000002 4.5000000000000009 4.5000000000000009 6 1.5000000000000002 7 1.5000000000000002 8 1.5000000000000002 9 1.5000000000000002 10 11 2.5000000000000004 12 13
decision_type=2 1 2 2 2 2 2 1 1 2 1 1 2 1 2 2 2 1 2 1 2 1 2 1 2 1 1 2 1 1
left_child=4 2 6 -4 5 8 -2 11 18 10 -9 12 -6 14 15 -3 24 -11 -1 -10 -21 -18 23 -23 -15 29 -12 -19 -26 -7
right_child=1 13 3 -5 7 25 -8 9 19 17 26 -13 -14 16 -16 -17 21 27 -20 20 -22 22 -24 -25 28 -27 -28 -29 -30 -31
leaf_value=-0.15369500133209738 0.57162713103899288 0.06822125984774001 1.3590660695626704 7.6885975409425589 0.56929404881638002 0.26468519243243305 1.4446818628501445 0.036070393707191721 -0.03515467784601211 0.26357975152779661 -0.78823794126510627 0.18953140347414821 0.13345416792239678 0.05700578534718112 -4.2446497963388587 1.7835928175184463 0.21011539718378508 0.10827410007112206 -0.10278863409359532 -0.36405736069006428 -0.067706659039419664 -0.036890786041868198 0.62103377405802407 -0.7753940015901124 0.20412816401008224 0.012326943079588332 -1.375084107497643 0.23278797260631215 -0.14466892832474743 0.051014873123409202
leaf_weight=76202 5644 1599 710 383 3093 637 1704 86066 112697 6817 318 16127 1349 26435 227 315 16263 41202 75182 815 144901 943 300 219 4577 112979 541 2750 268 58737
leaf_count=76202 5644 1599 710 383 3093 637 1704 86066 112697 6817 318 16127 1349 26435 227 315 16263 41202 75182 815 144901 943 300 219 4577 112979 541 2750 268 58737
internal_value=0.000176523 0.253426 1.13568 3.57701 -0.0202045 -0.0497266 0.774088 0.0883886 -0.0817707 0.06528 0.0240274 0.242933 0.435952 0.107578 -0.136038 0.350532 0.118247 0.135924 -0.128405 -0.0544443 -0.0693594 0.191413 -0.0179429 -0.183066 0.0768244 0.0264633 -1.16941 0.116038 0.184957 0.0533514
internal_weight=800000 59587 8441 1093 740413 582150 7348 158263 409797 137694 86925 20569 4442 51146 2141 1914 49005 50769 151384 258413 145716 17725 1462 1162 31280 172353 859 43952 4845 59374
internal_count=800000 59587 8441 1093 740413 582150 7348 158263 409797 137694 86925 20569 4442 51146 2141 1914 49005 50769 151384 258413 145716 17725 1462 1162 31280 172353 859 43952 4845 59374
cat_boundaries=0 1 2 3 4 5 6 7 8 9 10 11 12 13 14
cat_threshold=34 11 48 32 8 8 16 3 1 4 49 4 17 32
is_linear=0
shrinkage=0.05


Tree=120
num_leaves=31
num_cat=16
split_feature=1 2 1 0 1 0 0 1 0 2 0 2 0 1 2 0 1 0 1 0 1 0 1 0 0 0 0 0 0 1
split_gain=1.49059e+06 856840 513082 391753 342105 203946 188475 144898 452296 99972 1.36735e+06 83966 76060.1 64413.4 55052.1 52911.7 279539 46494.4 35405.1 26819.4 25694.6 24999.3 38883.4 24475.3 15668.7 13475.5 12183 11583.7 11039.8 10534.9
threshold=3.5000000000000004 1.5000000000000002 2.5000000000000004 0 4.5000000000000009 1 2 1.5000000000000002 3 1.5000000000000002 4 1.5000000000000002 5 2.5000000000000004 1.5000000000000002 6 4.5000000000000009 7 1.5000000000000002 8 1.5000000000000002 9 4.5000000000000009 10 11 12 13 14 15 2.5000000000000004
decision_type=2 2 2 1 2 1 1 2 1 2 1 2 1 2 2 1 2 1 2 1 2 1 2 1 1 1 1 1 1 2
left_child=1 2 6 4 14 12 18 8 -7 15 -11 -6 13 -3 -2 16 -5 -9 27 28 -21 -17 -23 -4 -10 -12 -25 -1 -8 -14
right_child=3 5 23 9 11 7 19 17 24 10 25 -13 29 -15 -16 21 -18 -19 -20 20 -22 22 -24 26 -26 -27 -28 -29 -30 -31
leaf_value=-0.1418708872447442 0.17802877012689616 0.54082885446997098 -0.010405463308894244 0.064808561236803203 0.42227255282286252 0.034269700071848125 0.016188755587984511 0.20511050920035845 -0.75003131976941739 -3.8622727019877376 0.3471379106149734 0.66310836767381243 0.13531934271434851 0.12678024943799246 0.37506892382254348 0.071815441169068309 1.6944148314945282 0.098891628072835969 -0.097648982753592822 -0.34585378401118555 -0.064320530868613363 -0.032017742226192518 -0.77203058913418143 0.25165689813298459 -1.3075754542965206 0.066329747276390238 0.034077987418164313 -0.23996661748488124 -0.038336378829072162 0.21658236315351914
leaf_weight=73025 21728 3093 37807 1599 10872 86066 10207 14424 318 227 626 5425 7226 1349 4236 12052 315 36345 75182 815 144901 937 219 637 541 1351 133909 3177 102490 8901
leaf_count=73025 21728 3093 37807 1599 10872 86066 10207 14424 318 227 626 5425 7226 1349 4236 12052 315 36345 75182 815 144901 937 219 637 541 1351 133909 3177 102490 8901
internal_value=0.000166552 -0.0191951 -0.0472401 0.240749 0.322805 0.0839647 -0.0776819 0.0620104 0.0228164 0.0403916 -0.274185 0.502443 0.23079 0.414153 0.210176 0.0862672 0.331273 0.129129 -0.121985 -0.0517216 -0.0658906 0.0504738 -0.170734 0.0251403 -1.11218 0.156545 0.0351267 -0.146011 -0.033397 0.180059
internal_weight=800000 740413 582150 59587 42261 158263 409797 137694 86925 17326 2204 16297 20569 4442 25964 15122 1914 50769 151384 258413 145716 13208 1156 172353 859 1977 134546 76202 112697 16127
internal_count=800000 740413 582150 59587 42261 158263 409797 137694 86925 17326 2204 16297 20569 4442 25964 15122 1914 50769 151384 258413 145716 13208 1156 172353 859 1977 134546 76202 112697 16127
cat_boundaries=0 1 2 3 4 5 6 7 8 9 10 11 12 13 14 15 16
cat_threshold=33 11 48 32 8 8 8 20 3 6 4 4 16 32 32 1
is_linear=0
shrinkage=0.05


Tree=121
num_leaves=31
num_cat=15
split_feature=1 2 1 0 1 0 0 1 0 1 2 0 0 2 0 2 0 1 0 2 0 1 0 1 0 0 1 1 0 0
split_gain=1.34495e+06 773210 463071 353807 308758 184080 170106 130815 409083 94049.8 858052 1.09096e+06 279201 78203.3 109337 75779.4 68645.4 58133.9 50810 49684.6 43475 31956.6 24206.6 23189.3 22740.7 14124.6 13694.6 11379.3 10503.4 10462.5
threshold=3.5000000000000004 1.5000000000000002 2.5000000000000004 0 4.5000000000000009 1 2 1.5000000000000002 3 4.5000000000000009 1.5000000000000002 4 5 1.5000000000000002 6 1.5000000000000002 7 2.5000000000000004 8 1.5000000000000002 9 1.5000000000000002 10 1.5000000000000002 11 12 2.5000000000000004 2.5000000000000004 13 14
decision_type=2 2 2 1 2 1 1 2 1 2 2 1 1 2 1 2 1 2 1 2 1 2 1 2 1 1 2 2 1 1
left_child=1 2 6 4 19 16 21 8 -7 13 12 -12 -11 -5 -15 -6 17 -3 -14 -2 27 29 -8 -24 -4 -10 -22 -9 -26 -1
right_child=3 5 24 9 15 7 22 20 25 10 11 -13 18 14 -16 -17 -18 -19 -20 -21 26 -23 23 -25 28 -27 -28 -29 -30 -31
leaf_value=-0.1347784102189106 0.16912426975760089 0.51378988638072198 0.051503108950009313 0.058118788986525276 0.40115968665276669 0.032553456546349661 -0.031726295278276855 0.201574511507984 -0.71367305866101893 1.5601673519427961 -3.4071899819489264 0.55827973458074753 0.074927798174659291 0.95833452751762005 0.086657066407956576 0.62995386019939659 0.1710559859737969 0.12044073603964454 -0.70139745687293176 0.35631265667837897 0.097185926648935217 -0.092766590072235255 -0.32856154365773582 -0.061104945997077213 -0.0098849602188435977 -1.2433815736303313 0.21242718602960761 0.34765282584757956 0.021936769823921537 -0.22800526662347159
leaf_weight=73025 21728 3093 52023 11950 10872 86066 112697 4999 318 315 404 300 2638 598 902 5425 16127 1349 219 4236 41202 75182 815 144901 37807 541 2750 1818 82523 3177
leaf_count=73025 21728 3093 52023 11950 10872 86066 112697 4999 318 315 404 300 2638 598 902 5425 16127 1349 219 4236 41202 75182 815 144901 37807 541 2750 1818 82523 3177
internal_value=0.000154702 -0.0182368 -0.044878 0.228683 0.306664 0.0797595 -0.0737982 0.0589018 0.021661 0.0382759 -0.178707 -1.75783 0.171766 0.100834 0.441132 0.477321 0.219251 0.393447 0.0131806 0.199664 0.122676 -0.115887 -0.0491354 -0.0625966 0.0238844 -1.05775 0.104373 0.240179 0.0119386 -0.138713
internal_weight=800000 740413 582150 59587 42261 158263 409797 137694 86925 17326 3876 704 3172 13450 1500 16297 20569 4442 2857 25964 50769 151384 258413 145716 172353 859 43952 6817 120330 76202
internal_count=800000 740413 582150 59587 42261 158263 409797 137694 86925 17326 3876 704 3172 13450 1500 16297 20569 4442 2857 25964 50769 151384 258413 145716 172353 859 43952 6817 120330 76202
cat_boundaries=0 1 2 3 4 5 6 7 8 9 10 11 12 13 14 15
cat_threshold=33 11 48 32 10 8 24 8 6 16 3 33 4 4 32
is_linear=0
shrinkage=0.05


Tree=122
num_leaves=31
num_cat=14
split_feature=1 2 1 0 1 0 0 1 0 1 0 2 0 2 0 1 2 0 1 0 1 0 2 0 0 0 1 1 0 1
split_gain=1.21377e+06 697781 417934 319382 278653 166157 153524 118082 370003 85061.3 783797 70713.7 69189.7 68391.3 61948.3 52466 44839.2 39237.5 28844.1 21845.3 20928.3 20525.7 14466.7 46049.1 15685.2 12733.3 12358.8 10269.5 9964.23 9507.76
threshold=3.5000000000000004 1.5000000000000002 2.5000000000000004 0 4.5000000000000009 1 2 1.5000000000000002 3 4.5000000000000009 4 1.5000000000000002 5 1.5000000000000002 6 2.5000000000000004 1.5000000000000002 7 1.5000000000000002 8 1.5000000000000002 9 1.5000000000000002 10 11 12 2.5000000000000004 2.5000000000000004 13 2.5000000000000004
decision_type=2 2 2 1 2 1 1 2 1 2 1 2 1 2 1 2 2 1 2 1 2 1 2 1 1 1 2 2 1 2
left_child=1 2 6 4 16 14 18 8 -7 11 -11 -5 -13 -6 15 -3 -2 27 -1 28 -21 -4 23 -12 -24 -10 -19 -9 -8 -16
right_child=3 5 21 9 13 7 19 17 25 10 22 12 -14 -15 29 -17 -18 26 -20 20 -22 -23 24 -25 -26 -27 -28 -29 -30 -31
leaf_value=-0.13177982366841276 0.16067104797826776 0.48810050195758103 0.048929852965362272 0.055211639907070786 0.38110351418641847 0.030928508069492072 0.016965330707661687 0.19149815558814889 -0.67907319475964811 -2.3554887473422563 0.071198030360875894 0.72661993564258931 0.042694816314916818 0.59845856811593756 0.12000188548050857 0.11441832903670418 0.33849775493426409 0.092326280574336589 -0.088128434332138031 -0.31213357586070806 -0.058050051837950395 0.011341509135712099 0.039717442185982416 -0.66786169526878925 0.53126262049521178 -1.182344247641451 0.20180301014293325 0.33027027301137862 -0.034833647832637885 0.19720193567255645
leaf_weight=76202 21728 3093 52023 11950 10872 86066 10207 4999 318 361 2638 815 685 5425 7226 1349 4236 41202 75182 815 144901 120330 358 219 300 541 2750 1818 102490 8901
leaf_count=76202 21728 3093 52023 11950 10872 86066 10207 4999 318 361 2638 815 685 5425 7226 1349 4236 41202 75182 815 144901 120330 358 219 300 541 2750 1818 102490 8901
internal_value=0.000145344 -0.0173263 -0.0426347 0.217243 0.291333 0.0757675 -0.0701093 0.0559512 0.0205694 0.0363363 -0.170017 0.09583 0.419423 0.453457 0.208294 0.373775 0.189683 0.116542 -0.110094 -0.0466793 -0.0594671 0.0226907 0.0609644 0.0124578 0.272504 -1.00599 0.0991535 0.228172 -0.0301411 0.16251
internal_weight=800000 740413 582150 59587 42261 158263 409797 137694 86925 17326 3876 13450 1500 16297 20569 4442 25964 50769 151384 258413 145716 172353 3515 2857 658 859 43952 6817 112697 16127
internal_count=800000 740413 582150 59587 42261 158263 409797 137694 86925 17326 3876 13450 1500 16297 20569 4442 25964 50769 151384 258413 145716 172353 3515 2857 658 859 43952 6817 112697 16127
cat_boundaries=0 1 2 3 4 5 6 7 8 9 10 11 12 13 14
cat_threshold=33 11 48 32 8 10 8 16 3 33 6 2 4 1
is_linear=0
shrinkage=0.05


Tree=123
num_leaves=31
num_cat=14
split_feature=1 0 2 1 2 1 1 0 0 1 0 0 1 1 0 0 2 1 0 1 0 2 0 2 0 2 0 0 0 1
split_gain=1.09531e+06 2.96067e+06 2.76468e+06 3.83304e+06 629664 377184 358588 149969 138656 106600 334653 55909.2 50754 47349.7 35675.9 31053.8 1.40898e+06 267307 23327.5 21965.1 19511.1 13740.6 12069.7 44796.5 25506.3 22233.3 11478.2 10525.6 9125.56 8625.02
threshold=3.5000000000000004 0 1.5000000000000002 4.5000000000000009 1.5000000000000002 2.5000000000000004 4.5000000000000009 1 2 1.5000000000000002 3 4 1.5000000000000002 2.5000000000000004 5 6 1.5000000000000002 4.5000000000000009 7 4.5000000000000009 8 1.5000000000000002 9 1.5000000000000002 10 1.5000000000000002 11 12 13 2.5000000000000004
decision_type=2 1 2 2 2 2 2 1 1 2 1 1 2 2 1 1 2 2 1 2 1 2 1 2 1 2 1 1 1 2
left_child=4 2 6 -4 5 8 -2 11 -1 10 -9 13 -10 -6 -11 16 17 -3 28 21 -7 -17 25 24 -24 -21 -12 -22 -14 -16
right_child=1 15 3 -5 7 20 -8 9 12 14 26 -13 18 -15 29 19 -18 -19 -20 22 27 -23 23 -25 -26 -27 -28 -29 -30 -31
leaf_value=-0.11438373838435012 0.53368463644653585 0.055904748396548423 1.2461144250547385 7.4522810577412502 0.46369388837317915 -0.002897537563284645 1.3612922158599461 0.029379906422354329 -0.22379932740415931 0.17726934397172711 -0.64615617612513099 0.15438246772200187 0.012331824215856865 0.10869900146354297 0.080613905685178872 0.031844651787001903 -3.8480910498665297 1.6494593798925008 -0.061609241735024335 0.16932347562885258 0.23432210188192049 0.12343928983706071 -0.045846974912245153 0.52240847524007161 -0.63592354054013711 0.045186604199586089 -1.1242998486638285 0.032007499997369286 -0.036550888935290807 0.24723737293887199
leaf_weight=110790 5644 1599 710 383 3093 55373 1704 86066 4091 14424 318 16127 10206 1349 35551 26435 227 315 136609 10863 637 4845 943 300 219 5400 541 116343 148101 794
leaf_count=110790 5644 1599 710 383 3093 55373 1704 86066 4091 14424 318 16127 10206 1349 35551 26435 227 315 136609 10863 637 4845 943 300 219 5400 541 116343 148101 794
internal_value=0.000135938 0.206368 1.07333 3.42083 -0.0164612 -0.0405026 0.725607 0.071972 -0.0666034 0.0531458 0.0195281 0.197877 -0.0488941 0.355085 0.110716 0.063064 -0.122987 0.318167 -0.0464695 0.0712159 0.0215563 0.0460319 0.115699 -0.0221441 -0.162925 0.128026 -0.956765 0.0331291 -0.0333989 0.0842308
internal_weight=800000 59587 8441 1093 740413 582150 7348 158263 409797 137694 86925 20569 299007 4442 50769 51146 2141 1914 294916 49005 172353 31280 17725 1462 1162 16263 859 116980 158307 36345
internal_count=800000 59587 8441 1093 740413 582150 7348 158263 409797 137694 86925 20569 299007 4442 50769 51146 2141 1914 294916 49005 172353 31280 17725 1462 1162 16263 859 116980 158307 36345
cat_boundaries=0 1 2 3 4 5 6 7 8 9 10 11 12 13 14
cat_threshold=34 11 32 32 8 20 8 11 12 1 4 4 32 1
is_linear=0
shrinkage=0.05


Tree=124
num_leaves=31
num_cat=15
split_feature=1 2 1 0 1 0 1 2 0 1 0 2 0 1 0 1 0 2 0 0 0 0 0 0 1 0 1 0 1 1
split_gain=988469 568235 340414 340188 242611 135366 126129 115168 1.06952e+06 96232.9 302682 64472.7 51677.6 241244 50453.5 42733.9 39938 37855.5 33233 18668.1 17774.6 16988.4 15683.4 15206.3 25179 10347 10070.6 9760.61 9268.49 8581.21
threshold=3.5000000000000004 1.5000000000000002 2.5000000000000004 0 4.5000000000000009 1 1.5000000000000002 1.5000000000000002 2 1.5000000000000002 3 1.5000000000000002 4 4.5000000000000009 5 2.5000000000000004 6 1.5000000000000002 7 8 9 10 11 12 4.5000000000000009 13 2.5000000000000004 14 2.5000000000000004 2.5000000000000004
decision_type=2 2 2 1 2 1 2 2 1 2 1 2 1 2 1 2 1 2 1 1 1 1 1 1 2 1 2 1 2 2
left_child=1 2 6 4 17 14 19 12 -9 10 -7 -6 13 -5 15 -3 -8 -2 28 -1 -4 -10 -18 -14 -25 -12 -20 -22 -11 -16
right_child=3 5 20 7 11 9 16 8 21 18 25 -13 23 -15 29 -17 22 -19 26 -21 27 -23 -24 24 -26 -27 -28 -29 -30 -31
leaf_value=-0.22810036441356388 0.15100159717940442 0.44050857744053507 -0.0098122509561620365 0.053109064990837479 0.35353354888421989 0.027912122666256884 -0.031729201780710391 -3.5014386044272898 0.26670413767016909 0.17305846589163415 -0.61483289090598503 0.56456985252134262 0.039916141775191635 1.5669840434240916 0.10628169964562816 0.1032604445520377 -0.058528254809575145 0.31439431753217106 0.083018492462623356 -0.11517985182717912 0.22278970662372008 -0.046530895492419178 -0.094968927137272632 -0.037678060765709162 -0.63317049801621816 -1.0691053456273572 0.1818423739346591 0.02805094042589807 0.30489404760178168 0.17962367834636114
leaf_weight=3868 21728 3093 37807 1599 10872 86066 158307 227 626 4999 318 5425 12052 315 7226 1349 136609 4236 41202 73248 637 1351 37765 937 219 541 2750 133909 1818 8901
leaf_count=3868 21728 3093 37807 1599 10872 86066 158307 227 626 4999 318 5425 12052 315 7226 1349 136609 4236 41202 73248 637 1351 37765 937 219 541 2750 133909 1818 8901
internal_value=0.000128103 -0.0156388 -0.0384773 0.196043 0.272507 0.06837 -0.0632733 0.00937215 -0.328288 0.0504839 0.0185427 0.423784 0.0585915 0.300687 0.187988 0.33733 -0.0499181 0.177659 0.105183 -0.120888 0.0204791 0.0534954 -0.0664254 0.0232637 -0.149201 -0.909945 0.0891814 0.0289894 0.207912 0.146671
internal_weight=800000 740413 582150 59587 42261 158263 409797 17326 2204 137694 86925 16297 15122 1914 20569 4442 332681 25964 50769 77116 172353 1977 174374 13208 1156 859 43952 134546 6817 16127
internal_count=800000 740413 582150 59587 42261 158263 409797 17326 2204 137694 86925 16297 15122 1914 20569 4442 332681 25964 50769 77116 172353 1977 174374 13208 1156 859 43952 134546 6817 16127
cat_boundaries=0 1 2 3 4 5 6 7 8 9 10 11 12 13 14 15
cat_threshold=33 11 8 32 8 8 11 16 22 4 16 20 6 4 32
is_linear=0
shrinkage=0.05


Tree=125
num_leaves=31
num_cat=16
split_feature=1 2 0 1 1 0 1 0 0 1 1 2 0 0 1 2 0 2 0 2 0 1 0 0 0 1 0 0 0 0
split_gain=891866 512793 307252 307236 218960 122332 3.1028e+06 7.03422e+06 704698 308399 118142 904469 1.09691e+06 251374 113837 74744 139171 58188.6 36046.8 34163.7 30159.5 24805.3 16890.5 16857.3 14154.4 9155.42 40071.2 17793 8236.17 7617.99
threshold=3.5000000000000004 1.5000000000000002 0 2.5000000000000004 4.5000000000000009 1 1.5000000000000002 2 3 2.5000000000000004 4.5000000000000009 1.5000000000000002 4 5 1.5000000000000002 1.5000000000000002 6 1.5000000000000002 7 1.5000000000000002 8 1.5000000000000002 9 10 11 2.5000000000000004 12 13 14 15
decision_type=2 2 1 2 2 1 2 1 1 2 2 2 1 1 2 2 1 2 1 2 1 2 1 1 1 2 1 1 1 1
left_child=1 3 4 14 19 21 7 -7 9 -8 15 13 -13 -12 23 -4 -17 -6 28 -2 -15 -3 29 -1 -20 26 -10 -27 -16 -5
right_child=2 5 10 22 17 6 8 -9 25 -11 11 12 -14 20 18 16 -18 -19 24 -21 -22 -23 -24 -25 -26 27 -28 -29 -30 -31
leaf_value=-0.21672529484452263 0.14345195313616599 0.026521916188128426 0.037144947828109294 0.21182079315185548 0.33585767075803197 -1.0166217450870576 -0.81265367668741484 7.3486517562003844 -0.21211270438235941 0.098102507757380608 1.44283312694843 -3.508944972356161 0.4719720729704826 0.022909038520651643 0.013300522846828334 0.99494544769588278 0.013662705923381605 0.53634566186650012 -0.055602709776673601 0.29867303002207096 -0.57524171021307402 0.075784179675954633 0.0081060442784261968 -0.10942134105647278 -0.090221543282408501 0.24166808301542342 0.1454906652465566 0.12227615800537617 -0.033136848161443196 0.039157324502694851
leaf_weight=3868 21728 86066 11950 637 10872 541 2989 460 814 1349 315 404 300 2638 10206 598 902 5425 136609 4236 219 36345 112979 73248 37765 6598 17024 6077 148101 58737
leaf_count=3868 21728 86066 11950 637 10872 541 2989 460 814 1349 315 404 300 2638 10206 598 902 5425 136609 4236 219 36345 112979 73248 37765 6598 17024 6077 148101 58737
internal_value=0.000118806 -0.0148578 0.186214 -0.0365536 0.258883 0.0649475 0.146165 2.89082 0.0673743 -0.528216 0.00881005 -0.234401 -1.85567 0.125427 -0.0601103 0.0789048 0.411591 0.402597 -0.0474225 0.168776 -0.024788 0.041145 0.0194561 -0.114846 -0.063105 0.152172 0.129135 0.184713 -0.0301424 0.0410451
internal_weight=800000 740413 59587 582150 42261 158263 35852 1001 34851 4338 17326 3876 704 3172 409797 13450 1500 16297 332681 25964 2857 122411 172353 77116 174374 30513 17838 12675 158307 59374
internal_count=800000 740413 59587 582150 42261 158263 35852 1001 34851 4338 17326 3876 704 3172 409797 13450 1500 16297 332681 25964 2857 122411 172353 77116 174374 30513 17838 12675 158307 59374
cat_boundaries=0 1 2 3 4 5 6 7 8 9 10 11 12 13 14 15 16
cat_threshold=33 32 16 8 10 8 24 11 6 49 22 20 1 17 1 32
is_linear=0
shrinkage=0.05


Tree=126
num_leaves=31
num_cat=17
split_feature=1 2 0 1 1 0 1 0 1 2 0 0 1 2 0 2 1 1 0 2 0 0 0 0 0 0 0 0 0 0
split_gain=804788 462984 277371 277287 197606 139511 125013 494961 106849 818279 992583 227619 102744 67583.4 125819 52513.9 46606.6 36049 32531 30834.9 27763.8 27339.8 22248.1 16689.5 15438.4 15221.8 12775.5 10822.7 7747.59 7433.85
threshold=3.5000000000000004 1.5000000000000002 0 2.5000000000000004 4.5000000000000009 1 1.5000000000000002 2 4.5000000000000009 1.5000000000000002 3 4 1.5000000000000002 1.5000000000000002 5 1.5000000000000002 2.5000000000000004 2.5000000000000004 6 1.5000000000000002 7 8 9 10 11 12 13 14 15 16
decision_type=2 2 1 2 2 1 2 1 2 2 1 1 2 2 1 2 2 2 1 2 1 1 1 1 1 1 1 1 1 1
left_child=1 3 4 12 19 16 7 -7 13 11 -11 -10 25 -4 -15 -6 -3 20 29 -2 -8 -13 -22 -19 -5 -1 -20 -9 -26 -14
right_child=2 5 8 24 15 6 17 27 9 10 -12 21 18 14 -16 -17 -18 23 26 -21 22 -23 -24 -25 28 -27 -28 -29 -30 -31
leaf_value=-0.20591654595546716 0.13627876821076923 0.44539296707982123 0.035287294499544923 -0.0032685944588168045 0.31906284601746282 0.026190965497597432 -0.20163334197211036 -0.96670854433478548 1.3729107038057768 -3.3377357231821989 0.44912980294996691 0.021767418370146049 0.012636886402882911 0.94601154892068162 0.012986634802400022 0.50952406594061084 0.093194710262799116 0.22878564181633171 -0.052822200894178641 0.2837437434535301 0.06862289367244119 -0.54773556738441165 0.13822005505823284 0.11617439474714045 0.20139214340280712 -0.10395100357888609 -0.085711578353992929 -1.481311408219729 0.027815686814121283 -0.031480706656981459
leaf_weight=3868 21728 3093 11950 55373 10872 86103 814 541 315 404 300 2638 10206 598 902 5425 1349 7392 136609 4236 35551 219 17024 6077 637 73248 37765 319 116343 148101
leaf_count=3868 21728 3093 11950 55373 10872 86103 814 541 315 404 300 2638 10206 598 902 5425 1349 7392 136609 4236 35551 219 17024 6077 637 73248 37765 319 116343 148101
internal_value=0.000115708 -0.014111 0.176893 -0.0347262 0.245937 0.0617195 0.0537251 0.0142058 0.00833608 -0.222959 -1.76505 0.119295 -0.0571053 0.0749964 0.391346 0.382464 0.337673 0.105137 -0.0450516 0.160338 0.0866956 -0.0236454 0.0911807 0.178233 0.0184837 -0.109106 -0.0599497 -1.17242 0.028778 -0.0286358
internal_weight=800000 740413 59587 582150 42261 158263 153821 86963 17326 3876 704 3172 409797 13450 1500 16297 4442 66858 332681 25964 53389 2857 52575 13469 172353 77116 174374 860 116980 158307
internal_count=800000 740413 59587 582150 42261 158263 153821 86963 17326 3876 704 3172 409797 13450 1500 16297 4442 66858 332681 25964 53389 2857 52575 13469 172353 77116 174374 860 116980 158307
cat_boundaries=0 1 2 3 4 5 6 7 8 9 10 11 12 13 14 15 16 17
cat_threshold=33 8 34 10 8 24 11 1 6 32 49 12 22 20 16 32 1
is_linear=0
shrinkage=0.05


Tree=127
num_leaves=31
num_cat=16
split_feature=1 0 2 1 2 1 1 0 1 0 0 1 1 2 0 1 0 0 0 0 1 0 0 0 1 0 0 1 0 0
split_gain=726259 2.91966e+06 2.72213e+06 3.84604e+06 417793 324658 250265 125915 112865 447809 92926.3 42063.2 32544.5 30404.8 1.05083e+06 37456.5 188418 34395.1 25079.8 20082.3 17280.2 15064.8 14583.7 14416 14564.2 9852.97 8683.51 6991.22 25349.8 6798.61
threshold=3.5000000000000004 0 1.5000000000000002 4.5000000000000009 1.5000000000000002 4.5000000000000009 2.5000000000000004 1 1.5000000000000002 2 3 2.5000000000000004 2.5000000000000004 1.5000000000000002 4 4.5000000000000009 5 6 7 8 1.5000000000000002 9 10 11 1.5000000000000002 12 13 4.5000000000000009 14 15
decision_type=2 1 2 2 2 2 2 1 2 1 1 2 2 2 1 2 1 1 1 1 2 1 1 1 2 1 1 2 1 1
left_child=4 2 5 -4 6 -2 10 11 9 -9 20 -6 18 15 -15 -3 -17 26 -10 -20 -1 -14 -8 -12 -25 -11 -18 -16 -29 -24
right_child=1 13 3 -5 7 -7 22 8 12 25 23 -13 21 14 27 16 17 -19 19 -21 -22 -23 29 24 -26 -27 -28 28 -30 -31
leaf_value=-0.1021445815417589 0.50127546788951682 0.013712281125192426 1.1798974685265984 7.3965729435803684 0.42312545486534064 1.2887548460646974 0.039677304167499428 0.024882170641624249 -0.1916768175305672 -0.91925365911854162 -0.022588626731738462 0.088534352618557521 0.21736383454859565 -3.3414246909226044 0.069322202377890163 1.3063778052696815 0.11033006222697812 -0.521542969749484 0.065191707346658676 0.13131454645698587 -0.068357998762034078 0.11037418480790542 -0.0095633715757610128 -0.25718775556131374 -0.045228324702325386 -1.4094978149901047 -0.04776406383214192 0.42740408805108843 -0.037524840307323865 0.016037927601703236
leaf_weight=76202 5644 28034 710 383 3093 1704 52023 86103 814 541 112697 1349 7392 227 4845 315 10863 219 35551 17024 75182 6077 37807 815 144901 319 943 300 5400 82523
leaf_count=76202 5644 28034 710 383 3093 1704 52023 86103 814 541 112697 1349 7392 227 4845 315 10863 219 35551 17024 75182 6077 37807 815 144901 319 943 300 5400 82523
internal_value=0.000107438 0.168039 1.02897 3.35829 -0.0134074 0.683892 -0.0329907 0.0586273 0.0510324 0.0134821 -0.0542514 0.320791 0.0998822 0.0257464 -0.0488828 0.0456643 0.118253 0.0859714 0.0823606 0.0866235 -0.0853595 0.169335 0.0175601 -0.0360229 -0.0464106 -1.11521 0.0976726 0.0251399 -0.0123709 0.00799402
internal_weight=800000 59587 8441 1093 740413 7348 582150 158263 153821 86963 409797 4442 66858 51146 10772 40374 12340 12025 53389 52575 151384 13469 172353 258413 145716 860 11806 10545 5700 120330
internal_count=800000 59587 8441 1093 740413 7348 582150 158263 153821 86963 409797 4442 66858 51146 10772 40374 12340 12025 53389 52575 151384 13469 172353 258413 145716 860 11806 10545 5700 120330
cat_boundaries=0 1 2 3 4 5 6 7 8 9 10 11 12 13 14 15 16
cat_threshold=34 8 34 48 8 8 5 1 32 49 33 3 16 1 20 4
is_linear=0
shrinkage=0.05


Tree=128
num_leaves=31
num_cat=17
split_feature=1 0 2 1 2 1 0 1 0 0 1 1 2 0 1 0 0 0 0 1 1 0 0 0 0 0 1 0 0 0
split_gain=655329 4.95892e+06 7.72617e+06 597424 376995 225864 113645 101902 405146 83866.8 37962.3 29378.9 29229 947154 39108.1 171537 30902.8 22654.4 18124.4 15594.9 13966.1 17028.2 13596.5 13524.2 13163.8 13009.7 13144.3 8970.08 7076.75 6616.17
threshold=3.5000000000000004 0 1.5000000000000002 4.5000000000000009 1.5000000000000002 2.5000000000000004 1 1.5000000000000002 2 3 2.5000000000000004 2.5000000000000004 1.5000000000000002 4 4.5000000000000009 5 6 7 8 1.5000000000000002 4.5000000000000009 9 10 11 12 13 1.5000000000000002 14 15 16
decision_type=2 1 2 2 2 2 1 2 1 1 2 2 2 1 2 1 1 1 1 2 2 1 1 1 1 1 2 1 1 1
left_child=4 2 3 -2 5 9 10 8 -8 19 -6 17 14 -14 -3 -16 28 -9 -19 -1 -15 -22 -13 -23 -7 29 -27 -10 -17 -11
right_child=1 12 -4 -5 6 24 7 11 27 25 -12 22 13 20 15 16 -18 18 -20 -21 21 23 -24 -25 -26 26 -28 -29 -30 -31
leaf_value=-0.097036764608656359 0.75627912458470414 0.0048871617410860156 7.8176098500127384 2.1553532951018393 0.40196906246107605 0.037695450260695415 0.02363714757842254 -0.18220712591722177 -0.87412533076402288 0.016922426550451574 0.084106219937131535 0.20650723679456734 -3.1814036341156138 0.072621550262145909 1.2430673387967623 0.10482262341504503 -0.49660587227500685 0.061933960907505053 0.12475099190728436 -0.064940035760819692 0.39362973774949167 -0.035652110492896683 0.10486502659150448 -0.34919008146161623 0.0075940095179695541 -0.24432809396755478 -0.042966066575124563 -1.3411645953053764 -0.0052385097514848905 -0.025282707689099196
leaf_weight=76202 3844 29834 460 952 3093 52023 86103 814 541 10207 1349 7392 227 5211 315 10863 219 35551 17024 75182 209 5400 6077 358 120330 815 144901 319 1695 102490
leaf_count=76202 3844 29834 460 952 3093 52023 86103 814 541 10207 1349 7392 227 5211 315 10863 219 35551 17024 75182 209 5400 6077 358 120330 815 144901 319 1695 102490
internal_value=9.97632e-05 0.15962 1.6246 1.03399 -0.0127381 -0.0313407 0.055689 0.0484737 0.0127937 -0.0515383 0.304751 0.0948904 0.0175953 -0.0535499 0.0365019 0.108546 0.0795403 0.0782428 0.0822942 -0.0810912 0.0128044 -0.0394126 0.160879 -0.0557177 0.0166825 -0.0342212 -0.0440893 -1.06079 0.0899749 -0.021459
internal_weight=800000 59587 5256 4796 740413 582150 158263 153821 86963 409797 4442 66858 54331 11405 42926 13092 12777 53389 52575 151384 11178 5967 13469 5758 172353 258413 145716 860 12558 112697
internal_count=800000 59587 5256 4796 740413 582150 158263 153821 86963 409797 4442 66858 54331 11405 42926 13092 12777 53389 52575 151384 11178 5967 13469 5758 172353 258413 145716 860 12558 112697
cat_boundaries=0 1 2 3 4 5 6 7 8 9 10 11 12 13 14 15 16 17
cat_threshold=36 8 34 48 8 8 3 1 32 16 49 1 33 3 16 1 1
is_linear=0
shrinkage=0.05


Tree=129
num_leaves=31
num_cat=18
split_feature=1 0 2 1 1 1 2 0 0 0 1 0 0 0 2 1 1 1 2 0 0 0 0 0 0 0 0 0 0 0
split_gain=591303 346742 340205 203842 171813 153259 868133 954164 189533 102570 92007.4 366549 87252.6 76217.2 53349.9 34260.7 29053.2 26521.2 22541 20464.7 16482.2 14449.1 13447.5 12413.7 12273.2 8166.39 7050.99 6078.91 5700.09 5261.84
threshold=3.5000000000000004 0 1.5000000000000002 2.5000000000000004 4.5000000000000009 4.5000000000000009 1.5000000000000002 1 2 3 1.5000000000000002 4 5 6 1.5000000000000002 2.5000000000000004 1.5000000000000002 2.5000000000000004 1.5000000000000002 7 8 9 10 11 12 13 14 15 16 17
decision_type=2 1 2 2 2 2 2 1 1 1 2 1 1 1 2 2 2 2 2 1 1 1 1 1 1 1 1 1 1 1
left_child=2 4 3 13 18 12 8 -8 -7 15 11 -11 -3 -1 -6 -4 27 19 -2 -12 -21 29 -18 -5 -19 -13 -25 -15 -29 -10
right_child=1 5 9 23 14 6 7 -9 21 10 17 25 -14 16 -16 -17 22 24 -20 20 -22 -23 -24 26 -26 -27 -28 28 -30 -31
leaf_value=-0.084385847155367857 0.12843003821653892 0.36804745437046671 0.38187330586988105 -0.0094655266940904224 0.29221892174418312 1.1828273497361403 -3.4433458012659197 0.27870850224648752 -0.0049750766586348465 0.022456569820474621 -0.1732081859725193 -0.8312096043636924 -0.0068667482227495278 -0.30390546264049845 0.48419012256042199 0.079904824950414025 -0.020404773134379335 0.19619989701781007 0.25451239005251808 0.13150770624209862 0.063438060896195081 -0.47285973827911781 -0.042388025438386462 0.18767134564737264 0.099630338937675741 -1.2761452544423948 0.022163189025143821 -0.15655470878905101 0.10309465187301964 -0.15204110720975703
leaf_weight=110790 21728 1780 3093 37807 10872 315 404 300 1695 86103 814 541 11670 691 5425 1349 112598 7392 4236 11373 41202 219 182318 637 6077 319 133909 3177 223 943
leaf_count=110790 21728 1780 3093 37807 10872 315 404 300 1695 86103 814 541 11670 691 5425 1349 112598 7392 4236 11373 41202 219 182318 637 6077 319 133909 3177 223 943
internal_value=9.27429e-05 0.15162 -0.0121019 -0.0297735 0.228818 -0.0367898 -0.313826 -1.9022 0.0387 0.0529008 0.0460461 0.0121426 0.0430187 -0.0489612 0.356123 0.289516 -0.0358315 0.0901517 0.149 0.0743344 0.0781851 -0.091267 -0.033997 0.0158485 0.152849 -1.00902 0.0229607 -0.168163 -0.139272 -0.0579221
internal_weight=800000 59587 740413 582150 42261 17326 3876 704 3172 158263 153821 86963 13450 409797 16297 4442 299007 66858 25964 53389 52575 2857 294916 172353 13469 860 134546 4091 3400 2638
internal_count=800000 59587 740413 582150 42261 17326 3876 704 3172 158263 153821 86963 13450 409797 16297 4442 299007 66858 25964 53389 52575 2857 294916 172353 13469 860 134546 4091 3400 2638
cat_boundaries=0 1 2 3 4 5 6 7 8 9 10 11 12 13 14 15 16 17 18
cat_threshold=33 10 8 8 34 8 32 1 18 6 3 4 49 16 32 6 16 2
is_linear=0
shrinkage=0.05


Tree=130
num_leaves=31
num_cat=18
split_feature=1 0 2 1 1 1 0 0 1 0 0 1 2 1 1 0 2 0 0 0 0 0 0 0 0 0 0 0 2 0
split_gain=533525 313092 306988 183976 155056 138604 799421 92572.4 83066 331630 78791.7 68925.3 48145.7 30919.5 23942.2 22375.6 20342.6 18486.1 15137.3 11846.2 11386.6 11077.6 8938.84 8404.18 5762.27 5412.36 5364.02 4272.71 3952.32 27756.8
threshold=3.5000000000000004 0 1.5000000000000002 2.5000000000000004 4.5000000000000009 4.5000000000000009 1 2 1.5000000000000002 3 4 1.5000000000000002 1.5000000000000002 2.5000000000000004 2.5000000000000004 5 1.5000000000000002 6 7 8 9 10 11 12 13 14 15 16 1.5000000000000002 17
decision_type=2 1 2 2 2 2 1 1 2 1 1 2 2 2 2 1 2 1 1 1 1 1 1 1 1 1 1 1 2 1
left_child=2 4 3 11 16 10 -7 13 9 -9 -3 19 -6 -4 17 24 -2 -10 -19 27 25 -16 -17 -11 -13 -5 -22 -1 -12 -30
right_child=1 5 7 20 12 6 -8 8 14 23 28 15 -14 -15 21 22 -18 18 -20 -21 26 -23 -24 -25 -26 -27 -28 -29 29 -31
leaf_value=-0.14875138279484251 0.12200840007574112 0.34974941341570642 0.36277548095920192 0.178432860809279 0.27760641195916186 -2.5056245824397418 -0.064480855008389085 0.021333608085988751 -0.16465539732604351 -0.67425107258122141 0.0038578583576658271 0.013307429872272345 0.45997406585974626 0.075909067525785884 0.18640103672556349 -0.043035483906692255 0.24178469560977081 0.055670065716366172 0.11307560785899802 -0.084561489222595099 -0.0089911304851846407 0.094655892279850398 -0.070545112907768159 -1.1120597286500793 -0.025531746206119955 0.032782482199097754 0.013749103259403601 -0.28892672976821704 0.029928316696986743 -0.53195020106198976
leaf_weight=3177 21728 1780 3093 637 10872 361 3515 86103 814 318 10351 10206 5425 1349 7392 136609 4236 35551 17024 73248 37807 6077 37765 542 148101 51386 82523 691 1051 268
leaf_count=3177 21728 1780 3093 637 10872 361 3515 86103 814 318 10351 10206 5425 1349 7392 136609 4236 35551 17024 73248 37807 6077 37765 542 148101 51386 82523 691 1051 268
internal_value=8.50501e-05 0.144019 -0.0114985 -0.0282852 0.217376 -0.0350153 -0.298473 0.0502493 0.0437372 0.0115232 0.0408815 -0.046514 0.338314 0.275037 0.0856449 -0.0366414 0.14155 0.0706164 0.0742762 -0.0891049 0.0150567 0.145216 -0.0489971 -0.959783 -0.0230271 0.0345999 0.0066041 -0.174474 -0.00652359 -0.0880426
internal_weight=800000 59587 740413 582150 42261 17326 3876 158263 153821 86963 13450 409797 16297 4442 66858 332681 25964 53389 52575 77116 172353 13469 174374 860 158307 52023 120330 3868 11670 1319
internal_count=800000 59587 740413 582150 42261 17326 3876 158263 153821 86963 13450 409797 16297 4442 66858 332681 25964 53389 52575 77116 172353 13469 174374 860 158307 52023 120330 3868 11670 1319
cat_boundaries=0 1 2 3 4 5 6 7 8 9 10 11 12 13 14 15 16 17 18
cat_threshold=33 8 8 34 8 11 1 32 22 33 49 20 4 1 32 4 16 18
is_linear=0
shrinkage=0.05


Tree=131
num_leaves=31
num_cat=17
split_feature=1 0 2 1 1 1 2 0 0 0 1 0 0 0 2 1 1 2 0 0 0 1 0 0 0 1 0 0 0 0
split_gain=481369 282749 277030 166040 139938 125344 789007 856885 206687 83550 74992.5 299956 71158.5 62266 43451.7 27904.9 21613.1 18360.6 16698.4 13763 13119.9 11680.7 10321.7 9997.95 9710.68 9811.83 9702.5 5399.85 5009.31 4757.4
threshold=3.5000000000000004 0 1.5000000000000002 2.5000000000000004 4.5000000000000009 4.5000000000000009 1.5000000000000002 1 2 3 1.5000000000000002 4 5 6 1.5000000000000002 2.5000000000000004 2.5000000000000004 1.5000000000000002 7 8 9 1.5000000000000002 10 11 12 1.5000000000000002 13 14 15 16
decision_type=2 1 2 2 2 2 2 1 1 1 2 1 1 1 2 2 2 2 1 1 1 2 1 1 1 2 1 1 1 1
left_child=2 4 3 13 17 12 8 -8 -7 15 11 -11 -3 21 -6 -4 18 -2 -12 -20 29 -1 28 -18 27 -26 -13 -15 -5 -10
right_child=1 5 9 22 14 6 7 -9 20 10 16 26 -14 24 -16 -17 23 -19 19 -21 -22 -23 -24 -25 25 -27 -28 -29 -30 -31
leaf_value=-0.083453242987341927 0.11590759983294492 0.33235876845247919 0.34463709412829763 0.16964793404250464 0.26372623024309622 1.2469301839975211 -3.2586292992467465 0.26833968808574066 -0.0015271962632881233 0.020267840271666778 -0.15651974312020739 -0.73581277116889754 -0.0062171631969817698 0.016431376770003104 0.43697589833835304 0.072113740329304121 0.17709129288917425 0.22969944817317445 0.11928911856730312 0.05708963831894423 -0.44716884246559641 -0.055675000795067708 0.0054310536088956907 0.089931390734754493 -0.21079668384388184 -0.0368227407993671 -1.1815232036323895 -0.021696166990094069 0.029649895871874894 -0.14132591639835965
leaf_weight=76202 21728 1780 3093 637 10872 315 404 300 1695 86103 814 541 11670 10207 5425 1349 7392 4236 11373 41202 219 75182 112979 6077 815 144901 319 102490 58737 943
leaf_count=76202 21728 1780 3093 637 10872 315 404 300 1695 86103 814 541 11670 10207 5425 1349 7392 4236 11373 41202 219 75182 112979 6077 815 144901 319 102490 58737 943
internal_value=7.79354e-05 0.136796 -0.0109249 -0.0268715 0.206507 -0.0333421 -0.283881 -1.79814 0.0521952 0.0477328 0.0415462 0.0109376 0.0388331 -0.0441889 0.321398 0.261286 0.0813652 0.134473 0.0670864 0.0705647 -0.0836028 -0.0696531 0.0143035 0.137964 -0.0292676 -0.0377932 -0.912821 -0.0182418 0.0311802 -0.0518457
internal_weight=800000 59587 740413 582150 42261 17326 3876 704 3172 158263 153821 86963 13450 409797 16297 4442 66858 25964 53389 52575 2857 151384 172353 13469 258413 145716 860 112697 59374 2638
internal_count=800000 59587 740413 582150 42261 17326 3876 704 3172 158263 153821 86963 13450 409797 16297 4442 66858 25964 53389 52575 2857 151384 172353 13469 258413 145716 860 112697 59374 2638
cat_boundaries=0 1 2 3 4 5 6 7 8 9 10 11 12 13 14 15 16 17
cat_threshold=33 10 8 8 34 8 48 1 18 6 49 49 3 16 1 32 2
is_linear=0
shrinkage=0.05


Tree=132
num_leaves=31
num_cat=16
split_feature=1 0 2 1 1 2 1 0 1 0 0 2 0 0 1 1 1 0 0 1 0 0 0 0 0 1 1 0 0 0
split_gain=434335 2.89725e+06 2.60019e+06 3.89746e+06 295479 249984 149860 75408.4 67704.4 271384 56496.7 47279.7 801155 26736.8 159455 25185.2 22060.1 19565.9 17194.1 16485.2 17343.1 9970.79 9724.1 9684.58 6880.64 11666.5 8392.66 12943.8 5197.25 5063.12
threshold=3.5000000000000004 0 1.5000000000000002 4.5000000000000009 4.5000000000000009 1.5000000000000002 2.5000000000000004 1 1.5000000000000002 2 3 1.5000000000000002 4 5 4.5000000000000009 2.5000000000000004 1.5000000000000002 6 7 4.5000000000000009 8 9 10 11 12 4.5000000000000009 4.5000000000000009 13 14 15
decision_type=2 1 2 2 2 2 2 1 2 1 1 2 1 1 2 2 2 1 1 2 1 1 1 1 1 2 2 1 1 1
left_child=5 2 4 -4 -2 6 10 15 9 -9 -1 13 -13 14 -3 -7 -12 -10 19 -14 -21 -18 -8 -11 26 -26 -15 -28 -24 -19
right_child=1 11 3 -5 -6 7 22 8 17 23 16 12 18 24 -16 -17 21 29 -20 20 -22 -23 28 -25 25 -27 27 -29 -30 -31
leaf_value=-0.072478951822549431 0.47606024059482199 -0.0066070769860492491 1.0711813843418176 7.3292768635264274 1.2273194899581408 0.3274081051638702 -0.0088144871087607272 0.019255406736957959 0.052464738068562923 -0.58429366321098519 -0.14598657149494612 -2.979789016015419 0.042453945743118233 -0.0084657113256057272 1.224172706604004 0.068505474352854284 -0.01737293789873038 0.14507326711685675 -0.37549308166917428 0.35182218508088975 -0.10280506116405214 -0.036302245040360628 0.16129640965410141 -1.0212973615397578 -0.039884068032084559 -0.4452307609662618 0.057948484958440641 -0.13433460824011756 0.019199867324163122 0.095767205942032127
leaf_weight=110790 5644 1599 710 383 1704 3093 37807 86103 36345 318 4091 227 4577 25498 315 1349 112598 6817 359 209 5400 182318 637 542 937 219 10863 943 133909 23696
leaf_count=110790 5644 1599 710 383 1704 3093 37807 86103 36345 318 4091 227 4577 25498 315 1349 112598 6817 359 209 5400 182318 637 542 937 219 10863 943 133909 23696
internal_value=7.20341e-05 0.129939 0.987562 3.26409 0.650277 -0.0103794 -0.0255276 0.0453413 0.0394639 0.0103807 -0.0419797 -0.0117917 -0.104863 0.0130373 0.194932 0.248223 -0.0306754 0.0772986 -0.040111 -0.027934 -0.085421 -0.0290769 0.0135898 -0.868281 0.00393339 -0.115675 0.00766989 0.0425252 0.0198846 0.106827
internal_weight=800000 59587 8441 1093 7348 740413 582150 158263 153821 86963 409797 51146 10772 40374 1914 4442 299007 66858 10545 10186 5609 294916 172353 860 38460 1156 37304 11806 134546 30513
internal_count=800000 59587 8441 1093 7348 740413 582150 158263 153821 86963 409797 51146 10772 40374 1914 4442 299007 66858 10545 10186 5609 294916 172353 860 38460 1156 37304 11806 134546 30513
cat_boundaries=0 1 2 3 4 5 6 7 8 9 10 11 12 13 14 15 16
cat_threshold=34 8 34 32 8 8 32 17 16 3 4 4 5 1 32 16
is_linear=0
shrinkage=0.05


Tree=133
num_leaves=31
num_cat=17
split_feature=1 0 2 1 2 0 0 1 1 0 0 1 0 1 2 1 1 0 2 0 0 0 0 0 0 0 0 0 2 0
split_gain=391842 304463 225575 154736 835548 916340 179267 135252 125382 76389.4 68060 61127 245458 51225.4 42313 22729.2 18701.2 16856.6 15534.7 15251.5 11291.3 10956.4 9609.51 8971.01 8952.29 8443.1 6603.38 4537.31 4452.11 20537.4
threshold=3.5000000000000004 0 1.5000000000000002 4.5000000000000009 1.5000000000000002 1 2 2.5000000000000004 4.5000000000000009 3 4 1.5000000000000002 5 1.5000000000000002 1.5000000000000002 2.5000000000000004 2.5000000000000004 6 1.5000000000000002 7 8 9 10 11 12 13 14 15 1.5000000000000002 16
decision_type=2 1 2 2 2 1 1 2 2 1 1 2 1 2 2 2 2 1 2 1 1 1 1 1 1 1 1 1 2 1
left_child=2 8 7 9 6 -6 -5 13 18 -3 15 12 -12 22 -10 -4 19 27 -2 -13 -21 -14 -1 -9 -18 -8 -19 -15 -11 -30
right_child=1 3 10 4 5 -7 25 23 14 28 11 16 21 17 -16 -17 24 26 -20 20 -22 -23 -24 -25 -26 -27 -28 -29 29 -31
leaf_value=-0.1534685396176752 0.1104946894392876 0.3311954013728563 0.31103753271204659 1.1271793453509991 -3.3999753341582664 0.2490088758160991 -0.086168502896934118 0.030257816113819544 0.24759698519380416 -0.0085805457060538146 0.018291419922863216 -0.15351657376995365 -0.64954786352583371 0.012687995280711654 0.41856159575853485 0.065082798841885059 0.1630962986135702 -0.036969618722994403 0.21516410683943935 0.047409796533090881 0.096987749442144985 -1.095846574429683 -0.072507598699595582 0.0054085691541418479 0.08066170554414101 -0.40449680844769209 -0.060613941371874806 -0.021775456897564244 -0.0040830573981713849 -0.48790861068012048
leaf_weight=3868 21728 1780 3093 315 404 300 2638 52023 10872 10351 86103 814 541 10206 5425 1349 7392 136609 4236 35551 17024 319 73248 120330 6077 219 37765 148101 1051 268
leaf_count=3868 21728 1780 3093 315 404 300 2638 52023 10872 10351 86103 814 541 10206 5425 1349 7392 136609 4236 35551 17024 319 73248 120330 6077 219 37765 148101 1051 268
internal_value=6.58235e-05 0.123416 -0.0098612 -0.0531158 -0.331493 -1.88977 0.0143535 -0.0242509 0.195757 0.027067 0.0430694 0.0374856 0.00985125 -0.0398805 0.304508 0.235812 0.0734356 -0.0313694 0.127571 0.0601534 0.0634787 -0.825787 -0.0765978 0.0129111 0.126084 -0.111895 -0.0420936 -0.0195529 -0.019588 -0.106119
internal_weight=800000 59587 740413 17326 3876 704 3172 582150 42261 13450 158263 153821 86963 409797 16297 4442 66858 332681 25964 53389 52575 860 77116 172353 13469 2857 174374 158307 11670 1319
internal_count=800000 59587 740413 17326 3876 704 3172 582150 42261 13450 158263 153821 86963 409797 16297 4442 66858 332681 25964 53389 52575 860 77116 172353 13469 2857 174374 158307 11670 1319
cat_boundaries=0 1 2 3 4 5 6 7 8 9 10 11 12 13 14 15 16 17
cat_threshold=33 10 8 8 8 34 11 1 32 16 22 33 49 6 20 1 18
is_linear=0
shrinkage=0.05


Tree=134
num_leaves=31
num_cat=18
split_feature=1 0 2 1 0 1 1 0 0 1 0 1 2 1 1 0 2 0 0 0 0 0 0 0 0 0 2 0 0 0
split_gain=353510 274956 203555 139910 766654 122065 113155 68988.1 61428.1 55187.6 222082 46232.5 38188.6 20513.2 16882.9 15213.1 14022.2 13777.9 10735.1 10379.7 8934.33 8523.79 8080.16 5959.34 4528.22 4095.19 4034.16 18605.4 3471.05 3360.14
threshold=3.5000000000000004 0 1.5000000000000002 4.5000000000000009 1 2.5000000000000004 4.5000000000000009 2 3 1.5000000000000002 4 1.5000000000000002 1.5000000000000002 2.5000000000000004 2.5000000000000004 5 1.5000000000000002 6 7 8 9 10 11 12 13 14 1.5000000000000002 15 16 17
decision_type=2 1 2 2 1 2 2 1 1 2 1 2 2 2 2 1 2 1 1 1 1 1 1 1 1 1 2 1 1 1
left_child=2 6 5 7 -5 11 16 -3 13 10 -10 20 -8 -4 17 25 -2 -11 -12 -19 -1 -7 -16 -17 -23 -13 -9 -28 29 -22
right_child=1 3 8 4 -6 21 12 26 9 14 18 15 -14 -15 22 23 -18 19 -20 -21 28 24 -24 -25 -26 -27 27 -29 -30 -31
leaf_value=-0.25085955625253809 0.10496754979876602 0.31472588054294692 0.29548693121038438 -2.4767259181349104 -0.085963448111892604 -0.0038974893843669398 0.23521296055199384 -0.0081530038820535194 0.017376914917027982 -0.14593990828516415 -0.50284647505457813 0.012054084083860335 0.39763176482943347 0.061828985330879993 0.15495186019542895 -0.035121796827250883 0.20441091040094808 0.10261765894504023 -0.93922741309456215 0.048604221555962911 -0.06948428376300253 0.15186855487145451 0.076635487670672839 -0.057583504672400768 0.01917866282135915 -0.020687289810910836 -0.0038821690943193934 -0.4643894113225045 0.12270252080434381 -0.12225268680846613
leaf_weight=691 21728 1780 3093 361 3515 55373 10872 10351 86103 814 318 10206 5425 1349 7392 136609 4236 11373 542 41202 73025 637 6077 37765 116343 148101 1051 268 223 3177
leaf_count=691 21728 1780 3093 361 3515 55373 10872 10351 86103 814 318 10206 5425 1349 7392 136609 4236 11373 542 41202 73025 637 6077 37765 116343 148101 1051 268 223 3177
internal_value=5.92525e-05 0.117221 -0.00936973 -0.0505387 -0.315244 -0.023039 0.185967 0.0257062 0.040911 0.0356062 0.0093487 -0.0378872 0.289279 0.224023 0.0697651 -0.0298015 0.121192 0.0571451 -0.785503 0.0603057 -0.0727692 0.0122649 0.119789 -0.0399895 0.0199141 -0.0185758 -0.0186311 -0.101 -0.0711168 -0.0717
internal_weight=800000 59587 740413 17326 3876 582150 42261 13450 158263 153821 86963 409797 16297 4442 66858 332681 25964 53389 860 52575 77116 172353 13469 174374 116980 158307 11670 1319 76425 76202
internal_count=800000 59587 740413 17326 3876 582150 42261 13450 158263 153821 86963 409797 16297 4442 66858 332681 25964 53389 860 52575 77116 172353 13469 174374 116980 158307 11670 1319 76425 76202
cat_boundaries=0 1 2 3 4 5 6 7 8 9 10 11 12 13 14 15 16 17 18
cat_threshold=33 8 8 8 34 11 1 4 18 6 12 49 20 32 1 18 48 32
is_linear=0
shrinkage=0.05


Tree=135
num_leaves=31
num_cat=17
split_feature=1 0 1 2 2 2 1 2 0 0 1 0 1 0 1 1 1 0 1 0 0 0 0 0 0 0 0 0 0 0
split_gain=318929 1.38773e+07 9.51965e+06 555066 183688 183147 110168 66697.9 688507 55439.4 49824.3 200865 41727.1 23659.9 169516 18512.9 17548.6 21724.8 15240.1 13729.5 12445.7 11978.4 9425.89 8080.25 7828.08 7293.38 5378.51 4198.23 3696.61 3141.68
threshold=3.5000000000000004 0 4.5000000000000009 1.5000000000000002 1.5000000000000002 1.5000000000000002 2.5000000000000004 1.5000000000000002 1 2 1.5000000000000002 3 1.5000000000000002 4 4.5000000000000009 2.5000000000000004 4.5000000000000009 5 2.5000000000000004 6 7 8 9 10 11 12 13 14 15 16
decision_type=2 1 2 2 2 2 2 2 1 1 2 1 2 1 2 2 2 1 2 1 1 1 1 1 1 1 1 1 1 1
left_child=4 2 5 -4 6 -2 12 13 -9 15 11 -11 23 14 -3 -6 17 -10 20 28 -12 -13 -22 -1 -8 -20 -21 -26 -14 -25
right_child=1 7 3 -5 9 -7 24 8 16 10 18 21 19 -15 -16 -17 -18 -19 25 26 22 -23 -24 29 27 -27 -28 -29 -30 -31
leaf_value=-0.23849554674091422 2.7203415787440308 -0.03857386602767935 8.7973321237062159 12.263806021926751 0.28070935561670057 1.5376207626373724 -0.0084493876909451215 -2.8047207353487296 0.01261813966161901 0.016508458063322896 -0.13872857118405185 -0.57155396657067936 0.011453779217967225 -0.0096863403625122354 1.2304413671342154 0.058736403135125771 -0.13945109132090724 -0.44200729123122406 0.14721394118603034 -0.033365761952331138 0.042611544997313774 -1.0182767044809453 0.087907804115369761 -0.068115588927065027 0.14439369891489492 0.072808148869940151 -0.054704791065874996 0.016684710699862527 -0.019653469804495331 0.11683044351733295
leaf_weight=691 974 1599 228 234 3093 493 37807 227 4794 86103 814 541 10206 44606 315 1349 5849 268 7392 136609 35551 319 17024 76202 637 6077 37765 133909 148101 223
leaf_count=691 974 1599 228 234 3093 493 37807 227 4794 86103 814 541 10206 44606 315 1349 5849 268 7392 136609 35551 319 17024 76202 637 6077 37765 133909 148101 223
internal_value=5.38103e-05 0.111338 4.27188 10.5531 -0.00890212 2.32288 -0.0218872 -0.0285927 -0.138501 0.0388619 0.0338224 0.00887336 -0.0359933 -0.0022841 0.169392 0.212819 -0.0803873 -0.0122996 0.066279 -0.0283117 0.0542887 -0.747057 0.0572926 -0.0691321 0.0116522 0.113807 -0.0379901 0.0173 -0.0176474 -0.0675607
internal_weight=800000 59587 1929 462 740413 1467 582150 57658 11138 158263 153821 86963 409797 46520 1914 4442 10911 5062 66858 332681 53389 860 52575 77116 172353 13469 174374 134546 158307 76425
internal_count=800000 59587 1929 462 740413 1467 582150 57658 11138 158263 153821 86963 409797 46520 1914 4442 10911 5062 66858 332681 53389 860 52575 77116 172353 13469 174374 134546 158307 76425
cat_boundaries=0 1 2 3 4 5 6 7 8 9 10 11 12 13 14 15 16 17
cat_threshold=48 8 8 34 8 3 11 1 16 32 6 4 49 20 32 1 48
is_linear=0
shrinkage=0.05


Tree=136
num_leaves=31
num_cat=16
split_feature=1 0 1 2 0 0 2 1 1 0 0 1 0 0 0 2 1 1 2 0 0 0 0 1 0 0 1 0 2 0
split_gain=287707 296695 169566 874204 1.52594e+06 187797 165749 104134 99433.5 74106.9 50038.7 44986.4 181736 44118.2 37776.6 36272.5 16708.8 13759.3 12058.1 11597.6 11242.7 8670.13 7369.27 7009.46 6582.75 6188.46 6653.92 6147.61 7248.42 11534.9
threshold=3.5000000000000004 0 4.5000000000000009 1.5000000000000002 1 2 1.5000000000000002 4.5000000000000009 2.5000000000000004 3 4 1.5000000000000002 5 6 7 1.5000000000000002 2.5000000000000004 2.5000000000000004 1.5000000000000002 8 9 10 11 1.5000000000000002 12 13 1.5000000000000002 14 1.5000000000000002 15
decision_type=2 1 2 2 1 1 2 2 2 1 1 2 1 1 1 2 2 2 2 1 1 1 1 2 1 1 2 1 2 1
left_child=6 7 9 5 -5 -4 8 18 14 -3 16 12 -12 -7 23 -9 -8 20 -2 -14 -13 -22 -10 -1 -19 -16 -27 28 -11 -30
right_child=1 2 3 4 -6 13 10 15 22 27 11 17 19 -15 25 -17 -18 24 -20 -21 21 -23 -24 -25 -26 26 -28 -29 29 -31
leaf_value=-0.064718876880960036 0.099972832080015214 0.31498198677041678 1.1329515545184796 -0.13881657045651105 -4.9501370800666091 -0.077111731447121898 0.26667791541402025 0.22357411700368718 0.026792358977757121 -0.0043432203249893853 0.015681309055631681 -0.13187793543905887 -0.4291083452178211 -0.80170023222677578 -0.013770351309896756 0.3818658108689269 0.05579785111217344 0.13986396990541314 0.19218899111515853 -0.86501660899839539 0.093098153819164864 0.043734464670377698 0.0042706440803476483 -0.043200372464195551 0.069175843305730345 -0.17184616252688545 -0.028578601992246034 -0.13031061352872428 -0.032292342704275383 -0.42069947565202237
leaf_weight=76202 21728 1780 315 449 255 2638 3093 10872 52023 9414 86103 814 318 219 112697 5425 1349 7392 4236 542 11373 41202 120330 75182 6077 815 144901 1354 634 268
leaf_count=76202 21728 1780 315 449 255 2638 3093 10872 52023 9414 86103 814 318 219 112697 5425 1349 7392 4236 542 11373 41202 120330 75182 6077 815 144901 1354 634 268
internal_value=4.7897e-05 0.105745 -0.0685071 -0.359926 -1.95384 -0.00617023 -0.00845837 0.177158 -0.0207931 0.0154228 0.0369135 0.0321257 0.00841884 -0.135257 -0.0341943 0.276267 0.20218 0.0629663 0.115018 -0.710617 0.0515734 0.0544285 0.0110704 -0.0540285 0.108126 -0.0225721 -0.0293779 -0.0305121 -0.0172998 -0.152717
internal_weight=800000 59587 17326 3876 704 3172 740413 42261 582150 13450 158263 153821 86963 2857 409797 16297 4442 66858 25964 860 53389 52575 172353 151384 13469 258413 145716 11670 10316 902
internal_count=800000 59587 17326 3876 704 3172 740413 42261 582150 13450 158263 153821 86963 2857 409797 16297 4442 66858 25964 860 53389 52575 172353 151384 13469 258413 145716 11670 10316 902
cat_boundaries=0 1 2 3 4 5 6 7 8 9 10 11 12 13 14 15 16
cat_threshold=33 6 8 8 8 34 6 48 4 1 18 33 49 3 6 2
is_linear=0
shrinkage=0.05


Tree=137
num_leaves=31
num_cat=15
split_feature=1 0 2 1 2 1 2 0 0 1 0 0 0 1 1 0 1 1 0 1 0 0 0 1 0 0 1 1 0 0
split_gain=259447 4.84422e+06 6.93006e+06 564785 149570 89736 48654.4 606308 45161 40612.8 164372 34487.3 34096.3 28331.6 24784 17342.8 142783 15079.1 12810.4 12420.9 10155.4 7869.79 6816.22 6326.18 5992.6 5758.59 9083.3 4935.53 3753.83 3184.17
threshold=3.5000000000000004 0 1.5000000000000002 4.5000000000000009 1.5000000000000002 2.5000000000000004 1.5000000000000002 1 2 1.5000000000000002 3 4 5 4.5000000000000009 4.5000000000000009 6 4.5000000000000009 2.5000000000000004 7 2.5000000000000004 8 9 10 1.5000000000000002 11 12 1.5000000000000002 4.5000000000000009 13 14
decision_type=2 1 2 2 2 2 2 1 1 2 1 1 1 2 2 1 2 2 1 2 1 1 1 2 1 1 2 2 1 1
left_child=4 2 3 -2 5 12 11 -8 17 10 -10 13 23 -3 -9 16 -13 -6 -12 20 -11 -22 -7 -1 -21 -14 -27 -17 -24 -28
right_child=1 6 -4 -5 8 22 7 14 9 19 18 15 25 -15 -16 27 -18 -19 -20 24 21 -23 28 -25 -26 26 29 -29 -30 -31
leaf_value=-0.061483359025853224 0.71899895371557154 -0.16655223534990149 7.4136452732915465 2.0793185722928089 0.25334145060026486 -0.0082406160539362349 -2.6343904994208103 0.0011083822153369976 0.014897989762439454 -0.12536002679646593 -0.50102953625244584 -0.052392558025672636 0.015358198670313248 -0.79822586094407733 -0.1481362825824884 -0.027076040532477343 1.112270165700761 0.05300938457449425 -0.94803947184948223 0.05206304466831168 0.038294218865802199 0.079681596143488964 0.13596342903384837 -0.041040539376825946 0.12487147282932426 -0.18037598120030282 -0.015621044659940055 0.010799445329834121 0.015205154556279145 -0.027146538883175558
leaf_weight=76202 3844 937 460 952 3093 37807 227 5211 86103 814 541 1599 10207 219 5967 27298 315 1349 319 4121 35551 17024 637 75182 9348 913 102392 12558 133909 144901
leaf_count=76202 3844 937 460 952 3093 37807 227 5211 86103 814 541 1599 10207 219 5967 27298 315 1349 319 4121 35551 17024 637 75182 9348 913 102392 12558 133909 144901
internal_value=4.18323e-05 0.100413 1.54835 0.989021 -0.00803588 -0.0197532 -0.0399383 -0.131741 0.0350646 0.0305162 0.0079912 -0.0155566 -0.0324841 -0.283766 -0.0784907 -0.00806398 0.13856 0.19207 -0.67583 0.0598193 0.0489947 0.0517082 0.0105167 -0.0513274 0.102726 -0.0214425 -0.0229564 -0.0151383 0.0157869 -0.0223761
internal_weight=800000 59587 5256 4796 740413 582150 54331 11405 158263 153821 86963 42926 409797 1156 11178 41770 1914 4442 860 66858 53389 52575 172353 151384 13469 258413 248206 39856 134546 247293
internal_count=800000 59587 5256 4796 740413 582150 54331 11405 158263 153821 86963 42926 409797 1156 11178 41770 1914 4442 860 66858 53389 52575 172353 151384 13469 258413 248206 39856 134546 247293
cat_boundaries=0 1 2 3 4 5 6 7 8 9 10 11 12 13 14 15
cat_threshold=36 8 8 34 16 48 8 16 1 32 4 2 1 32 2
is_linear=0
shrinkage=0.05


Tree=138
num_leaves=31
num_cat=17
split_feature=1 0 1 2 0 0 2 1 0 1 0 1 0 2 0 0 1 1 0 1 2 0 0 2 0 0 0 0 0 0
split_gain=234056 314145 170797 791559 390935 163745 134972 95808.1 81765.5 80989.9 40760.4 36666.4 148722 35530.3 31637.4 30831.1 13608.7 13204.2 12306.4 11213 11089 46297.2 9174.05 8986.41 7243.7 6773.36 6615.91 6390.42 5582.94 5515.15
threshold=3.5000000000000004 0 4.5000000000000009 1.5000000000000002 1 2 1.5000000000000002 4.5000000000000009 3 2.5000000000000004 4 1.5000000000000002 5 1.5000000000000002 6 7 2.5000000000000004 1.5000000000000002 8 2.5000000000000004 1.5000000000000002 9 10 1.5000000000000002 11 12 13 14 15 16
decision_type=2 1 2 2 1 1 2 2 1 2 1 2 1 2 1 1 2 2 1 2 2 1 1 2 1 1 1 1 1 1
left_child=6 7 8 5 -5 -4 9 23 -3 15 16 12 -12 -9 25 -1 -8 -17 -14 22 26 -22 -13 -2 -24 -7 -10 -11 -19 -21
right_child=1 2 3 4 -6 14 10 13 20 27 11 19 18 -15 -16 17 -18 28 -20 29 21 -23 24 -25 -26 -27 -28 -29 -30 -31
leaf_value=-0.05339072098972996 0.096264137198191158 0.31498192182466306 1.0241446251502404 -0.014666333481601386 -2.6327413196374874 -0.050120073749173079 0.24067597615846031 0.21176975855851896 -0.017838602828048486 0.023270644584178091 0.014154530215526116 -0.11917096429947512 -0.3623482582045765 0.3684335076116747 -0.72520239051252477 -0.11172146066364 0.05036179119785951 -0.01251495837631738 -0.79790967996569651 0.12664488826175535 -0.03081314143541284 -0.75777565969837657 0.084469425419580635 0.17587291254425411 0.039350356530833103 -0.21775253752221091 -0.15655476329444959 0.0030104528585348091 -0.026679248375888667 0.06195477636377076
leaf_weight=110790 21728 1780 315 209 495 1695 3093 10872 9414 59374 86103 814 318 5425 219 4091 1349 112598 542 7392 1051 268 11373 4236 41202 943 937 112979 182318 6077
leaf_count=110790 21728 1780 315 209 495 1695 3093 10872 9414 59374 86103 814 318 5425 219 4091 1349 112598 542 7392 1051 268 11373 4236 41202 943 937 112979 182318 6077
internal_value=3.75615e-05 0.0953713 -0.0839207 -0.376404 -1.89311 -0.0397848 -0.00763471 0.168857 0.000304454 -0.0187655 0.0333086 0.0289874 0.00758475 0.263921 -0.160113 -0.0308602 0.182468 -0.0225095 -0.642869 0.0568304 -0.0479215 -0.184499 0.0465456 0.109252 0.0491247 -0.110639 -0.030564 0.00999142 -0.0212727 0.0975978
internal_weight=800000 59587 17326 3876 704 3172 740413 42261 13450 582150 158263 153821 86963 16297 2857 409797 4442 299007 860 66858 11670 1319 53389 25964 52575 2638 10351 172353 294916 13469
internal_count=800000 59587 17326 3876 704 3172 740413 42261 13450 582150 158263 153821 86963 16297 2857 409797 4442 299007 860 66858 11670 1319 53389 25964 52575 2638 10351 172353 294916 13469
cat_boundaries=0 1 2 3 4 5 6 7 8 9 10 11 12 13 14 15 16 17
cat_threshold=33 16 8 8 8 34 6 32 4 18 1 18 2 6 49 3 49
is_linear=0
shrinkage=0.05


Tree=139
num_leaves=31
num_cat=16
split_feature=1 0 2 1 1 2 1 2 0 0 0 1 0 1 0 1 1 0 0 1 1 1 0 0 0 0 0 0 0 0
split_gain=211120 2.9011e+06 2.43454e+06 3.86417e+06 273605 121794 73093.2 61624.6 529412 36787.5 36026.8 33103.6 134508 27908.9 26201.8 23905.2 23203.6 13487.2 12865.5 120735 12282.3 10122.8 9455.55 8287.31 6575.71 6571 5942.29 5017.47 3786.94 3276.9
threshold=3.5000000000000004 0 1.5000000000000002 4.5000000000000009 4.5000000000000009 1.5000000000000002 2.5000000000000004 1.5000000000000002 1 2 3 1.5000000000000002 4 1.5000000000000002 5 4.5000000000000009 4.5000000000000009 6 7 4.5000000000000009 2.5000000000000004 2.5000000000000004 8 9 10 11 12 13 14 15
decision_type=2 1 2 2 2 2 2 2 1 1 1 2 1 2 1 2 2 1 1 2 2 2 1 1 1 1 1 1 1 1
left_child=5 2 4 -4 -2 6 13 14 -9 20 15 12 -11 24 16 -10 -3 -14 19 -16 -7 23 -15 -13 -1 -25 -8 -23 -24 -28
right_child=1 7 3 -5 -6 9 26 8 10 11 -12 21 17 22 18 -17 -18 -19 -20 -21 -22 27 28 25 -26 -27 29 -29 -30 -31
leaf_value=-0.11997746108056591 0.45475533851742489 -0.15039810294657152 0.96805917524955643 7.199372058499887 1.1776718646148001 0.22864207422852789 -0.0040024606623159783 -2.4947087798943501 -0.0023262198611537208 0.01344623547455972 -0.59055608010227445 -0.11328585868321578 -0.43725874566772244 -0.014184616796871745 -0.065523745791475199 -0.15631340900447666 -0.72205400162091538 -0.88444611250810723 -0.022438591712603664 1.0054500198364258 0.047840300889435833 0.046377232622448111 -0.027186449480192533 0.034412734072252857 -0.053038719558361737 0.072229790304053396 0.12812557927976251 0.11298660405504064 -0.045091047926977879 0.015253339141596271
leaf_weight=3868 5644 937 710 383 1704 3093 55373 227 4577 86103 359 814 541 158307 1599 5609 219 319 37304 315 1349 4121 136609 35551 73248 17024 637 9348 37765 116343
leaf_count=3868 5644 937 710 383 1704 3093 55373 227 4577 86103 359 814 541 158307 1599 5609 219 319 37304 315 1349 4121 136609 35551 73248 17024 637 9348 37765 116343
internal_value=3.32021e-05 0.0905755 0.948772 3.15158 0.6224 -0.00725346 -0.0178269 -0.0512345 -0.157498 0.0316397 -0.10472 0.0275345 0.00719827 -0.0293168 -0.0228955 -0.087035 -0.256478 -0.611393 -0.0159409 0.110158 0.173344 0.0539902 -0.0230346 0.0442182 -0.0564187 0.0466695 0.00949215 0.092725 -0.0310665 0.0158789
internal_weight=800000 59587 8441 1093 7348 740413 582150 51146 10772 158263 10545 153821 86963 409797 40374 10186 1156 860 39218 1914 4442 66858 332681 53389 77116 52575 172353 13469 174374 116980
internal_count=800000 59587 8441 1093 7348 740413 582150 51146 10772 158263 10545 153821 86963 409797 40374 10186 1156 860 39218 1914 4442 66858 332681 53389 77116 52575 172353 13469 174374 116980
cat_boundaries=0 1 2 3 4 5 6 7 8 9 10 11 12 13 14 15 16
cat_threshold=34 8 8 17 34 16 16 8 11 1 22 32 12 2 20 32
is_linear=0
shrinkage=0.05


Tree=140
num_leaves=31
num_cat=15
split_feature=1 0 1 2 0 0 2 1 0 1 2 0 1 0 1 0 0 1 0 2 0 2 1 0 0 0 1 1 0 0
split_gain=190432 335419 200450 829895 722168 143761 109901 88800.7 86063 65970.6 34279 33439.3 7.24132e+06 784632 406525 25218.6 21964.2 17341.6 38289 10887.7 35193.5 7722.5 6876.67 12859.9 5519.63 4997.85 7268.69 4716.49 4254.56 2674.36
threshold=3.5000000000000004 0 4.5000000000000009 1.5000000000000002 1 2 1.5000000000000002 4.5000000000000009 3 2.5000000000000004 1.5000000000000002 4 1.5000000000000002 5 2.5000000000000004 6 7 2.5000000000000004 8 1.5000000000000002 9 1.5000000000000002 1.5000000000000002 10 11 12 1.5000000000000002 1.5000000000000002 13 14
decision_type=2 1 2 2 1 1 2 2 1 2 2 1 2 1 2 1 1 2 1 2 1 2 2 1 1 1 2 2 1 1
left_child=6 7 8 5 -5 -4 9 21 -3 15 -9 12 -8 29 -15 27 -7 18 22 28 -21 -2 23 -13 -11 -17 -27 -1 -10 -14
right_child=1 2 3 4 -6 16 11 10 19 24 -12 17 13 14 -16 25 -18 -19 -20 20 -22 -23 -24 -25 -26 26 -28 -29 -30 -31
leaf_value=-0.052826262663012782 0.092531725198074372 0.3148598278567778 0.92578890404334446 -3.3094119371423396 -0.052077292780722345 -0.14245038183794281 5.1596322992330421 0.20225234487812865 -0.030023700621213092 0.022624637357867839 0.35613278915475594 0.01177458377779458 0.10232925137052849 -1.0002103848615274 0.045447516017175768 0.015926480566299021 -0.6559991228528419 0.094480164415174595 -0.32313515908790358 -0.058163174944705943 -0.69277982540267846 0.16633009644923513 0.035410993695577361 -0.30190955182401147 0.0031333362204263395 -0.16058616742638612 -0.019246829286135924 -0.035174849987829181 -0.14136979204800212 0.061770286174231297
leaf_weight=76202 21728 1780 315 404 300 2638 682 10872 9414 52023 5425 86066 6817 2989 1349 10207 219 7530 815 1051 268 4236 41202 318 120330 913 247293 75182 937 10495
leaf_count=76202 21728 1780 315 404 300 2638 682 10872 9414 52023 5425 86066 6817 2989 1349 10207 219 7530 815 1051 268 4236 41202 318 120330 913 247293 75182 937 10495
internal_value=2.86106e-05 0.0860203 -0.0992338 -0.416097 -1.96909 -0.0714221 -0.00689184 0.161955 -0.00799445 -0.0169358 0.253477 0.0300537 0.0867446 -0.0730172 -0.673487 -0.0278516 -0.183967 0.0207321 0.0164088 -0.0574593 -0.192801 0.104572 0.0186016 0.0105863 0.00901808 -0.0183556 -0.0197659 -0.0440571 -0.0402686 0.0777912
internal_weight=800000 59587 17326 3876 704 3172 740413 42261 13450 582150 16297 158263 22332 21650 4338 409797 2857 135931 128401 11670 1319 25964 127586 86384 172353 258413 248206 151384 10351 17312
internal_count=800000 59587 17326 3876 704 3172 740413 42261 13450 582150 16297 158263 22332 21650 4338 409797 2857 135931 128401 11670 1319 25964 127586 86384 172353 258413 248206 151384 10351 17312
cat_boundaries=0 1 2 3 4 5 6 7 8 9 10 11 12 13 14 15
cat_threshold=33 10 8 8 26 18 48 6 36 18 32 33 1 6 16
is_linear=0
shrinkage=0.05


Tree=141
num_leaves=31
num_cat=18
split_feature=1 0 1 2 0 0 2 1 0 1 0 2 1 0 0 0 0 1 1 2 0 0 2 0 0 0 0 0 0 0
split_gain=171742 302988 181275 750984 653402 130129 99175.1 80143.7 77727.4 59536.3 48671.6 30935.7 29634.7 193040 36305.9 22872.9 19937.8 17156.2 9890.3 9863.8 31891 8437.29 6968.49 5276.01 4451.11 3845.08 3003.97 2986.07 4783.96 2919.79
threshold=3.5000000000000004 0 4.5000000000000009 1.5000000000000002 1 2 1.5000000000000002 4.5000000000000009 3 2.5000000000000004 4 1.5000000000000002 1.5000000000000002 5 6 7 8 2.5000000000000004 1.5000000000000002 1.5000000000000002 9 10 1.5000000000000002 11 12 13 14 15 16 17
decision_type=2 1 2 2 1 1 2 2 1 2 1 2 2 1 1 1 1 2 2 2 1 1 2 1 1 1 1 1 1 1
left_child=6 7 8 5 -5 -4 9 22 -3 15 17 -9 13 -12 -15 -1 -7 -8 27 25 -21 -14 -2 -11 -20 -10 -25 -17 -29 -23
right_child=1 2 3 4 -6 16 10 11 19 23 12 -13 21 14 -16 18 -18 -19 24 20 -22 29 -24 26 -26 -27 -28 28 -30 -31
leaf_value=-0.045864911920327142 0.087905949828199867 0.29920369718327872 0.88092409104567315 -3.1479375542074011 -0.049563983178907832 -0.13535531557578695 0.25686174285400271 0.19214142146050886 -0.028524218901915949 -0.0079356829367388301 0.012072300768363143 0.33832523222892519 0.032553181061307272 -0.28727508085529979 -0.99004266365714688 -0.19115176547781038 -0.62462791709400167 0.043177051028116621 -0.010376262922886931 -0.055283007140883182 -0.6593885946616852 0.097221258805195207 0.15800903928347421 0.12070531329194767 -0.023023216142027174 -0.13437638302916838 0.012683070099324682 -0.092291389006898067 0.14354986018888941 0.059875624862027389
leaf_weight=110790 21728 1780 315 404 300 2638 3093 10872 9414 37807 86103 5425 36345 318 542 691 219 1349 112598 1051 268 6817 4236 637 182318 937 133909 3177 223 23696
leaf_count=110790 21728 1780 315 404 300 2638 3093 10872 9414 37807 86103 5425 36345 318 542 691 219 1349 112598 1051 268 6817 4236 637 182318 937 133909 3177 223 23696
internal_value=2.42898e-05 0.0816872 -0.0943833 -0.39571 -1.87303 -0.0678311 -0.00654778 0.153858 -0.00761765 -0.0160891 0.0285486 0.240804 0.0238279 0.00458646 -0.736471 -0.0264588 -0.174908 0.191536 -0.0192662 -0.054626 -0.183446 0.048859 0.0993432 0.0085667 -0.0181958 -0.0382636 0.0132034 -0.0964759 -0.0764474 0.0682482
internal_weight=800000 59587 17326 3876 704 3172 740413 42261 13450 582150 158263 16297 153821 86963 860 409797 2857 4442 299007 11670 1319 66858 25964 172353 294916 10351 134546 4091 3400 30513
internal_count=800000 59587 17326 3876 704 3172 740413 42261 13450 582150 158263 16297 153821 86963 860 409797 2857 4442 299007 11670 1319 66858 25964 172353 294916 10351 134546 4091 3400 30513
cat_boundaries=0 1 2 3 4 5 6 7 8 9 10 11 12 13 14 15 16 17 18
cat_threshold=33 10 8 8 8 34 4 32 6 18 32 4 3 6 32 6 16 16
is_linear=0
shrinkage=0.05


Tree=142
num_leaves=31
num_cat=17
split_feature=1 0 1 0 2 1 0 1 0 2 1 0 0 1 1 2 0 1 0 2 0 0 0 0 2 0 0 0 0 0
split_gain=154887 273690 163934 761305 89493.8 72326.6 70199.8 53733.3 43927.6 27918 26755.7 174578 32808.3 20684.7 15483.8 8936.14 28898.2 7907.81 7350.3 6289.68 6249.33 5861.76 5188.02 4879.93 4873.44 11379 4774.09 4393.99 3475.15 3085.25
threshold=3.5000000000000004 0 4.5000000000000009 1 1.5000000000000002 4.5000000000000009 2 2.5000000000000004 3 1.5000000000000002 1.5000000000000002 4 5 1.5000000000000002 2.5000000000000004 1.5000000000000002 6 2.5000000000000004 7 1.5000000000000002 8 9 10 11 1.5000000000000002 12 13 14 15 16
decision_type=2 1 2 1 2 2 1 2 1 2 2 1 1 2 2 2 1 2 1 2 1 1 1 1 2 1 1 1 1 1
left_child=4 5 6 -4 7 19 -3 13 14 -7 11 -10 -13 22 -6 28 -17 21 -15 -2 -5 -12 -1 -23 25 -22 -9 -19 -8 -24
right_child=1 2 3 20 8 9 15 26 10 -11 17 12 -14 18 -16 16 -18 27 -20 -21 24 23 29 -25 -26 -27 -28 -29 -30 -31
leaf_value=-0.10491666176566271 0.083511269768488772 0.28432818833676132 -2.5304130811254293 -0.090121270589786889 0.24401923365242997 0.18253385204879391 -0.027098748219438241 0.020793156449446945 0.011469718826943543 0.32140485969227028 -0.094687741126828984 -0.27334842100376039 -0.94143645314202795 -0.011924865695543003 0.041016684681331787 -0.052545180891506185 -0.62760402796079795 0.1065649412413347 -0.026809029908822935 0.15011249839471577 -0.19212397388246105 0.068851667437854605 -0.046041391513312858 0.031820022061323991 -0.048733467102050787 -0.59476057993793074 0.0026659958291652096 0.048879519397252415 -0.12773000778593005 0.13668023792970846
leaf_weight=3868 21728 1780 361 2053 3093 10872 9414 52023 86103 5425 814 318 542 158307 1349 1051 268 7392 174374 4236 943 11373 73025 41202 300 219 120330 6077 937 223
leaf_count=3868 21728 1780 361 2053 3093 10872 9414 52023 86103 5425 814 318 542 158307 1349 1051 268 7392 174374 4236 943 11373 73025 41202 300 219 120330 6077 937 223
internal_value=2.03536e-05 0.0775724 -0.0897689 -0.37632 -0.00622088 0.146165 -0.00725768 -0.0152845 0.0271185 0.228762 0.0226337 0.00435082 -0.700381 -0.0251359 0.181959 -0.0519318 -0.174545 0.0464179 -0.0197275 0.0943772 -0.147471 0.0377809 -0.0484679 0.0398423 -0.226844 -0.27478 0.00813886 0.0806536 -0.0363577 -0.0454665
internal_weight=800000 59587 17326 3876 740413 42261 13450 582150 158263 16297 153821 86963 860 409797 4442 11670 1319 66858 332681 25964 3515 53389 77116 52575 1462 1162 172353 13469 10351 73248
internal_count=800000 59587 17326 3876 740413 42261 13450 582150 158263 16297 153821 86963 860 409797 4442 11670 1319 66858 332681 25964 3515 53389 77116 52575 1462 1162 172353 13469 10351 73248
cat_boundaries=0 1 2 3 4 5 6 7 8 9 10 11 12 13 14 15 16 17
cat_threshold=33 8 8 8 34 4 18 11 2 1 22 18 4 33 49 6 32
is_linear=0
shrinkage=0.05


Tree=143
num_leaves=31
num_cat=16
split_feature=1 0 2 1 1 2 2 0 1 0 1 0 0 1 0 0 0 1 1 0 1 1 1 0 0 0 0 0 0 0
split_gain=139674 2.83417e+06 2.38734e+06 3.84714e+06 257081 80756.8 70595.3 444638 48499.3 39647.2 24154.8 157884 29647.5 20656.2 34566.1 19066.1 14476.4 15650.1 13974.3 8783.21 127028 8075.69 7139.4 5342.58 4597.37 4458.62 3966.46 3652.32 3206.52 2687.38
threshold=3.5000000000000004 0 1.5000000000000002 4.5000000000000009 4.5000000000000009 1.5000000000000002 1.5000000000000002 1 2.5000000000000004 2 1.5000000000000002 3 4 4.5000000000000009 5 6 7 4.5000000000000009 2.5000000000000004 8 4.5000000000000009 1.5000000000000002 2.5000000000000004 9 10 11 12 13 14 15
decision_type=2 1 2 2 2 2 2 1 2 1 2 1 1 2 1 1 1 2 2 1 2 2 2 1 1 1 1 1 1 1
left_child=5 2 4 -4 -2 8 16 -8 15 18 11 -11 -13 14 -9 -1 17 -3 -7 20 -18 -17 23 -12 -10 -25 -24 -23 -15 -26
right_child=1 6 3 -5 -6 9 7 13 24 10 22 12 -14 28 -16 21 19 -19 -20 -21 -22 27 26 25 29 -27 -28 -29 -30 -31
leaf_value=-0.041598011267314321 0.43618436866749444 -0.12270394002615198 0.92452644630217218 7.1420929946102607 1.1369317758251245 0.23181985689527662 -2.3223171306561823 -0.022965145920626033 -0.0076720945983333143 0.010896778437822524 0.0590081351008006 -0.2600998986058119 -0.89521849881047799 0.00066536681292808219 -0.59735533728016366 -0.087081622249833596 -0.10716640747957784 -0.59218192601312791 0.038965903289941969 -0.036354465251273844 0.99136212787930933 -0.0092630865649934446 0.10124533036630626 0.027703652822114174 0.11373830084822829 -0.090009571611881264 0.046438059831108193 -0.020719117464677569 -0.20357198167380322 0.011568490670157968
leaf_weight=110790 5644 937 710 383 1704 3093 227 4577 37807 86103 17024 318 542 209 268 4091 1599 219 1349 37304 315 112598 7392 35551 637 814 6077 182318 5491 133909
leaf_count=110790 5644 937 710 383 1704 3093 227 4577 37807 86103 17024 318 542 209 268 4091 1599 219 1349 37304 315 112598 7392 35551 637 814 6077 182318 5491 133909
internal_value=1.56608e-05 0.0736607 0.921902 3.10323 0.598688 -0.00591115 -0.066498 -0.180236 -0.014521 0.025759 0.0214984 0.00412682 -0.666061 -0.131796 -0.0560177 -0.0238803 -0.0361686 -0.20983 0.172862 -0.0309883 0.0732432 -0.0173135 0.0440969 0.0358903 0.00773235 0.0250447 0.0766268 -0.0163463 -0.196439 0.0120606
internal_weight=800000 59587 8441 1093 7348 740413 51146 10772 582150 158263 153821 86963 860 10545 4845 409797 40374 1156 4442 39218 1914 299007 66858 53389 172353 36365 13469 294916 5700 134546
internal_count=800000 59587 8441 1093 7348 740413 51146 10772 582150 158263 153821 86963 860 10545 4845 409797 40374 1156 4442 39218 1914 299007 66858 53389 172353 36365 13469 294916 5700 134546
cat_boundaries=0 1 2 3 4 5 6 7 8 9 10 11 12 13 14 15 16
cat_threshold=34 8 8 34 4 17 32 16 8 22 4 32 49 3 16 32
is_linear=0
shrinkage=0.05


Tree=144
num_leaves=31
num_cat=17
split_feature=1 0 1 2 0 0 0 2 1 1 0 2 1 0 0 0 1 0 2 0 1 1 2 0 0 0 0 0 0 0
split_gain=125967 296480 194183 801996 710601 141690 74865.4 72870.1 67826.8 43769 35783.9 27829 21810.6 142784 26791.5 17207.8 12611.7 11885.7 8748.12 21020.3 7288.4 6444.3 5413.63 4821.39 4159.83 4028.09 3797.69 3749.34 3422.99 2680.17
threshold=3.5000000000000004 0 4.5000000000000009 1.5000000000000002 1 2 3 1.5000000000000002 4.5000000000000009 2.5000000000000004 4 1.5000000000000002 1.5000000000000002 5 6 7 2.5000000000000004 8 1.5000000000000002 9 1.5000000000000002 2.5000000000000004 1.5000000000000002 10 11 12 13 14 15 16
decision_type=2 1 2 2 1 1 1 2 2 2 1 2 2 1 1 1 2 1 2 1 2 2 2 1 1 1 1 1 1 1
left_child=7 8 6 5 -5 -4 -3 9 22 15 16 -10 13 -12 -15 -1 -9 -7 27 -20 29 23 -2 -14 -11 -25 -23 -8 -22 -17
right_child=1 2 3 4 -6 17 18 10 11 24 12 -13 21 14 -16 20 -18 -19 19 -21 28 26 -24 25 -26 -27 -28 -29 -30 -31
leaf_value=-0.039518112125809877 0.08111216161668916 0.28671875974985478 0.91281567617563109 -3.2722887313308351 -0.041841068883096022 -0.15804784470814592 -0.0055705743089595455 0.22022992583335582 0.17517593063090636 -0.0039450143546459551 0.010351101428762818 0.31382530637820194 0.056058486437061329 -0.24749021312085595 -0.85126900396485261 -0.17226765315644921 0.037019310110670445 -0.53800226902857629 -0.077113143370805437 -0.56855904352750708 0.012917188167011914 0.14007132215103385 0.14290128776749086 0.026321528429309366 0.012689210993783659 -0.085564037419638583 0.062129423530604133 -0.068042327501368599 -0.016548039179298441 -0.063835338245738643
leaf_weight=110790 21728 1780 315 404 300 2638 3807 3093 10872 55373 86103 5425 17024 318 542 691 1349 219 1051 268 10206 1818 4236 35551 116980 814 11651 6544 284710 3400
leaf_count=110790 21728 1780 315 404 300 2638 3807 3093 10872 55373 86103 5425 17024 318 542 691 1349 219 1051 268 10206 1818 4236 35551 116980 814 11651 6544 284710 3400
internal_value=1.23488e-05 0.0699505 -0.104211 -0.416085 -1.94275 -0.0772535 -0.0144135 -0.00561614 0.141344 -0.0137948 0.0244678 0.22133 0.0204201 0.00391301 -0.633422 -0.022686 0.164221 -0.188948 -0.0605384 -0.181862 -0.0164473 0.0418941 0.091193 0.0340972 0.00734553 0.0237942 0.0727999 -0.0451369 -0.0155285 -0.0827275
internal_weight=800000 59587 17326 3876 704 3172 13450 740413 42261 582150 158263 16297 153821 86963 860 409797 4442 2857 11670 1319 299007 66858 25964 53389 172353 36365 13469 10351 294916 4091
internal_count=800000 59587 17326 3876 704 3172 13450 740413 42261 582150 158263 16297 153821 86963 860 409797 4442 2857 11670 1319 299007 66858 25964 53389 172353 36365 13469 10351 294916 4091
cat_boundaries=0 1 2 3 4 5 6 7 8 9 10 11 12 13 14 15 16 17
cat_threshold=33 10 8 8 8 34 4 32 6 18 22 12 32 16 4 1 6
is_linear=0
shrinkage=0.05


Tree=145
num_leaves=31
num_cat=16
split_feature=1 0 1 2 0 0 0 2 1 1 1 0 1 0 2 0 0 0 2 0 1 2 0 0 0 1 0 0 0 1
split_gain=113594 267811 175602 725752 642943 128249 67612.4 65754.9 61212.5 39502 37997.4 834478 396756 147479 25113.3 24210.5 15660.2 10796.3 7924.65 19051.2 5818.71 4885.2 4352.31 3942.53 3861.03 5086.67 3638.92 3570.13 3384.69 2875.83
threshold=3.5000000000000004 0 4.5000000000000009 1.5000000000000002 1 2 3 1.5000000000000002 4.5000000000000009 2.5000000000000004 1.5000000000000002 4 2.5000000000000004 5 1.5000000000000002 6 7 8 1.5000000000000002 9 2.5000000000000004 1.5000000000000002 10 11 12 1.5000000000000002 13 14 15 1.5000000000000002
decision_type=2 1 2 2 1 1 1 2 2 2 2 1 2 1 2 1 1 1 2 1 2 2 1 1 1 2 1 1 1 2
left_child=7 8 6 5 -5 -4 -3 9 21 16 13 12 -12 -9 -10 -15 29 -7 28 -20 22 -2 -13 -11 -18 -26 -24 -22 -8 -1
right_child=1 2 3 4 -6 17 18 10 14 23 11 20 -14 15 -16 -17 24 -19 19 -21 27 -23 26 -25 25 -27 -28 -29 -30 -31
leaf_value=-0.041169522858076513 0.077058463270428965 0.27246387662834298 0.8685780651385967 -3.1126269944048159 -0.039812449793661796 -0.15017630095928458 -0.0052919572705775308 0.051921921020158801 0.16641940214425174 0.018477836234477039 -0.9978483082339612 0.053256427411729639 0.035168897230771844 -0.23549219820557574 0.29813003214822936 -0.80947679160297781 0.016061112175275286 -0.51227902241669365 -0.073296514892218598 -0.54115438152560225 0.030142120044129264 0.13575452246172909 0.025003950144173826 0.0020049722739107607 -0.13311064804762374 -0.014874126452601914 -0.081339388825361014 0.086246264666210617 -0.064648049926117571 -0.027386278828468211
leaf_weight=76202 21728 1780 315 404 300 2638 3807 86207 10872 52023 2989 17024 1349 318 5425 542 10207 219 1051 268 4121 4236 35551 120330 913 247293 814 9348 6544 75182
leaf_count=76202 21728 1780 315 404 300 2638 3807 86207 10872 52023 2989 17024 1349 318 5425 542 10207 219 1051 268 4121 4236 35551 120330 913 247293 814 9348 6544 75182
internal_value=8.92895e-06 0.0664237 -0.0991037 -0.395681 -1.84797 -0.0733578 -0.0137101 -0.005336 0.134278 -0.0131051 0.0232415 -0.0038514 -0.675052 0.0453958 0.210264 -0.602382 -0.0215518 -0.179623 -0.0575438 -0.173016 0.0397936 0.0866347 0.0323908 0.00697833 -0.0140688 -0.0153084 0.0226018 0.0691669 -0.042885 -0.0343221
internal_weight=800000 59587 17326 3876 704 3172 13450 740413 42261 582150 158263 71196 4338 87067 16297 860 409797 2857 11670 1319 66858 25964 53389 172353 258413 248206 36365 13469 10351 151384
internal_count=800000 59587 17326 3876 704 3172 13450 740413 42261 582150 158263 71196 4338 87067 16297 860 409797 2857 11670 1319 66858 25964 53389 172353 258413 248206 36365 13469 10351 151384
cat_boundaries=0 1 2 3 4 5 6 7 8 9 10 11 12 13 14 15 16
cat_threshold=33 10 8 8 8 42 4 48 6 18 22 33 1 32 2 4
is_linear=0
shrinkage=0.05


Tree=146
num_leaves=31
num_cat=18
split_feature=1 0 2 1 1 0 0 2 0 2 1 1 0 0 1 0 0 0 1 0 0 0 0 1 0 0 1 0 0 0
split_gain=102434 4.74363e+06 6.45849e+06 543970 65411 814988 65324.4 59334.5 50998.5 39418.3 35651.7 20005.3 115937 21877.9 18841.1 17472.9 14133.4 5331.85 5252.05 4754.72 3976.96 3700.91 3484.47 4590.73 3422.66 3344.28 2595.26 2400.5 1842.74 1677.39
threshold=3.5000000000000004 0 1.5000000000000002 4.5000000000000009 4.5000000000000009 1 2 1.5000000000000002 3 1.5000000000000002 2.5000000000000004 1.5000000000000002 4 5 2.5000000000000004 6 7 8 2.5000000000000004 9 10 11 12 1.5000000000000002 13 14 1.5000000000000002 15 16 17
decision_type=2 1 2 2 2 1 1 2 1 2 2 2 1 1 2 1 1 1 2 1 1 1 1 2 1 1 2 1 1 1
left_child=7 2 3 -2 6 -6 -3 10 14 15 16 12 -10 -14 -9 17 26 -7 20 -11 -13 -12 -18 -24 -22 -20 -1 -23 -27 -25
right_child=1 4 -4 -5 5 9 -8 8 11 19 21 18 13 -15 -16 -17 22 -19 25 -21 24 27 23 29 -26 28 -28 -29 -30 -31
leaf_value=-0.03911070552092144 0.69094350903637081 0.25891343383149729 7.1581269231049918 2.0259614792190681 -2.4710332055618824 -0.033817307328296374 -0.0511369687958034 0.25734288798078458 0.0072382952357319163 -0.068281859459042346 -0.0071911375075685083 0.057002513270213488 -0.22407693354094904 -0.76973389819048466 0.033411001699601747 -0.48778185115630973 0.015257755380163596 -0.12907261286313235 0.12881827688321504 -0.22477661222715253 0.02566694515857328 0.1066079789740962 -0.12645511381727972 -0.010757509958514584 -0.077317316171903058 0.028637775235532764 -0.026017063179228209 0.010048346807383451 0.070464067838552455 -0.019163008546236076
leaf_weight=76202 3844 1780 460 952 361 10863 33446 3093 86103 567 37807 11373 318 542 1349 219 10207 1695 1818 5400 41202 637 913 148101 814 4121 75182 133909 7530 99192
leaf_count=76202 3844 1780 460 952 361 10863 33446 3093 86103 567 37807 11373 318 542 1349 219 10207 1695 1818 5400 41202 637 913 148101 814 4121 75182 133909 7530 99192
internal_value=6.06698e-06 0.0630741 1.49591 0.955943 -0.0757999 -0.150309 -0.0354109 -0.00506953 0.022077 -0.104239 -0.0124496 0.0172458 0.00143648 -0.572862 0.188911 -0.0547442 -0.0204741 -0.0467667 0.0378117 -0.210397 0.0307729 0.00662996 -0.0133652 -0.0145428 0.0236538 0.0657125 -0.0326058 0.0105134 0.0557072 -0.0141303
internal_weight=800000 59587 5256 4796 54331 19105 35226 740413 158263 18744 582150 153821 86963 860 4442 12777 409797 12558 66858 5967 53389 172353 258413 248206 42016 13469 151384 134546 11651 247293
internal_count=800000 59587 5256 4796 54331 19105 35226 740413 158263 18744 582150 153821 86963 860 4442 12777 409797 12558 66858 5967 53389 172353 258413 248206 42016 13469 151384 134546 11651 247293
cat_boundaries=0 1 2 3 4 5 6 7 8 9 10 11 12 13 14 15 16 17 18
cat_threshold=36 8 8 8 34 4 3 48 1 18 18 4 1 36 16 32 2 10
is_linear=0
shrinkage=0.05


Tree=147
num_leaves=31
num_cat=17
split_feature=1 0 1 2 0 0 0 1 2 0 1 2 1 0 0 1 2 0 0 0 1 1 0 2 0 0 0 0 0 0
split_gain=92371.3 286605 158505 674563 360263 152928 62991 57907.8 53541.1 46027.8 32177 25630.4 18059.3 104851 19770.3 17004.7 15749 54969.3 12834 9115.04 5686.33 4742.92 3622.12 3454.92 3418.44 3020.89 2963.66 2771.18 2161.06 2053.38
threshold=3.5000000000000004 0 4.5000000000000009 1.5000000000000002 1 2 3 4.5000000000000009 1.5000000000000002 4 2.5000000000000004 1.5000000000000002 1.5000000000000002 5 6 2.5000000000000004 1.5000000000000002 7 8 9 1.5000000000000002 2.5000000000000004 10 1.5000000000000002 11 12 13 14 15 16
decision_type=2 1 2 2 1 1 1 2 2 1 2 2 2 1 1 2 2 1 1 1 2 2 1 2 1 1 1 1 1 1
left_child=8 7 6 5 -5 -4 -3 23 10 15 18 -9 13 -11 -15 -10 -8 -18 -1 -7 29 22 -14 -2 -12 -23 -24 -22 -21 -20
right_child=1 2 3 4 -6 19 16 11 9 12 24 -13 21 14 -16 -17 17 -19 20 28 27 25 26 -25 -26 -27 -28 -29 -30 -31
leaf_value=-0.033986887977441725 0.075697126128712183 0.24604116253346706 0.9462359953660231 0.0077915418093607303 -2.5032790788329478 -0.12265561912066776 -0.051831026232054871 0.15970250435661448 0.24447726182786542 0.006877678073810717 0.016011150797374099 0.29276222962058635 0.048266886517071339 -0.21321583346622749 -0.73194717531618869 0.031738094633115145 -0.0671324200949278 -0.86010239947614053 -0.15098397578730563 -0.26580520902075272 -0.0070815430512124085 0.12241198082721468 0.022470137446834657 0.12505850151139009 0.0011932780092332208 0.052925845683413276 -0.073500005698319784 -0.017060043063725935 -0.46446093596745791 -0.056068845788055155
leaf_weight=110790 21728 1780 315 209 495 1695 10351 10872 3093 86103 59374 5425 17024 318 542 1349 1051 268 691 943 112598 1818 35551 4236 112979 11651 814 182318 219 3400
leaf_count=110790 21728 1780 315 209 495 1695 10351 10872 3093 86103 59374 5425 17024 318 542 1349 1051 268 691 943 112598 1818 35551 4236 112979 11651 814 182318 219 3400
internal_value=3.29805e-06 0.0598934 -0.111338 -0.393118 -1.79325 -0.0823692 -0.0302175 0.13009 -0.00481654 0.0209707 -0.011827 0.203996 0.016381 0.00136021 -0.544793 0.179466 -0.0725033 -0.235281 -0.0194505 -0.198396 -0.0140627 0.0359211 0.0292321 0.0837504 0.0062989 0.062435 0.0203023 -0.0132511 -0.306889 -0.0726068
internal_weight=800000 59587 17326 3876 704 3172 13450 42261 740413 158263 582150 16297 153821 86963 860 4442 11670 1319 409797 2857 299007 66858 53389 25964 172353 13469 36365 294916 1162 4091
internal_count=800000 59587 17326 3876 704 3172 13450 42261 740413 158263 582150 16297 153821 86963 860 4442 11670 1319 409797 2857 299007 66858 53389 25964 172353 13469 36365 294916 1162 4091
cat_boundaries=0 1 2 3 4 5 6 7 8 9 10 11 12 13 14 15 16 17
cat_threshold=33 16 8 8 8 34 4 18 32 2 22 49 16 32 3 4 6
is_linear=0
shrinkage=0.05


Tree=148
num_leaves=31
num_cat=14
split_feature=0 1 2 1 0 1 0 2 2 0 0 2 1 1 2 2 0 1 1 0 0 0 0 1 0 2 0 0 0 1
split_gain=86016.2 1.7409e+07 1.56754e+06 724967 1.49738e+07 161326 745388 41937.9 34626 44708.9 32629.5 381792 833766 39836.8 32283.4 31534 24937.6 13446.6 13136.7 12004.8 3425.54 3304.91 2849.82 2484.17 2394.45 19546.1 43576.9 1973.24 1828.99 2112.69
threshold=0 2.5000000000000004 1.5000000000000002 1.5000000000000002 1 4.5000000000000009 2 1.5000000000000002 1.5000000000000002 3 4 1.5000000000000002 2.5000000000000004 3.5000000000000004 1.5000000000000002 1.5000000000000002 5 3.5000000000000004 2.5000000000000004 6 7 8 9 1.5000000000000002 10 1.5000000000000002 11 12 13 2.5000000000000004
decision_type=1 2 2 2 1 2 1 2 2 1 1 2 2 2 2 2 1 2 2 1 1 1 1 2 1 2 1 1 1 2
left_child=1 7 -3 4 -2 10 -7 -1 -6 -10 11 17 -13 14 18 16 20 -5 22 -17 -8 -20 -12 -9 -15 -26 -27 -18 29 -16
right_child=3 2 -4 5 8 6 15 23 9 -11 13 12 -14 24 28 19 27 -19 21 -21 -22 -23 -24 -25 25 26 -28 -29 -30 -31
leaf_value=-0.032290778175159122 10.784439644927071 7.0634658092984699 3.8828507551267828 -0.0082001627549405445 -0.072129603817531321 -2.3754641270701775 -0.040105244357529116 0.0056420911628003879 0.028001433986507052 -0.69600730564283297 -0.0067273475939016785 -0.97304524359155886 0.46212916459912573 -0.050218321200018991 0.054021634233310294 0.012591108788237416 -0.25265721644334505 -0.15501566511754172 -0.0068912411081572481 -0.23056231841805241 -0.11655804485869199 0.010123912767625337 -0.017473002365025522 0.02135354349715194 -0.050386134770025098 -0.0062077899727385833 -0.818642211818009 -0.44225152694502257 0.041186642822792469 0.116964414069886
leaf_weight=110790 326 683 895 63275 3869 361 10863 86066 355 542 112598 2989 1530 32092 4999 567 943 1599 37807 5491 1695 116343 136609 35551 4744 417 268 219 23696 1818
leaf_count=110790 326 683 895 63275 3869 361 10863 86066 355 542 112598 2989 1530 32092 4999 567 943 1599 37807 5491 1695 116343 136609 35551 4744 417 268 219 23696 1818
internal_value=3.49544e-07 0.0254994 5.2595 -0.010541 0.583371 -0.0159326 -0.154884 -0.0100374 -0.136735 -0.416918 -0.010758 -0.0427663 -0.487138 -0.00604509 -0.00177078 -0.113094 -0.0711993 -0.0118188 -0.00552205 -0.208164 -0.0505089 0.00595097 -0.0126188 0.0102349 -0.0554722 -0.0862778 -0.336107 -0.291858 0.0478178 0.0707039
internal_weight=800000 233985 1578 566015 5092 560923 20139 232407 4766 897 540784 69393 4519 471391 433870 19778 13720 64874 403357 6058 12558 154150 249207 121617 37521 5429 685 1162 30513 6817
internal_count=800000 233985 1578 566015 5092 560923 20139 232407 4766 897 540784 69393 4519 471391 433870 19778 13720 64874 403357 6058 12558 154150 249207 121617 37521 5429 685 1162 30513 6817
cat_boundaries=0 1 2 3 4 5 6 7 8 9 10 11 12 13 14
cat_threshold=32 8 8 6 8 3 18 1 4 3 3 16 4 16
is_linear=0
shrinkage=0.05


Tree=149
num_leaves=31
num_cat=16
split_feature=1 0 2 1 1 2 0 2 0 0 1 1 1 0 1 0 0 1 0 0 1 0 1 0 1 0 0 0 0 0
split_gain=94990.6 2.79462e+06 2.31344e+06 3.99096e+06 245832 72161.1 365639 44308.1 49874.3 42265.7 30648.6 24258.1 24186 16444.2 12668.2 87227.5 15257.9 12047.3 22721.8 7569.15 150319 6043.99 8114.98 5220.87 5618.69 3961.75 3857.61 3159.13 2769.39 1650.37
threshold=3.5000000000000004 0 1.5000000000000002 4.5000000000000009 4.5000000000000009 1.5000000000000002 1 1.5000000000000002 2 3 4.5000000000000009 2.5000000000000004 2.5000000000000004 4 1.5000000000000002 5 6 1.5000000000000002 7 8 4.5000000000000009 9 4.5000000000000009 10 2.5000000000000004 11 12 13 14 15
decision_type=2 1 2 2 2 2 1 2 1 1 2 2 2 1 2 1 1 2 1 1 2 1 2 1 2 1 1 1 1 1
left_child=7 2 4 -4 -2 19 -7 12 11 10 -8 -9 17 -14 15 -10 -17 18 -1 20 -3 -21 -23 24 -16 -19 -12 -20 -15 -25
right_child=1 5 3 -5 -6 6 9 8 14 -11 26 -13 13 28 23 16 -18 25 27 21 -22 22 -24 29 -26 -27 -28 -29 -30 -31
leaf_value=-0.52985412663426901 0.42595555033775023 -0.1472648077863988 0.83128630664986636 7.1640038673311244 1.1111994425455729 -2.1360925203637233 -0.034352438894452712 0.26113772743772701 0.0062495337779270022 -0.6761037631409601 0.0068163205499518409 0.0070454804344120686 -0.24714626890061628 -0.0065482492666549394 0.02028746780224254 -0.20423494577407839 -0.66184243326601777 -0.0080148956987207056 -0.13998757401818726 -0.049073674666406823 1.047736676534017 -0.10226787910135732 -0.44033336203936574 0.067166020228675224 -0.1141974698986755 -0.018942030234800174 -0.21666450440553114 -0.033199109373305002 0.0087748524806527586 0.03912708527235445
leaf_weight=222 5644 1599 710 383 1704 227 4577 3093 86103 359 209 1349 637 37807 35551 318 542 158307 691 37304 315 937 219 6817 794 174374 5400 76203 133909 23696
leaf_count=222 5644 1599 710 383 1704 227 4577 3093 86103 359 209 1349 637 37807 35551 318 542 158307 691 37304 315 937 219 6817 794 174374 5400 76203 133909 23696
internal_value=3.84931e-06 0.0607371 0.903042 3.05034 0.584863 -0.0784358 -0.19343 -0.00488384 0.0185748 -0.149443 -0.130237 0.183559 -0.0112613 0.00445354 0.0137976 0.00121707 -0.496927 -0.0178707 -0.0356769 -0.0477741 0.0491479 -0.0525966 -0.164887 0.0301633 0.0173447 -0.0137431 -0.208711 -0.0341768 0.00540095 0.0454113
internal_weight=800000 59587 8441 1093 7348 51146 10772 740413 158263 10545 10186 4442 582150 172353 153821 86963 860 409797 77116 40374 1914 38460 1156 66858 36345 332681 5609 76894 171716 30513
internal_count=800000 59587 8441 1093 7348 51146 10772 740413 158263 10545 10186 4442 582150 172353 153821 86963 860 409797 77116 40374 1914 38460 1156 66858 36345 332681 5609 76894 171716 30513
cat_boundaries=0 1 2 3 4 5 6 7 8 9 10 11 12 13 14 15 16
cat_threshold=34 8 8 17 32 34 4 8 8 5 32 11 16 6 4 16
is_linear=0
shrinkage=0.05


Tree=150
num_leaves=31
num_cat=17
split_feature=1 0 1 2 0 0 0 1 2 1 0 1 0 2 1 0 0 2 0 1 0 0 1 0 0 0 2 0 0 0
split_gain=85661.6 299114 175100 727570 617700 160983 68346 57617.5 39987.9 46479.2 735290 331422 93112.5 29193.3 21829 14864.3 13786.8 13510.9 38005.8 10877.1 20606 4712.98 5070.74 3575.35 3282.09 2856.73 2560.57 2498.68 1818.22 1645.55
threshold=3.5000000000000004 0 4.5000000000000009 1.5000000000000002 1 2 3 4.5000000000000009 1.5000000000000002 1.5000000000000002 4 2.5000000000000004 5 1.5000000000000002 2.5000000000000004 6 7 1.5000000000000002 8 1.5000000000000002 9 10 2.5000000000000004 11 12 13 1.5000000000000002 14 15 16
decision_type=2 1 2 2 1 1 1 2 2 2 1 2 1 2 2 1 1 2 1 2 1 1 2 1 1 1 2 1 1 1
left_child=8 7 6 5 -5 -4 -3 26 14 12 11 -11 -10 -9 19 -16 -14 -8 28 20 -1 22 -12 29 -7 -22 -2 -17 -19 -21
right_child=1 2 3 4 -6 24 17 13 9 10 21 -13 16 -15 15 27 -18 18 -20 23 25 -23 -24 -25 -26 -27 -28 -29 -30 -31
leaf_value=-0.50450326820899705 0.076231109665841179 0.25577304328620104 0.96472407825176532 -3.1071626098835528 -0.091512056166125885 -0.19244237468321879 -0.056896597880025428 0.15583585087563556 0.047331534620878121 -0.9374497563115487 0.019272573029574813 0.0066906369996123892 -0.194336944236988 0.2978432661663003 -0.23497822303123417 -0.0062193144842082717 -0.62934844528419387 -0.004229660391528378 -0.74659601321323321 0.011797365287177342 -0.13308811582274171 0.043143500478912168 -0.10848649719199846 -0.01799538484001632 -0.40005234880738905 -0.031539536164392007 0.11872594249878886 0.0083355975564630199 -0.1394495784125713 -0.0089532368032352663
leaf_weight=222 21728 1780 315 404 300 2638 10351 10872 86207 2989 35551 1349 318 5425 637 37807 542 417 268 10206 691 30513 794 174374 219 76203 4236 133909 634 148101
leaf_count=222 21728 1780 315 404 300 2638 10351 10872 86207 2989 35551 1349 318 5425 637 37807 542 417 268 10206 691 30513 794 174374 219 76203 4236 133909 634 148101
internal_value=6.4953e-07 0.0576745 -0.117251 -0.413415 -1.86752 -0.0906885 -0.0319902 0.129387 -0.00464083 0.0176448 -0.0123198 -0.642367 0.0421473 0.203108 -0.0106994 0.00423009 -0.472578 -0.0760361 -0.226812 -0.0169785 -0.0338978 0.0286518 0.016477 -0.0130565 -0.209696 -0.0324693 0.0831641 0.00513084 -0.0863446 -0.00761479
internal_weight=800000 59587 17326 3876 704 3172 13450 42261 740413 158263 71196 4338 87067 16297 582150 172353 860 11670 1319 409797 77116 66858 36345 332681 2857 76894 25964 171716 1051 158307
internal_count=800000 59587 17326 3876 704 3172 13450 42261 740413 158263 71196 4338 87067 16297 582150 172353 860 11670 1319 409797 77116 66858 36345 332681 2857 76894 25964 171716 1051 158307
cat_boundaries=0 1 2 3 4 5 6 7 8 9 10 11 12 13 14 15 16 17
cat_threshold=33 10 8 8 8 42 32 4 18 8 32 11 6 6 4 16 1
is_linear=0
shrinkage=0.05


Tree=151
num_leaves=31
num_cat=14
split_feature=0 1 2 1 0 1 0 2 2 0 2 1 1 2 0 2 0 1 1 0 0 1 0 0 2 0 0 0 1 0
split_gain=78067.1 1.57503e+07 1.43809e+06 689376 1.35992e+07 171099 701618 31358.3 28675.9 26324.1 306470 726983 41254.1 24001.2 35282.9 23591.4 22003.8 13165.6 9506.55 4151.07 2989.54 2456.88 2456.87 2050.63 1920.47 46064.5 2004.09 1491.82 1906.79 1344.16
threshold=0 2.5000000000000004 1.5000000000000002 1.5000000000000002 1 4.5000000000000009 2 1.5000000000000002 1.5000000000000002 3 1.5000000000000002 2.5000000000000004 3.5000000000000004 1.5000000000000002 4 1.5000000000000002 5 3.5000000000000004 2.5000000000000004 6 7 1.5000000000000002 8 9 1.5000000000000002 10 11 12 2.5000000000000004 13
decision_type=1 2 2 2 1 2 1 2 2 1 2 2 2 2 1 2 1 2 2 1 1 2 1 1 2 1 1 1 2 1
left_child=1 8 -3 4 -2 9 -7 16 -1 10 17 -12 15 29 -15 18 -8 -5 23 -9 -18 -10 -20 -11 -14 -26 -27 28 -17 -6
right_child=3 2 -4 5 13 6 7 19 21 12 11 -13 24 14 -16 27 20 -19 22 -21 -22 -23 -24 -25 25 26 -28 -29 -30 -31
leaf_value=-0.02791292450425642 10.290662923313324 6.7305804960549667 3.6841311460100741 -0.0074152850290853866 -0.12652850151062012 -2.3128201367720118 -0.043436311809336658 0.01086135585558469 0.0026842083535497901 -0.0056367785532507042 -0.89058079765807363 0.44954230607335088 -0.051361189108202657 0.043731014565245752 -0.59845006776892617 0.045804093813605257 -0.18285427414038391 -0.15268831706330357 -0.0059099824411473064 -0.22028374480680304 -0.38091727510810425 0.018309101075657457 0.0087606017377876901 -0.014751996362907985 -0.71060989692056786 -0.037929799736312775 -0.13258463855115524 0.035015602652597941 0.10560109271730396 -0.049152067763592995
leaf_weight=110790 326 683 895 63275 691 361 10863 209 86066 112598 2989 1530 32042 355 542 4999 2638 1599 37807 5849 219 35551 116343 136609 268 4577 634 23696 1818 3178
leaf_count=110790 326 683 895 63275 691 361 10863 209 86066 112598 2989 1530 32042 355 542 4999 2638 1599 37807 5849 219 35551 116343 136609 268 4577 634 23696 1818 3178
internal_value=-2.28177e-06 0.02429 5.00271 -0.0100447 0.569106 -0.0153024 -0.158401 -0.117848 -0.00951153 -0.00997333 -0.0387231 -0.436855 -0.00574017 -0.117206 -0.350482 -0.00139048 -0.0760722 -0.0109959 -0.00459723 -0.212655 -0.199312 0.00725167 0.00516266 -0.0106343 -0.0560388 -0.0833944 -0.0496779 0.0410001 0.0616607 -0.0634255
internal_weight=800000 233985 1578 566015 5092 560923 20139 19778 232407 540784 69393 4519 471391 4766 897 433870 13720 64874 403357 6058 2857 121617 154150 249207 37521 5479 5211 30513 6817 3869
internal_count=800000 233985 1578 566015 5092 560923 20139 19778 232407 540784 69393 4519 471391 4766 897 433870 13720 64874 403357 6058 2857 121617 154150 249207 37521 5479 5211 30513 6817 3869
cat_boundaries=0 1 2 3 4 5 6 7 8 9 10 11 12 13 14
cat_threshold=32 8 8 8 6 1 16 6 4 3 4 17 16 6
is_linear=0
shrinkage=0.05


Tree=152
num_leaves=31
num_cat=15
split_feature=1 0 1 2 0 0 0 1 2 0 1 2 0 1 1 0 2 1 1 0 0 0 1 0 0 0 2 0 1 0
split_gain=88834.5 259914 144951 663117 348978 173614 62130.7 54957.7 33167.7 74166.2 42202.7 29657.5 20621.5 73037.1 18724.8 72825.3 11000.3 9625.95 9096.24 65196.8 17301.5 5274.7 28835.9 2723.12 2193.91 1992.46 1935.27 1345.94 1721 1215.89
threshold=3.5000000000000004 0 4.5000000000000009 1.5000000000000002 1 2 3 4.5000000000000009 1.5000000000000002 4 2.5000000000000004 1.5000000000000002 5 2.5000000000000004 1.5000000000000002 6 1.5000000000000002 2.5000000000000004 1.5000000000000002 7 8 9 2.5000000000000004 10 11 12 1.5000000000000002 13 2.5000000000000004 14
decision_type=2 1 2 2 1 1 1 2 2 1 2 2 1 2 2 1 2 2 2 1 1 1 2 1 1 1 2 1 2 1
left_child=8 7 6 5 -5 -4 -3 26 12 10 -10 -9 13 -1 15 -14 -8 25 19 -11 -21 22 -20 -7 -19 -16 -2 28 -23 -17
right_child=1 2 3 4 -6 23 16 11 9 18 -12 -13 14 -15 17 29 -18 24 21 20 -22 27 -24 -25 -26 -27 -28 -29 -30 -31
leaf_value=-0.026517482589369097 0.074409889762285714 0.24760243378537994 1.0300535454383264 0.01034543808192423 -2.4608154244942244 -0.17374707568448117 -0.051485895067122284 0.14993347567262855 0.31902758570269324 0.0034369795896059189 -0.016117996572785419 0.2930654854664605 -0.97271962165832526 -0.56344658838149331 0.011490323959894263 -0.12029297627327956 -0.2048043417334105 0.013327877290871036 0.017393670158947421 -0.2481360309136974 -0.72568940493111189 0.043511019250969341 -0.2872714117131846 -0.36270439531084753 0.00098667527624038019 -0.010988334546466999 0.11135344068124904 0.03326649855664237 0.10032013608808697 -0.046702419619638023
leaf_weight=110790 21728 1780 315 209 495 2638 10351 10872 3093 86103 1349 5425 222 637 10206 691 1319 51386 35551 541 319 4999 794 219 120330 284710 4236 23696 1818 3178
leaf_count=110790 21728 1780 315 209 495 2638 10351 10872 3093 86103 1349 5425 222 637 10206 691 1319 51386 35551 541 319 4999 794 219 120330 284710 4236 23696 1818 3178
internal_value=1.10197e-06 0.0587334 -0.104331 -0.373793 -1.762 -0.0656917 -0.0267553 0.125581 -0.00472556 0.0155708 0.216759 0.19758 -0.0102433 -0.0295843 -0.00566427 -0.112169 -0.0687558 -0.00473066 0.00974623 -0.000914253 -0.43158 0.0236139 0.0107349 -0.189446 0.00468061 -0.0102104 0.0804372 0.0389382 0.0585753 -0.0601219
internal_weight=800000 59587 17326 3876 704 3172 13450 42261 740413 158263 4442 16297 582150 111427 470723 4091 11670 466632 153821 86963 860 66858 36345 2857 171716 294916 25964 30513 6817 3869
internal_count=800000 59587 17326 3876 704 3172 13450 42261 740413 158263 4442 16297 582150 111427 470723 4091 11670 466632 153821 86963 860 66858 36345 2857 171716 294916 25964 30513 6817 3869
cat_boundaries=0 1 2 3 4 5 6 7 8 9 10 11 12 13 14 15
cat_threshold=33 16 8 8 8 32 8 34 16 32 6 1 1 16 6
is_linear=0
shrinkage=0.05


Tree=153
num_leaves=31
num_cat=16
split_feature=1 0 1 2 0 0 2 0 1 2 0 1 2 0 0 1 1 0 1 1 0 0 0 0 1 0 0 0 2 0
split_gain=80135.5 234674 131026 599816 315611 157142 61969.6 284300 49598.7 29930 66938.8 38088.8 26763.4 22888.3 18608.2 65915.8 16945.3 66040.1 8687.61 8213.79 58999.6 15676.9 6416.84 4760.11 26024.6 2518.35 1982.35 1797.97 1746.3 1472.05
threshold=3.5000000000000004 0 4.5000000000000009 1.5000000000000002 1 2 1.5000000000000002 3 4.5000000000000009 1.5000000000000002 4 2.5000000000000004 1.5000000000000002 5 6 2.5000000000000004 1.5000000000000002 7 2.5000000000000004 1.5000000000000002 8 9 10 11 2.5000000000000004 12 13 14 1.5000000000000002 15
decision_type=2 1 2 2 1 1 2 1 2 2 1 2 2 1 1 2 2 1 2 2 1 1 1 1 2 1 1 1 2 1
left_child=9 8 6 5 -5 -4 22 -8 28 14 11 -11 -10 -9 15 -1 17 -16 27 20 -12 -22 -3 24 -21 -7 -20 -18 -2 -24
right_child=1 2 3 4 -6 25 7 13 12 10 19 -13 -14 -15 16 -17 18 -19 26 23 21 -23 29 -25 -26 -27 -28 -29 -30 -31
leaf_value=-0.025190976700075637 0.070688690765265683 -0.15645604711500588 0.98013737605168272 0.0098452703049193777 -2.3402105116136003 -0.13870761949645458 1.1122573463540328 -0.11598188706806728 0.1424369681662194 0.30308043342402868 0.003265581057002552 -0.01531126035903453 0.27840605610087171 -0.6664837823497306 -0.92618048108857254 -0.53527311477780903 0.010914682450477463 -0.057136986273470296 -0.0056629915462120366 0.016525552712131703 -0.23595238078094871 -0.69050986861023134 -0.023972556726577117 0.03699192057875042 -0.27290747351850614 -0.23869848251342773 0.0073011361156605451 -0.010438708970807314 0.10578222175861328 -0.063284711150960071
leaf_weight=110790 21728 1599 315 209 495 1695 598 634 10872 3093 86103 1349 5425 268 222 637 10206 3869 37807 35551 541 319 3807 30513 794 1162 133909 284710 4236 6544
leaf_count=110790 21728 1599 315 209 495 1695 598 634 10872 3093 86103 1349 5425 268 222 637 10206 3869 37807 35551 541 319 3807 30513 794 1162 133909 284710 4236 6544
internal_value=-1.02477e-06 0.0557816 -0.0991629 -0.355355 -1.67564 -0.0623286 -0.0254075 0.277518 0.1193 -0.0044903 0.01479 0.205924 0.187699 -0.28506 -0.00973183 -0.0281045 -0.00538205 -0.1067 -0.00449391 0.0092565 -0.000873688 -0.41056 -0.0634317 0.0224344 0.0101997 -0.180067 0.0044469 -0.00969973 0.0764142 -0.0488632
internal_weight=800000 59587 17326 3876 704 3172 13450 1500 42261 740413 158263 4442 16297 902 582150 111427 470723 4091 466632 153821 86963 860 11950 66858 36345 2857 171716 294916 25964 10351
internal_count=800000 59587 17326 3876 704 3172 13450 1500 42261 740413 158263 4442 16297 902 582150 111427 470723 4091 466632 153821 86963 860 11950 66858 36345 2857 171716 294916 25964 10351
cat_boundaries=0 1 2 3 4 5 6 7 8 9 10 11 12 13 14 15 16
cat_threshold=33 16 8 24 8 2 32 8 34 16 8 32 2 4 1 4
is_linear=0
shrinkage=0.05


Tree=154
num_leaves=31
num_cat=14
split_feature=0 1 2 1 0 1 0 2 0 2 1 1 2 2 2 0 0 1 0 0 1 0 2 0 1 0 0 1 0 0
split_gain=77204.9 1.44196e+07 1.32267e+06 659665 1.24133e+07 173374 664513 28285.9 24983.5 309451 681536 43314.9 20992 17339.7 16647.8 36285.1 16413.3 12797 12005.1 7368.33 3152.27 2423.29 2283.77 35067.6 1829.88 1463.48 1216.23 1553.07 1139.56 1103.39
threshold=0 2.5000000000000004 1.5000000000000002 1.5000000000000002 1 4.5000000000000009 2 1.5000000000000002 3 1.5000000000000002 2.5000000000000004 3.5000000000000004 1.5000000000000002 1.5000000000000002 1.5000000000000002 4 5 3.5000000000000004 6 7 2.5000000000000004 8 1.5000000000000002 9 1.5000000000000002 10 11 2.5000000000000004 12 13
decision_type=1 2 2 2 1 2 1 2 1 2 2 2 2 2 2 1 1 2 1 1 2 1 2 1 2 1 1 2 1 1
left_child=1 12 -3 4 -2 8 -7 18 9 17 -11 13 -1 19 29 -16 -9 -5 -8 -10 28 -20 25 -24 -14 -13 27 -15 -21 -6
right_child=3 2 -4 5 14 6 7 16 11 10 -12 22 24 26 15 -17 -18 -19 21 20 -22 -23 23 -25 -26 -27 -28 -29 -30 -31
leaf_value=-0.023931737191002014 9.8445461057481314 6.4447021598871777 3.5230537444386401 -0.0063850585571252894 -0.11154763293844489 -2.2558716435959396 -0.055869294423293053 -0.23824425256626883 0.01198056533171687 -0.87715480296497716 0.42040401510553427 -0.022777904051275256 0.0022131484144279653 0.039489090311501024 0.10326454123405562 -0.54522051120149917 0.027249576303059471 -0.14961015809842243 -0.15640349708655091 -0.0059649808646966666 0.0005169893614041523 -0.33394746488879345 -0.6343567892801848 -0.057538327698026262 0.015697718231303323 -0.056007165534029096 0.029754429875089583 0.093455537370066968 -0.012944066971172882 -0.041526873736937947
leaf_weight=110790 326 683 895 63275 691 361 10863 5400 61592 2989 1530 3807 86066 4999 355 542 658 1599 2638 102392 102764 219 268 5211 35551 28235 23696 1818 136609 3178
leaf_count=110790 326 683 895 63275 691 361 10863 5400 61592 2989 1530 3807 86066 4999 355 542 658 1599 2638 102392 102764 219 268 5211 35551 28235 23696 1818 136609 3178
internal_value=-3.33627e-06 0.0241544 4.78762 -0.00999016 0.556543 -0.0151333 -0.15918 -0.119709 -0.00976892 -0.037777 -0.43784 -0.00564495 -0.00818758 -0.00118794 -0.0992154 -0.293501 -0.209755 -0.00991524 -0.0800362 -0.00393715 -0.00680595 -0.17113 -0.0571846 -0.0870157 0.00615495 -0.0520837 0.0351544 0.0538023 -0.0099549 -0.0544282
internal_weight=800000 233985 1578 566015 5092 560923 20139 19778 540784 69393 4519 471391 232407 433870 4766 897 6058 64874 13720 403357 341765 2857 37521 5479 121617 32042 30513 6817 239001 3869
internal_count=800000 233985 1578 566015 5092 560923 20139 19778 540784 69393 4519 471391 232407 433870 4766 897 6058 64874 13720 403357 341765 2857 37521 5479 121617 32042 30513 6817 239001 3869
cat_boundaries=0 1 2 3 4 5 6 7 8 9 10 11 12 13 14
cat_threshold=32 8 8 8 6 1 1 1 6 4 4 16 2 6
is_linear=0
shrinkage=0.05


Tree=155
num_leaves=31
num_cat=15
split_feature=1 0 2 1 1 2 0 2 0 1 1 0 0 1 1 0 0 1 1 0 0 1 0 0 1 0 0 0 1 0
split_gain=83750.6 2.71319e+06 2.26979e+06 4.05037e+06 242011 70741.3 318660 24895.4 69108.2 45849.4 19497.2 32436.8 17825.5 165403 23980.3 148149 9336.77 155948 7163.91 6021.2 4830.97 4566.88 7634.75 2625.56 4412.79 1739.02 1485.27 1174.59 1401.74 998.029
threshold=3.5000000000000004 0 1.5000000000000002 4.5000000000000009 4.5000000000000009 1.5000000000000002 1 1.5000000000000002 2 2.5000000000000004 4.5000000000000009 3 4 2.5000000000000004 1.5000000000000002 5 6 4.5000000000000009 2.5000000000000004 7 8 1.5000000000000002 9 10 4.5000000000000009 11 12 13 2.5000000000000004 14
decision_type=2 1 2 2 2 2 1 2 1 2 2 1 1 2 2 1 1 2 2 1 1 2 1 1 2 1 1 1 2 1
left_child=7 2 4 -4 -2 16 -7 12 9 -9 11 -8 13 -1 15 -14 17 -3 26 21 -12 22 -10 -18 -25 -20 -16 28 -23 -17
right_child=1 5 3 -5 -6 6 10 8 19 -11 20 -13 14 -15 18 29 23 -19 25 -21 -22 27 -24 24 -26 -27 -28 -29 -30 -31
leaf_value=-0.022735090553572229 0.41412961758425015 -0.14213082705385019 0.77838993945591894 7.158071242300089 1.0940280574028483 -2.0076231489704632 -0.047136003539170843 0.31375454823407317 0.098241221414853461 -0.035570810798188329 -0.22635545695334841 -0.60378164250216049 -1.3528785310942553 -0.83074460591027277 -0.0042667652493801672 -0.10604902803472718 -0.052767253007677685 1.0750381481836713 -0.0054060101026797355 0.0029290429052114936 -0.015750647514097153 0.037512096726291064 -0.19760517805760658 -0.083202135244835662 -0.33249734329850705 0.0067364049022450301 -0.011571679821000179 0.026681568815830323 0.088781953880889192 -0.039456297941459169
leaf_weight=110790 5644 1599 710 383 1704 227 4577 3093 355 1349 5400 268 222 637 112598 691 37304 315 37807 128006 300 4999 541 937 219 133909 182318 18102 1818 3178
leaf_count=110790 5644 1599 710 383 1704 227 4577 3093 355 1349 5400 268 222 637 112598 691 37304 315 37807 128006 300 4999 541 937 219 133909 182318 18102 1818 3178
internal_value=4.19881e-08 0.057027 0.886968 3.0139 0.571798 -0.0801021 -0.19396 -0.00458938 0.0129947 0.207201 -0.152869 -0.0792702 -0.00936978 -0.0273518 -0.00511248 -0.12564 -0.049744 0.0578845 -0.00405591 0.00737255 -0.215696 0.0293964 -0.0814982 -0.055101 -0.129312 0.00406307 -0.00878322 0.0333956 0.0511101 -0.0515924
internal_weight=800000 59587 8441 1093 7348 51146 10772 740413 158263 4442 10545 4845 582150 111427 470723 4091 40374 1914 466632 153821 5700 25815 896 38460 1156 171716 294916 24919 6817 3869
internal_count=800000 59587 8441 1093 7348 51146 10772 740413 158263 4442 10545 4845 582150 111427 470723 4091 40374 1914 466632 153821 5700 25815 896 38460 1156 171716 294916 24919 6817 3869
cat_boundaries=0 1 2 3 4 5 6 7 8 9 10 11 12 13 14 15
cat_threshold=34 8 8 17 32 8 8 22 1 6 5 4 3 16 6
is_linear=0
shrinkage=0.05


Tree=156
num_leaves=31
num_cat=16
split_feature=1 0 1 2 0 0 0 1 2 2 0 1 0 1 1 0 2 0 1 0 1 0 0 0 0 2 0 1 0 0
split_gain=75523.9 251608 149327 657903 601678 163291 67166 50013.9 30319.1 22470.1 62372.4 41379.2 16085.5 149277 21711.2 134331 10745 19094.2 6465.25 5434.09 4125.78 6905.53 2941.95 1650.86 1421.31 1256.93 1060.25 1265.04 1030.63 904.308
threshold=3.5000000000000004 0 4.5000000000000009 1.5000000000000002 1 2 3 4.5000000000000009 1.5000000000000002 1.5000000000000002 4 2.5000000000000004 5 2.5000000000000004 1.5000000000000002 6 1.5000000000000002 7 2.5000000000000004 8 1.5000000000000002 9 10 11 12 1.5000000000000002 13 2.5000000000000004 14 15
decision_type=2 1 2 2 1 1 1 2 2 2 1 2 1 2 2 1 2 1 2 1 2 1 1 1 1 2 1 2 1 1
left_child=9 7 6 5 -5 -4 -3 25 -9 12 11 -11 13 -1 15 -14 22 28 24 20 21 -12 -8 -20 -16 -2 27 -22 -18 -7
right_child=1 2 3 4 -6 29 16 8 -10 10 19 -13 14 -15 18 -17 17 -19 23 -21 26 -23 -24 -25 -26 -27 -28 -29 -30 -31
leaf_value=-0.0215982324524642 0.071999899795023789 0.25771158980257686 0.98986329474815971 -2.9859118264078521 -0.01499038511706937 -0.18268752148504344 -0.019011828060514928 0.14043201954598108 0.28515172954858176 0.29807019102662041 0.093462261696384386 -0.033789259133469716 -1.2881497087149785 -0.78920994074415751 0.0099844646621889323 -0.049032068523004763 -0.041370566946561223 -0.5746772371607719 0.011361241170855123 0.0027824895310001128 0.035639778235645909 -0.1879000848953607 -0.074449482806615799 0.00065588352766190734 -0.0090006878677296089 0.10177291142661915 0.025348654781655794 0.084345537758503022 -0.14575370698241716 -0.30208442054981749
leaf_weight=110790 21728 1780 315 404 300 2638 3807 10872 5425 3093 355 1349 222 637 10206 3869 417 268 51386 128006 4999 541 6544 120330 284710 4236 18102 1818 634 219
leaf_count=110790 21728 1780 315 404 300 2638 3807 10872 5425 3093 355 1349 222 637 10206 3869 417 268 51386 128006 4999 541 6544 120330 284710 4236 18102 1818 634 219
internal_value=-2.50463e-06 0.0541512 -0.106284 -0.379784 -1.76252 -0.0728967 -0.0275463 0.119923 0.188607 -0.00436069 0.012345 0.196844 -0.00890228 -0.0259841 -0.0048581 -0.119542 -0.0712158 -0.205679 -0.00385276 0.0070038 0.0279264 -0.0774768 -0.0541503 0.00386016 -0.00834365 0.0768573 0.0317275 0.0485577 -0.105118 -0.192861
internal_weight=800000 59587 17326 3876 704 3172 13450 42261 16297 740413 158263 4442 582150 111427 470723 4091 11670 1319 466632 153821 25815 896 10351 171716 294916 25964 24919 6817 1051 2857
internal_count=800000 59587 17326 3876 704 3172 13450 42261 16297 740413 158263 4442 582150 111427 470723 4091 11670 1319 466632 153821 25815 896 10351 171716 294916 25964 24919 6817 1051 2857
cat_boundaries=0 1 2 3 4 5 6 7 8 9 10 11 12 13 14 15 16
cat_threshold=33 10 8 8 8 32 8 18 22 6 4 1 1 16 16 6
is_linear=0
shrinkage=0.05


Tree=157
num_leaves=31
num_cat=14
split_feature=0 1 2 1 0 1 0 2 0 2 1 1 2 2 0 0 2 1 0 0 1 2 0 0 0 1 0 0 0 1
split_gain=76278.4 1.31437e+07 1.27043e+06 621458 1.14102e+07 181032 629484 28547.2 23246.3 301946 659782 43708.2 15773.2 14684.6 29860.6 14315.5 13171.2 12665.2 5668.9 4818.05 2291.62 2012.8 24945.7 2023.39 1774.99 1650.81 918.477 905.403 833.38 1141.81
threshold=0 2.5000000000000004 1.5000000000000002 1.5000000000000002 1 4.5000000000000009 2 1.5000000000000002 3 1.5000000000000002 2.5000000000000004 3.5000000000000004 1.5000000000000002 1.5000000000000002 4 5 1.5000000000000002 3.5000000000000004 6 7 2.5000000000000004 1.5000000000000002 8 9 10 1.5000000000000002 11 12 13 2.5000000000000004
decision_type=1 2 2 2 1 2 1 2 1 2 2 2 2 2 1 1 2 2 1 1 2 2 1 1 1 2 1 1 1 2
left_child=1 12 -3 4 -2 8 -7 15 9 17 -11 16 -1 27 -15 -8 18 -5 -10 -9 26 23 -23 -13 -24 -14 -20 -6 29 -18
right_child=3 2 -4 5 13 6 7 19 11 10 -12 21 25 14 -16 -17 28 -19 20 -21 -22 22 24 -25 -26 -27 -28 -29 -30 -31
leaf_value=-0.020518276484200473 9.4447485708055048 6.1958801713555314 3.3325140400039417 -0.0054251421540681202 -0.098406035209688422 -2.2028219023644122 -0.057459007181788417 -0.22415669185940007 0.010578778928636146 -0.86388763657139478 0.41279439363993853 -0.018062340829083208 0.0018177381203513827 0.088920590910193054 -0.49956382599429805 -0.18330165811810795 0.033856647294577324 -0.1479107909831798 -0.0050024518740647232 -0.014272999302033455 0.00034427612243883389 -0.54697722702575247 -0.049212855224077132 -0.057058443735291169 -0.13858180975321657 0.014625508600621112 -0.011267895166246329 -0.035045847779086127 0.026214037330846776 0.080129291882740525
leaf_weight=110790 326 683 895 63275 691 361 10863 5758 61592 2989 1530 3807 86066 355 542 2857 4999 1599 102392 300 102764 268 4577 28235 634 35551 136609 3178 23696 1818
leaf_count=110790 326 683 895 63275 691 361 10863 5758 61592 2989 1530 3807 86066 355 542 2857 4999 1599 102392 300 102764 268 4577 28235 634 35551 136609 3178 23696 1818
internal_value=-5.16961e-06 0.0240072 4.57185 -0.00993189 0.53995 -0.0149238 -0.162118 -0.123693 -0.00944229 -0.0364591 -0.431641 -0.00546428 -0.0068708 -0.0887797 -0.271241 -0.0838395 -0.000987075 -0.0089371 -0.00338315 -0.214157 -0.00589947 -0.0572374 -0.0852429 -0.0524487 -0.0603306 0.0055617 -0.00858436 -0.0467068 0.0306871 0.0461293
internal_weight=800000 233985 1578 566015 5092 560923 20139 19778 540784 69393 4519 471391 232407 4766 897 13720 433870 64874 403357 6058 341765 37521 5479 32042 5211 121617 239001 3869 30513 6817
internal_count=800000 233985 1578 566015 5092 560923 20139 19778 540784 69393 4519 471391 232407 4766 897 13720 433870 64874 403357 6058 341765 37521 5479 32042 5211 121617 239001 3869 30513 6817
cat_boundaries=0 1 2 3 4 5 6 7 8 9 10 11 12 13 14
cat_threshold=32 8 8 8 6 1 1 3 4 4 17 2 6 16
is_linear=0
shrinkage=0.05


Tree=158
num_leaves=31
num_cat=16
split_feature=1 0 1 2 0 0 2 0 1 2 2 0 1 0 1 1 0 0 1 0 0 1 0 0 1 0 0 1 0 0
split_gain=79457.7 220164 123255 599845 536257 174574 63586.4 257340 48032.5 30546.1 18749.8 64710.7 49173.2 15588.2 274042 28991 233676 11237.3 5330.09 5022.54 4520.15 4254.99 115070 30348.4 2733.79 4977.36 2462.93 1488.84 1471.38 1191.73
threshold=3.5000000000000004 0 4.5000000000000009 1.5000000000000002 1 2 1.5000000000000002 3 4.5000000000000009 1.5000000000000002 1.5000000000000002 4 2.5000000000000004 5 2.5000000000000004 1.5000000000000002 6 7 2.5000000000000004 8 9 2.5000000000000004 10 11 1.5000000000000002 12 13 1.5000000000000002 14 15
decision_type=2 1 2 2 1 1 2 1 2 2 2 1 2 1 2 2 1 1 2 1 1 2 1 1 2 1 1 2 1 1
left_child=10 8 6 5 -5 -4 20 -8 -2 -10 13 12 -12 14 -1 16 -15 -9 29 24 -3 23 -23 27 25 -13 -22 -21 -20 -17
right_child=1 2 3 4 -6 -7 7 17 9 -11 11 19 -14 15 -16 18 -18 -19 28 21 26 22 -24 -25 -26 -27 -28 -29 -30 -31
leaf_value=-0.019492324648679019 0.074864726405268811 -0.13964135150423401 1.0486465741671049 -2.818294830217166 -0.013575883680774321 -0.17416881818076149 1.0779002854698583 -0.13175788458830082 0.13602347254665395 0.28128389692526262 0.30902686567704274 0.084594331244899804 -0.052739071457186308 -1.6784009473077184 -1.059540933791659 -0.00350913001829401 -0.044274357490608394 -0.52061012631697623 -0.0051838194103701451 0.0017301211601890082 -0.017161952958920253 0.051628105944034199 -0.5948336530087599 -0.29899883592489995 0.028558438995053937 -0.15415068347743982 -0.067884084172171719 0.013893383759318357 0.0059851628652192691 -0.010052399386131908
leaf_weight=110790 25964 1599 315 404 300 2857 598 634 10872 5425 3093 355 1349 222 637 112598 3869 268 37807 86066 3807 4780 794 815 24919 541 6544 35551 133909 182318
leaf_count=110790 25964 1599 315 404 300 2857 598 634 10872 5425 3093 355 1349 222 637 112598 3869 268 37807 86066 3807 4780 794 815 24919 541 6544 35551 133909 182318
internal_value=-1.09581e-06 0.0555451 -0.0945336 -0.343012 -1.66333 -0.0499785 -0.0229978 0.283854 0.117068 0.184378 -0.00447134 0.0107888 0.198714 -0.00861996 -0.0254357 -0.00463878 -0.137162 -0.251734 -0.00347704 0.00534869 -0.0615148 0.00129052 -0.041433 0.00323571 0.0254632 -0.0603349 -0.0492635 0.00528524 0.00352612 -0.00755466
internal_weight=800000 59587 17326 3876 704 3172 13450 1500 42261 16297 740413 158263 4442 582150 111427 470723 4091 902 466632 153821 11950 128006 5574 122432 25815 896 10351 121617 171716 294916
internal_count=800000 59587 17326 3876 704 3172 13450 1500 42261 16297 740413 158263 4442 582150 111427 470723 4091 902 466632 153821 11950 128006 5574 122432 25815 896 10351 121617 171716 294916
cat_boundaries=0 1 2 3 4 5 6 7 8 9 10 11 12 13 14 15 16
cat_threshold=33 10 8 24 8 32 8 2 22 8 1 32 6 4 4 3
is_linear=0
shrinkage=0.05


Tree=159
num_leaves=31
num_cat=14
split_feature=0 1 2 1 0 1 0 2 0 2 1 1 2 0 2 0 2 1 0 0 2 0 0 1 1 0 0 0 0 1
split_gain=72290 1.20566e+07 1.16641e+06 575256 1.04401e+07 172764 583304 26019.7 21296.1 289084 606698 42879.5 13182.5 25877.8 12845.5 12138.3 10931.1 10326.5 9780.97 4829.34 2213.42 19617.2 2129.85 1851.93 1345.06 1213.99 891.336 821.091 773.576 1938.96
threshold=0 2.5000000000000004 1.5000000000000002 1.5000000000000002 1 4.5000000000000009 2 1.5000000000000002 3 1.5000000000000002 2.5000000000000004 3.5000000000000004 1.5000000000000002 4 1.5000000000000002 5 1.5000000000000002 3.5000000000000004 6 7 1.5000000000000002 8 9 2.5000000000000004 1.5000000000000002 10 11 12 13 2.5000000000000004
decision_type=1 2 2 2 1 2 1 2 1 2 2 2 2 1 2 1 2 2 1 1 2 1 1 2 2 1 1 1 1 2
left_child=1 14 -3 4 -2 8 -7 18 9 17 -11 16 27 -14 -1 -9 19 -5 -8 -10 22 -22 -13 -21 -16 -23 -20 -6 29 -18
right_child=3 2 -4 5 12 6 7 15 11 10 -12 20 13 -15 24 -17 28 -19 26 23 21 25 -24 -25 -26 -27 -28 -29 -30 -31
leaf_value=-0.018517738017421282 9.0372302350543787 5.9352015510659619 3.191560619716538 -0.0048741590412460928 -0.091373415986413464 -2.1226957530024237 -0.061382128191796816 -0.2321360977476053 0.0098297201694248146 -0.83614164788254774 0.38810429374376931 -0.016304437109147939 0.080479977359510457 -0.46745421437249668 0.0016381740625472021 -0.0030454243728500643 0.016587298295388388 -0.13353357374705396 -0.15578156857332076 -0.0077930561277691907 -0.49551924630034744 -0.051385516555760985 -0.05629565141542462 0.00023344348327121778 0.013199207574914591 -0.11208656618440072 -0.27054686233986935 -0.031092702938591971 0.021345551385685751 0.056192415531710019
leaf_weight=110790 326 683 895 63275 691 361 10863 5400 61592 2989 1530 3807 355 542 86066 658 5813 1599 2638 239001 268 4160 28235 102764 35551 1051 219 3178 18102 6598
leaf_count=110790 326 683 895 63275 691 361 10863 5400 61592 2989 1530 3807 355 542 86066 658 5813 1599 2638 239001 268 4160 28235 102764 35551 1051 219 3178 18102 6598
internal_value=-4.52947e-06 0.0233716 4.37908 -0.00966825 0.519378 -0.014471 -0.158264 -0.121274 -0.00911613 -0.0349749 -0.421648 -0.00530864 -0.0820427 -0.254916 -0.00620181 -0.207641 -0.000874082 -0.00804533 -0.0832269 -0.00305692 -0.0565886 -0.0859565 -0.0515668 -0.00537944 0.00501769 -0.0638195 -0.165492 -0.0421753 0.0279812 0.0376121
internal_weight=800000 233985 1578 566015 5092 560923 20139 19778 540784 69393 4519 471391 4766 897 232407 6058 433870 64874 13720 403357 37521 5479 32042 341765 121617 5211 2857 3869 30513 12411
internal_count=800000 233985 1578 566015 5092 560923 20139 19778 540784 69393 4519 471391 4766 897 232407 6058 433870 64874 13720 403357 37521 5479 32042 341765 121617 5211 2857 3869 30513 12411
cat_boundaries=0 1 2 3 4 5 6 7 8 9 10 11 12 13 14
cat_threshold=32 8 8 8 6 1 1 1 4 4 1 6 6 17
is_linear=0
shrinkage=0.05


Tree=160
num_leaves=31
num_cat=16
split_feature=1 0 2 1 1 0 0 2 2 0 1 0 1 1 0 0 1 0 0 0 1 1 0 0 0 2 0 0 1 0
split_gain=83085.4 4.48139e+06 5.90591e+06 561063 61707.4 528476 64805.3 25743.3 15673.6 66866.3 56648.2 15144.5 418805 36458.8 346748 4811.6 4986.2 168508 27544.1 4418.85 2135.56 1560.9 2807.26 742.626 685.687 758.931 664.154 657.988 125.918 82.0415
threshold=3.5000000000000004 0 1.5000000000000002 4.5000000000000009 4.5000000000000009 1 2 1.5000000000000002 1.5000000000000002 3 2.5000000000000004 4 2.5000000000000004 1.5000000000000002 5 6 2.5000000000000004 7 8 9 2.5000000000000004 1.5000000000000002 10 11 12 1.5000000000000002 13 14 1.5000000000000002 15
decision_type=2 1 2 2 2 1 1 2 2 1 2 1 2 2 1 1 2 1 1 1 2 2 1 1 1 2 1 1 2 1
left_child=8 2 3 -2 6 -6 -3 -7 11 10 -10 12 28 14 -13 -11 18 -18 21 -15 27 22 -17 -16 -8 -26 -22 -21 -1 -29
right_child=1 4 -4 -5 5 7 24 -9 9 15 -12 13 -14 19 23 16 17 -19 -20 20 26 -23 -24 -25 25 -27 -28 29 -30 -31
leaf_value=-0.018804025223629804 0.66402173529802577 0.2542076856197592 6.8640784682398266 2.0198511812867239 -2.0194224656431503 -0.073435584784319149 -0.050649207406459611 -0.1992239884721268 0.31878152776990087 0.028218951172002866 -0.069508716757868377 -2.030483808188603 -1.3033257126621027 0.0093383302216730954 -0.086870051314589303 0.0015591505330658916 0.042751087168363594 -0.72305411723122681 -0.28501740298126682 -0.004187072107553068 -0.0049383738728307463 0.012830283186874439 -0.14499589321089953 -0.029542563520979555 -0.061778276495653733 -0.10755155047952958 0.0030631168413848028 -0.00735587613153271 -0.015247846335965751 -0.0098128769331577541
leaf_weight=73025 3844 1780 460 952 361 12777 25851 5967 3093 17890 1349 222 637 61592 691 86066 6736 794 815 102392 37807 41202 318 3178 6544 1051 82523 45709 37765 136609
leaf_count=73025 3844 1780 460 952 361 12777 25851 5967 3093 17890 1349 222 637 61592 691 86066 6736 794 815 102392 37807 41202 318 3178 6544 1051 82523 45709 37765 136609
internal_value=-8.8561e-07 0.0567992 1.44946 0.933152 -0.0781801 -0.15055 -0.0389519 -0.113419 -0.00457204 0.00938026 0.20041 -0.00836511 -0.0249398 -0.00444101 -0.153055 0.00385048 0.000641485 -0.0389026 0.00296057 -0.00313819 -0.00503553 0.0048221 0.00100304 -0.0399788 -0.0546136 -0.0680228 0.000548938 -0.00739592 -0.0175918 -0.00919732
internal_weight=800000 59587 5256 4796 54331 19105 35226 18744 740413 158263 4442 582150 111427 470723 4091 153821 135931 7530 128401 466632 405040 127586 86384 3869 33446 7595 120330 284710 110790 182318
internal_count=800000 59587 5256 4796 54331 19105 35226 18744 740413 158263 4442 582150 111427 470723 4091 153821 135931 7530 128401 466632 405040 127586 86384 3869 33446 7595 120330 284710 110790 182318
cat_boundaries=0 1 2 3 4 5 6 7 8 9 10 11 12 13 14 15 16
cat_threshold=36 8 8 8 32 8 18 5 36 1 32 6 1 4 2 8
is_linear=0
shrinkage=0.05


Tree=161
num_leaves=31
num_cat=16
split_feature=1 0 1 2 0 0 0 1 2 2 0 2 1 0 1 0 0 0 1 1 0 0 1 0 0 1 0 1 0 0
split_gain=74952.4 234006 104969 559152 293897 224484 63021.6 49648.9 32894.2 17890.3 42839.2 14142.8 63548.5 563133 205939 48752.1 24138.7 13665 377971 33025.4 314385 5630.31 155684 3987.74 3451.13 1927.35 752.666 1505.74 2024.7 671.659
threshold=3.5000000000000004 0 4.5000000000000009 1.5000000000000002 1 2 3 4.5000000000000009 1.5000000000000002 1.5000000000000002 4 1.5000000000000002 1.5000000000000002 5 2.5000000000000004 6 7 8 2.5000000000000004 1.5000000000000002 9 10 2.5000000000000004 11 12 2.5000000000000004 13 2.5000000000000004 14 15
decision_type=2 1 2 2 1 1 1 2 2 2 1 2 2 1 2 1 1 1 2 2 1 1 2 1 1 2 1 2 1 1
left_child=11 7 6 5 -5 -4 -3 -2 -9 -8 -11 17 15 14 -14 -13 -17 18 -1 20 -19 22 -15 -21 -7 -25 27 28 -23 -22
right_child=1 2 3 4 -6 24 9 8 -10 10 -12 12 13 21 -16 16 -18 19 -20 23 29 26 -24 25 -26 -27 -28 -29 -30 -31
leaf_value=-0.016712406340763559 0.074464782807092761 0.24156827377873427 1.1985567040076623 0.02053195134689819 -2.2461436360897404 -0.14017759037856833 -0.05502662231652429 0.13562689069617401 0.28636699198358068 -0.10120979591319296 -0.80249419726913784 0.041308189239532042 -0.81027580968270385 0.011899377170962016 -0.066032342242699715 -0.12502298510875115 -0.67623796810857439 -1.9333351891616297 -1.2381596387087646 0.0088710363002331358 -0.082588891806173945 0.028438852903823409 -0.69601059728665682 -0.0070260539773702073 -0.25610991411241657 0.0005215911123012156 0.019031335371332541 0.051442544132913742 -0.056184660455266246 -0.028069959889391583
leaf_weight=110790 25964 1780 315 209 495 1695 10351 10872 5425 1051 268 86207 2989 35551 1349 541 319 222 637 61592 691 4999 794 284710 1162 120330 18102 6598 814 3178
leaf_count=110790 25964 1780 315 209 495 1695 10351 10872 5425 1051 268 86207 2989 35551 1349 541 319 222 637 61592 691 4999 794 284710 1162 120330 18102 6598 814 3178
internal_value=-3.96865e-06 0.0539445 -0.100778 -0.330093 -1.60484 -0.047173 -0.0347695 0.117373 0.185806 -0.0770597 -0.250551 -0.00434564 0.00890781 -0.0261296 -0.577505 0.0375584 -0.334908 -0.00794871 -0.023693 -0.00422122 -0.145665 0.00973066 -0.00356478 -0.00298126 -0.188058 -0.00478367 0.0255633 0.0350674 0.0165412 -0.0379948
internal_weight=800000 59587 17326 3876 704 3172 13450 42261 16297 11670 1319 740413 158263 71196 4338 87067 860 582150 111427 470723 4091 66858 36345 466632 2857 405040 30513 12411 5813 3869
internal_count=800000 59587 17326 3876 704 3172 13450 42261 16297 11670 1319 740413 158263 71196 4338 87067 860 582150 111427 470723 4091 66858 36345 466632 2857 405040 30513 12411 5813 3869
cat_boundaries=0 1 2 3 4 5 6 7 8 9 10 11 12 13 14 15 16
cat_threshold=33 16 8 8 18 8 42 16 32 8 32 1 2 17 16 6
is_linear=0
shrinkage=0.05


Tree=162
num_leaves=31
num_cat=14
split_feature=1 0 2 1 1 2 0 0 1 2 0 1 0 1 1 0 0 1 0 0 1 0 0 0 1 0 1 1 1 0
split_gain=67608.2 2.6597e+06 2.18481e+06 4.14078e+06 237169 70608.3 271427 36438.4 27016.7 12762.4 80872.5 61525.1 12329.7 341118 29915.2 285043 11768.8 185733 4658.58 4656.82 7561.2 132810 24075.7 3599.17 2532.21 13965.9 1739.73 1422.46 900.342 4675.4
threshold=3.5000000000000004 0 1.5000000000000002 4.5000000000000009 4.5000000000000009 1.5000000000000002 1 2 4.5000000000000009 1.5000000000000002 3 2.5000000000000004 4 2.5000000000000004 1.5000000000000002 5 6 4.5000000000000009 7 8 2.5000000000000004 9 10 11 4.5000000000000009 12 2.5000000000000004 1.5000000000000002 1.5000000000000002 13
decision_type=2 1 2 2 2 2 1 1 2 2 1 2 1 2 2 1 1 2 1 1 2 1 1 1 2 1 2 2 2 1
left_child=9 2 4 -4 -2 16 -7 8 -8 12 11 -11 13 -1 15 -14 17 -3 -10 28 22 -22 27 -16 -18 -26 -25 -21 29 -12
right_child=1 5 3 -5 -6 6 7 -9 18 10 19 -13 14 -15 23 -17 24 -19 -20 20 21 -23 -24 26 25 -27 -28 -29 -30 -31
leaf_value=-0.015877068046413503 0.4076575618192374 -0.1516465630212227 0.69937240036440573 7.1498574873174761 1.080720012344665 -1.8722944187212596 -0.052456295906989525 -0.64965950622145074 0.019551037653396122 0.34192916976183785 0.11199029987805512 -0.062730209937000209 -1.8408350319697939 -1.1762499646077538 0.0084275452093135108 -0.03610915221882776 -0.051587522197180082 1.176682377164326 -0.2249012125441856 -0.0005856761365482776 0.041549762415238861 -0.6529869079589844 -0.26812992214434073 -0.0066752766325176424 -0.061423255069970886 -0.24341332220787076 0.00049558081750133477 0.011303345133881305 0.023525555866038925 -0.11888608015167734
leaf_weight=110790 5644 1599 710 383 1704 227 4577 359 209 3093 355 1349 222 637 61592 3869 26435 315 5400 86066 4780 794 815 284710 10863 1162 120330 35551 24919 541
leaf_count=110790 5644 1599 710 383 1704 227 4577 359 209 3093 355 1349 222 637 61592 3869 26435 315 5400 86066 4780 794 815 284710 10863 1162 120330 35551 24919 541
internal_value=-7.11414e-06 0.0512302 0.872952 2.9597 0.563741 -0.0845387 -0.19829 -0.160327 -0.14246 -0.00413059 0.00845947 0.218545 -0.00755332 -0.0225086 -0.00401262 -0.138631 -0.0542101 0.0666175 -0.216159 0.0023783 -0.00152908 -0.0584819 0.0010637 -0.00283249 -0.0602249 -0.0792628 -0.00454483 0.00288948 0.0217465 -0.0274886
internal_weight=800000 59587 8441 1093 7348 51146 10772 10545 10186 740413 158263 4442 582150 111427 470723 4091 40374 1914 5609 153821 128006 5574 122432 466632 38460 12025 405040 121617 25815 896
internal_count=800000 59587 8441 1093 7348 51146 10772 10545 10186 740413 158263 4442 582150 111427 470723 4091 40374 1914 5609 153821 128006 5574 122432 466632 38460 12025 405040 121617 25815 896
cat_boundaries=0 1 2 3 4 5 6 7 8 9 10 11 12 13 14
cat_threshold=34 8 17 8 32 8 8 16 22 1 32 1 1 6
is_linear=0
shrinkage=0.05


Tree=163
num_leaves=31
num_cat=13
split_feature=0 1 2 1 0 1 0 2 1 0 0 2 1 0 0 2 2 2 0 0 2 0 0 1 2 0 1 0 1 1
split_gain=69941.6 1.13832e+07 1.15914e+06 562879 9.83161e+06 177623 509730 23609 23281.5 63798.1 35529.3 503394 196648 19649.2 11515.5 37627.1 7588.73 7372.77 4284.43 3813.09 23285.9 3207.71 1289.27 1283.63 796.348 735.685 1147.57 1231.28 539.367 410.397
threshold=0 2.5000000000000004 1.5000000000000002 1.5000000000000002 1 4.5000000000000009 2 1.5000000000000002 3.5000000000000004 3 4 1.5000000000000002 2.5000000000000004 5 6 1.5000000000000002 1.5000000000000002 1.5000000000000002 7 8 1.5000000000000002 9 10 1.5000000000000002 1.5000000000000002 11 2.5000000000000004 12 2.5000000000000004 2.5000000000000004
decision_type=1 2 2 2 1 2 1 2 2 1 1 2 2 1 1 2 2 2 1 1 2 1 1 2 2 1 2 1 2 2
left_child=1 17 -3 4 -2 8 -7 13 10 -10 11 -5 -13 -8 24 -16 21 -1 -9 -11 -21 -12 28 -19 -6 26 27 -18 -23 -24
right_child=3 2 -4 5 14 6 7 18 9 19 16 12 -14 -15 15 -17 25 23 -20 20 -22 22 29 -25 -26 -27 -28 -29 -30 -31
leaf_value=-0.01508278837960618 8.7797130448477603 5.8065734508620528 3.0714946665843774 -0.0039262165742540303 -0.041374464020474268 -1.9964759303553086 -0.05835582996636101 0.018618896345025331 0.24579537359695861 -0.049914292371844665 0.0080057999990283731 -0.78685836485693317 -0.05959590403038631 -0.20573945918647013 0.0040691735367180924 -0.66916625312876932 0.025846037290652702 -0.00055375720922024962 -0.2155019283538834 -0.06256353761933528 -0.32850220792838059 -0.0032936402282842262 -0.0086371257096080258 0.010740159162874548 0.022283289424275859 0.01690278808872607 0.047046179769977943 -0.040168635554394677 0.0027542310634661115 -0.0031389015084896041
leaf_weight=110790 326 683 895 63275 3275 361 10863 209 1780 27205 61592 2989 1349 2857 594 319 4999 86066 5849 9414 902 102392 136609 35551 578 18102 6598 814 57606 45158
leaf_count=110790 326 683 895 63275 3275 361 10863 209 1780 27205 61592 2989 1349 2857 594 319 4999 86066 5849 9414 902 102392 136609 35551 578 18102 6598 814 57606 45158
internal_value=-9.85403e-06 0.0229835 4.25531 -0.00951531 0.513809 -0.0142662 -0.160067 -0.125475 -0.00883646 -0.0458952 -0.00593219 -0.0396425 -0.5607 -0.0892389 -0.0698636 -0.228653 -0.000677945 -0.00575223 -0.20775 -0.0597826 -0.0857333 -0.00249671 -0.00438955 0.00274767 -0.0317426 0.0233644 0.0327489 0.0165773 -0.00111608 -0.00727075
internal_weight=800000 233985 1578 566015 5092 560923 20139 19778 540784 39301 501483 67613 4338 13720 4766 913 433870 232407 6058 37521 10316 403357 341765 121617 3853 30513 12411 5813 159998 181767
internal_count=800000 233985 1578 566015 5092 560923 20139 19778 540784 39301 501483 67613 4338 13720 4766 913 433870 232407 6058 37521 10316 403357 341765 121617 3853 30513 12411 5813 159998 181767
cat_boundaries=0 1 2 3 4 5 6 7 8 9 10 11 12 13
cat_threshold=32 8 8 8 8 1 18 16 17 1 2 17 16
is_linear=0
shrinkage=0.05


Tree=164
num_leaves=31
num_cat=15
split_feature=1 0 1 2 0 0 0 1 2 2 0 1 0 0 2 0 1 1 0 2 0 0 1 2 2 0 0 0 0 1
split_gain=70613.1 250448 118793 611582 322331 220954 60634 50261.6 35713.6 14604.6 32499.3 12608.7 9.38045e+06 34992.2 26234.8 427045 195032 177476 9811.08 21958.1 20039 9493.93 488088 6848.24 4069.91 2895.46 1163.48 847.604 663.804 1035.59
threshold=3.5000000000000004 0 4.5000000000000009 1.5000000000000002 1 2 3 4.5000000000000009 1.5000000000000002 1.5000000000000002 4 1.5000000000000002 5 6 1.5000000000000002 7 2.5000000000000004 2.5000000000000004 8 1.5000000000000002 9 10 2.5000000000000004 1.5000000000000002 1.5000000000000002 11 12 13 14 2.5000000000000004
decision_type=2 1 2 2 1 1 1 2 2 2 1 2 1 1 2 1 2 2 1 2 1 1 2 2 2 1 1 1 1 2
left_child=11 7 6 5 -5 -4 -3 -2 -9 27 -11 12 -1 14 21 16 -16 -17 24 -20 -21 -13 -23 25 -14 -15 -27 -8 29 -25
right_child=1 2 3 4 -6 -7 9 8 -10 10 -12 13 18 23 15 17 -18 -19 19 20 -22 22 -24 28 -26 26 -28 -29 -30 -31
leaf_value=8.3537923137346919 0.074805854702148275 0.23357620729414444 1.1802054566603439 0.017732740428349745 -2.3564352340509394 -0.19548612397682555 -0.043158887041482699 0.13454660413193301 0.29161409771826963 -0.10526537962615996 -0.71666223368198756 -0.003729997536031671 -0.015694906505416058 0.0076063473918740535 0.01020321395473572 -0.74751642599836488 -0.78213311490844417 -0.05661644041317318 -0.028953144323348497 -0.11414159715932858 -0.61638458420078079 -0.01210264711747434 -1.4077682345403795 0.015746981868353434 0.00034615303439083206 -0.0010605809185053252 -0.0069072891777031565 -0.072314107377736705 0.016057269233065021 0.04469121049555478
leaf_weight=326 25964 1780 315 209 495 2857 4744 10872 5425 1051 268 63275 73123 61592 35551 2989 794 1349 3771 541 319 37765 637 5813 86103 159998 181767 5607 18102 6598
leaf_count=326 25964 1780 315 209 495 2857 4744 10872 5425 1051 268 63275 73123 61592 35551 2989 794 1349 3771 541 319 37765 637 5813 86103 159998 181767 5607 18102 6598
internal_value=-5.37613e-06 0.0523582 -0.107706 -0.351653 -1.68482 -0.0557667 -0.0374857 0.117978 0.186832 -0.0789627 -0.235723 -0.00421949 0.00800421 -0.00770234 -0.0292115 -0.0631463 -0.00710437 -0.53144 -0.00910933 -0.0807724 -0.308933 -0.0156364 -0.0352443 -0.000644147 -0.00702011 -0.0023719 -0.00417025 -0.0590634 0.0221951 0.0311094
internal_weight=800000 59587 17326 3876 704 3172 13450 42261 16297 11670 1319 740413 164183 576230 142360 40683 36345 4338 163857 4631 860 101677 38402 433870 159226 403357 341765 10351 30513 12411
internal_count=800000 59587 17326 3876 704 3172 13450 42261 16297 11670 1319 740413 164183 576230 142360 40683 36345 4338 163857 4631 860 101677 38402 433870 159226 403357 341765 10351 30513 12411
cat_boundaries=0 1 2 3 4 5 6 7 8 9 10 11 12 13 14 15
cat_threshold=33 16 8 8 18 8 40 32 34 16 8 1 2 20 17
is_linear=0
shrinkage=0.05


Tree=165
num_leaves=31
num_cat=14
split_feature=0 1 2 1 0 1 0 1 0 0 2 1 2 0 0 2 2 2 0 2 0 0 0 1 1 2 0 0 0 1
split_gain=66462.3 1.05148e+07 1.07155e+06 463981 8.0567e+06 170223 478100 23408.4 53607 28938.9 410018 160171 21692.3 13798.9 9356.58 30910.8 6180.79 5975.69 5020.08 2766.27 40904.3 2612.76 1156.03 1086.84 1054.93 814.695 702.36 691.242 599.058 934.8
threshold=0 2.5000000000000004 1.5000000000000002 1.5000000000000002 1 4.5000000000000009 2 3.5000000000000004 3 4 1.5000000000000002 2.5000000000000004 1.5000000000000002 5 6 1.5000000000000002 1.5000000000000002 1.5000000000000002 7 1.5000000000000002 8 9 10 2.5000000000000004 1.5000000000000002 1.5000000000000002 11 12 13 2.5000000000000004
decision_type=1 2 2 2 1 2 1 2 1 1 2 2 2 1 1 2 2 2 1 2 1 1 1 2 2 2 1 1 1 2
left_child=1 17 -3 4 -2 7 -7 9 -9 10 -5 -12 13 -8 25 -16 21 -1 26 27 -21 -11 -22 -23 -19 -6 -14 -10 29 -18
right_child=3 2 -4 5 14 6 12 8 19 16 11 -13 18 -15 15 -17 28 24 -20 20 22 23 -24 -25 -26 -27 -28 -29 -30 -31
leaf_value=-0.013605999827374189 7.9485336902595707 5.5816002830404834 2.9518898440739298 -0.0035435620156826588 -0.037878219502572801 -1.9348378163463664 -0.06216102416958507 0.2219619247500457 -0.068705139343522501 0.0072252432923282754 -0.71013991823958966 -0.05378564651848388 0.016878262175816925 -0.18574736345342366 0.0053128354878537983 -0.60488688669234614 0.014958466886551228 -0.00054647991604235774 -0.21619638757821844 -0.68211919661048503 -0.050151086368149134 -0.0058107033418748474 -0.1225510667569889 0.00033818382615684133 0.009692047836777129 0.026508668549745554 -0.098231352541757674 -0.049085774485702935 0.015254915589894509 0.042458076511740363
leaf_weight=110790 326 683 895 63275 3275 361 10863 1780 5607 61592 2989 1349 209 2857 594 319 5813 86066 5491 268 4577 239001 634 102764 35551 578 358 26435 18102 6598
leaf_count=110790 326 683 895 63275 3275 361 10863 1780 5607 61592 2989 1349 209 2857 594 319 5813 86066 5491 268 4577 239001 634 102764 35551 578 358 26435 18102 6598
internal_value=-2.13581e-06 0.022412 4.0901 -0.00926815 0.465863 -0.0135815 -0.156313 -0.00826613 -0.0454256 -0.00535395 -0.0357775 -0.506032 -0.12281 -0.0880769 -0.0625068 -0.205637 -0.000611995 -0.00520587 -0.201675 -0.0581542 -0.0910011 -0.00225339 -0.0591775 -0.0039617 0.00244644 -0.0281463 -0.056244 -0.0525557 0.0210857 0.0295541
internal_weight=800000 233985 1578 566015 5092 560923 20139 540784 39301 501483 67613 4338 19778 13720 4766 913 433870 232407 6058 37521 5479 403357 5211 341765 121617 3853 567 32042 30513 12411
internal_count=800000 233985 1578 566015 5092 560923 20139 540784 39301 501483 67613 4338 19778 13720 4766 913 433870 232407 6058 37521 5479 403357 5211 341765 121617 3853 567 32042 30513 12411
cat_boundaries=0 1 2 3 4 5 6 7 8 9 10 11 12 13 14
cat_threshold=32 8 8 8 8 1 18 18 4 1 17 16 2 17
is_linear=0
shrinkage=0.05


Tree=166
num_leaves=31
num_cat=14
split_feature=1 0 1 2 2 1 0 0 2 1 0 0 1 0 2 0 2 0 0 2 0 2 2 2 2 0 0 0 2 0
split_gain=73347.6 1.24733e+07 9.17864e+06 320220 313404 59245.5 432423 48336.3 22519.5 11237 7.68842e+06 34418.9 31286.6 776737 74483.4 24426.6 502092 11123.7 8165.63 18584.3 15860.3 5578.64 3364.48 2936.57 2591.57 36973.5 2358.5 1592.18 1456.61 1080.71
threshold=3.5000000000000004 0 4.5000000000000009 1.5000000000000002 1.5000000000000002 4.5000000000000009 1 2 1.5000000000000002 1.5000000000000002 3 4 2.5000000000000004 5 1.5000000000000002 6 1.5000000000000002 7 8 1.5000000000000002 9 1.5000000000000002 1.5000000000000002 1.5000000000000002 1.5000000000000002 10 11 12 1.5000000000000002 13
decision_type=2 1 2 2 2 2 1 1 2 2 1 1 2 1 2 1 2 1 1 2 1 2 2 2 2 1 1 1 2 1
left_child=9 2 3 -2 -4 7 -7 -3 17 10 -1 12 15 28 -15 23 -17 -8 22 -20 -21 26 -12 -11 -9 29 -13 -10 -14 -26
right_child=1 5 4 -5 -6 6 8 24 27 11 18 21 13 14 -16 16 -18 -19 19 20 -22 -23 -24 -25 25 -27 -28 -29 -30 -31
leaf_value=7.5629357760151228 2.6086015167177585 0.21092541033995219 8.8451945518192492 1.0447105771387808 11.44995725256765 -1.840702301344139 -0.059054789424304366 -0.049905639951050122 -0.20668904923246881 -0.010816752427337376 -0.014228404264224576 0.0068650651050076068 0.0028215677526726561 -1.6164596521685972 -0.89062185984114262 -0.0057434204628337739 -0.67463167065479723 -0.17360668095937309 -0.025951287171721172 -0.10984001644293756 -0.5571741779524505 0.020032570418583917 0.00035637051115251664 0.0092057750783775798 -0.046132754878603299 -0.64923874765848943 -0.0037636130325761612 -0.10050746298563507 -0.051092606212935515 -0.11651952451800707
leaf_weight=326 974 1780 228 493 234 361 10863 31105 5400 37765 73123 61592 17566 637 794 45709 2989 2638 3771 541 319 30513 86103 35551 4160 268 341765 449 1349 634
leaf_count=326 974 1780 228 493 234 361 10863 31105 5400 37765 73123 61592 17566 637 794 45709 2989 2638 3771 541 319 30513 86103 35551 4160 268 341765 449 1349 634
internal_value=1.57715e-06 0.0533694 3.99784 2.08304 10.1645 -0.0792761 -0.149614 -0.0427612 -0.117052 -0.00429336 0.00724626 -0.0075813 -0.0289135 -0.0863167 -1.2053 -0.0193438 -0.046789 -0.0816097 -0.00824714 -0.0736252 -0.283526 -0.000581159 -0.00634115 -0.00110766 -0.0552897 -0.0884829 -0.00214055 -0.199063 -0.001023 -0.0556645
internal_weight=800000 59587 1929 1467 462 57658 19711 37947 19350 740413 164183 576230 142360 20346 1431 122014 48698 13501 163857 4631 860 433870 159226 73316 36167 5062 403357 5849 18915 4794
internal_count=800000 59587 1929 1467 462 57658 19711 37947 19350 740413 164183 576230 142360 20346 1431 122014 48698 13501 163857 4631 860 433870 159226 73316 36167 5062 403357 5849 18915 4794
cat_boundaries=0 1 2 3 4 5 6 7 8 9 10 11 12 13 14
cat_threshold=48 8 8 8 40 8 32 1 34 16 3 1 1 1
is_linear=0
shrinkage=0.05


Tree=167
num_leaves=31
num_cat=17
split_feature=1 0 1 2 0 0 2 0 1 2 0 0 0 2 0 1 0 1 0 1 0 0 1 0 0 0 0 1 0 1
split_gain=66125.6 264043 119672 669142 1.27471e+06 265604 56994.5 160290 50446.3 37753.1 17522.4 16417.2 14556.6 11209.9 126843 79343.9 13541.2 8444.38 572576 4425.36 223451 22095.2 4057.93 1.00821e+06 2712.42 2589.74 1605.57 1546.29 2366.16 1223.93
threshold=3.5000000000000004 0 4.5000000000000009 1.5000000000000002 1 2 1.5000000000000002 3 4.5000000000000009 1.5000000000000002 4 5 6 1.5000000000000002 7 2.5000000000000004 8 2.5000000000000004 9 2.5000000000000004 10 11 1.5000000000000002 12 13 14 15 1.5000000000000002 16 1.5000000000000002
decision_type=2 1 2 2 1 1 2 1 2 2 1 1 1 2 1 2 1 2 1 2 1 1 2 1 1 1 1 2 1 2
left_child=13 8 6 5 -5 -4 12 -8 -2 -10 -7 -9 -3 16 15 -15 17 22 -19 21 -21 -16 23 -1 -18 -23 -22 28 -27 -26
right_child=1 2 3 4 -6 10 7 11 9 -11 -12 -13 -14 14 19 -17 24 18 -20 20 26 25 -24 -25 29 27 -28 -29 -30 -31
leaf_value=-0.013302666194109062 0.074802581483833674 -0.050820415893313431 1.3059804341242864 -4.4915111710890292 -0.095592732730774066 -0.16495972457609148 0.71603660936066604 -0.11234035447274773 0.13327675876238487 0.29476677716162897 -0.6250886592281959 -0.61794290405383212 -0.18579571350109644 0.41099777435200369 -0.2552595895203677 -0.048538698277003328 0.0014492425773010836 0.0026782029926858278 -1.5119023284735231 -0.83556714603556925 -0.0016501926388875592 0.035277050266643122 -0.0076372950478695968 -3.3146532371126369 -0.034942789558390412 -0.00050386947335602365 0.036356263358923724 0.010157212021882337 -0.10444744684735141 -0.0061598085276692955
leaf_weight=73025 25964 9414 315 255 449 2638 815 417 10872 5425 219 268 2536 3093 815 1349 221689 17566 637 794 4121 6411 83474 222 3770 86384 8554 46201 541 181767
leaf_count=73025 25964 9414 315 255 449 2638 815 417 10872 5425 219 268 2536 3093 815 1349 221689 17566 637 794 4121 6411 83474 222 3770 86384 8554 46201 541 181767
internal_value=3.66848e-06 0.050676 -0.113673 -0.358525 -1.75302 -0.0490274 -0.0431966 0.247315 0.118054 0.187034 -0.202288 -0.316198 -0.0796626 -0.00407434 0.00772509 0.270831 -0.00728213 -0.0189169 -0.0511525 0.00010959 -0.0272669 0.00273681 -0.0151739 -0.0237629 -0.00228391 0.00426169 0.0240077 0.00276553 -0.00116286 -0.0067443
internal_weight=800000 59587 17326 3876 704 3172 13450 1500 42261 16297 2857 685 11950 740413 158263 4442 582150 174924 18203 153821 13469 140352 156721 73247 407226 139537 12675 133126 86925 185537
internal_count=800000 59587 17326 3876 704 3172 13450 1500 42261 16297 2857 685 11950 740413 158263 4442 582150 174924 18203 153821 13469 140352 156721 73247 407226 139537 12675 133126 86925 185537
cat_boundaries=0 1 2 3 4 5 6 7 8 9 10 11 12 13 14 15 16 17
cat_threshold=33 24 8 10 6 16 6 8 40 8 32 1 32 3 2 2 36
is_linear=0
shrinkage=0.05


Tree=168
num_leaves=31
num_cat=16
split_feature=0 1 2 1 0 1 0 1 0 0 2 1 2 0 0 2 0 0 2 2 2 0 0 0 1 0 1 0 0 0
split_gain=65951.9 9.92587e+06 1.02784e+06 398488 6.78761e+06 170890 397871 25245.6 47465 24591.4 354360 140780 22966.8 23730.1 7470.3 6133.25 34943.5 4875.93 4658.1 4383.67 2900.56 29162.1 2295.4 2133.93 2050.9 810.273 770.542 718.691 659.264 592.181
threshold=0 2.5000000000000004 1.5000000000000002 1.5000000000000002 1 4.5000000000000009 2 3.5000000000000004 3 4 1.5000000000000002 2.5000000000000004 1.5000000000000002 5 6 1.5000000000000002 7 8 1.5000000000000002 1.5000000000000002 1.5000000000000002 9 10 11 2.5000000000000004 12 1.5000000000000002 13 14 15
decision_type=1 2 2 2 1 2 1 2 1 1 2 2 2 1 1 2 1 1 2 2 2 1 1 1 2 1 2 1 1 1
left_child=1 19 -3 4 -2 7 -7 9 -9 10 -5 -12 13 -8 -15 27 -17 -10 24 -1 -19 23 -14 -22 28 -26 -21 -6 -11 -20
right_child=3 2 -4 5 15 6 12 8 17 18 11 -13 22 14 -16 16 -18 20 29 26 21 -23 -24 -25 25 -27 -28 -29 -30 -31
leaf_value=-0.011703369996426974 7.2991838169949395 5.4352209664368525 2.8597074868825563 -0.0029598329627716414 -0.072581874490974627 -1.7787463298705068 -0.59520256342325673 0.20511754046605285 -0.15151694995566897 -0.0019053915844244118 -0.66145382460322655 -0.046112036086436645 -0.21554439888876262 -0.062762321764067916 -0.15674299581533474 0.21275867808355042 -0.41987529837566878 -0.049249828660857968 0.026742198508091571 -0.00051241104739051322 -0.047563905129901517 -0.58815795226062806 -0.090913886857708043 -0.14603244814073077 -0.0037600945401274305 0.0046648658040240876 0.0082378989147746298 -0.01644480560475042 -0.0070733159480120995 0.012535182900015963
leaf_weight=110790 326 683 895 63275 691 361 219 1780 1354 112598 2989 1349 5609 10863 2638 355 542 31105 12411 86066 4160 268 449 634 37807 116343 35551 3178 136609 18102
leaf_count=110790 326 683 895 63275 691 361 219 1780 1354 112598 2989 1349 5609 10863 2638 355 542 31105 12411 86066 4160 268 449 634 37807 116343 35551 3178 136609 18102
internal_value=-3.29893e-06 0.0223246 3.97446 -0.00923366 0.431089 -0.013231 -0.156242 -0.00790524 -0.0464955 -0.00488094 -0.0329263 -0.470099 -0.125664 -0.089925 -0.0812279 -0.0538987 -0.171811 -0.0584711 -0.000509666 -0.00450869 -0.0549468 -0.0900621 -0.206813 -0.0608631 -0.0019346 0.00259861 0.00204547 -0.0267009 -0.00473868 0.0183267
internal_weight=800000 233985 1578 566015 5092 560923 20139 540784 39301 501483 67613 4338 19778 13720 13501 4766 897 37521 433870 232407 36167 5062 6058 4794 403357 154150 121617 3869 249207 30513
internal_count=800000 233985 1578 566015 5092 560923 20139 540784 39301 501483 67613 4338 19778 13720 13501 4766 897 37521 433870 232407 36167 5062 6058 4794 403357 154150 121617 3869 249207 30513
cat_boundaries=0 1 2 3 4 5 6 7 8 9 10 11 12 13 14 15 16
cat_threshold=32 8 8 8 8 16 1 6 16 3 17 1 4 6 3 17
is_linear=0
shrinkage=0.05


Tree=169
num_leaves=31
num_cat=14
split_feature=1 0 1 2 0 0 2 0 1 2 0 0 0 1 0 0 1 0 2 0 2 0 2 0 2 2 2 0 2 1
split_gain=69095.5 233775 98261 610510 1.14441e+06 266831 54139.1 236393 48702.6 37325 14449.7 14433 13186.8 10729.8 6.48269e+06 33422.5 38120.8 886966 87010.9 20831.8 436192 6452.06 15534 17041.3 4203.89 2529.08 2150.84 1911.5 1083.74 860.105
threshold=3.5000000000000004 0 4.5000000000000009 1.5000000000000002 1 2 1.5000000000000002 3 4.5000000000000009 1.5000000000000002 4 5 6 1.5000000000000002 7 8 2.5000000000000004 9 1.5000000000000002 10 1.5000000000000002 11 1.5000000000000002 12 1.5000000000000002 1.5000000000000002 1.5000000000000002 13 1.5000000000000002 2.5000000000000004
decision_type=2 1 2 2 1 1 2 1 2 2 1 1 1 2 1 1 2 1 2 1 2 1 2 1 2 2 2 1 2 2
left_child=13 8 6 5 -5 -4 11 -8 -2 -10 -7 -3 -9 14 -1 16 19 28 -19 26 -21 25 -23 -24 27 -16 -15 -17 -18 -29
right_child=1 2 3 4 -6 10 7 12 9 -11 -12 -13 -14 15 21 24 17 18 -20 20 -22 22 23 -25 -26 -27 -28 29 -30 -31
leaf_value=6.9450874862216772 0.07269708465155203 -0.045821550286079309 1.3288884875957783 -4.2514724155641952 -0.086470108406216495 -0.14893448460858394 1.0053806775494627 -0.13884005339249322 0.12952019391119526 0.29009195434992219 -0.56674072565470202 -0.18019531160850555 -0.55980819935421289 -0.0093082104691382082 -0.012264063893585499 0.0062695548169113859 0.0026943946433042893 -1.7318027835064447 -0.94729609453407881 -0.0049279241806624817 -0.62837635335733999 -0.021643944666702403 -0.07870918730858667 -0.54032152170105918 0.017410249683106307 0.0003810262280764963 0.0078275463577128449 -0.0049439096506070663 -0.043809863750452115 0.00052611495293034493
leaf_weight=326 25964 9414 315 255 449 2638 598 634 10872 5425 219 2536 268 37765 73123 61592 17566 637 794 45709 2989 3771 541 319 30513 86103 35551 239001 1349 102764
leaf_count=326 25964 9414 315 255 449 2638 598 634 10872 5425 219 2536 268 37765 73123 61592 17566 637 794 45709 2989 3771 541 319 30513 86103 35551 239001 1349 102764
internal_value=-7.84316e-07 0.051797 -0.102848 -0.324717 -1.65672 -0.02909 -0.0389865 0.244155 0.115195 0.182972 -0.182826 -0.0745272 -0.268684 -0.00416937 0.00710681 -0.00738225 -0.0284034 -0.0917665 -1.28752 -0.0178399 -0.0431853 -0.00711999 -0.0652346 -0.257133 -0.000484184 -0.00542577 -0.000998929 -0.00183787 -0.000621917 -0.00329905
internal_weight=800000 59587 17326 3876 704 3172 13450 1500 42261 16297 2857 11950 902 740413 164183 576230 142360 20346 1431 122014 48698 163857 4631 860 433870 159226 73316 403357 18915 341765
internal_count=800000 59587 17326 3876 704 3172 13450 1500 42261 16297 2857 11950 902 740413 164183 576230 142360 20346 1431 122014 48698 163857 4631 860 433870 159226 73316 403357 18915 341765
cat_boundaries=0 1 2 3 4 5 6 7 8 9 10 11 12 13 14
cat_threshold=33 24 8 24 6 6 2 8 40 8 32 34 16 1
is_linear=0
shrinkage=0.05


Tree=170
num_leaves=31
num_cat=17
split_feature=0 1 2 1 0 1 0 1 0 2 0 2 1 0 0 0 2 0 2 2 0 2 0 0 0 0 0 0 1 0
split_gain=62878.9 9.23539e+06 957563 328724 5.56214e+06 164265 372255 25104 44557 21492.2 20028.4 288627 114664 18890.2 5157.24 4792.51 4701.59 33746.4 3794.32 3549.97 3367.1 2467.43 23433.8 1744.51 1515.42 885.044 761.766 652.157 634.164 534.844
threshold=0 2.5000000000000004 1.5000000000000002 1.5000000000000002 1 4.5000000000000009 2 3.5000000000000004 3 1.5000000000000002 4 1.5000000000000002 2.5000000000000004 5 6 7 1.5000000000000002 8 1.5000000000000002 1.5000000000000002 9 1.5000000000000002 10 11 12 13 14 15 1.5000000000000002 16
decision_type=1 2 2 2 1 2 1 2 1 2 1 2 2 1 1 1 2 1 2 2 1 2 1 1 1 1 1 1 2 1
left_child=1 19 -3 4 -2 7 -7 10 -9 13 11 -5 -13 -8 -10 -15 27 -18 23 -1 -11 25 24 26 -23 -16 -12 -6 -21 -20
right_child=3 2 -4 5 16 6 9 8 14 20 18 12 -14 15 21 -17 17 -19 29 28 -22 22 -24 -25 -26 -27 -28 -29 -30 -31
leaf_value=-0.010554804031099372 6.6081678952489584 5.2439369237964009 2.7580279528228933 -0.0026701357553995256 -0.068003771410518984 -1.7222649407193988 -0.53964132283972865 0.1978830125478393 -0.15317512726154495 -0.21480470269532828 0.0059568110597872483 -0.59695789784482189 -0.041617865461698725 -0.066097975149990537 -0.025805826489451296 -0.14151743441550033 0.22594492167642671 -0.39535709947779563 0.024537095945772653 -0.00050276151566730042 -0.090216025835025818 -0.048816216906054699 -0.53282282300990269 -0.0053763302051267579 -0.13200730981293671 -0.05178292879898342 -0.00058669679659937907 -0.014546476942083917 0.0074355119015945105 0.011038365020242261
leaf_weight=110790 326 683 895 63275 691 361 219 1780 1354 5400 61592 2989 1349 10863 3807 2638 355 542 12411 86066 658 4160 268 181767 634 27298 159998 3178 35551 18102
leaf_count=110790 326 683 895 63275 691 361 219 1780 1354 5400 61592 2989 1349 10863 3807 2638 355 542 12411 86066 658 4160 268 181767 634 27298 159998 3178 35551 18102
internal_value=1.29097e-06 0.0218028 3.83399 -0.00901146 0.390914 -0.0126421 -0.152854 -0.00742058 -0.0459024 -0.123275 -0.00440477 -0.0297148 -0.424262 -0.0887026 -0.057505 -0.0809282 -0.0481181 -0.151357 -0.000459841 -0.00408033 -0.201776 -0.053882 -0.0862705 -0.00174589 -0.06007 -0.0486285 0.00123229 -0.0243073 0.00181775 0.0165406
internal_weight=800000 233985 1578 566015 5092 560923 20139 540784 39301 19778 501483 67613 4338 13720 37521 13501 4766 897 433870 232407 6058 36167 5062 403357 4794 31105 221590 3869 121617 30513
internal_count=800000 233985 1578 566015 5092 560923 20139 540784 39301 19778 501483 67613 4338 13720 37521 13501 4766 897 433870 232407 6058 36167 5062 403357 4794 31105 221590 3869 121617 30513
cat_boundaries=0 1 2 3 4 5 6 7 8 9 10 11 12 13 14 15 16 17
cat_threshold=32 8 8 8 8 16 16 1 6 1 3 3 1 4 1 6 17
is_linear=0
shrinkage=0.05


Tree=171
num_leaves=31
num_cat=16
split_feature=1 0 1 2 0 0 2 0 1 2 0 0 2 0 1 0 1 0 1 0 0 0 1 0 0 0 1 0 1 1
split_gain=71807.4 208022 80453.8 557872 1.02972e+06 267358 51375.9 141738 47054 36833.4 14174.8 11915.5 9691.35 155740 88779.7 15613.9 16038.9 882777 9729.01 330226 20439.4 8354.98 4935.12 1.58769e+06 2066.3 1928.61 1390.98 1365.36 955.126 767.036
threshold=3.5000000000000004 0 4.5000000000000009 1.5000000000000002 1 2 1.5000000000000002 3 4.5000000000000009 1.5000000000000002 4 5 1.5000000000000002 6 2.5000000000000004 7 2.5000000000000004 8 2.5000000000000004 9 10 11 1.5000000000000002 12 13 14 1.5000000000000002 15 1.5000000000000002 2.5000000000000004
decision_type=2 1 2 2 1 1 2 1 2 2 1 1 2 1 2 1 2 1 2 1 1 1 2 1 1 1 2 1 2 2
left_child=12 8 6 5 -5 -4 10 -8 -2 -10 -3 -7 15 14 -14 16 22 -18 20 -20 -15 -9 23 -1 -22 -17 -27 -21 -26 -28
right_child=1 2 3 4 -6 11 7 21 9 -11 -12 -13 13 18 -16 25 17 -19 19 27 24 -23 -24 -25 28 26 29 -29 -30 -31
leaf_value=-0.010910976679163352 0.070838220746583122 -0.041472988334090688 1.3479528779249925 -4.02841570368353 -0.077826320112141134 -0.13446624830050052 0.68123823339288891 -0.14106848401822308 0.12613206346566577 0.28564284626130138 -0.17461812498058193 -0.51383659995799502 0.44655777530072005 -0.24595921861764158 -0.039536146776511814 0.006288366366668895 0.0026925584715933055 -1.8779291735366102 -1.0249236472210481 -0.0036117678258817845 0.031352470530432865 -0.50714299695954901 -0.0062525361083008981 -4.1537460096951184 -0.00077552221395313175 -0.033130371508948438 -0.0045305556520481051 0.03142748306645015 0.0081212741415602977 0.00063505114496002497
leaf_weight=73025 25964 9414 315 255 449 2638 815 417 10872 5425 2536 219 3093 815 1349 61593 17566 637 794 4121 6411 268 83474 222 86925 3868 239001 8554 46201 102764
leaf_count=73025 25964 9414 315 255 449 2638 815 417 10872 5425 2536 219 3093 815 1349 61593 17566 637 794 4121 6411 268 83474 222 86925 3868 239001 8554 46201 102764
internal_value=3.00955e-06 0.0528075 -0.0930735 -0.293835 -1.56712 -0.0112391 -0.0352877 0.240533 0.112611 0.179231 -0.0699096 -0.165237 -0.00424659 0.00672458 0.298263 -0.00722921 -0.0197227 -0.0641485 -0.00171368 -0.0423056 0.00218163 -0.289528 -0.0145639 -0.0240358 0.00364833 -0.0018621 -0.00331468 0.0200414 0.00231191 -0.00297733
internal_weight=800000 59587 17326 3876 704 3172 13450 1500 42261 16297 11950 2857 740413 158263 4442 582150 174924 18203 153821 13469 140352 685 156721 73247 139537 407226 345633 12675 133126 341765
internal_count=800000 59587 17326 3876 704 3172 13450 1500 42261 16297 11950 2857 740413 158263 4442 582150 174924 18203 153821 13469 140352 685 156721 73247 139537 407226 345633 12675 133126 341765
cat_boundaries=0 1 2 3 4 5 6 7 8 9 10 11 12 13 14 15 16
cat_threshold=33 24 8 10 6 6 8 40 8 32 1 16 32 2 1 2
is_linear=0
shrinkage=0.05


Tree=172
num_leaves=31
num_cat=14
split_feature=1 0 1 2 1 0 0 2 0 1 0 0 1 0 2 0 2 2 0 0 2 0 0 2 0 2 2 0 2 2
split_gain=64746.7 2.51912e+06 1.87817e+06 4.16441e+06 59369.8 348027 41625.2 22725.8 15286.4 10285.9 5.53512e+06 32305.3 43530.2 968848 96674.7 18033.8 384317 7961.29 7767.26 5180.02 13378.7 17727.8 3799.82 3178.78 2517.5 1911.34 1574.09 1498.69 1349.71 806.53
threshold=3.5000000000000004 0 4.5000000000000009 1.5000000000000002 4.5000000000000009 1 2 1.5000000000000002 3 1.5000000000000002 4 5 2.5000000000000004 6 1.5000000000000002 7 1.5000000000000002 1.5000000000000002 8 9 1.5000000000000002 10 11 1.5000000000000002 12 1.5000000000000002 1.5000000000000002 13 1.5000000000000002 1.5000000000000002
decision_type=2 1 2 2 2 1 1 2 1 2 1 1 2 1 2 1 2 2 1 1 2 1 1 2 1 2 2 1 2 2
left_child=9 2 17 -4 6 -6 -3 8 24 10 -1 12 15 29 -15 26 -17 -2 -9 25 -21 -22 28 27 -7 -12 -11 -13 -8 -14
right_child=1 4 3 -5 5 7 22 18 -10 11 19 23 13 14 -16 16 -18 -19 -20 20 21 -23 -24 -25 -26 -27 -28 -29 -30 -31
leaf_value=6.4179041882356005 0.40355999211230914 0.19239817065233625 1.0933436702674544 6.8633135322491121 -1.6707216653541093 -0.069096812344097355 -0.047402387021036559 0.0937190608891178 -0.48926577838747787 -0.0080030325222028003 -0.010571823275578505 0.0011797890856808275 0.0025578711810041966 -1.8135132941758052 -0.98658792221876479 -0.0042351433270484936 -0.58943806989969083 0.58120899804880921 -0.21641661725983019 -0.01775790578457254 -0.055396495756782772 -0.52490964689515651 -0.13742044412495455 0.015157000026305011 -0.15462475083182015 0.00042100891663181055 0.0066562615461361026 -0.0049455425069152917 -0.077308395450435038 -0.037560291856726158
leaf_weight=326 5644 1780 1704 383 361 10863 25498 209 219 37765 73123 221590 17566 637 794 45709 2989 710 5491 3771 541 319 1354 30513 943 86103 35551 181767 4428 1349
leaf_count=326 5644 1780 1704 383 361 10863 25498 209 219 37765 73123 221590 17566 637 794 45709 2989 710 5491 3771 541 319 1354 30513 943 86103 35551 181767 4428 1349
internal_value=-4.2718e-06 0.050137 0.849847 2.15223 -0.0819952 -0.154844 -0.0421669 -0.122959 -0.084049 -0.00403954 0.00700096 -0.00718527 -0.0278521 -0.0955616 -1.34529 -0.0165638 -0.0401457 0.423411 -0.20526 -0.00614509 -0.0582167 -0.236301 -0.0555586 -0.000403473 -0.0760534 -0.00462705 -0.000894604 -0.0015806 -0.0518101 -0.000303158
internal_weight=800000 59587 8441 2087 51146 18086 33060 17725 12025 740413 164183 576230 142360 20346 1431 122014 48698 6354 5700 163857 4631 860 31280 433870 11806 159226 73316 403357 29926 18915
internal_count=800000 59587 8441 2087 51146 18086 33060 17725 12025 740413 164183 576230 142360 20346 1431 122014 48698 6354 5700 163857 4631 860 31280 433870 11806 159226 73316 403357 29926 18915
cat_boundaries=0 1 2 3 4 5 6 7 8 9 10 11 12 13 14
cat_threshold=34 8 8 5 8 40 8 32 16 34 16 5 1 3
is_linear=0
shrinkage=0.05


Tree=173
num_leaves=31
num_cat=15
split_feature=0 1 2 1 0 1 0 1 0 2 0 2 1 0 0 0 0 0 2 0 2 2 2 1 2 0 0 0 0 1
split_gain=63140.5 8.87668e+06 934044 285861 4.74536e+06 166489 311570 26794 39571.2 23073.7 17271.1 252977 102199 13056.6 7639.17 7527.94 4883.5 4360.6 3675.11 32652.8 2868.91 2737.44 2604.97 1398.05 1218.45 1102.08 592.355 574.863 530.53 494.914
threshold=0 2.5000000000000004 1.5000000000000002 1.5000000000000002 1 4.5000000000000009 2 3.5000000000000004 3 1.5000000000000002 4 1.5000000000000002 2.5000000000000004 5 6 7 8 9 1.5000000000000002 10 1.5000000000000002 1.5000000000000002 1.5000000000000002 2.5000000000000004 1.5000000000000002 11 12 13 14 2.5000000000000004
decision_type=1 2 2 2 1 2 1 2 1 2 1 2 2 1 1 1 1 1 2 1 2 2 2 2 2 1 1 1 1 2
left_child=1 22 -3 4 -2 7 -7 10 -9 13 11 -5 -13 -8 -11 -15 -16 24 26 -20 23 25 -1 -12 -10 -19 -6 -25 29 -22
right_child=3 2 -4 5 18 6 9 8 17 14 20 12 -14 15 16 -17 -18 21 19 -21 28 -23 -24 27 -26 -27 -28 -29 -30 -31
leaf_value=-0.0090770541649990676 6.1065590121206785 5.1517894601403009 2.6965983394004782 -0.0022308687781307924 -0.062194295208396311 -1.5894375387227759 -0.46587112293493282 0.18283245241175816 -0.045032762110359538 0.08924581100951591 -0.0038170480582538305 -0.55996783595692956 -0.035680655795967603 -0.065642560869222363 -0.20561372051020577 -0.16000693597102095 -0.40095146894454958 -0.070992619842317403 0.23769633325811937 -0.37312735336414282 0.011741279201213903 -0.16677282244449113 0.0015215513497757408 -0.003115067720432122 -0.073447324271636069 -0.1306311395377267 -0.011285528275120065 0.0039812837498597415 0.0089229934391410939 0.031750590644413212
leaf_weight=110790 326 683 895 63275 691 361 219 1780 25498 209 249207 2989 1349 10863 5491 2638 358 5607 355 542 5813 1051 121617 37807 4428 937 3178 116343 18102 6598
leaf_count=110790 326 683 895 63275 691 361 219 1780 25498 209 249207 2989 1349 10863 5491 2638 358 5607 355 542 5813 1051 121617 37807 4428 937 3178 116343 18102 6598
internal_value=-2.21111e-06 0.0218446 3.75927 -0.00903369 0.363908 -0.0124194 -0.153577 -0.00716263 -0.0469187 -0.126501 -0.00404696 -0.0275503 -0.396929 -0.0906789 -0.207839 -0.0841855 -0.218234 -0.0578514 -0.0416214 -0.132895 -0.000383626 -0.091749 -0.00353088 -0.0015019 -0.0492207 -0.07984 -0.0205677 0.00224088 0.014399 0.0223607
internal_weight=800000 233985 1578 566015 5092 560923 20139 540784 39301 19778 501483 67613 4338 13720 6058 13501 5849 37521 4766 897 433870 7595 232407 403357 29926 6544 3869 154150 30513 12411
internal_count=800000 233985 1578 566015 5092 560923 20139 540784 39301 19778 501483 67613 4338 13720 6058 13501 5849 37521 4766 897 433870 7595 232407 403357 29926 6544 3869 154150 30513 12411
cat_boundaries=0 1 2 3 4 5 6 7 8 9 10 11 12 13 14 15
cat_threshold=32 8 8 8 8 16 16 1 5 5 6 2 6 4 17
is_linear=0
shrinkage=0.05


Tree=174
num_leaves=31
num_cat=16
split_feature=1 0 2 1 1 0 0 2 0 0 1 1 0 2 0 2 1 0 0 0 0 2 0 2 2 2 0 0 0 0
split_gain=67773.7 4.24533e+06 5.2903e+06 572012 52059.3 282095 35753.6 22314.4 12139 9280.97 1.23448e+06 247193 4.29606e+06 116646 15588.2 228310 92233.6 6995.92 5392.38 4324.08 3886.13 3320.7 29536.6 2588.99 2469.62 2351.11 1276.21 996.941 554.299 535.537
threshold=3.5000000000000004 0 1.5000000000000002 4.5000000000000009 4.5000000000000009 1 2 1.5000000000000002 3 4 2.5000000000000004 1.5000000000000002 5 1.5000000000000002 6 1.5000000000000002 2.5000000000000004 7 8 9 10 1.5000000000000002 11 1.5000000000000002 1.5000000000000002 1.5000000000000002 12 13 14 15
decision_type=2 1 2 2 2 1 1 2 1 1 2 2 1 2 1 2 2 1 1 1 1 2 1 2 2 2 1 1 1 1
left_child=9 2 3 -2 6 -6 -3 8 18 10 25 12 -11 -12 15 -13 -17 -9 -7 -19 -8 29 -23 26 27 -1 28 -22 -16 -14
right_child=1 4 -4 -5 5 7 20 17 -10 11 13 14 21 -15 23 16 -18 19 -20 -21 24 22 -24 -25 -26 -27 -28 -29 -30 -31
leaf_value=-0.0086223212122562096 0.64645037742856892 0.17374073534704454 6.5315062763379972 2.0154453882650167 -1.5121059433147914 -0.062364845693380036 -0.046385126182390504 0.084983111516525767 -0.44359570382463887 5.8103190575327197 -1.9804252672045721 -0.0021199241926056836 -0.059128558720739702 -1.0720913481051735 0.0051509692372371969 -0.53196785889488674 -0.033897893100954854 -0.19728151360192714 -0.15840552998428123 -0.38145054526951006 -0.067448166508850355 0.22613941767444348 -0.35480529536371647 0.013678805757302612 -0.15843306767384743 0.0014466092260639206 -0.0045315859450605197 -0.12416816180711564 -0.00043080716790285629 -0.010722968808680287
leaf_weight=110790 3844 1780 460 952 361 10863 25851 209 219 326 637 63275 691 794 61592 2989 1349 5400 1695 358 5607 355 542 30513 1051 121617 181767 937 159998 3178
leaf_count=110790 3844 1780 460 952 361 10863 25851 209 219 326 637 63275 691 794 61592 2989 1349 5400 1695 358 5607 355 542 30513 1051 121617 181767 937 159998 3178
internal_value=1.73482e-07 0.0513001 1.40679 0.918194 -0.0800746 -0.146548 -0.0440449 -0.119378 -0.08216 -0.00412835 -0.0123675 -0.000324874 0.346293 -1.47643 -0.00384439 -0.0261733 -0.377082 -0.199272 -0.0754435 -0.209374 -0.0556708 -0.0395615 -0.126323 -0.000364108 -0.0871738 -0.00335332 -0.00142643 -0.0758624 0.00112084 -0.0195487
internal_weight=800000 59587 5256 4796 54331 19105 35226 18744 12777 740413 233838 506575 5092 1431 501483 67613 4338 5967 12558 5758 33446 4766 897 433870 7595 232407 403357 6544 221590 3869
internal_count=800000 59587 5256 4796 54331 19105 35226 18744 12777 740413 233838 506575 5092 1431 501483 67613 4338 5967 12558 5758 33446 4766 897 433870 7595 232407 403357 6544 221590 3869
cat_boundaries=0 1 2 3 4 5 6 7 8 9 10 11 12 13 14 15 16
cat_threshold=36 8 8 3 32 8 8 16 1 1 1 6 3 2 1 6
is_linear=0
shrinkage=0.05


Tree=175
num_leaves=31
num_cat=17
split_feature=1 0 0 2 1 0 2 2 0 1 0 1 0 1 0 0 0 2 0 1 0 0 0 0 0 1 0 1 1 0
split_gain=62847.3 351793 179596 41414.2 16266 2.36147e+06 779927 9201.8 179775 96524 15261.4 15808.8 858862 10490.4 316103 18721.4 6501.37 23157.2 35575.6 5698.42 2.15206e+06 1632.53 1439.51 1187.73 1168.36 1044.33 900.964 687.073 602.816 437.025
threshold=4.5000000000000009 0 1 1.5000000000000002 3.5000000000000004 2 1.5000000000000002 1.5000000000000002 3 2.5000000000000004 4 2.5000000000000004 5 2.5000000000000004 6 7 8 1.5000000000000002 9 1.5000000000000002 10 11 12 13 14 1.5000000000000002 15 1.5000000000000002 2.5000000000000004 16
decision_type=2 1 1 2 2 1 2 2 1 2 1 2 1 2 1 1 1 2 1 2 1 1 1 1 1 2 1 2 2 1
left_child=4 -2 3 -3 7 6 -6 10 9 -9 11 19 -13 15 -15 -10 -7 23 -19 20 -1 -17 -12 -18 -16 -24 -4 -23 -27 -26
right_child=1 2 26 -5 5 16 -8 8 13 -11 22 12 -14 14 24 21 17 18 -20 -21 -22 27 25 -25 29 28 -28 -29 -30 -31
leaf_value=-0.0089529941608718581 -1.4385406087993613 0.12933152223703526 -0.18835814314068489 0.29847047965757312 1.354323156480393 -0.044066899709259755 4.3172027380086107 0.47464807993225633 -0.23573223848053904 -0.032203688128424009 0.0055231934613326822 0.0026473396560741003 -1.8523252567146811 -1.0058188386224396 -0.00531376932412422 0.027779976123405239 -0.058478178121845276 -0.1490944270476432 -0.79025798598639407 -0.0051234272011491094 -4.8322348742649481 -0.00065158851756287064 -0.028607923649212937 -0.11802401099562519 0.048890522011521088 -0.0038579343295502468 -0.25347258761468061 0.0068942044989396658 0.00072143629096443494 0.021144425618058314
leaf_weight=73025 361 10872 2481 5425 1636 25851 257 3093 815 1349 61593 17566 637 794 4121 6411 9414 1051 268 83474 222 86925 3868 937 1818 239001 1034 46201 102764 6736
leaf_count=73025 361 10872 2481 5425 1636 25851 257 3093 815 1349 61593 17566 637 794 4121 6411 9414 1051 268 83474 222 86925 3868 937 1818 239001 1034 46201 102764 6736
internal_value=1.90471e-06 0.0871348 0.115602 0.185521 -0.0022521 0.0290463 1.74734 -0.00391819 0.00677229 0.320001 -0.0068245 -0.0191761 -0.0632821 -0.0022937 -0.0444441 0.00175114 -0.058095 -0.0891051 -0.28649 -0.0140545 -0.0242325 0.00315489 -0.00151834 -0.0640389 0.0165598 -0.00277329 -0.208177 0.00196701 -0.00248098 0.0270916
internal_weight=800000 20173 19812 16297 779827 39414 1893 740413 158263 4442 582150 174924 18203 153821 13469 140352 37521 11670 1319 156721 73247 139537 407226 10351 12675 345633 3515 133126 341765 8554
internal_count=800000 20173 19812 16297 779827 39414 1893 740413 158263 4442 582150 174924 18203 153821 13469 140352 37521 11670 1319 156721 73247 139537 407226 10351 12675 345633 3515 133126 341765 8554
cat_boundaries=0 1 2 3 4 5 6 7 8 9 10 11 12 13 14 15 16 17
cat_threshold=8 33 40 8 40 8 32 1 1 18 32 2 1 6 2 18 16
is_linear=0
shrinkage=0.05


Tree=176
num_leaves=31
num_cat=17
split_feature=0 1 2 1 0 1 0 1 2 0 2 0 1 0 0 0 2 0 0 0 2 0 0 2 1 0 0 0 0 1
split_gain=62338.4 8.44191e+06 943633 251256 4.10336e+06 158006 224485 29784.9 21320.9 15205.8 15172.1 226547 92398.1 12994.2 7525.44 5880.75 20967.8 32251 3937.4 3310.59 3086.56 26701.5 2025.94 1923.43 1274.81 1074.27 518.854 484.909 451.032 413.428
threshold=0 2.5000000000000004 1.5000000000000002 1.5000000000000002 1 4.5000000000000009 2 3.5000000000000004 1.5000000000000002 3 1.5000000000000002 4 2.5000000000000004 5 6 7 1.5000000000000002 8 9 10 1.5000000000000002 11 12 1.5000000000000002 2.5000000000000004 13 14 15 16 1.5000000000000002
decision_type=1 2 2 2 1 2 1 2 2 1 2 1 2 1 1 1 2 1 1 1 2 1 1 2 2 1 1 1 1 2
left_child=1 23 -3 4 -2 7 -7 10 9 19 24 12 -12 -9 -10 -15 25 -18 -16 -8 27 -22 -11 -1 -5 -17 -13 -6 -26 -25
right_child=3 2 -4 5 20 6 8 13 14 22 11 26 -14 15 18 16 17 -19 -20 -21 21 -23 -24 29 28 -27 -28 -29 -30 -31
leaf_value=-0.0078091242020930061 5.6807389914989477 5.0661009685448644 2.598338883895448 -0.0033642252979637641 -0.054804607736911315 -1.3685531713891865 -0.065709690103466861 0.082787572232038628 0.089919051078900913 -0.22623069539025098 -0.52910636679788792 0.020427901143949396 -0.030592411752097072 -0.041863236824517779 -0.20232780322570237 -0.055557554651602017 -0.14170759041055433 -0.75216761715978175 -0.36186953359699459 -0.14116707323583341 0.21502813300041304 -0.33733257970948149 -0.41337712050525383 -0.00057553302911246887 -0.0027674822186063187 -0.11218657689965641 0.0071434748651913963 -0.008763385327577292 0.0034163234597379601 0.0058339853681883182
leaf_weight=110790 326 683 895 294916 691 361 10863 1780 209 943 2989 12411 1349 25851 5400 9414 1051 268 449 1695 355 542 219 86066 37807 937 18102 3178 133909 35551
leaf_count=110790 326 683 895 294916 691 361 10863 1780 209 943 2989 12411 1349 25851 5400 9414 1051 268 449 1695 355 542 219 86066 37807 937 18102 3178 133909 35551
internal_value=-4.75455e-06 0.0217028 3.66645 -0.00897869 0.340662 -0.0121528 -0.149667 -0.00703177 -0.126663 -0.0922312 -0.00374681 -0.03557 -0.373222 -0.048948 -0.204853 -0.0552049 -0.0846977 -0.27252 -0.215172 -0.0759987 -0.0364485 -0.120092 -0.264728 -0.00304338 -0.00137005 -0.0608458 0.0125518 -0.0171506 0.00205486 0.00129809
internal_weight=800000 233985 1578 566015 5092 560923 20139 540784 19778 13720 501483 34851 4338 39301 6058 37521 11670 1319 5849 12558 4766 897 1162 232407 466632 10351 30513 3869 171716 121617
internal_count=800000 233985 1578 566015 5092 560923 20139 540784 19778 13720 501483 34851 4338 39301 6058 37521 11670 1319 5849 12558 4766 897 1162 232407 466632 10351 30513 3869 171716 121617
cat_boundaries=0 1 2 3 4 5 6 7 8 9 10 11 12 13 14 15 16 17
cat_threshold=32 8 8 3 8 8 16 1 18 1 1 6 4 6 17 6 4
is_linear=0
shrinkage=0.05


Tree=177
num_leaves=31
num_cat=14
split_feature=1 0 0 2 1 0 2 0 1 1 0 2 2 0 1 0 2 0 2 0 2 2 1 0 0 0 0 1 0 1
split_gain=66854 292758 158216 40416.9 16840.8 2.08988e+06 688189 9062.92 1.30648e+06 216564 3.71485e+06 125982 13691.8 204456 83387 8505.21 27703.4 5318.88 18985.9 29236.4 4432.64 1735.28 1150.07 971.544 741.005 468.222 407.254 373.206 354.402 324.977
threshold=4.5000000000000009 0 1 1.5000000000000002 3.5000000000000004 2 1.5000000000000002 3 2.5000000000000004 1.5000000000000002 4 1.5000000000000002 1.5000000000000002 5 2.5000000000000004 6 1.5000000000000002 7 1.5000000000000002 8 1.5000000000000002 1.5000000000000002 2.5000000000000004 9 10 11 12 1.5000000000000002 13 2.5000000000000004
decision_type=2 1 1 2 2 1 2 1 2 2 1 2 2 1 2 1 2 1 2 1 2 2 2 1 1 1 1 2 1 2
left_child=4 -2 3 -3 7 6 -6 8 21 10 -9 -10 22 14 -14 20 -17 -7 23 -20 -12 -1 28 -19 -4 29 -24 -23 -11 -15
right_child=1 2 24 -5 5 17 -8 9 11 12 15 -13 13 25 -16 16 -18 18 19 -21 -22 27 26 -25 -26 -27 -28 -29 -30 -31
leaf_value=-0.0074185439702975798 -1.3019676429563456 0.12593801540868785 -0.17013629808429731 0.29302816733786585 1.2768311770446144 -0.039771781307302849 4.0600093559532313 5.4051555548395429 -2.0420945975993829 -0.00098953235129058017 -0.024509142839271605 -1.0981112501783394 -0.50264556236433 0.010803028949357425 -0.029063871540432953 0.028954347295793222 -0.5487201181698742 -0.052782882555231385 -0.13469049114870868 -0.7159106098490654 0.12567751630367294 -0.00054837750919834827 -0.0026306582363435417 -0.10663503442419874 -0.22912706835516572 0.00678760616023212 0.0032453879711230402 0.0055413740522425366 -0.0045574976349613411 0.027017144847544951
leaf_weight=110790 361 10872 2481 5425 1636 25851 257 326 637 112598 3275 794 2989 5813 1349 594 319 9414 1051 268 578 86066 37807 937 1034 18102 133909 35551 182318 6598
leaf_count=110790 361 10872 2481 5425 1636 25851 257 326 637 112598 3275 794 2989 5813 1349 594 319 9414 1051 268 578 86066 37807 937 1034 18102 133909 35551 182318 6598
internal_value=-3.43943e-06 0.0898641 0.115824 0.181448 -0.00232818 0.0295185 1.64599 -0.00402346 -0.0121652 -0.000264931 0.324168 -1.51832 -0.00355919 -0.0337901 -0.354557 -0.0346459 -0.171011 -0.05246 -0.0805085 -0.259234 -0.00197407 -0.00289189 -0.00130135 -0.0578117 -0.18809 0.0119252 0.00195168 0.00123177 -0.00319545 0.0194072
internal_weight=800000 20173 19812 16297 779827 39414 1893 740413 233838 506575 5092 1431 501483 34851 4338 4766 913 37521 11670 1319 3853 232407 466632 10351 3515 30513 171716 121617 294916 12411
internal_count=800000 20173 19812 16297 779827 39414 1893 740413 233838 506575 5092 1431 501483 34851 4338 4766 913 37521 11670 1319 3853 232407 466632 10351 3515 30513 171716 121617 294916 12411
cat_boundaries=0 1 2 3 4 5 6 7 8 9 10 11 12 13 14
cat_threshold=8 33 40 32 8 8 18 1 18 6 18 17 4 3
is_linear=0
shrinkage=0.05


Tree=178
num_leaves=31
num_cat=17
split_feature=1 0 0 2 1 0 2 2 0 1 0 1 0 1 0 0 0 1 0 2 0 0 1 0 0 0 1 0 1 0
split_gain=60270.4 264899 142834 36473.6 15183.6 1.88616e+06 621090 8444.8 187827 97627.1 15220.2 17832.9 912660 12121.9 329862 17117.1 6288.02 2.53832e+06 4810.89 17191.1 26504 1401.08 2437.7 1155.24 968.303 878.71 833.78 671.018 441.549 381.316
threshold=4.5000000000000009 0 1 1.5000000000000002 3.5000000000000004 2 1.5000000000000002 1.5000000000000002 3 2.5000000000000004 4 2.5000000000000004 5 2.5000000000000004 6 7 8 1.5000000000000002 9 1.5000000000000002 10 11 1.5000000000000002 12 13 14 1.5000000000000002 15 2.5000000000000004 16
decision_type=2 1 1 2 2 1 2 2 1 2 1 2 1 2 1 1 1 2 1 2 1 1 2 1 1 1 2 1 2 1
left_child=4 -2 3 -3 7 6 -6 10 9 -9 11 16 -13 15 -15 -10 -1 -18 -7 25 -21 22 -17 -12 -16 -20 -25 -4 -28 -26
right_child=1 2 27 -5 5 18 -8 8 13 -11 23 12 -14 14 24 21 17 -19 19 20 -22 -23 -24 26 29 -27 28 -29 -30 -31
leaf_value=-0.0070471847522129653 -1.238624957822404 0.11963987275026054 -0.1616642232211131 0.27836959462671235 1.2129916856224787 -0.037783205758796519 3.8570103092416255 0.48212764667840285 -0.22557639771519289 -0.027612120248902014 0.0050040076336779309 0.0021811003027365976 -1.9100061853665289 -1.0302278604080428 -0.0057424148327788905 0.11939369749445404 -5.3625864217947203 -0.0031534114953567084 -0.050145925477728982 -0.12801798423655633 -0.68140290829775152 0.001311922837971946 0.014134388369116905 -0.025512204680595674 0.044103076525798778 -0.10135931988829923 -0.0033455374281765359 -0.21777888623233954 0.00057371002345897907 0.01820612666234396
leaf_weight=110790 361 10872 2481 5425 1636 25851 257 3093 815 1349 61593 17566 637 794 4121 578 222 45709 9414 1051 268 127586 11373 3868 1818 937 239001 1034 102764 6736
leaf_count=110790 361 10872 2481 5425 1636 25851 257 3093 815 1349 61593 17566 637 794 4121 578 222 45709 9414 1051 268 127586 11373 3868 1818 937 239001 1034 102764 6736
internal_value=-1.81291e-06 0.0853261 0.11002 0.172373 -0.00220912 0.02803 1.56369 -0.00381883 0.00642248 0.326589 -0.00660302 -0.018938 -0.0657825 -0.00284423 -0.048154 0.00150376 -0.0134983 -0.029051 -0.0498503 -0.0765256 -0.246594 0.00284604 0.0192091 -0.00130403 0.0141677 -0.0549283 -0.00242826 -0.178742 -0.00216707 0.0237551
internal_weight=800000 20173 19812 16297 779827 39414 1893 740413 158263 4442 582150 174924 18203 153821 13469 140352 156721 45931 37521 11670 1319 139537 11951 407226 12675 10351 345633 3515 341765 8554
internal_count=800000 20173 19812 16297 779827 39414 1893 740413 158263 4442 582150 174924 18203 153821 13469 140352 156721 45931 37521 11670 1319 139537 11951 407226 12675 10351 345633 3515 341765 8554
cat_boundaries=0 1 2 3 4 5 6 7 8 9 10 11 12 13 14 15 16 17
cat_threshold=8 33 40 8 40 8 32 1 32 1 18 18 1 2 6 18 16
is_linear=0
shrinkage=0.05


Tree=179
num_leaves=31
num_cat=17
split_feature=0 1 2 1 0 1 2 0 0 1 2 0 1 2 0 0 0 0 0 0 2 2 0 2 0 0 1 0 0 0
split_gain=61986.6 8.10961e+06 939056 222373 3.58681e+06 161735 187824 980453 442410 29597.3 14271.8 201731 84026.2 10256.7 80459.2 51276.2 15121.8 9591.18 8511.31 3172.18 20538.2 7685.04 2096.99 1411.12 1153.83 1036.01 932.994 470.831 428.654 354.919
threshold=0 2.5000000000000004 1.5000000000000002 1.5000000000000002 1 4.5000000000000009 1.5000000000000002 2 3 3.5000000000000004 1.5000000000000002 4 2.5000000000000004 1.5000000000000002 5 6 7 8 9 10 1.5000000000000002 1.5000000000000002 11 1.5000000000000002 12 13 2.5000000000000004 14 15 16
decision_type=1 2 2 2 1 2 2 1 1 2 2 1 2 2 1 1 1 1 1 1 2 2 1 2 1 1 2 1 1 1
left_child=1 23 -3 4 -2 9 8 -8 -7 10 26 12 -12 14 -11 -15 -17 25 -9 21 -21 -6 -19 -1 -16 -10 -5 -26 -13 -28
right_child=3 2 -4 5 19 6 7 18 17 13 11 28 -14 15 24 16 -18 22 -20 20 -22 -23 -24 -25 27 -27 29 -29 -30 -31
leaf_value=-0.0066954005699595004 5.3126364299229216 4.9901865060799819 2.5284169142739068 -0.0028852011011282212 -0.052650359674059025 1.7730563718355619 -2.7323004457685687 0.10147029928965112 -0.074697929883325576 -0.40406443979371187 -0.50161968998862727 0.018219778112297559 -0.026226194723170278 -0.64855828696875273 -0.096344838953068557 0.088970497452618202 -0.12167925600956118 -0.1929257551995805 -0.22295689132945623 -0.0058531833790322384 -0.33885463418995765 0.23357346890677869 -0.37774666198996998 0.0011052096749780795 -0.037047013222133739 -0.1176561053547342 -0.0025269834104502103 -0.053253429182615275 0.0061460308519985145 0.0029585093834631994
leaf_weight=110790 326 683 895 294916 691 315 404 209 10863 1599 2989 12411 1349 268 937 4341 1051 943 5491 3178 542 355 219 121617 25498 1695 37807 5607 18102 133909
leaf_count=110790 326 683 895 294916 691 315 404 209 10863 1599 2989 12411 1349 268 937 4341 1051 943 5491 3178 542 355 219 121617 25498 1695 37807 5607 18102 133909
internal_value=-5.38221e-06 0.0216409 3.59394 -0.00895396 0.319977 -0.0119401 -0.151068 -0.382608 -0.0503679 -0.00675896 -0.00348437 -0.034349 -0.352972 -0.048543 -0.0590202 0.0137296 0.0477617 -0.0934564 -0.210904 -0.0326054 -0.0542254 0.0440693 -0.230684 -0.00261339 -0.0416622 -0.0805852 -0.0011792 -0.0399846 0.0110613 0.00175078
internal_weight=800000 233985 1578 566015 5092 560923 20139 6104 14035 540784 501483 34851 4338 39301 33641 5660 5392 13720 5700 4766 3720 1046 1162 232407 32042 12558 466632 31105 30513 171716
internal_count=800000 233985 1578 566015 5092 560923 20139 6104 14035 540784 501483 34851 4338 39301 33641 5660 5392 13720 5700 4766 3720 1046 1162 232407 32042 12558 466632 31105 30513 171716
cat_boundaries=0 1 2 3 4 5 6 7 8 9 10 11 12 13 14 15 16 17
cat_threshold=32 8 10 8 8 8 4 9 3 16 6 4 16 1 5 17 4
is_linear=0
shrinkage=0.05


Tree=180
num_leaves=31
num_cat=14
split_feature=1 0 0 2 1 0 2 0 0 0 0 1 1 0 2 2 0 1 0 2 2 2 0 1 0 2 2 0 1 0
split_gain=64471.6 265292 117891 36040.4 15781.4 75121.7 31940.4 171613 62225 17158.6 8839.87 1.36684e+06 191041 3.24719e+06 134641 12882.4 182064 75833.5 2862.87 18535.7 6935.79 1272.58 1204.86 841.903 717.297 599.407 572.572 387.031 336.893 320.308
threshold=4.5000000000000009 0 1 1.5000000000000002 3.5000000000000004 2 1.5000000000000002 3 4 5 6 2.5000000000000004 1.5000000000000002 7 1.5000000000000002 1.5000000000000002 8 2.5000000000000004 9 1.5000000000000002 1.5000000000000002 1.5000000000000002 10 2.5000000000000004 11 1.5000000000000002 1.5000000000000002 12 1.5000000000000002 13
decision_type=2 1 1 2 2 1 2 1 1 1 1 2 2 1 2 2 1 2 1 2 2 2 1 2 1 2 2 1 2 1
left_child=4 -2 3 -3 10 26 8 -8 -7 -9 11 21 13 -12 -13 23 17 -17 20 -20 -15 -1 25 -14 -10 -4 -6 -18 -23 -25
right_child=1 2 22 -5 5 6 7 9 24 -11 12 14 15 18 -16 16 27 -19 19 -21 -22 28 -24 29 -26 -27 -28 -29 -30 -31
leaf_value=-0.0063601030762396376 -1.2366965183350596 0.11718381410841559 -0.14263720816330228 0.27496822019656131 0.081516859124089555 -0.3839859324704793 0.79913152142574917 -0.1384071013201838 -0.045309879849641153 -0.6172953835494227 5.0549109390803748 -2.0939986642900403 -0.0027404093354648166 -0.050018144033407166 -1.1181122979228983 -0.4765420136462889 0.01730826734877489 -0.02491857416546725 -0.0055602549006160216 -0.32191153593168931 0.22189519385216944 -0.00064363616793725173 -0.19730811721977148 -0.0024003871584139086 -0.091581108602827935 -0.084106742852158856 0.061422094712570319 0.0058356859816679268 0.0051422731674712393 0.0028107808798613649
leaf_weight=110790 361 10872 1914 5425 21728 1599 598 634 9414 268 326 637 294916 691 794 2989 12411 1349 3178 542 355 86066 1034 37807 937 567 4236 18102 35551 133909
leaf_count=110790 361 10872 1914 5425 21728 1599 598 634 9414 268 326 637 294916 691 794 2989 12411 1349 3178 542 355 86066 1034 37807 937 567 4236 18102 35551 133909
internal_value=-3.8164e-06 0.0882479 0.112957 0.169604 -0.00228676 0.0285419 -0.0673426 0.150086 -0.0946913 -0.285902 -0.00392785 -0.0119688 -0.000215862 0.3045 -1.55252 -0.00330992 -0.0326337 -0.335326 -0.0309749 -0.0515138 0.0418658 -0.00248365 -0.149414 -0.00111983 -0.0495828 -0.128742 0.0782083 0.0105062 0.0010477 0.00166345
internal_weight=800000 20173 19812 16297 779827 39414 13450 1500 11950 902 740413 233838 506575 5092 1431 501483 34851 4338 4766 3720 1046 232407 3515 466632 10351 2481 25964 30513 121617 171716
internal_count=800000 20173 19812 16297 779827 39414 13450 1500 11950 902 740413 233838 506575 5092 1431 501483 34851 4338 4766 3720 1046 232407 3515 466632 10351 2481 25964 30513 121617 171716
cat_boundaries=0 1 2 3 4 5 6 7 8 9 10 11 12 13 14
cat_threshold=8 33 33 24 8 2 32 8 8 6 18 6 17 4
is_linear=0
shrinkage=0.05


Tree=181
num_leaves=31
num_cat=17
split_feature=0 1 2 1 2 0 0 1 2 0 1 0 2 0 1 2 0 0 0 0 0 0 2 0 1 0 0 0 0 1
split_gain=59200.3 7.62091e+06 882938 183153 3.06184e+06 2.51308e+06 1.35335e+06 155771 180331 429388 28757.4 21073.6 11624.9 164314 68440.8 8383.23 64055.2 41567.2 14629.3 7119.29 4368.65 2019.62 1148.81 794.959 759.811 406.901 395.957 349.22 313.203 303.94
threshold=0 2.5000000000000004 1.5000000000000002 1.5000000000000002 1.5000000000000002 1 2 4.5000000000000009 1.5000000000000002 3 3.5000000000000004 4 1.5000000000000002 5 2.5000000000000004 1.5000000000000002 6 7 8 9 10 11 1.5000000000000002 12 2.5000000000000004 13 14 15 16 1.5000000000000002
decision_type=1 2 2 2 2 1 1 2 2 1 2 1 2 1 2 2 1 1 1 1 1 1 2 1 2 1 1 1 1 2
left_child=1 22 -3 4 5 -2 -6 10 9 -9 12 20 24 14 -14 16 -12 -17 -19 25 -10 -21 -1 -18 28 -11 -7 -15 -5 -24
right_child=3 2 -4 7 6 26 -8 8 11 19 15 -13 13 27 -16 17 23 18 -20 21 -22 -23 29 -25 -26 -27 -28 -29 -30 -31
leaf_value=-0.0060424241917218765 -5.3709020269328152 4.8380262873008704 2.4509481862670217 -0.00052946672715833152 0.010049590104963722 -0.046839272652815143 3.994071339666414 1.7470618861271785 0.10063586300366545 -0.07681878239977144 -0.36490533418578347 -0.40434398675192712 -0.45271503146016184 0.016444516315949481 -0.023669365578620323 -0.58754195446590729 -0.087046433451812649 0.079932756429155843 -0.12722097386963294 -0.17361869491785298 -0.18299613646838978 -0.35286518829878766 -0.00061055101125125598 -0.040141744832794868 0.0015805315614821304 -0.10472008361145198 -0.0052662352845540168 0.0055467321915887696 -0.0038835458791897739 0.004885100722832672
leaf_weight=110790 222 683 895 112598 318 691 683 315 209 10863 1599 5537 2989 12411 1349 268 937 4341 1051 943 358 219 86066 31105 171716 1695 3178 18102 182318 35551
leaf_count=110790 222 683 895 112598 318 691 683 315 209 10863 1599 5537 2989 12411 1349 268 937 4341 1051 943 358 219 86066 31105 171716 1695 3178 18102 182318 35551
internal_value=-1.35013e-06 0.0211528 3.48414 -0.00874649 0.289771 -0.316713 2.76842 -0.0114566 -0.147995 -0.0493244 -0.00637182 -0.374869 -0.00314402 -0.0309998 -0.318559 -0.0475588 -0.0570309 0.00874016 0.0393939 -0.0917744 -0.0785153 -0.210124 -0.0023593 -0.0415401 -0.00106358 -0.0806651 -0.0127928 0.00998328 -0.00260312 0.000995934
internal_weight=800000 233985 1578 566015 5092 4091 1001 560923 20139 14035 540784 6104 501483 34851 4338 39301 33641 5660 5392 13720 567 1162 232407 32042 466632 12558 3869 30513 294916 121617
internal_count=800000 233985 1578 566015 5092 4091 1001 560923 20139 14035 540784 6104 501483 34851 4338 39301 33641 5660 5392 13720 567 1162 232407 32042 466632 12558 3869 30513 294916 121617
cat_boundaries=0 1 2 3 4 5 6 7 8 9 10 11 12 13 14 15 16 17
cat_threshold=32 8 4 8 18 8 8 4 9 3 16 4 16 1 6 17 3
is_linear=0
shrinkage=0.05


Tree=182
num_leaves=31
num_cat=16
split_feature=1 0 2 0 2 1 0 2 0 1 1 0 2 2 0 2 0 1 0 0 2 0 0 0 2 0 1 0 0 0
split_gain=68462.2 3.82918e+06 3.8946e+06 184736 18267.8 16325.9 1.75342e+06 494009 9425.67 1.5457e+06 155977 3.11156e+06 154815 13874.1 40307.4 10491.4 148292 61766.6 7323.03 6752.17 3849.77 26334.4 2004.15 1839.06 1037.2 718.966 685.731 357.963 315.144 289.093
threshold=4.5000000000000009 0 1.5000000000000002 1 1.5000000000000002 3.5000000000000004 2 1.5000000000000002 3 2.5000000000000004 1.5000000000000002 4 1.5000000000000002 1.5000000000000002 5 1.5000000000000002 6 2.5000000000000004 7 8 1.5000000000000002 9 10 11 1.5000000000000002 12 2.5000000000000004 13 14 15
decision_type=2 1 2 1 2 2 1 2 1 2 2 1 2 2 1 2 1 2 1 1 2 1 1 1 2 1 2 1 1 1
left_child=5 2 -2 -3 19 8 7 -7 9 24 11 -10 -11 27 -15 26 17 -17 -6 -5 25 -22 -23 -21 -1 -8 -12 -13 -18 -28
right_child=1 3 -4 4 18 6 20 -9 10 12 15 13 -14 14 -16 16 28 -19 -20 23 21 22 -24 -25 -26 -27 29 -29 -30 -31
leaf_value=-0.0057402373096208867 1.0996031339179744 -1.2481916371060189 6.6795305212235023 -0.07298346831455825 0.095835451448344752 1.1974798935841233 -0.082743157907423537 3.5555376164180297 4.9253060488473803 -2.2312015198089266 -0.0024730112889143215 -0.044530682216867401 -1.1847556241513499 0.18434411800070985 -0.49635958049608314 -0.43007692574417766 0.015621891674519585 -0.022487618299746534 -0.20498159887400177 -0.16503070939375247 -0.55922183064248066 -0.043415516732122121 -0.12091938660574005 -0.33599245412901502 0.0009475042222896247 -0.038137379676491508 -0.0023592589227275072 -0.0050025633018618105 0.0052694463503445005 0.0025914570330622796
leaf_weight=110790 1704 361 383 10863 209 1636 937 257 326 637 294916 691 794 355 542 2989 12411 1349 5491 943 268 4160 1051 219 121617 31105 37807 3178 18102 133909
leaf_count=110790 1704 361 383 10863 209 1636 937 257 326 637 294916 691 794 355 542 2989 12411 1349 5491 943 268 4160 1051 219 121617 31105 37807 3178 18102 133909
internal_value=-2.44734e-06 0.0909395 2.11349 -0.143538 -0.120349 -0.00235499 0.029001 1.50964 -0.00402414 -0.0123272 -0.000191138 0.275144 -1.65057 -0.0531552 -0.23044 -0.00298686 -0.0294498 -0.30263 -0.194143 -0.0854691 -0.04609 -0.0848333 -0.0592488 -0.199843 -0.00224059 -0.0394795 -0.00101044 -0.0121903 0.00948399 0.00150146
internal_weight=800000 20173 2087 18086 17725 779827 39414 1893 740413 233838 506575 5092 1431 4766 897 501483 34851 4338 5700 12025 37521 5479 5211 1162 232407 32042 466632 3869 30513 171716
internal_count=800000 20173 2087 18086 17725 779827 39414 1893 740413 233838 506575 5092 1431 4766 897 501483 34851 4338 5700 12025 37521 5479 5211 1162 232407 32042 466632 3869 30513 171716
cat_boundaries=0 1 2 3 4 5 6 7 8 9 10 11 12 13 14 15 16
cat_threshold=34 8 40 32 8 6 8 16 1 4 1 4 16 6 17 4
is_linear=0
shrinkage=0.05


Tree=183
num_leaves=31
num_cat=16
split_feature=1 0 2 0 0 2 1 0 2 0 0 0 0 1 1 0 2 2 0 2 0 1 0 2 2 0 0 0 0 1
split_gain=61716.8 268883 678741 547905 418090 42271.6 14722.7 71411.3 28544.1 134543 73537.6 12754.6 8514.31 1.39499e+06 141246 2.81694e+06 139721 12541.5 36457 9469.12 133835 55744.6 2043.62 1247.45 935.969 641.266 522.736 323.565 284.55 274.021
threshold=4.5000000000000009 0 1.5000000000000002 1 2 1.5000000000000002 3.5000000000000004 3 1.5000000000000002 4 5 6 7 2.5000000000000004 1.5000000000000002 8 1.5000000000000002 1.5000000000000002 9 1.5000000000000002 10 2.5000000000000004 11 1.5000000000000002 1.5000000000000002 12 13 14 15 1.5000000000000002
decision_type=2 1 2 1 1 2 2 1 2 1 1 1 1 2 2 1 2 2 1 2 1 2 1 2 2 1 1 1 1 2
left_child=6 5 4 -4 -3 -2 12 23 10 -10 -9 -11 13 24 15 -14 -15 27 -19 25 21 -21 -6 -8 -1 -16 -12 -17 -22 -26
right_child=1 2 3 -5 22 -7 7 8 9 11 26 -13 14 16 19 17 -18 18 -20 20 28 -23 -24 -25 29 -27 -28 -29 -30 -31
leaf_value=-0.0054534984812085324 0.11855978667516759 1.7228890815147988 -2.8601891301104416 -0.024427385022563322 -0.15572280995435228 0.28944065937798141 0.080834633322632896 -0.40627595357379243 0.71422539698450194 -0.11938159813792069 -0.039137431382120974 -0.53226639795646402 4.6863695851394107 -2.119641700532036 0.00098952233404028724 -0.042335735748225717 -1.1255182914829975 0.17538113783483636 -0.47199236275493234 -0.40857470551634684 0.014841661725405306 -0.021364185716086975 -0.31992407136608941 0.051174053068539241 -0.0006258820245276654 -0.0027221880387507231 -0.078649424902363096 -0.0047547748726015568 0.0050045597232062072 0.0045922806506344567
leaf_weight=110790 10872 315 404 300 2638 5425 21728 1599 598 634 9414 268 326 637 221590 691 794 355 542 2989 12411 1349 219 4236 86066 245042 937 3178 18102 35551
leaf_count=110790 10872 315 404 300 2638 5425 21728 1599 598 634 9414 268 326 637 221590 691 794 355 542 2989 12411 1349 219 4236 86066 245042 937 3178 18102 35551
internal_value=-1.13592e-06 0.0863446 -0.287537 -1.69274 0.0234307 0.175336 -0.00223477 0.0275419 -0.0659445 0.139598 -0.0918 -0.246548 -0.00381986 -0.0117113 -0.00017687 0.261834 -1.56805 -0.0505363 -0.219092 -0.0028373 -0.0279779 -0.2875 -0.169381 0.0759663 -0.00212902 -0.000959642 -0.0427866 -0.0115884 0.0090093 0.000899488
internal_weight=800000 20173 3876 704 3172 16297 779827 39414 13450 1500 11950 902 740413 233838 506575 5092 1431 4766 897 501483 34851 4338 2857 25964 232407 466632 10351 3869 30513 121617
internal_count=800000 20173 3876 704 3172 16297 779827 39414 13450 1500 11950 902 740413 233838 506575 5092 1431 4766 897 501483 34851 4338 2857 25964 232407 466632 10351 3869 30513 121617
cat_boundaries=0 1 2 3 4 5 6 7 8 9 10 11 12 13 14 15 16
cat_threshold=33 10 8 33 24 8 2 32 8 6 8 6 3 6 6 17
is_linear=0
shrinkage=0.05


Tree=184
num_leaves=31
num_cat=16
split_feature=0 1 2 1 0 1 2 0 0 1 2 2 0 1 0 2 0 0 0 0 0 0 2 0 0 1 0 0 1 1
split_gain=59392.8 7.42694e+06 884298 164486 180740 131343 2.75867e+06 3.38422e+06 2.70878e+06 29445.8 22216 8544.22 120785 50309.8 7832.38 6750.85 73573.1 30349.9 12583.8 6601.21 2979.57 1861.91 844.968 612.443 471.941 325.941 292.515 256.661 247.836 214.278
threshold=0 2.5000000000000004 1.5000000000000002 4.5000000000000009 1 1.5000000000000002 1.5000000000000002 2 3 3.5000000000000004 1.5000000000000002 1.5000000000000002 4 2.5000000000000004 5 1.5000000000000002 6 7 8 9 10 11 1.5000000000000002 12 13 2.5000000000000004 14 15 1.5000000000000002 2.5000000000000004
decision_type=1 2 2 2 1 2 2 1 1 2 2 2 1 2 1 2 1 1 1 1 1 1 2 1 1 2 1 1 2 2
left_child=1 22 -3 5 -5 6 8 -8 -2 11 19 23 13 -13 -12 16 -11 -17 -19 -6 -16 -21 -1 -7 -18 -25 -10 29 -24 -14
right_child=3 2 -4 4 10 9 7 -9 26 15 14 12 27 -15 20 17 24 18 -20 21 -22 -23 28 25 -26 -27 -28 -29 -30 -31
leaf_value=-0.005181094656912512 -5.57380097981157 4.7947492777166749 2.40583311198144 -1.2428722813444317 -0.075257740636478415 0.0037324240298933931 -0.12847837943130744 5.6921266324469393 -0.040249434279307154 -0.38608765379844656 0.092430916006706623 -0.38814340376383333 0.007111543766371093 -0.020292133344730862 -0.20737615525391978 -0.50661144290896631 -0.074758221506443054 0.066697034799375915 -0.12539916833990819 -0.14796380503300094 -0.34832953928862265 -0.30462834470657285 -0.00059550106740110338 -0.0025408963801875802 -0.038456332698505104 0.00056295036130302981 -0.0045171761303354832 0.0047569792441260264 0.0043670806183009839 0.020277610002918365
leaf_weight=110790 222 683 895 361 10863 61592 541 460 691 1599 209 2989 5813 1349 5400 268 937 4341 1051 2638 449 219 86066 284710 31105 120330 3178 18102 35551 6598
leaf_count=110790 222 683 895 361 10863 61592 541 460 691 1599 209 2989 5813 1349 5400 268 937 4341 1051 2638 449 219 86066 284710 31105 120330 3178 18102 35551 6598
internal_value=3.66524e-08 0.0211886 3.43982 -0.00875932 -0.149089 -0.00358231 0.249169 2.60191 -0.326506 -0.00596221 -0.128431 -0.002696 -0.0265773 -0.273122 -0.208245 -0.0476392 -0.0561392 0.00288203 0.0290911 -0.0932832 -0.218773 -0.160993 -0.00202237 -0.000912398 -0.0395409 -0.00161876 -0.0109862 0.00856041 0.000855157 0.0140996
internal_weight=800000 233985 1578 566015 20139 545876 5092 1001 4091 540784 19778 501483 34851 4338 6058 39301 33641 5660 5392 13720 5849 2857 232407 466632 32042 405040 3869 30513 121617 12411
internal_count=800000 233985 1578 566015 20139 545876 5092 1001 4091 540784 19778 501483 34851 4338 6058 39301 33641 5660 5392 13720 5849 2857 232407 466632 32042 405040 3869 30513 121617 12411
cat_boundaries=0 1 2 3 4 5 6 7 8 9 10 11 12 13 14 15 16
cat_threshold=32 8 16 8 8 16 8 4 9 1 1 6 1 16 6 17
is_linear=0
shrinkage=0.05


Tree=185
num_leaves=31
num_cat=16
split_feature=1 0 2 2 0 0 1 0 2 0 0 0 1 2 1 0 2 0 2 0 1 0 0 2 2 0 0 1 0 0
split_gain=65749.3 1.80602e+07 307420 181624 961591 404336 15315.5 60260.9 26746.6 87916.4 60002.3 9108.68 1.56989e+06 160012 115431 2.68335e+06 27436.2 52845.9 7712.94 109010 45405.3 7545.63 4008.92 1749.63 762.597 552.43 429.215 294.454 264.422 231.716
threshold=4.5000000000000009 0 1.5000000000000002 1.5000000000000002 1 2 3.5000000000000004 3 1.5000000000000002 4 5 6 2.5000000000000004 1.5000000000000002 1.5000000000000002 7 1.5000000000000002 8 1.5000000000000002 9 2.5000000000000004 10 11 1.5000000000000002 1.5000000000000002 12 13 2.5000000000000004 14 15
decision_type=2 1 2 2 1 1 2 1 2 1 1 1 2 2 2 1 2 1 2 1 2 1 1 2 2 1 1 2 1 1
left_child=6 2 -2 5 -5 -3 11 23 10 -10 -9 12 24 -14 15 -13 28 -18 25 20 -20 -11 -7 -8 -1 -16 -12 -27 -17 -21
right_child=1 3 -4 4 -6 22 7 8 9 21 26 14 13 -15 18 16 17 -19 19 29 -22 -23 -24 -25 -26 27 -28 -29 -30 -31
leaf_value=-0.0049215215060973237 8.6590493319327368 1.6996246179433971 11.238824371598724 -2.69866548575065 -0.19846879608564824 -0.071496460061278119 0.078304640253092306 -0.36690506226828262 0.48862638872320008 -0.13427991398045275 -0.035261466158063789 4.5550665775934851 -2.2533958846770425 -1.1895326167570255 0.0035452213919297051 -0.038265433155010839 -0.024427051284686238 -0.82166672926905671 -0.36874096887332614 0.013393559969620336 -0.019279803484926805 -0.48219349538679607 -0.14059513800093776 0.043177590892070641 0.00081296924995158826 -0.0024134893878100566 -0.071059838771316539 0.00053662816851868017 -0.0042923245854778599 0.0045165607606985547
leaf_weight=110790 228 315 234 404 5491 10863 21728 1599 815 417 9414 326 637 794 61592 691 578 319 2989 12411 1349 268 2638 4236 121617 284710 937 120330 3178 18102
leaf_count=110790 228 315 234 404 5491 10863 21728 1599 815 417 9414 326 637 794 61592 691 578 319 2989 12411 1349 268 2638 4236 121617 284710 937 120330 3178 18102
internal_value=-1.57879e-06 0.0891204 9.75455 -0.142301 -0.374728 -0.0432324 -0.00230703 0.0280633 -0.0578171 0.141153 -0.0828408 -0.00392372 -0.012086 -1.6631 -0.000155722 0.236705 -0.0680903 -0.317382 -0.00256078 -0.0252506 -0.25947 -0.275377 -0.0850919 0.0725458 -0.0019207 -0.000866163 -0.0385675 -0.00153703 -0.0104699 0.00813044
internal_weight=800000 20173 462 19711 5895 13816 779827 39414 13450 1500 11950 740413 233838 1431 506575 5092 4766 897 501483 34851 4338 685 13501 25964 232407 466632 10351 405040 3869 30513
internal_count=800000 20173 462 19711 5895 13816 779827 39414 13450 1500 11950 740413 233838 1431 506575 5092 4766 897 501483 34851 4338 685 13501 25964 232407 466632 10351 405040 3869 30513
cat_boundaries=0 1 2 3 4 5 6 7 8 9 10 11 12 13 14 15 16
cat_threshold=48 10 8 33 10 8 32 8 18 8 16 1 1 6 6 17
is_linear=0
shrinkage=0.05


Tree=186
num_leaves=31
num_cat=15
split_feature=1 0 2 0 0 2 1 0 2 0 0 0 1 2 1 2 0 0 0 2 0 1 2 2 2 0 0 0 1 0
split_gain=59287.5 322130 1.6775e+06 285981 109297 43133.1 13814.1 54403.7 24134 121337 54190.2 8227.63 1.41682e+06 144410 104508 2.4995e+06 2.66255e+06 1.32048e+06 7901.07 6959.2 98381.2 40977.4 1578.35 1384.29 687.495 523.603 388.261 283.341 223.43 211.186
threshold=4.5000000000000009 0 1.5000000000000002 1 2 1.5000000000000002 3.5000000000000004 3 1.5000000000000002 4 5 6 2.5000000000000004 1.5000000000000002 1.5000000000000002 1.5000000000000002 7 8 9 1.5000000000000002 10 2.5000000000000004 1.5000000000000002 1.5000000000000002 1.5000000000000002 11 12 13 1.5000000000000002 14
decision_type=2 1 2 1 1 2 2 1 2 1 1 1 2 2 2 2 1 1 1 2 1 2 2 2 2 1 1 1 2 1
left_child=6 2 3 -2 5 -3 11 22 10 -10 -9 12 24 -14 15 16 -13 -17 -11 25 21 -21 -8 -6 -1 -16 -12 -18 -26 -22
right_child=1 4 -4 -5 23 -7 7 8 9 18 26 14 13 -15 19 17 27 -19 -20 20 29 -23 -24 -25 28 -27 -28 -29 -30 -31
leaf_value=-0.0046753421769330237 1.6172586141733025 0.11941039570997181 -4.2471117984547337 -0.7041046542371725 -0.13410000858928692 0.29202373351699196 0.074388176404674919 -0.34867301825931757 0.67974087690052232 -0.13138250556791792 -0.033498542630611743 -5.5250601949362919 -2.1407261968968991 -1.1300586748483501 0.0009380079177527652 -0.24397398974837325 -0.016242955132715748 3.675631829498478 -0.45895144373392888 -0.35030026392778774 0.015481339657622724 -0.018315620181061677 0.041024845745678329 -0.22907109037539475 -0.00060792067585412968 -0.0024159368910732751 -0.067545271574380908 0.018895860547014115 0.0041039764701738318 0.0054897819827913006
leaf_weight=110790 315 10872 255 219 2638 5425 21728 1599 598 634 9414 222 637 794 221590 318 3177 683 268 2989 6817 1349 4236 449 86066 245042 937 692 35551 23696
leaf_count=110790 315 10872 255 219 2638 5425 21728 1599 598 634 9414 222 637 794 221590 318 3177 683 268 2989 6817 1349 4236 449 86066 245042 937 692 35551 23696
internal_value=-1.02762e-06 0.0846282 -0.89943 0.682339 0.125082 0.176762 -0.00219026 0.026653 -0.054947 0.134056 -0.0787172 -0.00372566 -0.0114831 -1.57995 -0.00014453 0.225231 -0.322737 2.46472 -0.232674 -0.00243297 -0.0239856 -0.246494 0.0689184 -0.147436 -0.00182612 -0.000823277 -0.0366428 -0.0099256 0.000769458 0.00772637
internal_weight=800000 20173 789 534 19384 16297 779827 39414 13450 1500 11950 740413 233838 1431 506575 5092 4091 1001 902 501483 34851 4338 25964 3087 232407 466632 10351 3869 121617 30513
internal_count=800000 20173 789 534 19384 16297 779827 39414 13450 1500 11950 740413 233838 1431 506575 5092 4091 1001 902 501483 34851 4338 25964 3087 232407 466632 10351 3869 121617 30513
cat_boundaries=0 1 2 3 4 5 6 7 8 9 10 11 12 13 14 15
cat_threshold=24 8 33 33 24 8 32 8 4 2 8 3 6 16 16
is_linear=0
shrinkage=0.05


Tree=187
num_leaves=31
num_cat=16
split_feature=0 1 2 1 0 1 0 2 1 0 0 2 2 2 0 1 2 0 0 0 0 2 0 0 0 0 1 0 1 0
split_gain=59612.7 7.26704e+06 879006 165392 193143 97125.4 2.59412e+06 48210.1 30443.6 24288.6 21224.7 23062.8 8421.04 6280.59 88789.7 36981.9 5109.11 51454.5 27637.8 7401.33 2337.62 621.156 520.404 480.687 265.662 250.554 201.731 195.862 202.529 297.444
threshold=0 2.5000000000000004 1.5000000000000002 4.5000000000000009 1 1.5000000000000002 2 1.5000000000000002 3.5000000000000004 3 4 1.5000000000000002 1.5000000000000002 1.5000000000000002 5 2.5000000000000004 1.5000000000000002 6 7 8 9 1.5000000000000002 10 11 12 13 1.5000000000000002 14 2.5000000000000004 15
decision_type=1 2 2 2 1 2 1 2 2 1 1 2 2 2 1 2 2 1 1 1 1 2 1 1 1 1 2 1 2 1
left_child=1 21 -3 5 -5 6 -2 24 13 -9 12 20 -6 23 15 -15 17 -10 -18 -20 -12 -1 -19 25 -8 -7 -23 28 -16 -30
right_child=3 2 -4 4 10 8 7 9 16 -11 11 -13 -14 14 27 -17 18 22 19 -21 -22 26 -24 -25 -26 -27 -28 -29 29 -31
leaf_value=-0.004441679369963209 4.4597323620957985 4.7537265342639792 2.3719689515183093 -1.2801553592527652 -0.70105047182405378 0.003322977448612029 -0.03731093481501907 -0.082043242258568336 -0.33134705245383711 -0.62222253412440209 -0.073891810551635226 -0.20326243045289694 -0.25736048118919846 -0.33278549346847258 0.0053841192546367402 -0.017400702889083582 0.056911682810654063 -0.023947977326382885 -0.14058099017740983 -0.43682814742163789 -0.12691310820622748 -0.0005750221807541777 -0.04387685312172189 -0.0027908641416648245 -0.003268850014230688 -0.00027892515838432114 0.0039022304469135921 0.0040180877930494586 0.035363982386349073 0.011551911029536939
leaf_weight=110790 326 683 895 361 219 61592 691 355 1599 542 10863 5849 209 2989 5813 1349 4341 3807 1051 268 2638 86066 28235 181767 3178 223273 35551 18102 1818 4780
leaf_count=110790 326 683 895 361 219 61592 691 355 1599 542 10863 5849 209 2989 5813 1349 4341 3807 1051 268 2638 86066 28235 181767 3178 223273 35551 18102 1818 4780
internal_value=-1.40689e-06 0.0212263 3.40286 -0.00877696 -0.149493 -0.0035857 0.213763 -0.0858435 -0.00563225 -0.416291 -0.128143 -0.120267 -0.47333 -0.00231116 -0.0227861 -0.23417 -0.0480095 -0.0554041 -0.00405864 -0.203608 -0.0844005 -0.0017334 -0.0415173 -0.00078197 -0.00945362 0.000499948 0.000733765 0.00734045 0.0121791 0.0181841
internal_weight=800000 233985 1578 566015 20139 545876 5092 4766 540784 897 19778 19350 428 501483 34851 4338 39301 33641 5660 1319 13501 232407 32042 466632 3869 284865 121617 30513 12411 6598
internal_count=800000 233985 1578 566015 20139 545876 5092 4766 540784 897 19778 19350 428 501483 34851 4338 39301 33641 5660 1319 13501 232407 32042 466632 3869 284865 121617 30513 12411 6598
cat_boundaries=0 1 2 3 4 5 6 7 8 9 10 11 12 13 14 15 16
cat_threshold=32 8 8 6 16 8 8 9 18 1 4 11 6 1 17 16
is_linear=0
shrinkage=0.05


Tree=188
num_leaves=31
num_cat=14
split_feature=1 0 2 0 0 2 1 0 2 0 1 2 1 0 2 0 2 0 1 2 0 0 2 2 0 1 0 0 0 1
split_gain=63510.1 269180 1.53398e+06 265316 97753.6 41866.2 14462.2 1.69397e+06 361815 8824.92 1.58834e+06 164666 85262.6 2.34848e+06 43596.4 21958.4 5667.76 80133.5 33376.4 4446.51 12530.1 2095.81 1145.9 560.582 469.574 455.543 282.418 199.187 198.003 182.078
threshold=4.5000000000000009 0 1.5000000000000002 1 2 1.5000000000000002 3.5000000000000004 3 1.5000000000000002 4 2.5000000000000004 1.5000000000000002 1.5000000000000002 5 1.5000000000000002 6 1.5000000000000002 7 2.5000000000000004 1.5000000000000002 8 9 1.5000000000000002 1.5000000000000002 10 2.5000000000000004 11 12 13 1.5000000000000002
decision_type=2 1 2 1 1 2 2 1 2 1 2 2 2 1 2 1 2 1 2 2 1 1 2 2 1 2 1 1 1 2
left_child=6 2 3 -2 5 -3 9 8 -8 10 23 -12 13 -11 26 -16 25 18 -18 24 -21 -22 -6 -1 -9 28 -15 -27 -14 -25
right_child=1 4 -4 -5 22 -7 7 19 -10 12 11 -13 16 14 15 -17 17 -19 -20 20 21 -23 -24 29 -26 27 -28 -29 -30 -31
leaf_value=-0.0042198587567897272 1.6009200539222133 0.11693202603644007 -4.012665088129979 -0.63691669947195262 -0.12104755221577285 0.28699159625708232 1.216427075775445 -0.022754388358975881 3.2344688653018228 4.2433818213819041 -2.2713767355614967 -1.1921531408199435 -0.00028658815746654263 -0.015270960125236405 -0.078053933365704264 -0.59167184000429907 -0.31614713809210232 0.0069740694584842751 -0.016530587132592128 -0.41577025043021004 -0.054169327258634915 -0.13361750111952916 -0.20745485280298179 -0.00054663944313085311 -0.041685056674583845 -0.0019005664113581862 0.019801711628579688 0.0022088571030218092 -0.0029533933282426782 0.0037069330765109156
leaf_weight=110790 315 10872 255 219 2638 5425 1636 3807 257 326 637 794 112598 3177 355 542 2989 30513 1349 268 4160 1051 449 86066 28235 37807 692 133909 182318 35551
leaf_count=110790 315 10872 255 219 2638 5425 1636 3807 257 326 637 794 112598 3177 355 542 2989 30513 1349 268 4160 1051 449 86066 28235 37807 692 133909 182318 35551
internal_value=-8.90949e-07 0.0875903 -0.811996 0.701208 0.124561 0.173436 -0.00226675 0.0272453 1.48257 -0.00383775 -0.0118719 -1.67256 -0.000128907 0.20344 -0.081629 -0.395867 -0.00219592 -0.0216463 -0.222462 -0.0465611 -0.0881983 -0.0704184 -0.133184 -0.00164702 -0.039456 -0.00074325 -0.00898624 0.0013041 -0.00193533 0.000696762
internal_weight=800000 20173 789 534 19384 16297 779827 39414 1893 740413 233838 1431 506575 5092 4766 897 501483 34851 4338 37521 5479 5211 3087 232407 32042 466632 3869 171716 294916 121617
internal_count=800000 20173 789 534 19384 16297 779827 39414 1893 740413 233838 1431 506575 5092 4766 897 501483 34851 4338 37521 5479 5211 3087 232407 32042 466632 3869 171716 294916 121617
cat_boundaries=0 1 2 3 4 5 6 7 8 9 10 11 12 13 14
cat_threshold=24 8 33 40 32 8 6 8 4 1 4 16 4 3
is_linear=0
shrinkage=0.05


Tree=189
num_leaves=31
num_cat=16
split_feature=1 0 0 2 1 0 0 1 2 1 2 0 0 2 0 0 0 2 2 0 1 0 2 2 0 1 0 0 0 0
split_gain=57352.6 273068 117096 37785 13042.5 443079 7971.54 1.43347e+06 148609 77226.8 2.2825e+06 3.02146e+06 2.81279e+06 7563.37 68827.9 21409.6 6677.01 14905.1 5115.36 72320.1 30122.8 3653.47 1034.15 505.5 492.074 411.203 266.74 179.889 179.336 176.87
threshold=4.5000000000000009 0 1 1.5000000000000002 3.5000000000000004 2 3 2.5000000000000004 1.5000000000000002 1.5000000000000002 1.5000000000000002 4 5 1.5000000000000002 6 7 8 1.5000000000000002 1.5000000000000002 9 2.5000000000000004 10 1.5000000000000002 1.5000000000000002 11 2.5000000000000004 12 13 14 15
decision_type=2 1 1 2 2 1 1 2 2 2 2 1 1 2 1 1 1 2 2 1 2 1 2 2 1 2 1 1 1 1
left_child=4 -2 3 -3 6 -6 7 23 -9 10 12 -12 -8 14 -7 -15 22 -18 25 20 -20 -17 -4 -1 -16 28 -14 -27 -11 -21
right_child=1 2 16 -5 5 13 9 8 -10 18 11 -13 26 15 24 21 17 -19 19 29 -22 -23 -24 -25 -26 27 -28 -29 -30 -31
leaf_value=-0.0040092000351000349 -1.2609570356713473 0.11108920016299284 -0.11499630343832692 0.27264733696862853 0.40791967913911154 -0.37532695748926026 -5.6771132058110734 -2.1578057618493003 -1.1325479156724751 -0.00069304589422785647 -0.24182613808965947 5.2537736233751824 -0.036447528425535024 0.049932720901718963 -0.021620373204955579 -0.1475215215035289 -0.63415061393284911 -0.043861688495252696 -0.30034037650967571 0.011222693903052128 -0.015701958030086699 -0.39572915962274124 -0.19708256094917689 0.0006596276902367912 -0.041259124673121664 -0.001806333846353913 -0.0023450277381140737 0.0020989600608649706 -0.0031658019566075412 0.0034682353609652907
leaf_weight=110790 361 10872 2638 5425 6354 1599 222 637 794 158307 541 460 691 4341 3807 417 219 209 2989 12411 1349 268 449 121617 22628 37807 3178 133909 136609 18102
leaf_count=110790 361 10872 2638 5425 6354 1599 222 637 794 158307 541 460 691 4341 3807 417 219 209 2989 12411 1349 268 449 121617 22628 37807 3178 133909 136609 18102
internal_value=1.27482e-06 0.0832381 0.108313 0.164768 -0.00215194 0.0258741 -0.00364384 -0.0112796 -1.58893 -0.000118881 0.19362 2.33369 -0.330021 -0.0476625 -0.057803 0.00880479 -0.153162 -0.338005 -0.00208608 -0.0205643 -0.211338 -0.248927 -0.126526 -0.00156603 -0.0384401 -0.000706015 -0.00851396 0.00123914 -0.00183859 0.00662496
internal_weight=800000 20173 19812 16297 779827 39414 740413 233838 1431 506575 5092 1001 4091 33060 28034 5026 3515 428 501483 34851 4338 685 3087 232407 26435 466632 3869 171716 294916 30513
internal_count=800000 20173 19812 16297 779827 39414 740413 233838 1431 506575 5092 1001 4091 33060 28034 5026 3515 428 501483 34851 4338 685 3087 232407 26435 466632 3869 171716 294916 30513
cat_boundaries=0 1 2 3 4 5 6 7 8 9 10 11 12 13 14 15 16
cat_threshold=8 33 34 32 16 8 8 9 6 8 16 4 6 4 11 17
is_linear=0
shrinkage=0.05


Tree=190
num_leaves=31
num_cat=16
split_feature=0 1 2 1 0 1 0 2 0 1 2 0 2 0 1 2 0 0 0 0 0 0 2 0 0 0 1 1 0 1
split_gain=59717 7.12393e+06 876077 167936 166238 72220 2.25631e+06 63060.2 61303.3 30699.2 22635.3 21479 4616.62 65269.3 27185.4 4294.8 61645.4 22495.6 4809.2 2296.84 683.374 571.799 456.723 402.118 379.365 281.539 209.185 164.261 164.259 386.001
threshold=0 2.5000000000000004 1.5000000000000002 4.5000000000000009 1 1.5000000000000002 2 1.5000000000000002 3 3.5000000000000004 1.5000000000000002 4 1.5000000000000002 5 2.5000000000000004 1.5000000000000002 6 7 8 9 10 11 1.5000000000000002 12 13 14 2.5000000000000004 1.5000000000000002 15 2.5000000000000004
decision_type=1 2 2 2 1 2 1 2 1 2 2 1 2 1 2 2 1 1 1 1 1 1 2 1 1 1 2 2 1 2
left_child=1 22 -3 5 -5 6 -2 25 -9 12 11 -6 24 14 -14 16 -11 -17 -19 -12 23 -13 -1 -18 -7 -8 -26 -24 29 -15
right_child=3 2 -4 4 10 9 7 8 -10 15 19 21 13 28 -16 17 20 18 -20 -21 -22 -23 27 -25 26 -27 -28 -29 -30 -31
leaf_value=-0.0038083491707140817 4.1437669251646314 4.7180310571176243 2.3402454312287229 -1.1996098777997204 -0.5761369963400228 0.0029849255078411938 -0.014392146758985326 -0.15294173299049846 -1.0173823307350414 -0.35667688228685418 -0.03976469693118579 -0.081587519418082635 -0.28532325691026605 0.0059763776562075117 -0.014918964878111261 0.047445755883267049 -0.020541033583659291 -0.13628854832482945 -0.37665339408160969 -0.21701152480529587 -0.053974769353357294 -0.10883422783854504 -0.00055148904534610432 -0.038361096794135803 -0.001965393765927081 0.020618697652789605 0.00052115012550655183 0.0034886154604442336 0.0043217599821887233 0.032880718558534937
leaf_weight=110790 326 683 895 361 219 61592 3177 578 319 1599 209 10863 2989 4999 1349 4341 3807 1051 268 5849 6544 2638 86066 21691 284710 692 120330 35551 23696 1818
leaf_count=110790 326 683 895 361 219 61592 3177 578 319 1599 209 10863 2989 4999 1349 4341 3807 1051 268 5849 6544 2638 86066 21691 284710 692 120330 35551 23696 1818
internal_value=1.70891e-07 0.0212465 3.36941 -0.00878306 -0.150577 -0.00355203 0.18387 -0.0954862 -0.47341 -0.00531678 -0.130756 -0.0952791 -0.00198179 -0.0195361 -0.200772 -0.0478715 -0.0546513 -0.00757514 -0.187594 -0.21132 -0.0394556 -0.0869879 -0.00148605 -0.0357096 -0.000670721 -0.0081141 -0.00122666 0.000629512 0.00629377 0.0131321
internal_weight=800000 233985 1578 566015 20139 545876 5092 4766 897 540784 19778 13720 501483 34851 4338 39301 33641 5660 1319 6058 32042 13501 232407 25498 466632 3869 405040 121617 30513 6817
internal_count=800000 233985 1578 566015 20139 545876 5092 4766 897 540784 19778 13720 501483 34851 4338 39301 33641 5660 1319 6058 32042 13501 232407 25498 466632 3869 405040 121617 30513 6817
cat_boundaries=0 1 2 3 4 5 6 7 8 9 10 11 12 13 14 15 16
cat_threshold=32 8 8 18 16 8 8 9 18 16 5 1 4 1 16 16
is_linear=0
shrinkage=0.05


Tree=191
num_leaves=31
num_cat=16
split_feature=1 0 2 2 0 0 1 0 2 0 0 0 0 1 2 1 2 0 0 2 0 1 2 0 0 2 0 0 0 1
split_gain=61587.3 3.76969e+06 3.80667e+06 165305 379428 19685.6 13708.9 56447 23343.8 63723 49861.9 8825.03 8575.37 1.60185e+06 168862 63063.3 2.08144e+06 2.74127e+06 1.27302e+06 4166.13 58904.6 24534.2 3747.69 2997.77 960.837 411.927 342.251 267.697 212.063 188.832
threshold=4.5000000000000009 0 1.5000000000000002 1.5000000000000002 1 2 3.5000000000000004 3 1.5000000000000002 4 5 6 7 2.5000000000000004 1.5000000000000002 1.5000000000000002 1.5000000000000002 8 9 1.5000000000000002 10 2.5000000000000004 1.5000000000000002 11 12 1.5000000000000002 13 14 15 2.5000000000000004
decision_type=2 1 2 2 1 1 2 1 2 1 1 1 1 2 2 2 2 1 1 2 1 2 2 1 1 2 1 1 1 2
left_child=6 2 -2 4 -3 28 12 22 10 -10 -9 -5 13 25 -15 16 17 -14 -18 26 21 -21 -8 -11 -12 -1 -17 -19 -6 -28
right_child=1 3 -4 11 5 -7 7 8 9 23 24 -13 15 14 -16 19 18 27 -20 20 -22 -23 -24 -25 -26 -27 29 -29 -30 -31
leaf_value=-0.0036177562016723752 1.0906770302096445 1.6425843857985278 6.6072562832745199 -0.38233656661251775 -0.077514905411197432 -0.54859203855023109 0.077968287397730165 -0.33895299643593002 0.42501215206493037 -0.13366301221646526 -0.019516128503061385 -0.091795054404966298 -5.6037506892763336 -2.2858182044755346 -1.1929288253976356 0.0028351935360060973 -0.42974886632547149 -0.035668101290323259 3.4080664775760314 -0.27105365889093952 0.0059798287601523755 -0.014172976130993831 0.026558059180987345 -0.35850088476277087 -0.051278391501362965 0.00059685320774869027 -0.0018669536963624922 -0.0015114209583143667 -0.10490802152459544 0.00049552832598461535
leaf_weight=110790 1704 315 383 5446 10863 219 21728 1599 815 417 3807 300 222 637 794 61592 318 691 683 2989 30513 1349 4236 268 6544 121617 284710 3178 943 120330
leaf_count=110790 1704 315 383 5446 10863 219 21728 1599 815 417 3807 300 222 637 794 61592 318 691 683 2989 30513 1349 4236 268 6544 121617 284710 3178 943 120330
internal_value=-2.65738e-09 0.0862551 2.09303 -0.14639 -0.0433213 -0.0887764 -0.0022313 0.0265019 -0.0566158 0.129265 -0.0799956 -0.367992 -0.00376084 -0.0116806 -1.67942 -0.000104811 0.174969 -0.325077 2.21861 -0.00188249 -0.0185583 -0.190731 0.069554 -0.225521 -0.0396266 -0.00141228 -0.000637033 -0.007688 -0.0797899 -0.00116507
internal_weight=800000 20173 2087 18086 12340 12025 779827 39414 13450 1500 11950 5746 740413 233838 1431 506575 5092 4091 1001 501483 34851 4338 25964 685 10351 232407 466632 3869 11806 405040
internal_count=800000 20173 2087 18086 12340 12025 779827 39414 13450 1500 11950 5746 740413 233838 1431 506575 5092 4091 1001 501483 34851 4338 25964 685 10351 232407 466632 3869 11806 405040
cat_boundaries=0 1 2 3 4 5 6 7 8 9 10 11 12 13 14 15 16
cat_threshold=34 8 5 33 10 8 9 32 8 4 8 16 4 1 6 1
is_linear=0
shrinkage=0.05


Tree=192
num_leaves=31
num_cat=18
split_feature=0 1 2 1 0 1 0 2 0 1 2 0 0 0 2 0 1 2 0 0 0 0 0 2 0 0 0 0 0 1
split_gain=56854.5 6.71505e+06 834723 160010 170265 59016 2.19885e+06 86654.6 31621.7 29559.4 20197.2 17080.4 11905.5 3791.06 3759.67 53162.6 22142.6 3598.33 48929.8 20753.4 3314.07 1792.67 746.493 371.864 325.86 280.785 192.305 158.141 149.305 173.322
threshold=0 2.5000000000000004 1.5000000000000002 4.5000000000000009 1 1.5000000000000002 2 1.5000000000000002 3 3.5000000000000004 1.5000000000000002 4 5 6 1.5000000000000002 7 2.5000000000000004 1.5000000000000002 8 9 10 11 12 1.5000000000000002 13 14 15 16 17 2.5000000000000004
decision_type=1 2 2 2 1 2 1 2 1 2 2 1 1 1 2 1 2 2 1 1 1 1 1 2 1 1 1 1 1 2
left_child=1 23 -3 5 -5 6 -2 25 -9 14 11 -6 -12 26 24 16 -16 18 -11 -19 -21 -14 -20 -1 27 -8 -13 -7 29 -17
right_child=3 2 -4 4 10 9 7 8 -10 17 12 13 21 -15 15 28 -18 19 22 20 -22 -23 -24 -25 -26 -27 -28 -29 -30 -31
leaf_value=-0.0034366578915476613 4.0751244621617451 4.5877951499832852 2.2668074513014469 -1.2086059261846414 -0.52235732599116835 0.0026930452720642338 -0.013599425256906876 -0.31293102900187175 -0.94780785088118824 -0.32211003816224093 -0.48178969699403518 -0.07364257571121198 -0.033478877098048664 -0.1561827770915549 -0.25750328636998993 0.0036185009486085062 -0.013463574011649266 0.042923627055066672 -0.01854396893274169 -0.13960928006850809 -0.34121973840452791 -0.19002362521555918 -0.042298362701208028 0.00056776110442568453 -0.0022592238596280951 0.021358546504267939 -0.099716775940197594 -0.00016852035560388718 0.0027818602197161833 0.015459645650863069
leaf_weight=110790 326 683 895 361 219 61592 3177 578 319 1599 358 10863 209 1695 2989 5813 1349 4341 3807 1051 268 5491 28235 121617 181767 692 943 223273 18102 6598
leaf_count=110790 326 683 895 361 219 61592 3177 578 319 1599 358 10863 209 1695 2989 5813 1349 4341 3807 1051 268 5491 28235 121617 181767 692 943 223273 18102 6598
internal_value=-1.50184e-06 0.0207293 3.27139 -0.00857164 -0.146979 -0.00346555 0.165959 -0.109753 -0.552767 -0.00506084 -0.126926 -0.0934153 -0.203029 -0.0860068 -0.00178834 -0.0176298 -0.181196 -0.0468181 -0.0530238 -0.00993354 -0.182833 -0.184352 -0.0394827 -0.00134117 -0.0006052 -0.00732687 -0.0758079 0.000450265 0.00568169 0.00990557
internal_weight=800000 233985 1578 566015 20139 545876 5092 4766 897 540784 19778 13720 6058 13501 501483 34851 4338 39301 33641 5660 1319 5700 32042 232407 466632 3869 11806 284865 30513 12411
internal_count=800000 233985 1578 566015 20139 545876 5092 4766 897 540784 19778 13720 6058 13501 501483 34851 4338 39301 33641 5660 1319 5700 32042 232407 466632 3869 11806 284865 30513 12411
cat_boundaries=0 1 2 3 4 5 6 7 8 9 10 11 12 13 14 15 16 17 18
cat_threshold=32 8 8 18 16 2 5 8 8 9 18 16 4 11 16 1 1 17
is_linear=0
shrinkage=0.05


Tree=193
num_leaves=31
num_cat=17
split_feature=1 0 0 2 0 1 0 2 0 0 1 2 1 0 2 0 2 0 0 2 0 1 0 0 0 2 0 0 1 0
split_gain=65538.1 7.60011e+06 153732 17750.6 15559.3 14317.9 1.60737e+06 276981 10825.2 9131.87 1.76056e+06 188371 51383.6 1.99065e+06 78417.7 16048.8 4708.52 6540.17 3576.85 3393.99 47978.2 19983.4 1753.5 1605.03 673.693 335.503 294.653 268.516 148.282 145.867
threshold=4.5000000000000009 0 1 1.5000000000000002 2 3.5000000000000004 3 1.5000000000000002 4 5 2.5000000000000004 1.5000000000000002 1.5000000000000002 6 1.5000000000000002 7 1.5000000000000002 8 9 1.5000000000000002 10 2.5000000000000004 11 12 13 1.5000000000000002 14 15 1.5000000000000002 16
decision_type=2 1 1 2 1 2 1 2 1 1 2 2 2 1 2 1 2 1 1 2 1 2 1 1 1 2 1 1 2 1
left_child=5 -2 -3 4 18 9 7 -7 23 10 25 -12 13 -11 27 -16 24 -18 -4 26 21 -21 -19 -5 -8 -1 -14 -15 -27 -22
right_child=1 2 3 8 -6 6 16 -9 -10 12 11 -13 19 14 15 -17 17 22 -20 20 29 -23 -24 -25 -26 28 -28 -29 -30 -31
leaf_value=-0.003265088530952873 4.1735782998391118 -1.1498070601183128 -0.069966242792064079 -0.031889545318742871 -0.49737689755368963 1.212612019424625 -0.01761898338591706 2.97829298620558 -0.45835470142571827 3.8774326290403098 -2.4009175330540824 -1.246621096824819 0.00042895252333235566 -0.034962669350791419 -0.24033476568248174 -0.69555718242258269 -0.32477305295656056 -0.059789988333515703 -0.14842236661491506 -0.24462770246350674 0.011838731672153721 -0.012791909096283414 -0.13269392823858378 -0.18008403987849267 -0.040185404517710119 -0.00058357392215513794 -0.0021475311954025507 -0.00075943149916051769 0.0032549946644326909 0.0035376248895835345
leaf_weight=110790 1068 361 10863 209 219 1636 3807 257 358 326 637 794 284865 691 355 542 268 4160 1695 2989 6817 1349 1051 5400 28235 86066 181767 3178 35551 23696
leaf_count=110790 1068 361 10863 209 219 1636 3807 257 358 326 637 794 284865 691 355 542 268 4160 1695 2989 6817 1349 1051 5400 28235 86066 181767 3178 35551 23696
internal_value=-2.09595e-06 0.0889765 -0.14147 -0.121447 -0.0882603 -0.00230384 0.0270606 1.44469 -0.192712 -0.00386699 -0.0120397 -1.76045 -9.41969e-05 0.157937 -0.104397 -0.52583 -0.0448346 -0.0876801 -0.0806654 -0.00169883 -0.0167502 -0.172136 -0.0747199 -0.174629 -0.0375223 -0.00127469 -0.000574701 -0.00696043 0.000538514 0.00539547
internal_weight=800000 20173 19105 18744 12777 779827 39414 1893 5967 740413 233838 1431 506575 5092 4766 897 37521 5479 12558 501483 34851 4338 5211 5609 32042 232407 466632 3869 121617 30513
internal_count=800000 20173 19105 18744 12777 779827 39414 1893 5967 740413 233838 1431 506575 5092 4766 897 37521 5479 12558 501483 34851 4338 5211 5609 32042 232407 466632 3869 121617 30513
cat_boundaries=0 1 2 3 4 5 6 7 8 9 10 11 12 13 14 15 16 17
cat_threshold=36 8 3 40 17 32 8 6 4 1 8 1 16 4 11 6 16
is_linear=0
shrinkage=0.05


Tree=194
num_leaves=31
num_cat=15
split_feature=1 0 2 0 0 2 1 0 0 0 1 2 1 2 0 0 2 0 0 2 0 1 0 2 2 1 0 0 1 0
split_gain=59202.4 316199 599793 436822 421122 48831.9 12913.8 690017 10330.2 8245.32 1.58891e+06 170004 46548.6 1.92386e+06 2.85357e+06 1.1016e+06 6864.29 65557.8 9128.61 3062.33 43300.7 18035.1 1281.87 705.715 302.908 280.385 280.106 135.853 133.675 131.74
threshold=4.5000000000000009 0 1.5000000000000002 1 2 1.5000000000000002 3.5000000000000004 3 4 5 2.5000000000000004 1.5000000000000002 1.5000000000000002 1.5000000000000002 6 7 1.5000000000000002 8 9 1.5000000000000002 10 2.5000000000000004 11 1.5000000000000002 1.5000000000000002 2.5000000000000004 12 13 1.5000000000000002 14
decision_type=2 1 2 1 1 2 2 1 1 1 2 2 2 2 1 1 2 1 1 2 1 2 1 2 2 2 1 1 2 1
left_child=6 5 4 -4 -3 -2 9 23 -6 10 24 -12 13 14 -11 -15 17 -9 -18 25 21 -21 -10 -8 -1 27 -16 -14 -26 -27
right_child=1 2 3 -5 8 -7 7 16 22 12 11 -13 19 15 26 -17 18 -19 -20 20 -22 -23 -24 -25 28 29 -28 -29 -30 -31
leaf_value=-0.0031019595702510738 0.12005289946521708 1.67727362882174 -2.6845570354645956 -0.14362432049166771 -0.14104412548702835 0.30371554967994518 0.62700757675190744 -0.3663608337648912 -0.30126957167858592 -5.7161294361640671 -2.2808722187623127 -1.1842932175028535 -0.0001156825361586525 -0.35131884667931534 -0.012884039649927471 3.2214072417387203 0.037446593260167797 -0.038176754161222237 -0.12612375040081289 -0.23239526065865981 0.0051274962837736769 -0.012150901211377336 -0.47359877340658268 0.7017586034397747 -0.00055322711141359948 -0.0015461214499656783 0.022026802875377515 -0.0023246333093924799 0.0030913826088131285 0.0017958999247146439
leaf_weight=110790 10872 315 404 300 1695 5425 3844 1599 943 222 637 794 112598 318 3177 683 4341 28235 1051 2989 30513 1349 219 344 86066 37807 692 182318 35551 133909
leaf_count=110790 10872 315 404 300 1695 5425 3844 1599 943 222 637 794 112598 318 3177 683 4341 28235 1051 2989 30513 1349 219 344 86066 37807 692 182318 35551 133909
internal_value=5.71345e-07 0.0845691 -0.32086 -1.64195 -0.0286666 0.18108 -0.00218709 0.0257005 -0.22185 -0.00367162 -0.0114374 -1.67243 -8.6638e-05 0.150326 -0.330418 2.11509 -0.0465054 -0.0559019 0.00539926 -0.00161392 -0.015911 -0.163528 -0.337512 0.631639 -0.00121071 -0.00054612 -0.00659928 -0.00148135 0.000512163 0.0010601
internal_weight=800000 20173 3876 704 3172 16297 779827 39414 2857 740413 233838 1431 506575 5092 4091 1001 35226 29834 5392 501483 34851 4338 1162 4188 232407 466632 3869 294916 121617 171716
internal_count=800000 20173 3876 704 3172 16297 779827 39414 2857 740413 233838 1431 506575 5092 4091 1001 35226 29834 5392 501483 34851 4338 1162 4188 232407 466632 3869 294916 121617 171716
cat_boundaries=0 1 2 3 4 5 6 7 8 9 10 11 12 13 14 15
cat_threshold=33 10 8 36 2 32 8 4 8 9 8 4 16 3 4
is_linear=0
shrinkage=0.05


Tree=195
num_leaves=31
num_cat=15
split_feature=0 1 2 1 0 1 0 2 1 0 0 2 2 0 0 0 2 2 0 1 0 0 0 2 0 1 0 1 0 1
split_gain=57024.9 6.61735e+06 840858 162409 151173 43808.9 1.9547e+06 101913 29746.4 27785.6 15203.8 20372.7 3191.65 59053.3 16782.3 4160.17 3176.8 2764.34 39080.4 16276.7 2182.42 1657.41 291.075 273.433 269.247 253.152 131.679 332.414 122.652 120.78
threshold=0 2.5000000000000004 1.5000000000000002 4.5000000000000009 1 1.5000000000000002 2 1.5000000000000002 3.5000000000000004 3 4 1.5000000000000002 1.5000000000000002 5 6 7 1.5000000000000002 1.5000000000000002 8 2.5000000000000004 9 10 11 1.5000000000000002 12 2.5000000000000004 13 2.5000000000000004 14 1.5000000000000002
decision_type=1 2 2 2 1 2 1 2 2 1 1 2 2 1 1 1 2 2 1 2 1 1 1 2 1 2 1 2 1 2
left_child=1 23 -3 5 -5 6 -2 24 17 -9 11 20 13 -10 -14 -16 -12 25 19 -19 -6 -13 -15 -1 -8 28 27 -20 -7 -25
right_child=3 2 -4 4 10 8 7 9 12 -11 16 21 14 22 15 -17 -18 18 26 -21 -22 -23 -24 29 -26 -27 -28 -29 -30 -31
leaf_value=-0.002947176087902216 3.828311678341457 4.5689180096281401 2.2394170145215937 -1.1484286814687066 -0.072464879517567082 -0.00010972448660928304 -0.034324802515680201 -0.22966981182359669 -0.34815590380140538 -0.81956247523211057 -0.32372845684189394 -0.18625562879382573 0.03557580914737931 -0.034310419386660726 -0.11987520891130253 -0.34294391536026553 -0.14122347005208333 -0.22077987459679838 0.0043493524029818171 -0.011547363062891102 -0.13403258527828452 -0.30547900459040767 -0.04469379332175806 -0.00052609346043298161 -7.9592796909614666e-05 0.0010075284131026629 0.003105152775811252 0.029316427736523654 -0.0022086103344009654 0.0029382593826028265
leaf_weight=110790 326 683 895 361 10863 112598 691 355 1599 542 1162 5400 4341 21691 1051 268 300 2989 4999 1349 1695 358 10351 86066 3178 171716 23696 1818 182318 35551
leaf_count=110790 326 683 895 361 10863 112598 691 355 1599 542 1162 5400 4341 21691 1051 268 300 2989 4999 1349 1695 358 10351 86066 3178 171716 23696 1818 182318 35551
internal_value=-2.8246e-06 0.020759 3.24769 -0.00858579 -0.148026 -0.00344157 0.142531 -0.117367 -0.00481604 -0.597802 -0.12912 -0.116583 -0.0467052 -0.0525497 -0.0119674 -0.167439 -0.284334 -0.00153321 -0.0151169 -0.155356 -0.0809393 -0.194522 -0.0376776 -0.0011503 -0.00628468 -0.000518693 0.00487011 0.0109916 -0.00140734 0.000486604
internal_weight=800000 233985 1578 566015 20139 545876 5092 4766 540784 897 19778 18316 39301 33641 5660 1319 1462 501483 34851 4338 12558 5758 32042 232407 3869 466632 30513 6817 294916 121617
internal_count=800000 233985 1578 566015 20139 545876 5092 4766 540784 897 19778 18316 39301 33641 5660 1319 1462 501483 34851 4338 12558 5758 32042 232407 3869 466632 30513 6817 294916 121617
cat_boundaries=0 1 2 3 4 5 6 7 8 9 10 11 12 13 14 15
cat_threshold=32 8 8 6 3 8 9 18 8 1 1 1 6 16 3
is_linear=0
shrinkage=0.05


Tree=196
num_leaves=31
num_cat=16
split_feature=1 0 2 0 0 2 1 0 2 0 0 0 1 2 1 0 2 0 0 2 0 2 0 1 0 0 2 0 1 0
split_gain=63221.4 273998 543303 400504 259378 46801 13545.4 58481 22704.4 86248.4 46280.4 8809.22 1.7453e+06 189655 37916.8 1.76959e+06 92167.2 25113.4 8436.64 6128.03 3030.92 2494.6 35268.5 14690.2 1269.84 279.495 246.765 241.158 132.904 118.807
threshold=4.5000000000000009 0 1.5000000000000002 1 2 1.5000000000000002 3.5000000000000004 3 1.5000000000000002 4 5 6 2.5000000000000004 1.5000000000000002 1.5000000000000002 7 1.5000000000000002 8 9 1.5000000000000002 10 1.5000000000000002 11 2.5000000000000004 12 13 1.5000000000000002 14 2.5000000000000004 15
decision_type=2 1 2 1 1 2 2 1 2 1 1 1 2 2 2 1 2 1 1 2 1 2 1 2 1 1 2 1 2 1
left_child=6 5 3 -3 -4 -2 11 19 10 -10 -9 12 26 -14 15 -13 25 -18 -5 -8 -11 27 23 -23 -20 -17 -1 -16 -29 -24
right_child=1 2 4 18 -6 -7 7 8 9 20 -12 14 13 -15 21 16 17 -19 24 -21 -22 22 29 -25 -26 -27 -28 28 -30 -31
leaf_value=-0.0027997504899794257 0.11747770607690762 1.6516433862539437 -0.016772192689381779 -0.12737089173884686 -2.1497963988426889 0.29728063075333699 0.080871244031656131 -0.33085437280336033 0.58498174579519968 -0.12019910345906798 -0.042461309998137374 3.6425923194204062 -2.3952714316698969 -1.2370488644847342 0.0024215584888670656 -0.012238337143035306 -0.21850185903784347 -0.77932748863662504 -0.27034748793899199 0.015131426783414018 -0.32641329833929489 -0.20973850430832855 0.010441029681212315 -0.010964692193459724 -0.43547178709871387 0.022630468392983463 0.00046228736765714 -0.0015251755087197524 0.00045680454184881598 0.0029499422774217927
leaf_weight=110790 10872 315 209 1695 495 5425 21728 1599 598 634 10351 326 637 794 61592 3177 355 542 943 4236 268 2989 6817 1349 219 692 121617 284710 120330 23696
leaf_count=110790 10872 315 209 1695 495 5425 21728 1599 598 634 10351 326 637 794 61592 3177 355 542 943 4236 268 2989 6817 1349 219 692 121617 284710 120330 23696
internal_value=-2.87402e-06 0.0873889 -0.290033 -0.0119002 -1.54733 0.177222 -0.00226357 0.0262977 -0.0583038 0.125012 -0.0813629 -0.00378396 -0.011811 -1.75262 -7.84232e-05 0.135674 -0.111612 -0.568497 -0.200395 0.0701189 -0.184376 -0.00145684 -0.0143608 -0.147585 -0.304918 -0.00597493 -0.00109275 -0.000493092 -0.000936342 0.00462642
internal_weight=800000 20173 3876 3172 704 16297 779827 39414 13450 1500 11950 740413 233838 1431 506575 5092 4766 897 2857 25964 902 501483 34851 4338 1162 3869 232407 466632 405040 30513
internal_count=800000 20173 3876 3172 704 16297 779827 39414 13450 1500 11950 740413 233838 1431 506575 5092 4766 897 2857 25964 902 501483 34851 4338 1162 3869 232407 466632 405040 30513
cat_boundaries=0 1 2 3 4 5 6 7 8 9 10 11 12 13 14 15 16
cat_threshold=33 8 16 33 24 8 32 8 6 2 2 8 4 16 1 16
is_linear=0
shrinkage=0.05


Tree=197
num_leaves=31
num_cat=16
split_feature=1 0 2 0 0 2 1 0 2 0 0 0 1 2 1 2 0 0 0 2 2 0 1 0 0 0 2 0 1 0
split_gain=57014.3 247481 491452 362560 234570 42237 12219.2 52785 20503.6 52872.5 41799.4 7955 1.57513e+06 171163 34356.9 1.78785e+06 2.93907e+06 2.73365e+06 7638.82 5530.53 2251.29 31830.4 13257.5 1854.9 1163.35 269.908 222.572 217.787 120 110.123
threshold=4.5000000000000009 0 1.5000000000000002 1 2 1.5000000000000002 3.5000000000000004 3 1.5000000000000002 4 5 6 2.5000000000000004 1.5000000000000002 1.5000000000000002 1.5000000000000002 7 8 9 1.5000000000000002 1.5000000000000002 10 2.5000000000000004 11 12 13 1.5000000000000002 14 2.5000000000000004 15
decision_type=2 1 2 1 1 2 2 1 2 1 1 1 2 2 2 2 1 1 1 2 2 1 2 1 1 1 2 1 2 1
left_child=6 5 3 -3 -4 -2 11 19 10 -10 -9 12 26 -14 15 16 -13 -17 -5 -8 27 22 -22 -11 -20 -18 -1 -16 -29 -23
right_child=1 2 4 18 -6 -7 7 8 9 23 -12 14 13 -15 20 17 25 -19 24 -21 21 29 -24 -25 -26 -27 -28 28 -30 -31
leaf_value=-0.0026595343247100395 0.11160818486638242 1.5716021705040566 -0.015973875838327625 -0.12103842408076759 -2.0444339374504468 0.2824192461462065 0.076825568251125242 -0.31441609700915979 0.38819191978916978 -0.13039329046387862 -0.040340186628914747 -5.8000864489325163 -2.2755073749476362 -1.1751979030349693 0.0023017597091665887 -0.41990111293896581 -0.033748985527245361 4.8012308957728935 -0.25697592207917641 0.014372850077207412 -0.19925145573263467 0.0080230350747180264 -0.010418639161394119 -0.31068130534329863 -0.41465072548545606 0.00053446831338229111 0.00043847466645898349 -0.0014488015388907341 0.00043450981346357994 0.0019060633944959608
leaf_weight=110790 10872 315 209 1695 495 5425 21728 1599 815 417 10351 222 637 794 61592 541 691 460 943 4236 2989 12411 1349 268 219 3178 121617 284710 120330 18102
leaf_count=110790 10872 315 209 1695 495 5425 21728 1599 815 417 10351 222 637 794 61592 541 691 460 943 4236 2989 12411 1349 268 219 3178 121617 284710 120330 18102
internal_value=-1.87904e-06 0.0829891 -0.275705 -0.0111768 -1.4715 0.168365 -0.00214873 0.0249784 -0.0553974 0.118807 -0.0773105 -0.00359278 -0.0112207 -1.66499 -7.14836e-05 0.129151 -0.334288 2.02319 -0.190521 0.0666108 -0.0013836 -0.0136421 -0.140206 -0.204385 -0.289977 -0.00565975 -0.00103837 -0.000468058 -0.000889282 0.00439592
internal_weight=800000 20173 3876 3172 704 16297 779827 39414 13450 1500 11950 740413 233838 1431 506575 5092 4091 1001 2857 25964 501483 34851 4338 685 1162 3869 232407 466632 405040 30513
internal_count=800000 20173 3876 3172 704 16297 779827 39414 13450 1500 11950 740413 233838 1431 506575 5092 4091 1001 2857 25964 501483 34851 4338 685 1162 3869 232407 466632 405040 30513
cat_boundaries=0 1 2 3 4 5 6 7 8 9 10 11 12 13 14 15 16
cat_threshold=33 8 16 33 10 8 32 8 16 2 8 16 4 6 1 17
is_linear=0
shrinkage=0.05


Tree=198
num_leaves=31
num_cat=17
split_feature=0 1 2 1 0 1 0 2 0 1 2 0 0 2 0 0 0 2 0 1 0 0 0 0 0 2 1 0 1 0
split_gain=57620.9 6.58331e+06 837027 165117 167870 32638.5 1.72317e+06 111188 43239.4 30358.5 13947 15511.8 4075.49 2580.64 41087.4 15755.7 2172.44 2031.67 28727.5 11965.1 1065.77 653.216 278.925 250.184 208.681 200.819 109.018 100.384 299.902 100.322
threshold=0 2.5000000000000004 1.5000000000000002 4.5000000000000009 1 1.5000000000000002 2 1.5000000000000002 3 3.5000000000000004 1.5000000000000002 4 5 1.5000000000000002 6 7 8 1.5000000000000002 9 2.5000000000000004 10 11 12 13 14 1.5000000000000002 1.5000000000000002 15 2.5000000000000004 16
decision_type=1 2 2 2 1 2 1 2 1 2 2 1 1 2 1 1 1 2 1 2 1 1 1 1 1 2 2 1 2 1
left_child=1 25 -3 5 -5 6 -2 22 -9 17 11 21 23 14 -11 -15 -17 24 19 -19 -13 -6 -8 -12 29 -1 -27 28 -20 -7
right_child=3 2 -4 4 10 9 7 8 -10 13 12 20 -14 15 -16 16 -18 18 27 -21 -22 -23 -24 -25 -26 26 -28 -29 -30 -31
leaf_value=-0.0025267150326964763 3.5831892007873174 4.5577020628385974 2.2335136703405967 -1.2033871663548554 -0.080290915307548713 0.0021860395854589425 -0.011654385392255159 -0.34395200281727073 -1.0845119986490639 -0.29879198732251633 -0.015208340997565285 -0.24426153729369735 -0.20566704161837632 0.030369127635105377 -0.039793255659996252 -0.13088075114689721 -0.29570679424477997 -0.18929012913734231 0.0032106445703203139 -0.0098980810573314898 -0.39482390141383011 -0.11502103296542797 0.023175614579790338 -0.086608496437902041 -0.0017685633108559307 -0.00054611774451937686 0.0027452322404691969 0.0026354148115255278 0.026925351569885993 -9.3146936669964741e-05
leaf_weight=110790 326 683 895 361 10863 61592 3177 578 319 1599 209 943 5491 4341 32042 1051 268 2989 4999 1349 219 1695 692 358 181767 86066 35551 23696 1818 223273
leaf_count=110790 326 683 895 361 10863 61592 3177 578 319 1599 209 943 5491 4341 32042 1051 268 2989 4999 1349 219 1695 692 358 181767 86066 35551 23696 1818 223273
internal_value=-3.97133e-06 0.0208661 3.23948 -0.00863167 -0.14923 -0.00344473 0.122551 -0.121424 -0.623242 -0.00463111 -0.129315 -0.10148 -0.192568 -0.0469491 -0.0522044 -0.0157129 -0.166344 -0.00131467 -0.0129599 -0.133197 -0.275764 -0.0850664 -0.005395 -0.0610096 -0.000444928 -0.000986808 0.000416007 0.00417637 0.00952106 0.000399706
internal_weight=800000 233985 1578 566015 20139 545876 5092 4766 897 540784 19778 13720 6058 39301 33641 5660 1319 501483 34851 4338 1162 12558 3869 567 466632 232407 121617 30513 6817 284865
internal_count=800000 233985 1578 566015 20139 545876 5092 4766 897 540784 19778 13720 6058 39301 33641 5660 1319 501483 34851 4338 1162 12558 3869 567 466632 232407 121617 30513 6817 284865
cat_boundaries=0 1 2 3 4 5 6 7 8 9 10 11 12 13 14 15 16 17
cat_threshold=32 8 8 18 3 18 8 9 18 8 4 1 16 16 11 16 1
is_linear=0
shrinkage=0.05


Tree=199
num_leaves=31
num_cat=15
split_feature=1 0 2 0 2 0 1 0 2 0 1 2 1 2 0 0 2 0 0 2 0 1 0 0 0 0 2 1 0 1
split_gain=61170.5 3.74308e+06 3.84449e+06 151049 13845.1 14564.5 12883.2 1.54835e+06 197955 8530.8 1.73075e+06 190731 28020.6 1.64388e+06 2.833e+06 1.0727e+06 4463.3 4398.98 2472.36 1833.22 25927 10798.6 1211.21 976.258 270.448 188.142 181.578 98.2857 93.0316 152.198
threshold=4.5000000000000009 0 1.5000000000000002 1 1.5000000000000002 2 3.5000000000000004 3 1.5000000000000002 4 2.5000000000000004 1.5000000000000002 1.5000000000000002 1.5000000000000002 5 6 1.5000000000000002 7 8 1.5000000000000002 9 2.5000000000000004 10 11 12 13 1.5000000000000002 1.5000000000000002 14 2.5000000000000004
decision_type=2 1 2 1 2 1 2 1 2 1 2 2 2 2 1 1 2 1 1 2 1 2 1 1 1 1 2 2 1 2
left_child=6 2 -2 -3 5 -5 9 8 -8 10 26 -12 13 14 -11 -15 -9 -18 -6 25 21 -21 -19 -7 -16 -14 -1 -28 29 -22
right_child=1 3 -4 4 18 23 7 16 -10 12 11 -13 19 15 24 -17 17 22 -20 20 28 -23 -24 -25 -26 -27 27 -29 -30 -31
leaf_value=-0.0024001193294048268 1.0782330580160653 -1.1448413432447737 6.6221486546040822 -0.076277302963297544 -0.014483538065871146 -0.23217560927239944 1.2218276635941783 -0.037816506437829404 2.7145197471292106 -5.6940192206152558 -2.3896183141172402 -1.2281134617418727 0.00037955835919047516 -0.49273483927656969 -0.033227180856440788 3.0250611100189957 -0.28145166232431534 -0.063436124955864551 -0.19540361490407396 -0.17982562075653538 0.0014097421089917519 -0.009401778071522272 -0.12439902864684482 -0.37594335630991577 0.0010875148186869127 -0.0016792449351403765 -0.00051546075305136923 0.0026096866984618326 0.0016806955314356534 0.012505886358866443
leaf_weight=110790 1704 361 383 10863 209 943 1636 32042 257 222 637 794 284865 318 691 683 268 4160 5491 2989 5813 1349 1051 219 3178 181767 86066 35551 18102 6598
leaf_count=110790 1704 361 383 10863 209 943 1636 32042 257 222 637 794 284865 318 691 683 268 4160 5491 2989 5813 1349 1051 219 3178 181767 86066 35551 18102 6598
internal_value=-3.66151e-06 0.085959 2.08564 -0.145863 -0.124883 -0.0945295 -0.00222739 0.0256271 1.417 -0.00371015 -0.0116093 -1.74515 -6.36441e-05 0.116636 -0.327753 1.93282 -0.0449355 -0.0866508 -0.189138 -0.0012486 -0.0123105 -0.126537 -0.0759464 -0.262248 -0.00511092 -0.000422434 -0.000935841 0.00039808 0.00396912 0.00730285
internal_weight=800000 20173 2087 18086 17725 12025 779827 39414 1893 740413 233838 1431 506575 5092 4091 1001 37521 5479 5700 501483 34851 4338 5211 1162 3869 466632 232407 121617 30513 12411
internal_count=800000 20173 2087 18086 17725 12025 779827 39414 1893 740413 233838 1431 506575 5092 4091 1001 37521 5479 5700 501483 34851 4338 5211 1162 3869 466632 232407 121617 30513 12411
cat_boundaries=0 1 2 3 4 5 6 7 8 9 10 11 12 13 14 15
cat_threshold=34 8 1 40 32 8 4 4 16 8 1 4 6 11 17
is_linear=0
shrinkage=0.05


end of trees

feature_importances:
PROP_TYPE=3410
FLOOR_AREA_BAND=1731
MAIN_HEAT_FUEL=859

parameters:
[boosting: gbdt]
[objective: regression]
[metric: l2]
[tree_learner: serial]
[device_type: cpu]
[data_sample_strategy: bagging]
[data: ]
[valid: ]
[num_iterations: 200]
[learning_rate: 0.05]
[num_leaves: 31]
[num_threads: 2]
[seed: 7]
[deterministic: 0]
[force_col_wise: 0]
[force_row_wise: 0]
[histogram_pool_size: -1]
[max_depth: -1]
[min_data_in_leaf: 200]
[min_sum_hessian_in_leaf: 0.001]
[bagging_fraction: 1]
[pos_bagging_fraction: 1]
[neg_bagging_fraction: 1]
[bagging_freq: 0]
[bagging_seed: 17422]
[bagging_by_query: 0]
[feature_fraction: 1]
[feature_fraction_bynode: 1]
[feature_fraction_seed: 7040]
[extra_trees: 0]
[extra_seed: 6516]
[early_stopping_round: 0]
[early_stopping_min_delta: 0]
[first_metric_only: 0]
[max_delta_step: 0]
[lambda_l1: 0]
[lambda_l2: 0]
[linear_lambda: 0]
[min_gain_to_split: 0]
[drop_rate: 0.1]
[max_drop: 50]
[skip_drop: 0.5]
[xgboost_dart_mode: 0]
[uniform_drop: 0]
[drop_seed: 15215]
[top_rate: 0.2]
[other_rate: 0.1]
[min_data_per_group: 100]
[max_cat_threshold: 32]
[cat_l2: 10]
[cat_smooth: 10]
[max_cat_to_onehot: 4]
[top_k: 20]
[monotone_constraints: ]
[monotone_constraints_method: basic]
[monotone_penalty: 0]
[feature_contri: ]
[forcedsplits_filename: ]
[refit_decay_rate: 0.9]
[cegb_tradeoff: 1]
[cegb_penalty_split: 0]
[cegb_penalty_feature_lazy: ]
[cegb_penalty_feature_coupled: ]
[path_smooth: 0]
[interaction_constraints: ]
[verbosity: -1]
[saved_feature_importance_type: 0]
[use_quantized_grad: 0]
[num_grad_quant_bins: 4]
[quant_train_renew_leaf: 0]
[stochastic_rounding: 1]
[linear_tree: 0]
[max_bin: 255]
[max_bin_by_feature: ]
[min_data_in_bin: 3]
[bin_construct_sample_cnt: 200000]
[data_random_seed: 61]
[is_enable_sparse: 1]
[enable_bundle: 1]
[use_missing: 1]
[zero_as_missing: 0]
[feature_pre_filter: 1]
[pre_partition: 0]
[two_round: 0]
[header: 0]
[label_column: ]
[weight_column: ]
[group_column: ]
[ignore_column: ]
[categorical_feature: 0]
[forcedbins_filename: ]
[precise_float_parser: 0]
[parser_config_file: ]
[objective_seed: 15521]
[num_class: 1]
[is_unbalance: 0]
[scale_pos_weight: 1]
[sigmoid: 1]
[boost_from_average: 1]
[reg_sqrt: 0]
[alpha: 0.9]
[fair_c: 1]
[poisson_max_delta_step: 0.7]
[tweedie_variance_power: 1.5]
[lambdarank_truncation_level: 30]
[lambdarank_norm: 1]
[label_gain: ]
[lambdarank_position_bias_regularization: 0]
[eval_at: ]
[multi_error_top_k: 1]
[auc_mu_weights: ]
[num_machines: 1]
[local_listen_port: 12400]
[time_out: 120]
[machine_list_filename: ]
[machines: ]
[gpu_platform_id: -1]
[gpu_device_id: -1]
[gpu_device_id_list: ]
[gpu_use_dp: 0]
[num_gpu: 1]

end of parameters

pandas_categorical:[["Detached", "Semi detached", "Mid terrace", "End terrace", "Bungalow", "Flat"]]
