tree
version=v4
num_class=1
num_tree_per_iteration=1
label_index=0
max_feature_idx=0
objective=regression
feature_names=IMD_BAND_ENG
feature_infos=[1:5]
tree_sizes=622 633 631 633 632 632 629 631 630 632 634 632 634 633 632 633 631 631 632 632 632 631 631 632 632 633 633 633 633 633 633 633 633 633 634 634 635 631 634 631 636 638 638 638 638 637 638 638 639 636 639 638 639 639 637 638 638 635 635 636 637 634 636 634 636 635 635 635 635 632 635 633 636 636 634 637 636 635 636 637 633 627 628 629 628 631 631 630 632 631 632 631 630 632 630 634 632 631 631 632 632 635 635 633 631 632 632 633 631 633 631 629 632 631 633 632 633 632 630 632 634 631 633 633 631 634 636 637 635 635 639 638 635 637 640 639 639 638 640 640 638 641 640 639 641 639 638 640 641 641 643 642 639 643 640 642 642 640 641 640 642 639 642 641 642 643 642 642 642 644 642 643 644 642 645 645 647 644 646 646 646 648 647 646 648 649 647 646 647 647 649 652 648 651 651 650 650 651 652 648

Tree=0
num_leaves=5
num_cat=0
split_feature=0 0 0 0
split_gain=3.75035e+10 3.75731e+09 3.33517e+09 3.15876e+08
threshold=2.5000000000000004 4.5000000000000009 1.5000000000000002 3.5000000000000004
decision_type=2 2 2 2
left_child=2 3 -1 -2
right_child=1 -3 -4 -5
leaf_value=3341.5394160573687 3363.8927770037308 3375.1985843234243 3351.4919195728162 3367.0336528321541
leaf_weight=167719 161200 143077 168994 159010
leaf_count=167719 161200 143077 168994 159010
internal_value=3359.23 3368.46 3346.53 3365.45
internal_weight=800000 463287 336713 320210
internal_count=800000 463287 336713 320210
is_linear=0
shrinkage=1


Tree=1
num_leaves=5
num_cat=0
split_feature=0 0 0 0
split_gain=3.38469e+10 3.39097e+09 3.00999e+09 2.85078e+08
threshold=2.5000000000000004 4.5000000000000009 1.5000000000000002 3.5000000000000004
decision_type=2 2 2 2
left_child=2 3 -1 -2
right_child=1 -3 -4 -5
leaf_value=-16.809021814998502 4.4266696338132947 15.167187257568481 -7.3541449732600839 7.4105016471325902
leaf_weight=167719 161200 143077 168994 159010
leaf_count=167719 161200 143077 168994 159010
internal_value=-5.28356e-08 8.76778 -12.0637 5.90838
internal_weight=800000 463287 336713 320210
internal_count=800000 463287 336713 320210
is_linear=0
shrinkage=0.05


Tree=2
num_leaves=5
num_cat=0
split_feature=0 0 0 0
split_gain=3.05469e+10 3.06035e+09 2.71652e+09 2.57282e+08
threshold=2.5000000000000004 4.5000000000000009 1.5000000000000002 3.5000000000000004
decision_type=2 2 2 2
left_child=2 3 -1 -2
right_child=1 -3 -4 -5
leaf_value=-15.968571779070746 4.2053379151614072 14.40882850064698 -6.9864367539029661 7.0399761017606926
leaf_weight=167719 161200 143077 168994 159010
leaf_count=167719 161200 143077 168994 159010
internal_value=3.05311e-07 8.32939 -11.4605 5.61296
internal_weight=800000 463287 336713 320210
internal_count=800000 463287 336713 320210
is_linear=0
shrinkage=0.05


Tree=3
num_leaves=5
num_cat=0
split_feature=0 0 0 0
split_gain=2.75686e+10 2.76197e+09 2.45166e+09 2.32198e+08
threshold=2.5000000000000004 4.5000000000000009 1.5000000000000002 3.5000000000000004
decision_type=2 2 2 2
left_child=2 3 -1 -2
right_child=1 -3 -4 -5
leaf_value=-15.170141961398157 3.9950683998540968 13.688385289837342 -6.6371164296324245 6.6879786221035378
leaf_weight=167719 161200 143077 168994 159010
leaf_count=167719 161200 143077 168994 159010
internal_value=-3.55827e-07 7.91292 -10.8875 5.33231
internal_weight=800000 463287 336713 320210
internal_count=800000 463287 336713 320210
is_linear=0
shrinkage=0.05


Tree=4
num_leaves=5
num_cat=0
split_feature=0 0 0 0
split_gain=2.48806e+10 2.49268e+09 2.21262e+09 2.09558e+08
threshold=2.5000000000000004 4.5000000000000009 1.5000000000000002 3.5000000000000004
decision_type=2 2 2 2
left_child=2 3 -1 -2
right_child=1 -3 -4 -5
leaf_value=-14.411637273754597 3.7953164508378237 13.003967650920814 -6.3052601023617729 6.3535798912649302
leaf_weight=167719 161200 143077 168994 159010
leaf_count=167719 161200 143077 168994 159010
internal_value=-1.09599e-07 7.51728 -10.3431 5.0657
internal_weight=800000 463287 336713 320210
internal_count=800000 463287 336713 320210
is_linear=0
shrinkage=0.05


Tree=5
num_leaves=5
num_cat=0
split_feature=0 0 0 0
split_gain=2.24548e+10 2.24964e+09 1.99689e+09 1.89127e+08
threshold=2.5000000000000004 4.5000000000000009 1.5000000000000002 3.5000000000000004
decision_type=2 2 2 2
left_child=2 3 -1 -2
right_child=1 -3 -4 -5
leaf_value=-13.691053087207443 3.6055503839914027 12.353768652878875 -5.9899973882788515 6.0359016162519543
leaf_weight=167719 161200 143077 168994 159010
leaf_count=167719 161200 143077 168994 159010
internal_value=3.05099e-07 7.14141 -9.82594 4.81242
internal_weight=800000 463287 336713 320210
internal_count=800000 463287 336713 320210
is_linear=0
shrinkage=0.05


Tree=6
num_leaves=5
num_cat=0
split_feature=0 0 0 0
split_gain=2.02654e+10 2.0303e+09 1.80219e+09 1.70687e+08
threshold=2.5000000000000004 4.5000000000000009 1.5000000000000002 3.5000000000000004
decision_type=2 2 2 2
left_child=2 3 -1 -2
right_child=1 -3 -4 -5
leaf_value=-13.006501895762909 3.4252722049493061 11.73608015701069 -5.6904970606599354 5.73410529300146
leaf_weight=167719 161200 143077 168994 159010
leaf_count=167719 161200 143077 168994 159010
internal_value=-3.11278e-07 6.78434 -9.33465 4.57179
internal_weight=800000 463287 336713 320210
internal_count=800000 463287 336713 320210
is_linear=0
shrinkage=0.05


Tree=7
num_leaves=5
num_cat=0
split_feature=0 0 0 0
split_gain=1.82895e+10 1.83235e+09 1.62648e+09 1.54045e+08
threshold=2.5000000000000004 4.5000000000000009 1.5000000000000002 3.5000000000000004
decision_type=2 2 2 2
left_child=2 3 -1 -2
right_child=1 -3 -4 -5
leaf_value=-12.356176293419468 3.2540103407145731 11.149276295216294 -5.4059717924827355 5.4474003684468997
leaf_weight=167719 161200 143077 168994 159010
leaf_count=167719 161200 143077 168994 159010
internal_value=3.43932e-07 6.44512 -8.86792 4.3432
internal_weight=800000 463287 336713 320210
internal_count=800000 463287 336713 320210
is_linear=0
shrinkage=0.05


Tree=8
num_leaves=5
num_cat=0
split_feature=0 0 0 0
split_gain=1.65063e+10 1.65369e+09 1.4679e+09 1.39025e+08
threshold=2.5000000000000004 4.5000000000000009 1.5000000000000002 3.5000000000000004
decision_type=2 2 2 2
left_child=2 3 -1 -2
right_child=1 -3 -4 -5
leaf_value=-11.738367004059732 3.091308534931013 10.591813062341252 -5.1356726751264929 5.1750298688219942
leaf_weight=167719 161200 143077 168994 159010
leaf_count=167719 161200 143077 168994 159010
internal_value=2.86473e-07 6.12287 -8.42452 4.12604
internal_weight=800000 463287 336713 320210
internal_count=800000 463287 336713 320210
is_linear=0
shrinkage=0.05


Tree=9
num_leaves=5
num_cat=0
split_feature=0 0 0 0
split_gain=1.48969e+10 1.49246e+09 1.32478e+09 1.2547e+08
threshold=2.5000000000000004 4.5000000000000009 1.5000000000000002 3.5000000000000004
decision_type=2 2 2 2
left_child=2 3 -1 -2
right_child=1 -3 -4 -5
leaf_value=-11.151449179894286 2.9367425065206239 10.062222616404748 -4.8788895922617721 4.9162784977911649
leaf_weight=167719 161200 143077 168994 159010
leaf_count=167719 161200 143077 168994 159010
internal_value=-1.43564e-08 5.81672 -8.00329 3.91974
internal_weight=800000 463287 336713 320210
internal_count=800000 463287 336713 320210
is_linear=0
shrinkage=0.05


Tree=10
num_leaves=5
num_cat=0
split_feature=0 0 0 0
split_gain=1.34445e+10 1.34694e+09 1.19561e+09 1.13237e+08
threshold=2.5000000000000004 4.5000000000000009 1.5000000000000002 3.5000000000000004
decision_type=2 2 2 2
left_child=2 3 -1 -2
right_child=1 -3 -4 -5
leaf_value=-10.593876194731733 2.7899052446723429 9.5591098391508247 -4.6349444879919606 4.6704649242695968
leaf_weight=167719 161200 143077 168994 159010
leaf_count=167719 161200 143077 168994 159010
internal_value=-2.35031e-08 5.52589 -7.60313 3.72375
internal_weight=800000 463287 336713 320210
internal_count=800000 463287 336713 320210
is_linear=0
shrinkage=0.05


Tree=11
num_leaves=5
num_cat=0
split_feature=0 0 0 0
split_gain=1.21337e+10 1.21562e+09 1.07904e+09 1.02196e+08
threshold=2.5000000000000004 4.5000000000000009 1.5000000000000002 3.5000000000000004
decision_type=2 2 2 2
left_child=2 3 -1 -2
right_child=1 -3 -4 -5
leaf_value=-10.064181618935166 2.6504105376113514 9.081155331115033 -4.4031973124394082 4.4369408216794914
leaf_weight=167719 161200 143077 168994 159010
leaf_count=167719 161200 143077 168994 159010
internal_value=2.45579e-07 5.24959 -7.22297 3.53757
internal_weight=800000 463287 336713 320210
internal_count=800000 463287 336713 320210
is_linear=0
shrinkage=0.05


Tree=12
num_leaves=5
num_cat=0
split_feature=0 0 0 0
split_gain=1.09506e+10 1.09709e+09 9.73834e+08 9.22321e+07
threshold=2.5000000000000004 4.5000000000000009 1.5000000000000002 3.5000000000000004
decision_type=2 2 2 2
left_child=2 3 -1 -2
right_child=1 -3 -4 -5
leaf_value=-9.5609740893908697 2.5178909224090593 8.6270964392664098 -4.1830384413377777 4.2150941107622613
leaf_weight=167719 161200 143077 168994 159010
leaf_count=167719 161200 143077 168994 159010
internal_value=-2.53961e-07 4.98711 -6.86182 3.36069
internal_weight=800000 463287 336713 320210
internal_count=800000 463287 336713 320210
is_linear=0
shrinkage=0.05


Tree=13
num_leaves=5
num_cat=0
split_feature=0 0 0 0
split_gain=9.88294e+09 9.90127e+08 8.78886e+08 8.32395e+07
threshold=2.5000000000000004 4.5000000000000009 1.5000000000000002 3.5000000000000004
decision_type=2 2 2 2
left_child=2 3 -1 -2
right_child=1 -3 -4 -5
leaf_value=-9.0829262140218443 2.3919961503214635 8.1957428160202799 -3.9738851295654123 4.0043395673520203
leaf_weight=167719 161200 143077 168994 159010
leaf_count=167719 161200 143077 168994 159010
internal_value=7.95611e-08 4.73776 -6.51873 3.19265
internal_weight=800000 463287 336713 320210
internal_count=800000 463287 336713 320210
is_linear=0
shrinkage=0.05


Tree=14
num_leaves=5
num_cat=0
split_feature=0 0 0 0
split_gain=8.91935e+09 8.93589e+08 7.93194e+08 7.51239e+07
threshold=2.5000000000000004 4.5000000000000009 1.5000000000000002 3.5000000000000004
decision_type=2 2 2 2
left_child=2 3 -1 -2
right_child=1 -3 -4 -5
leaf_value=-8.6287794183229529 2.2723957922298914 7.7859544097193698 -3.7751914503786077 3.8041238626861915
leaf_weight=167719 161200 143077 168994 159010
leaf_count=167719 161200 143077 168994 159010
internal_value=-2.8793e-08 4.50087 -6.1928 3.03302
internal_weight=800000 463287 336713 320210
internal_count=800000 463287 336713 320210
is_linear=0
shrinkage=0.05


Tree=15
num_leaves=5
num_cat=0
split_feature=0 0 0 0
split_gain=8.04972e+09 8.06465e+08 7.15857e+08 6.77992e+07
threshold=2.5000000000000004 4.5000000000000009 1.5000000000000002 3.5000000000000004
decision_type=2 2 2 2
left_child=2 3 -1 -2
right_child=1 -3 -4 -5
leaf_value=-8.1973393846510163 2.1587761814470032 7.3966577960202802 -3.5864328637950353 3.6139169498455836
leaf_weight=167719 161200 143077 168994 159010
leaf_count=167719 161200 143077 168994 159010
internal_value=7.81087e-08 4.27583 -5.88316 2.88137
internal_weight=800000 463287 336713 320210
internal_count=800000 463287 336713 320210
is_linear=0
shrinkage=0.05


Tree=16
num_leaves=5
num_cat=0
split_feature=0 0 0 0
split_gain=7.26487e+09 7.27834e+08 6.46061e+08 6.11886e+07
threshold=2.5000000000000004 4.5000000000000009 1.5000000000000002 3.5000000000000004
decision_type=2 2 2 2
left_child=2 3 -1 -2
right_child=1 -3 -4 -5
leaf_value=-7.7874720176970307 2.0508371943773764 7.0268234427618115 -3.4071111759380508 3.4332193130388569
leaf_weight=167719 161200 143077 168994 159010
leaf_count=167719 161200 143077 168994 159010
internal_value=-4.86228e-07 4.06203 -5.589 2.7373
internal_weight=800000 463287 336713 320210
internal_count=800000 463287 336713 320210
is_linear=0
shrinkage=0.05


Tree=17
num_leaves=5
num_cat=0
split_feature=0 0 0 0
split_gain=6.55654e+09 6.5687e+08 5.83071e+08 5.52228e+07
threshold=2.5000000000000004 4.5000000000000009 1.5000000000000002 3.5000000000000004
decision_type=2 2 2 2
left_child=2 3 -1 -2
right_child=1 -3 -4 -5
leaf_value=-7.3980993748339507 1.9482971421876556 6.6754818805720788 -3.2367545337159629 3.2615604376788414
leaf_weight=167719 161200 143077 168994 159010
leaf_count=167719 161200 143077 168994 159010
internal_value=2.7603e-07 3.85893 -5.30955 2.60044
internal_weight=800000 463287 336713 320210
internal_count=800000 463287 336713 320210
is_linear=0
shrinkage=0.05


Tree=18
num_leaves=5
num_cat=0
split_feature=0 0 0 0
split_gain=5.91728e+09 5.92825e+08 5.26221e+08 4.98384e+07
threshold=2.5000000000000004 4.5000000000000009 1.5000000000000002 3.5000000000000004
decision_type=2 2 2 2
left_child=2 3 -1 -2
right_child=1 -3 -4 -5
leaf_value=-7.0281943354781964 1.8508820655005742 6.341708447490161 -3.0749171065656653 3.0984806748880742
leaf_weight=167719 161200 143077 168994 159010
leaf_count=167719 161200 143077 168994 159010
internal_value=-5.8306e-08 3.66599 -5.04407 2.47042
internal_weight=800000 463287 336713 320210
internal_count=800000 463287 336713 320210
is_linear=0
shrinkage=0.05


Tree=19
num_leaves=5
num_cat=0
split_feature=0 0 0 0
split_gain=5.34035e+09 5.35026e+08 4.74914e+08 4.49793e+07
threshold=2.5000000000000004 4.5000000000000009 1.5000000000000002 3.5000000000000004
decision_type=2 2 2 2
left_child=2 3 -1 -2
right_child=1 -3 -4 -5
leaf_value=-6.676783089946543 1.7583365438759477 6.0246250244677917 -2.9211728869843729 2.9435573753393882
leaf_weight=167719 161200 143077 168994 159010
leaf_count=167719 161200 143077 168994 159010
internal_value=1.37282e-07 3.48269 -4.79187 2.34689
internal_weight=800000 463287 336713 320210
internal_count=800000 463287 336713 320210
is_linear=0
shrinkage=0.05


Tree=20
num_leaves=5
num_cat=0
split_feature=0 0 0 0
split_gain=4.81966e+09 4.8286e+08 4.2861e+08 4.05938e+07
threshold=2.5000000000000004 4.5000000000000009 1.5000000000000002 3.5000000000000004
decision_type=2 2 2 2
left_child=2 3 -1 -2
right_child=1 -3 -4 -5
leaf_value=-6.3429450022761973 1.6704196272286826 5.7233925716155634 -2.7751129509605654 2.7963780061647316
leaf_weight=167719 161200 143077 168994 159010
leaf_count=167719 161200 143077 168994 159010
internal_value=-3.51541e-07 3.30855 -4.55227 2.22955
internal_weight=800000 463287 336713 320210
internal_count=800000 463287 336713 320210
is_linear=0
shrinkage=0.05


Tree=21
num_leaves=5
num_cat=0
split_feature=0 0 0 0
split_gain=4.34975e+09 4.35781e+08 3.8682e+08 3.6636e+07
threshold=2.5000000000000004 4.5000000000000009 1.5000000000000002 3.5000000000000004
decision_type=2 2 2 2
left_child=2 3 -1 -2
right_child=1 -3 -4 -5
leaf_value=-6.0257981538893413 1.5868986193045198 5.4372234168554217 -2.6363585243352414 2.6565612972032335
leaf_weight=167719 161200 143077 168994 159010
leaf_count=167719 161200 143077 168994 159010
internal_value=-1.6115e-07 3.14313 -4.32466 2.11807
internal_weight=800000 463287 336713 320210
internal_count=800000 463287 336713 320210
is_linear=0
shrinkage=0.05


Tree=22
num_leaves=5
num_cat=0
split_feature=0 0 0 0
split_gain=3.92564e+09 3.93293e+08 3.49106e+08 3.3064e+07
threshold=2.5000000000000004 4.5000000000000009 1.5000000000000002 3.5000000000000004
decision_type=2 2 2 2
left_child=2 3 -1 -2
right_child=1 -3 -4 -5
leaf_value=-5.7245082127113927 1.5075529500290419 5.1653615634968633 -2.5045380282994865 2.5237331063776947
leaf_weight=167719 161200 143077 168994 159010
leaf_count=167719 161200 143077 168994 159010
internal_value=1.0091e-07 2.98597 -4.10843 2.01217
internal_weight=800000 463287 336713 320210
internal_count=800000 463287 336713 320210
is_linear=0
shrinkage=0.05


Tree=23
num_leaves=5
num_cat=0
split_feature=0 0 0 0
split_gain=3.5429e+09 3.54947e+08 3.15068e+08 2.98402e+07
threshold=2.5000000000000004 4.5000000000000009 1.5000000000000002 3.5000000000000004
decision_type=2 2 2 2
left_child=2 3 -1 -2
right_child=1 -3 -4 -5
leaf_value=-5.4382823604310602 1.4321767741083804 4.9070956444784786 -2.3793122591209896 2.3975466188212837
leaf_weight=167719 161200 143077 168994 159010
leaf_count=167719 161200 143077 168994 159010
internal_value=6.65304e-07 2.83667 -3.90301 1.91156
internal_weight=800000 463287 336713 320210
internal_count=800000 463287 336713 320210
is_linear=0
shrinkage=0.05


Tree=24
num_leaves=5
num_cat=0
split_feature=0 0 0 0
split_gain=3.19746e+09 3.20339e+08 2.84349e+08 2.69308e+07
threshold=2.5000000000000004 4.5000000000000009 1.5000000000000002 3.5000000000000004
decision_type=2 2 2 2
left_child=2 3 -1 -2
right_child=1 -3 -4 -5
leaf_value=-5.1663675397875286 1.360566802741872 4.6617384924574301 -2.260346268722119 2.2776674105390708
leaf_weight=167719 161200 143077 168994 159010
leaf_count=167719 161200 143077 168994 159010
internal_value=-1.66131e-07 2.69484 -3.70785 1.81598
internal_weight=800000 463287 336713 320210
internal_count=800000 463287 336713 320210
is_linear=0
shrinkage=0.05


Tree=25
num_leaves=5
num_cat=0
split_feature=0 0 0 0
split_gain=2.88571e+09 2.89107e+08 2.56625e+08 2.43051e+07
threshold=2.5000000000000004 4.5000000000000009 1.5000000000000002 3.5000000000000004
decision_type=2 2 2 2
left_child=2 3 -1 -2
right_child=1 -3 -4 -5
leaf_value=-4.9080513384617142 1.2925385700200982 4.4286529768807794 -2.1473289857651721 2.1637849932770692
leaf_weight=167719 161200 143077 168994 159010
leaf_count=167719 161200 143077 168994 159010
internal_value=-1.57268e-07 2.5601 -3.52246 1.72518
internal_weight=800000 463287 336713 320210
internal_count=800000 463287 336713 320210
is_linear=0
shrinkage=0.05


Tree=26
num_leaves=5
num_cat=0
split_feature=0 0 0 0
split_gain=2.60435e+09 2.60918e+08 2.31604e+08 2.19353e+07
threshold=2.5000000000000004 4.5000000000000009 1.5000000000000002 3.5000000000000004
decision_type=2 2 2 2
left_child=2 3 -1 -2
right_child=1 -3 -4 -5
leaf_value=-4.6626473575739658 1.2279120294178094 4.2072193839946497 -2.0399622767595478 2.0555961946766077
leaf_weight=167719 161200 143077 168994 159010
leaf_count=167719 161200 143077 168994 159010
internal_value=2.00872e-07 2.43209 -3.34634 1.63892
internal_weight=800000 463287 336713 320210
internal_count=800000 463287 336713 320210
is_linear=0
shrinkage=0.05


Tree=27
num_leaves=5
num_cat=0
split_feature=0 0 0 0
split_gain=2.35043e+09 2.35479e+08 2.09022e+08 1.97966e+07
threshold=2.5000000000000004 4.5000000000000009 1.5000000000000002 3.5000000000000004
decision_type=2 2 2 2
left_child=2 3 -1 -2
right_child=1 -3 -4 -5
leaf_value=-4.4295138997220036 1.1665165053768727 3.9968584225610808 -1.9379638524812071 1.9528169387496874
leaf_weight=167719 161200 143077 168994 159010
leaf_count=167719 161200 143077 168994 159010
internal_value=6.11986e-07 2.31049 -3.17902 1.55698
internal_weight=800000 463287 336713 320210
internal_count=800000 463287 336713 320210
is_linear=0
shrinkage=0.05


Tree=28
num_leaves=5
num_cat=0
split_feature=0 0 0 0
split_gain=2.12126e+09 2.12519e+08 1.88643e+08 1.78665e+07
threshold=2.5000000000000004 4.5000000000000009 1.5000000000000002 3.5000000000000004
decision_type=2 2 2 2
left_child=2 3 -1 -2
right_child=1 -3 -4 -5
leaf_value=-4.2080396748033202 1.1081903244839708 3.7970150161499525 -1.8410675548040745 1.8551763651216715
leaf_weight=167719 161200 143077 168994 159010
leaf_count=167719 161200 143077 168994 159010
internal_value=-2.3123e-07 2.19496 -3.02007 1.47913
internal_weight=800000 463287 336713 320210
internal_count=800000 463287 336713 320210
is_linear=0
shrinkage=0.05


Tree=29
num_leaves=5
num_cat=0
split_feature=0 0 0 0
split_gain=1.91444e+09 1.91799e+08 1.7025e+08 1.61245e+07
threshold=2.5000000000000004 4.5000000000000009 1.5000000000000002 3.5000000000000004
decision_type=2 2 2 2
left_child=2 3 -1 -2
right_child=1 -3 -4 -5
leaf_value=-3.9976384611988767 1.0527800009037662 3.6071656147826148 -1.7490137456895298 1.7624161785919332
leaf_weight=167719 161200 143077 168994 159010
leaf_count=167719 161200 143077 168994 159010
internal_value=-4.83304e-07 2.08521 -2.86907 1.40517
internal_weight=800000 463287 336713 320210
internal_count=800000 463287 336713 320210
is_linear=0
shrinkage=0.05


Tree=30
num_leaves=5
num_cat=0
split_feature=0 0 0 0
split_gain=1.72778e+09 1.73099e+08 1.53651e+08 1.45523e+07
threshold=2.5000000000000004 4.5000000000000009 1.5000000000000002 3.5000000000000004
decision_type=2 2 2 2
left_child=2 3 -1 -2
right_child=1 -3 -4 -5
leaf_value=-3.7977550465685681 1.0001424101174026 3.4268073079757282 -1.6615628315775837 1.6742948962496436
leaf_weight=167719 161200 143077 168994 159010
leaf_count=167719 161200 143077 168994 159010
internal_value=8.66897e-08 1.98095 -2.72561 1.33491
internal_weight=800000 463287 336713 320210
internal_count=800000 463287 336713 320210
is_linear=0
shrinkage=0.05


Tree=31
num_leaves=5
num_cat=0
split_feature=0 0 0 0
split_gain=1.55932e+09 1.56221e+08 1.3867e+08 1.31335e+07
threshold=2.5000000000000004 4.5000000000000009 1.5000000000000002 3.5000000000000004
decision_type=2 2 2 2
left_child=2 3 -1 -2
right_child=1 -3 -4 -5
leaf_value=-3.6078683726723697 0.95013419704579238 3.2554651864913389 -1.5784847234397765 1.5905799139704273
leaf_weight=167719 161200 143077 168994 159010
leaf_count=167719 161200 143077 168994 159010
internal_value=-7.32222e-07 1.8819 -2.58933 1.26817
internal_weight=800000 463287 336713 320210
internal_count=800000 463287 336713 320210
is_linear=0
shrinkage=0.05


Tree=32
num_leaves=5
num_cat=0
split_feature=0 0 0 0
split_gain=1.40729e+09 1.4099e+08 1.2515e+08 1.18529e+07
threshold=2.5000000000000004 4.5000000000000009 1.5000000000000002 3.5000000000000004
decision_type=2 2 2 2
left_child=2 3 -1 -2
right_child=1 -3 -4 -5
leaf_value=-3.4274745492616363 0.90262846150173448 3.0926925173000885 -1.4995602205961962 1.5110513300437178
leaf_weight=167719 161200 143077 168994 159010
leaf_count=167719 161200 143077 168994 159010
internal_value=-1.70706e-07 1.78781 -2.45987 1.20476
internal_weight=800000 463287 336713 320210
internal_count=800000 463287 336713 320210
is_linear=0
shrinkage=0.05


Tree=33
num_leaves=5
num_cat=0
split_feature=0 0 0 0
split_gain=1.27008e+09 1.27243e+08 1.12947e+08 1.06973e+07
threshold=2.5000000000000004 4.5000000000000009 1.5000000000000002 3.5000000000000004
decision_type=2 2 2 2
left_child=2 3 -1 -2
right_child=1 -3 -4 -5
leaf_value=-3.2561002098353109 0.85749781256928925 2.9380574461970155 -1.4245813254673951 1.435499656205657
leaf_weight=167719 161200 143077 168994 159010
leaf_count=167719 161200 143077 168994 159010
internal_value=4.06674e-07 1.69842 -2.33687 1.14452
internal_weight=800000 463287 336713 320210
internal_count=800000 463287 336713 320210
is_linear=0
shrinkage=0.05


Tree=34
num_leaves=5
num_cat=0
split_feature=0 0 0 0
split_gain=1.14624e+09 1.14837e+08 1.01935e+08 9.65436e+06
threshold=2.5000000000000004 4.5000000000000009 1.5000000000000002 3.5000000000000004
decision_type=2 2 2 2
left_child=2 3 -1 -2
right_child=1 -3 -4 -5
leaf_value=-3.0932951143492318 0.81462050019067811 2.7911550510772591 -1.3533527454153336 1.3637242300904298
leaf_weight=167719 161200 143077 168994 159010
leaf_count=167719 161200 143077 168994 159010
internal_value=-1.89302e-07 1.6135 -2.22003 1.08729
internal_weight=800000 463287 336713 320210
internal_count=800000 463287 336713 320210
is_linear=0
shrinkage=0.05


Tree=35
num_leaves=5
num_cat=0
split_feature=0 0 0 0
split_gain=1.03449e+09 1.03641e+08 9.19965e+07 8.71295e+06
threshold=2.5000000000000004 4.5000000000000009 1.5000000000000002 3.5000000000000004
decision_type=2 2 2 2
left_child=2 3 -1 -2
right_child=1 -3 -4 -5
leaf_value=-2.9386309978391467 0.77389256978567422 2.6515990188122345 -1.2856847116503813 1.2955377705026279
leaf_weight=167719 161200 143077 168994 159010
leaf_count=167719 161200 143077 168994 159010
internal_value=6.51831e-07 1.53282 -2.10903 1.03293
internal_weight=800000 463287 336713 320210
internal_count=800000 463287 336713 320210
is_linear=0
shrinkage=0.05


Tree=36
num_leaves=5
num_cat=0
split_feature=0 0 0 0
split_gain=9.33624e+08 9.35355e+07 8.30267e+07 7.86352e+06
threshold=2.5000000000000004 4.5000000000000009 1.5000000000000002 3.5000000000000004
decision_type=2 2 2 2
left_child=2 3 -1 -2
right_child=1 -3 -4 -5
leaf_value=-2.7916994821207988 0.73519656683020207 2.5190180692685598 -1.2214012897879305 1.2307623040017135
leaf_weight=167719 161200 143077 168994 159010
leaf_count=167719 161200 143077 168994 159010
internal_value=2.67276e-07 1.45618 -2.00358 0.981285
internal_weight=800000 463287 336713 320210
internal_count=800000 463287 336713 320210
is_linear=0
shrinkage=0.05


Tree=37
num_leaves=5
num_cat=0
split_feature=0 0 0 0
split_gain=8.42596e+08 8.44158e+07 7.49318e+07 7.0968e+06
threshold=2.5000000000000004 4.5000000000000009 1.5000000000000002 3.5000000000000004
decision_type=2 2 2 2
left_child=2 3 -1 -2
right_child=1 -3 -4 -5
leaf_value=-2.6521154733539714 0.69843680070351732 2.3930669675978851 -1.160330610174706 1.1692234063848717
leaf_weight=167719 161200 143077 168994 159010
leaf_count=167719 161200 143077 168994 159010
internal_value=3.04294e-09 1.38337 -1.9034 0.93222
internal_weight=800000 463287 336713 320210
internal_count=800000 463287 336713 320210
is_linear=0
shrinkage=0.05


Tree=38
num_leaves=5
num_cat=0
split_feature=0 0 0 0
split_gain=7.60442e+08 7.61852e+07 6.76257e+07 6.40481e+06
threshold=2.5000000000000004 4.5000000000000009 1.5000000000000002 3.5000000000000004
decision_type=2 2 2 2
left_child=2 3 -1 -2
right_child=1 -3 -4 -5
leaf_value=-2.5195077475468635 0.6635161239207531 2.2734131854848427 -1.1023148742807247 1.1107614209207977
leaf_weight=167719 161200 143077 168994 159010
leaf_count=167719 161200 143077 168994 159010
internal_value=2.39102e-07 1.31421 -1.80823 0.885609
internal_weight=800000 463287 336713 320210
internal_count=800000 463287 336713 320210
is_linear=0
shrinkage=0.05


Tree=39
num_leaves=5
num_cat=0
split_feature=0 0 0 0
split_gain=6.863e+08 6.87573e+07 6.10323e+07 5.78043e+06
threshold=2.5000000000000004 4.5000000000000009 1.5000000000000002 3.5000000000000004
decision_type=2 2 2 2
left_child=2 3 -1 -2
right_child=1 -3 -4 -5
leaf_value=-2.393533532443874 0.63033880211993432 2.1597436308335043 -1.0471991972188135 1.0552253047183402
leaf_weight=167719 161200 143077 168994 159010
leaf_count=167719 161200 143077 168994 159010
internal_value=2.48014e-07 1.2485 -1.71782 0.841329
internal_weight=800000 463287 336713 320210
internal_count=800000 463287 336713 320210
is_linear=0
shrinkage=0.05


Tree=40
num_leaves=5
num_cat=0
split_feature=0 0 0 0
split_gain=6.19385e+08 6.20532e+07 5.50816e+07 5.21683e+06
threshold=2.5000000000000004 4.5000000000000009 1.5000000000000002 3.5000000000000004
decision_type=2 2 2 2
left_child=2 3 -1 -2
right_child=1 -3 -4 -5
leaf_value=-2.2738564579367395 0.59882241939610947 2.0517543797843683 -0.99483882469252105 1.0024639874846295
leaf_weight=167719 161200 143077 168994 159010
leaf_count=167719 161200 143077 168994 159010
internal_value=1.38055e-07 1.18607 -1.63193 0.799263
internal_weight=800000 463287 336713 320210
internal_count=800000 463287 336713 320210
is_linear=0
shrinkage=0.05


Tree=41
num_leaves=5
num_cat=0
split_feature=0 0 0 0
split_gain=5.58995e+08 5.60032e+07 4.97113e+07 4.70814e+06
threshold=2.5000000000000004 4.5000000000000009 1.5000000000000002 3.5000000000000004
decision_type=2 2 2 2
left_child=2 3 -1 -2
right_child=1 -3 -4 -5
leaf_value=-2.1601641925054396 0.56888034182565084 1.9491666521285831 -0.94509633136266524 0.95233810973672728
leaf_weight=167719 161200 143077 168994 159010
leaf_count=167719 161200 143077 168994 159010
internal_value=-5.95759e-07 1.12677 -1.55033 0.759298
internal_weight=800000 463287 336713 320210
internal_count=800000 463287 336713 320210
is_linear=0
shrinkage=0.05


Tree=42
num_leaves=5
num_cat=0
split_feature=0 0 0 0
split_gain=5.04493e+08 5.05429e+07 4.48643e+07 4.24911e+06
threshold=2.5000000000000004 4.5000000000000009 1.5000000000000002 3.5000000000000004
decision_type=2 2 2 2
left_child=2 3 -1 -2
right_child=1 -3 -4 -5
leaf_value=-2.0521562515054179 0.54043691278273065 1.8517097828920237 -0.89784266268040125 0.90472229834547824
leaf_weight=167719 161200 143077 168994 159010
leaf_count=167719 161200 143077 168994 159010
internal_value=-2.67095e-07 1.07043 -1.47281 0.721334
internal_weight=800000 463287 336713 320210
internal_count=800000 463287 336713 320210
is_linear=0
shrinkage=0.05


Tree=43
num_leaves=5
num_cat=0
split_feature=0 0 0 0
split_gain=4.55305e+08 4.56149e+07 4.04901e+07 3.83484e+06
threshold=2.5000000000000004 4.5000000000000009 1.5000000000000002 3.5000000000000004
decision_type=2 2 2 2
left_child=2 3 -1 -2
right_child=1 -3 -4 -5
leaf_value=-1.9495485251051314 0.51341474887573391 1.7591237709147098 -0.85294978540660427 0.85948645201882268
leaf_weight=167719 161200 143077 168994 159010
leaf_count=167719 161200 143077 168994 159010
internal_value=-2.18865e-07 1.01691 -1.39917 0.685267
internal_weight=800000 463287 336713 320210
internal_count=800000 463287 336713 320210
is_linear=0
shrinkage=0.05


Tree=44
num_leaves=5
num_cat=0
split_feature=0 0 0 0
split_gain=4.10913e+08 4.11674e+07 3.65423e+07 3.46097e+06
threshold=2.5000000000000004 4.5000000000000009 1.5000000000000002 3.5000000000000004
decision_type=2 2 2 2
left_child=2 3 -1 -2
right_child=1 -3 -4 -5
leaf_value=-1.8520711382934021 0.48774396254111169 1.671167210513377 -0.81030293862430325 0.81651369853189459
leaf_weight=167719 161200 143077 168994 159010
leaf_count=167719 161200 143077 168994 159010
internal_value=-1.16387e-07 0.966062 -1.32921 0.651005
internal_weight=800000 463287 336713 320210
internal_count=800000 463287 336713 320210
is_linear=0
shrinkage=0.05


Tree=45
num_leaves=5
num_cat=0
split_feature=0 0 0 0
split_gain=3.70849e+08 3.71537e+07 3.29795e+07 3.12348e+06
threshold=2.5000000000000004 4.5000000000000009 1.5000000000000002 3.5000000000000004
decision_type=2 2 2 2
left_child=2 3 -1 -2
right_child=1 -3 -4 -5
leaf_value=-1.7594676221137531 0.46335735742270806 1.5876103177271217 -0.7697869737572911 0.77568642694609669
leaf_weight=167719 161200 143077 168994 159010
leaf_count=167719 161200 143077 168994 159010
internal_value=1.20298e-07 0.917759 -1.26275 0.618454
internal_weight=800000 463287 336713 320210
internal_count=800000 463287 336713 320210
is_linear=0
shrinkage=0.05


Tree=46
num_leaves=5
num_cat=0
split_feature=0 0 0 0
split_gain=3.34691e+08 3.35313e+07 2.97639e+07 2.81895e+06
threshold=2.5000000000000004 4.5000000000000009 1.5000000000000002 3.5000000000000004
decision_type=2 2 2 2
left_child=2 3 -1 -2
right_child=1 -3 -4 -5
leaf_value=-1.6714934821823098 0.44018930925033228 1.5082300740723671 -0.73129837729303715 0.73690224924576186
leaf_weight=167719 161200 143077 168994 159010
leaf_count=167719 161200 143077 168994 159010
internal_value=1.55377e-07 0.871871 -1.19962 0.587531
internal_weight=800000 463287 336713 320210
internal_count=800000 463287 336713 320210
is_linear=0
shrinkage=0.05


Tree=47
num_leaves=5
num_cat=0
split_feature=0 0 0 0
split_gain=3.02059e+08 3.02618e+07 2.68619e+07 2.54412e+06
threshold=2.5000000000000004 4.5000000000000009 1.5000000000000002 3.5000000000000004
decision_type=2 2 2 2
left_child=2 3 -1 -2
right_child=1 -3 -4 -5
leaf_value=-1.5879181977834969 0.41818056405685083 1.4328178049239484 -0.69473366165084383 0.70005875614478708
leaf_weight=167719 161200 143077 168994 159010
leaf_count=167719 161200 143077 168994 159010
internal_value=5.62731e-07 0.828278 -1.13963 0.558156
internal_weight=800000 463287 336713 320210
internal_count=800000 463287 336713 320210
is_linear=0
shrinkage=0.05


Tree=48
num_leaves=5
num_cat=0
split_feature=0 0 0 0
split_gain=2.72608e+08 2.73112e+07 2.42429e+07 2.29603e+06
threshold=2.5000000000000004 4.5000000000000009 1.5000000000000002 3.5000000000000004
decision_type=2 2 2 2
left_child=2 3 -1 -2
right_child=1 -3 -4 -5
leaf_value=-1.5085233868377799 0.39727202755286739 1.3611752999242397 -0.65999659460584148 0.66505434829767729
leaf_weight=167719 161200 143077 168994 159010
leaf_count=167719 161200 143077 168994 159010
internal_value=-9.65928e-08 0.786863 -1.08265 0.530247
internal_weight=800000 463287 336713 320210
internal_count=800000 463287 336713 320210
is_linear=0
shrinkage=0.05


Tree=49
num_leaves=5
num_cat=0
split_feature=0 0 0 0
split_gain=2.46029e+08 2.46485e+07 2.18792e+07 2.07216e+06
threshold=2.5000000000000004 4.5000000000000009 1.5000000000000002 3.5000000000000004
decision_type=2 2 2 2
left_child=2 3 -1 -2
right_child=1 -3 -4 -5
leaf_value=-1.4330968096517265 0.3774083440132236 1.2931184517975398 -0.62699669817714998 0.63180108159362547
leaf_weight=167719 161200 143077 168994 159010
leaf_count=167719 161200 143077 168994 159010
internal_value=2.24922e-07 0.74752 -1.02852 0.503735
internal_weight=800000 463287 336713 320210
internal_count=800000 463287 336713 320210
is_linear=0
shrinkage=0.05


Tree=50
num_leaves=5
num_cat=0
split_feature=0 0 0 0
split_gain=2.22041e+08 2.22452e+07 1.9746e+07 1.87015e+06
threshold=2.5000000000000004 4.5000000000000009 1.5000000000000002 3.5000000000000004
decision_type=2 2 2 2
left_child=2 3 -1 -2
right_child=1 -3 -4 -5
leaf_value=-1.3614424065592459 0.35853652428279148 1.2284604618705437 -0.59564800319560796 0.60021129042343124
leaf_weight=167719 161200 143077 168994 159010
leaf_count=167719 161200 143077 168994 159010
internal_value=-7.18913e-07 0.710143 -0.977095 0.478547
internal_weight=800000 463287 336713 320210
internal_count=800000 463287 336713 320210
is_linear=0
shrinkage=0.05


Tree=51
num_leaves=5
num_cat=0
split_feature=0 0 0 0
split_gain=2.00392e+08 2.00763e+07 1.78207e+07 1.68781e+06
threshold=2.5000000000000004 4.5000000000000009 1.5000000000000002 3.5000000000000004
decision_type=2 2 2 2
left_child=2 3 -1 -2
right_child=1 -3 -4 -5
leaf_value=-1.2933693423610728 0.34060948624622733 1.1670376220596264 -0.56586513166020058 0.57020052212543082
leaf_weight=167719 161200 143077 168994 159010
leaf_count=167719 161200 143077 168994 159010
internal_value=-4.35917e-07 0.674636 -0.92824 0.45462
internal_weight=800000 463287 336713 320210
internal_count=800000 463287 336713 320210
is_linear=0
shrinkage=0.05


Tree=52
num_leaves=5
num_cat=0
split_feature=0 0 0 0
split_gain=1.80854e+08 1.81189e+07 1.60833e+07 1.52324e+06
threshold=2.5000000000000004 4.5000000000000009 1.5000000000000002 3.5000000000000004
decision_type=2 2 2 2
left_child=2 3 -1 -2
right_child=1 -3 -4 -5
leaf_value=-1.2287020209837516 0.32357989926018726 1.1086870093779464 -0.53756986401093132 0.54169025442748842
leaf_weight=167719 161200 143077 168994 159010
leaf_count=167719 161200 143077 168994 159010
internal_value=1.28127e-07 0.640905 -0.881827 0.431889
internal_weight=800000 463287 336713 320210
internal_count=800000 463287 336713 320210
is_linear=0
shrinkage=0.05


Tree=53
num_leaves=5
num_cat=0
split_feature=0 0 0 0
split_gain=1.6322e+08 1.63523e+07 1.45152e+07 1.37473e+06
threshold=2.5000000000000004 4.5000000000000009 1.5000000000000002 3.5000000000000004
decision_type=2 2 2 2
left_child=2 3 -1 -2
right_child=1 -3 -4 -5
leaf_value=-1.1672673529969742 0.30740037255488323 1.0532521937585788 -0.51069291012314533 0.51460569367049802
leaf_weight=167719 161200 143077 168994 159010
leaf_count=167719 161200 143077 168994 159010
internal_value=-4.94122e-07 0.608859 -0.837737 0.410294
internal_weight=800000 463287 336713 320210
internal_count=800000 463287 336713 320210
is_linear=0
shrinkage=0.05


Tree=54
num_leaves=5
num_cat=0
split_feature=0 0 0 0
split_gain=1.47307e+08 1.47579e+07 1.30999e+07 1.24069e+06
threshold=2.5000000000000004 4.5000000000000009 1.5000000000000002 3.5000000000000004
decision_type=2 2 2 2
left_child=2 3 -1 -2
right_child=1 -3 -4 -5
leaf_value=-1.1089033422948356 0.29203174892075306 1.0005897397128551 -0.48515911939978013 0.48887705024132438
leaf_weight=167719 161200 143077 168994 159010
leaf_count=167719 161200 143077 168994 159010
internal_value=1.1998e-07 0.578417 -0.79585 0.389781
internal_weight=800000 463287 336713 320210
internal_count=800000 463287 336713 320210
is_linear=0
shrinkage=0.05


Tree=55
num_leaves=5
num_cat=0
split_feature=0 0 0 0
split_gain=1.32944e+08 1.33191e+07 1.18227e+07 1.11972e+06
threshold=2.5000000000000004 4.5000000000000009 1.5000000000000002 3.5000000000000004
decision_type=2 2 2 2
left_child=2 3 -1 -2
right_child=1 -3 -4 -5
leaf_value=-1.0534580189334823 0.27742859770819805 0.95056115600523661 -0.4608995882828848 0.46443109841326047
leaf_weight=167719 161200 143077 168994 159010
leaf_count=167719 161200 143077 168994 159010
internal_value=-9.1341e-08 0.549495 -0.756057 0.37029
internal_weight=800000 463287 336713 320210
internal_count=800000 463287 336713 320210
is_linear=0
shrinkage=0.05


Tree=56
num_leaves=5
num_cat=0
split_feature=0 0 0 0
split_gain=1.19982e+08 1.20205e+07 1.067e+07 1.01058e+06
threshold=2.5000000000000004 4.5000000000000009 1.5000000000000002 3.5000000000000004
decision_type=2 2 2 2
left_child=2 3 -1 -2
right_child=1 -3 -4 -5
leaf_value=-1.0007847150852958 0.26355661790719992 0.90303275592389931 -0.43785361194460481 0.44121152240670292
leaf_weight=167719 161200 143077 168994 159010
leaf_count=167719 161200 143077 168994 159010
internal_value=4.29597e-07 0.522021 -0.718253 0.351777
internal_weight=800000 463287 336713 320210
internal_count=800000 463287 336713 320210
is_linear=0
shrinkage=0.05


Tree=57
num_leaves=5
num_cat=0
split_feature=0 0 0 0
split_gain=1.08284e+08 1.08484e+07 9.62962e+06 912045
threshold=2.5000000000000004 4.5000000000000009 1.5000000000000002 3.5000000000000004
decision_type=2 2 2 2
left_child=2 3 -1 -2
right_child=1 -3 -4 -5
leaf_value=-0.9507459401662155 0.2503784747632502 0.85787882599741005 -0.41596283107875714 0.41915065770658733
leaf_weight=167719 161200 143077 168994 159010
leaf_count=167719 161200 143077 168994 159010
internal_value=-6.20016e-07 0.495919 -0.682342 0.334187
internal_weight=800000 463287 336713 320210
internal_count=800000 463287 336713 320210
is_linear=0
shrinkage=0.05


Tree=58
num_leaves=5
num_cat=0
split_feature=0 0 0 0
split_gain=9.77261e+07 9.79069e+06 8.69076e+06 823111
threshold=2.5000000000000004 4.5000000000000009 1.5000000000000002 3.5000000000000004
decision_type=2 2 2 2
left_child=2 3 -1 -2
right_child=1 -3 -4 -5
leaf_value=-0.9032079771285908 0.23786136586021256 0.81498661877242018 -0.39516310889403461 0.39819403939393777
leaf_weight=167719 161200 143077 168994 159010
leaf_count=167719 161200 143077 168994 159010
internal_value=7.42118e-07 0.471125 -0.648224 0.317479
internal_weight=800000 463287 336713 320210
internal_count=800000 463287 336713 320210
is_linear=0
shrinkage=0.05


Tree=59
num_leaves=5
num_cat=0
split_feature=0 0 0 0
split_gain=8.81977e+07 8.8361e+06 7.84339e+06 742841
threshold=2.5000000000000004 4.5000000000000009 1.5000000000000002 3.5000000000000004
decision_type=2 2 2 2
left_child=2 3 -1 -2
right_child=1 -3 -4 -5
leaf_value=-0.85804788238540142 0.22596814082692337 0.77423631214879396 -0.37540586762681272 0.37828242636905451
leaf_weight=167719 161200 143077 168994 159010
leaf_count=167719 161200 143077 168994 159010
internal_value=-1.37785e-07 0.447567 -0.615813 0.301604
internal_weight=800000 463287 336713 320210
internal_count=800000 463287 336713 320210
is_linear=0
shrinkage=0.05


Tree=60
num_leaves=5
num_cat=0
split_feature=0 0 0 0
split_gain=7.95984e+07 7.97464e+06 7.07868e+06 670427
threshold=2.5000000000000004 4.5000000000000009 1.5000000000000002 3.5000000000000004
decision_type=2 2 2 2
left_child=2 3 -1 -2
right_child=1 -3 -4 -5
leaf_value=-0.81514577501630547 0.21466847351585369 0.73552562587885773 -0.35663532869846049 0.35936843074332936
leaf_weight=167719 161200 143077 168994 159010
leaf_count=167719 161200 143077 168994 159010
internal_value=-1.66126e-07 0.425189 -0.585022 0.286524
internal_weight=800000 463287 336713 320210
internal_count=800000 463287 336713 320210
is_linear=0
shrinkage=0.05


Tree=61
num_leaves=5
num_cat=0
split_feature=0 0 0 0
split_gain=7.18374e+07 7.19705e+06 6.38848e+06 605046
threshold=2.5000000000000004 4.5000000000000009 1.5000000000000002 3.5000000000000004
decision_type=2 2 2 2
left_child=2 3 -1 -2
right_child=1 -3 -4 -5
leaf_value=-0.77438704620288634 0.20393647216626493 0.69874803944524944 -0.33880285377303349 0.34139983607421065
leaf_weight=167719 161200 143077 168994 159010
leaf_count=167719 161200 143077 168994 159010
internal_value=3.12518e-07 0.40393 -0.55577 0.272198
internal_weight=800000 463287 336713 320210
internal_count=800000 463287 336713 320210
is_linear=0
shrinkage=0.05


Tree=62
num_leaves=5
num_cat=0
split_feature=0 0 0 0
split_gain=6.48333e+07 6.4954e+06 5.76564e+06 546074
threshold=2.5000000000000004 4.5000000000000009 1.5000000000000002 3.5000000000000004
decision_type=2 2 2 2
left_child=2 3 -1 -2
right_child=1 -3 -4 -5
leaf_value=-0.73566875618738403 0.19373767847103754 0.66381179378688193 -0.32186276917683482 0.32433021452357791
leaf_weight=167719 161200 143077 168994 159010
leaf_count=167719 161200 143077 168994 159010
internal_value=-5.46659e-08 0.383733 -0.527982 0.258587
internal_weight=800000 463287 336713 320210
internal_count=800000 463287 336713 320210
is_linear=0
shrinkage=0.05


Tree=63
num_leaves=5
num_cat=0
split_feature=0 0 0 0
split_gain=5.85123e+07 5.86205e+06 5.20349e+06 492828
threshold=2.5000000000000004 4.5000000000000009 1.5000000000000002 3.5000000000000004
decision_type=2 2 2 2
left_child=2 3 -1 -2
right_child=1 -3 -4 -5
leaf_value=-0.69888592591416865 0.18405277211021254 0.63062134120469282 -0.3057699984899872 0.30811527345039719
leaf_weight=167719 161200 143077 168994 159010
leaf_count=167719 161200 143077 168994 159010
internal_value=4.77997e-07 0.364548 -0.501584 0.24566
internal_weight=800000 463287 336713 320210
internal_count=800000 463287 336713 320210
is_linear=0
shrinkage=0.05


Tree=64
num_leaves=5
num_cat=0
split_feature=0 0 0 0
split_gain=5.28072e+07 5.29053e+06 4.6961e+06 444760
threshold=2.5000000000000004 4.5000000000000009 1.5000000000000002 3.5000000000000004
decision_type=2 2 2 2
left_child=2 3 -1 -2
right_child=1 -3 -4 -5
leaf_value=-0.66394051341539573 0.17484948666101652 0.59908953291374833 -0.29048246827022789 0.29270648698343149
leaf_weight=167719 161200 143077 168994 159010
leaf_count=167719 161200 143077 168994 159010
internal_value=-3.80458e-07 0.346319 -0.476504 0.233375
internal_weight=800000 463287 336713 320210
internal_count=800000 463287 336713 320210
is_linear=0
shrinkage=0.05


Tree=65
num_leaves=5
num_cat=0
split_feature=0 0 0 0
split_gain=4.76587e+07 4.77469e+06 4.23823e+06 401411
threshold=2.5000000000000004 4.5000000000000009 1.5000000000000002 3.5000000000000004
decision_type=2 2 2 2
left_child=2 3 -1 -2
right_child=1 -3 -4 -5
leaf_value=-0.63074410319600538 0.16610757021750175 0.56913618583292336 -0.27595878556921483 0.27807384754770109
leaf_weight=167719 161200 143077 168994 159010
leaf_count=167719 161200 143077 168994 159010
internal_value=2.64532e-07 0.329004 -0.45268 0.221708
internal_weight=800000 463287 336713 320210
internal_count=800000 463287 336713 320210
is_linear=0
shrinkage=0.05


Tree=66
num_leaves=5
num_cat=0
split_feature=0 0 0 0
split_gain=4.30119e+07 4.30918e+06 3.825e+06 362286
threshold=2.5000000000000004 4.5000000000000009 1.5000000000000002 3.5000000000000004
decision_type=2 2 2 2
left_child=2 3 -1 -2
right_child=1 -3 -4 -5
leaf_value=-0.59920691676730031 0.15780022919325912 0.54067936965552155 -0.26216117422054513 0.26417000286984421
leaf_weight=167719 161200 143077 168994 159010
leaf_count=167719 161200 143077 168994 159010
internal_value=-2.48844e-07 0.312553 -0.430046 0.210621
internal_weight=800000 463287 336713 320210
internal_count=800000 463287 336713 320210
is_linear=0
shrinkage=0.05


Tree=67
num_leaves=5
num_cat=0
split_feature=0 0 0 0
split_gain=3.88181e+07 3.88897e+06 3.45209e+06 326953
threshold=2.5000000000000004 4.5000000000000009 1.5000000000000002 3.5000000000000004
decision_type=2 2 2 2
left_child=2 3 -1 -2
right_child=1 -3 -4 -5
leaf_value=-0.56924630448162017 0.14991169707532556 0.51364345101484932 -0.24905149559001949 0.25096148338777285
leaf_weight=167719 161200 143077 168994 159010
leaf_count=167719 161200 143077 168994 159010
internal_value=1.0712e-07 0.296925 -0.408543 0.200091
internal_weight=800000 463287 336713 320210
internal_count=800000 463287 336713 320210
is_linear=0
shrinkage=0.05


Tree=68
num_leaves=5
num_cat=0
split_feature=0 0 0 0
split_gain=3.50335e+07 3.50986e+06 3.1155e+06 295077
threshold=2.5000000000000004 4.5000000000000009 1.5000000000000002 3.5000000000000004
decision_type=2 2 2 2
left_child=2 3 -1 -2
right_child=1 -3 -4 -5
leaf_value=-0.54078430022789881 0.14241545278203696 0.48796350260138888 -0.23659995830822159 0.23841298678469924
leaf_weight=167719 161200 143077 168994 159010
leaf_count=167719 161200 143077 168994 159010
internal_value=-1.65683e-09 0.28208 -0.388116 0.190086
internal_weight=800000 463287 336713 320210
internal_count=800000 463287 336713 320210
is_linear=0
shrinkage=0.05


Tree=69
num_leaves=5
num_cat=0
split_feature=0 0 0 0
split_gain=3.16178e+07 3.16764e+06 2.81173e+06 266290
threshold=2.5000000000000004 4.5000000000000009 1.5000000000000002 3.5000000000000004
decision_type=2 2 2 2
left_child=2 3 -1 -2
right_child=1 -3 -4 -5
leaf_value=-0.51374499268455298 0.13529666567440365 0.4635655489141664 -0.224770152961728 0.22649156123465333
leaf_weight=167719 161200 143077 168994 159010
leaf_count=167719 161200 143077 168994 159010
internal_value=2.62554e-07 0.267976 -0.36871 0.180582
internal_weight=800000 463287 336713 320210
internal_count=800000 463287 336713 320210
is_linear=0
shrinkage=0.05


Tree=70
num_leaves=5
num_cat=0
split_feature=0 0 0 0
split_gain=2.8535e+07 2.85878e+06 2.53758e+06 240326
threshold=2.5000000000000004 4.5000000000000009 1.5000000000000002 3.5000000000000004
decision_type=2 2 2 2
left_child=2 3 -1 -2
right_child=1 -3 -4 -5
leaf_value=-0.48805775053992884 0.1285317036129405 0.44038644604669691 -0.21353192360049553 0.21516667606260675
leaf_weight=167719 161200 143077 168994 159010
leaf_count=167719 161200 143077 168994 159010
internal_value=-4.55445e-08 0.254577 -0.350275 0.171553
internal_weight=800000 463287 336713 320210
internal_count=800000 463287 336713 320210
is_linear=0
shrinkage=0.05


Tree=71
num_leaves=5
num_cat=0
split_feature=0 0 0 0
split_gain=2.57527e+07 2.58008e+06 2.29021e+06 216906
threshold=2.5000000000000004 4.5000000000000009 1.5000000000000002 3.5000000000000004
decision_type=2 2 2 2
left_child=2 3 -1 -2
right_child=1 -3 -4 -5
leaf_value=-0.4636549974741791 0.12210300350425854 0.41836760967381043 -0.2028531548183938 0.20440838006298301
leaf_weight=167719 161200 143077 168994 159010
leaf_count=167719 161200 143077 168994 159010
internal_value=5.57516e-08 0.241847 -0.33276 0.162974
internal_weight=800000 463287 336713 320210
internal_count=800000 463287 336713 320210
is_linear=0
shrinkage=0.05


Tree=72
num_leaves=5
num_cat=0
split_feature=0 0 0 0
split_gain=2.32419e+07 2.32853e+06 2.06691e+06 195757
threshold=2.5000000000000004 4.5000000000000009 1.5000000000000002 3.5000000000000004
decision_type=2 2 2 2
left_child=2 3 -1 -2
right_child=1 -3 -4 -5
leaf_value=-0.4404731572983937 0.11599801872859226 0.39744935997365105 -0.19271161493970704 0.19418807170877039
leaf_weight=167719 161200 143077 168994 159010
leaf_count=167719 161200 143077 168994 159010
internal_value=-2.95182e-07 0.229755 -0.316123 0.154826
internal_weight=800000 463287 336713 320210
internal_count=800000 463287 336713 320210
is_linear=0
shrinkage=0.05


Tree=73
num_leaves=5
num_cat=0
split_feature=0 0 0 0
split_gain=2.09758e+07 2.10148e+06 1.86538e+06 176665
threshold=2.5000000000000004 4.5000000000000009 1.5000000000000002 3.5000000000000004
decision_type=2 2 2 2
left_child=2 3 -1 -2
right_child=1 -3 -4 -5
leaf_value=-0.41844837149327097 0.11019923108860517 0.37757657421012908 -0.18307539100628464 0.18447854961301463
leaf_weight=167719 161200 143077 168994 159010
leaf_count=167719 161200 143077 168994 159010
internal_value=2.35859e-07 0.218268 -0.300316 0.147085
internal_weight=800000 463287 336713 320210
internal_count=800000 463287 336713 320210
is_linear=0
shrinkage=0.05


Tree=74
num_leaves=5
num_cat=0
split_feature=0 0 0 0
split_gain=1.89306e+07 1.89659e+06 1.68351e+06 159450
threshold=2.5000000000000004 4.5000000000000009 1.5000000000000002 3.5000000000000004
decision_type=2 2 2 2
left_child=2 3 -1 -2
right_child=1 -3 -4 -5
leaf_value=-0.39752643095304008 0.10468749743478174 0.3586973570978822 -0.17392196588231704 0.17525504979312995
leaf_weight=167719 161200 143077 168994 159010
leaf_count=167719 161200 143077 168994 159010
internal_value=-2.9045e-07 0.207354 -0.285301 0.13973
internal_weight=800000 463287 336713 320210
internal_count=800000 463287 336713 320210
is_linear=0
shrinkage=0.05


Tree=75
num_leaves=5
num_cat=0
split_feature=0 0 0 0
split_gain=1.70849e+07 1.71167e+06 1.51937e+06 143897
threshold=2.5000000000000004 4.5000000000000009 1.5000000000000002 3.5000000000000004
decision_type=2 2 2 2
left_child=2 3 -1 -2
right_child=1 -3 -4 -5
leaf_value=-0.37765029552320228 0.099454560391068758 0.34076299046004027 -0.16522573041528205 0.16649213746391553
leaf_weight=167719 161200 143077 168994 159010
leaf_count=167719 161200 143077 168994 159010
internal_value=6.16232e-08 0.196987 -0.271036 0.132744
internal_weight=800000 463287 336713 320210
internal_count=800000 463287 336713 320210
is_linear=0
shrinkage=0.05


Tree=76
num_leaves=5
num_cat=0
split_feature=0 0 0 0
split_gain=1.54192e+07 1.54477e+06 1.37122e+06 129871
threshold=2.5000000000000004 4.5000000000000009 1.5000000000000002 3.5000000000000004
decision_type=2 2 2 2
left_child=2 3 -1 -2
right_child=1 -3 -4 -5
leaf_value=-0.35876760825804699 0.094481430479669698 0.3237238206947855 -0.1569649813695706 0.15816811330857783
leaf_weight=167719 161200 143077 168994 159010
leaf_count=167719 161200 143077 168994 159010
internal_value=-1.66459e-07 0.187137 -0.257484 0.126107
internal_weight=800000 463287 336713 320210
internal_count=800000 463287 336713 320210
is_linear=0
shrinkage=0.05


Tree=77
num_leaves=5
num_cat=0
split_feature=0 0 0 0
split_gain=1.39158e+07 1.39414e+06 1.23752e+06 117206
threshold=2.5000000000000004 4.5000000000000009 1.5000000000000002 3.5000000000000004
decision_type=2 2 2 2
left_child=2 3 -1 -2
right_child=1 -3 -4 -5
leaf_value=-0.34082934906438644 0.089757930272861997 0.30753709339879398 -0.14911704422156527 0.15025964509780343
leaf_weight=167719 161200 143077 168994 159010
leaf_count=167719 161200 143077 168994 159010
internal_value=-2.4266e-07 0.17778 -0.24461 0.119802
internal_weight=800000 463287 336713 320210
internal_count=800000 463287 336713 320210
is_linear=0
shrinkage=0.05


Tree=78
num_leaves=5
num_cat=0
split_feature=0 0 0 0
split_gain=1.25591e+07 1.25823e+06 1.11686e+06 105779
threshold=2.5000000000000004 4.5000000000000009 1.5000000000000002 3.5000000000000004
decision_type=2 2 2 2
left_child=2 3 -1 -2
right_child=1 -3 -4 -5
leaf_value=-0.32378723754694261 0.085270584527671195 0.2921625555306897 -0.14166112102931699 0.14274733689137056
leaf_weight=167719 161200 143077 168994 159010
leaf_count=167719 161200 143077 168994 159010
internal_value=5.78802e-07 0.168892 -0.232379 0.113812
internal_weight=800000 463287 336713 320210
internal_count=800000 463287 336713 320210
is_linear=0
shrinkage=0.05


Tree=79
num_leaves=5
num_cat=0
split_feature=0 0 0 0
split_gain=1.13345e+07 1.13557e+06 1.00796e+06 95469.2
threshold=2.5000000000000004 4.5000000000000009 1.5000000000000002 3.5000000000000004
decision_type=2 2 2 2
left_child=2 3 -1 -2
right_child=1 -3 -4 -5
leaf_value=-0.30759695744837012 0.081005509998898939 0.27755473982075779 -0.13457777247081326 0.13560950630423815
leaf_weight=167719 161200 143077 168994 159010
leaf_count=167719 161200 143077 168994 159010
internal_value=4.56414e-07 0.160447 -0.22076 0.108121
internal_weight=800000 463287 336713 320210
internal_count=800000 463287 336713 320210
is_linear=0
shrinkage=0.05


Tree=80
num_leaves=5
num_cat=0
split_feature=0 0 0 0
split_gain=1.02294e+07 1.02484e+06 909688 86152.2
threshold=2.5000000000000004 4.5000000000000009 1.5000000000000002 3.5000000000000004
decision_type=2 2 2 2
left_child=2 3 -1 -2
right_child=1 -3 -4 -5
leaf_value=-0.29221861939899374 0.076956655497586457 0.26367564029686003 -0.12784981024846967 0.1288277974232781
leaf_weight=167719 161200 143077 168994 159010
leaf_count=167719 161200 143077 168994 159010
internal_value=-2.81174e-07 0.152424 -0.209723 0.102715
internal_weight=800000 463287 336713 320210
internal_count=800000 463287 336713 320210
is_linear=0
shrinkage=0.05


Tree=81
num_leaves=5
num_cat=0
split_feature=0 0 0 0
split_gain=9.23204e+06 924909 821014 77762.4
threshold=2.5000000000000004 4.5000000000000009 1.5000000000000002 3.5000000000000004
decision_type=2 2 2 2
left_child=2 3 -1 -2
right_child=1 -3 -4 -5
leaf_value=-0.27760809780184287 0.073107952586474553 0.250492032625376 -0.12145576519713704 0.12238874053079432
leaf_weight=167719 161200 143077 168994 159010
leaf_count=167719 161200 143077 168994 159010
internal_value=2.95002e-07 0.144804 -0.199236 0.0975798
internal_weight=800000 463287 336713 320210
internal_count=800000 463287 336713 320210
is_linear=0
shrinkage=0.05


Tree=82
num_leaves=5
num_cat=0
split_feature=0 0 0 0
split_gain=8.33192e+06 834737 740947 70170.1
threshold=2.5000000000000004 4.5000000000000009 1.5000000000000002 3.5000000000000004
decision_type=2 2 2 2
left_child=2 3 -1 -2
right_child=1 -3 -4 -5
leaf_value=-0.2637274911067477 0.069453304167716737 0.23796703497900928 -0.11538459147775165 0.11626655157103748
leaf_weight=167719 161200 143077 168994 159010
leaf_count=167719 161200 143077 168994 159010
internal_value=-4.8534e-07 0.137563 -0.189275 0.0926998
internal_weight=800000 463287 336713 320210
internal_count=800000 463287 336713 320210
is_linear=0
shrinkage=0.05


Tree=83
num_leaves=5
num_cat=0
split_feature=0 0 0 0
split_gain=7.51949e+06 753350 668701 63331.5
threshold=2.5000000000000004 4.5000000000000009 1.5000000000000002 3.5000000000000004
decision_type=2 2 2 2
left_child=2 3 -1 -2
right_child=1 -3 -4 -5
leaf_value=-0.25054051278752948 0.065979206421239209 0.2260677217461538 -0.10961513363533584 0.11045282370668862
leaf_weight=167719 161200 143077 168994 159010
leaf_count=167719 161200 143077 168994 159010
internal_value=-8.26451e-07 0.130684 -0.179811 0.0880639
internal_weight=800000 463287 336713 320210
internal_count=800000 463287 336713 320210
is_linear=0
shrinkage=0.05


Tree=84
num_leaves=5
num_cat=0
split_feature=0 0 0 0
split_gain=6.78633e+06 679881 603501 57163.7
threshold=2.5000000000000004 4.5000000000000009 1.5000000000000002 3.5000000000000004
decision_type=2 2 2 2
left_child=2 3 -1 -2
right_child=1 -3 -4 -5
leaf_value=-0.23801275560410198 0.062679958830991991 0.21476370958642474 -0.10413383052426883 0.10493250583149444
leaf_weight=167719 161200 143077 168994 159010
leaf_count=167719 161200 143077 168994 159010
internal_value=-2.24401e-07 0.12415 -0.17082 0.0836617
internal_weight=800000 463287 336713 320210
internal_count=800000 463287 336713 320210
is_linear=0
shrinkage=0.05


Tree=85
num_leaves=5
num_cat=0
split_feature=0 0 0 0
split_gain=6.12465e+06 613626 544668 51588.9
threshold=2.5000000000000004 4.5000000000000009 1.5000000000000002 3.5000000000000004
decision_type=2 2 2 2
left_child=2 3 -1 -2
right_child=1 -3 -4 -5
leaf_value=-0.22611214527769274 0.059545392133461932 0.20402807369040349 -0.098926145742592397 0.099684783577971489
leaf_weight=167719 161200 143077 168994 159010
leaf_count=167719 161200 143077 168994 159010
internal_value=1.14226e-07 0.117943 -0.162278 0.0794778
internal_weight=800000 463287 336713 320210
internal_count=800000 463287 336713 320210
is_linear=0
shrinkage=0.05


Tree=86
num_leaves=5
num_cat=0
split_feature=0 0 0 0
split_gain=5.52758e+06 553777 491564 46555.3
threshold=2.5000000000000004 4.5000000000000009 1.5000000000000002 3.5000000000000004
decision_type=2 2 2 2
left_child=2 3 -1 -2
right_child=1 -3 -4 -5
leaf_value=-0.21480771924622621 0.056570262710154799 0.19382588269763415 -0.093980967005434846 0.094701199682094298
leaf_weight=167719 161200 143077 168994 159010
leaf_count=167719 161200 143077 168994 159010
internal_value=4.31584e-08 0.112046 -0.154166 0.0755053
internal_weight=800000 463287 336713 320210
internal_count=800000 463287 336713 320210
is_linear=0
shrinkage=0.05


Tree=87
num_leaves=5
num_cat=0
split_feature=0 0 0 0
split_gain=4.98862e+06 499783 443633 42019.2
threshold=2.5000000000000004 4.5000000000000009 1.5000000000000002 3.5000000000000004
decision_type=2 2 2 2
left_child=2 3 -1 -2
right_child=1 -3 -4 -5
leaf_value=-0.20406647618795129 0.053741319751029575 0.18413474548202696 -0.08928145984207364 0.089967018237436927
leaf_weight=167719 161200 143077 168994 159010
leaf_count=167719 161200 143077 168994 159010
internal_value=4.33686e-07 0.106444 -0.146457 0.0717303
internal_weight=800000 463287 336713 320210
internal_count=800000 463287 336713 320210
is_linear=0
shrinkage=0.05


Tree=88
num_leaves=5
num_cat=0
split_feature=0 0 0 0
split_gain=4.50223e+06 451055 400377 37921.6
threshold=2.5000000000000004 4.5000000000000009 1.5000000000000002 3.5000000000000004
decision_type=2 2 2 2
left_child=2 3 -1 -2
right_child=1 -3 -4 -5
leaf_value=-0.19386370792771823 0.051053585767154366 0.17492727190159263 -0.084818202796297759 0.085467646163212091
leaf_weight=167719 161200 143077 168994 159010
leaf_count=167719 161200 143077 168994 159010
internal_value=-3.46087e-07 0.101121 -0.139134 0.0681429
internal_weight=800000 463287 336713 320210
internal_count=800000 463287 336713 320210
is_linear=0
shrinkage=0.05


Tree=89
num_leaves=5
num_cat=0
split_feature=0 0 0 0
split_gain=4.0632e+06 407068 361359 34217.8
threshold=2.5000000000000004 4.5000000000000009 1.5000000000000002 3.5000000000000004
decision_type=2 2 2 2
left_child=2 3 -1 -2
right_child=1 -3 -4 -5
leaf_value=-0.18417081513665642 0.048502326884873159 0.16617960440125781 -0.080574963714322601 0.081192607264587421
leaf_weight=167719 161200 143077 168994 159010
leaf_count=167719 161200 143077 168994 159010
internal_value=-1.7441e-07 0.0960646 -0.132177 0.0647357
internal_weight=800000 463287 336713 320210
internal_count=800000 463287 336713 320210
is_linear=0
shrinkage=0.05


Tree=90
num_leaves=5
num_cat=0
split_feature=0 0 0 0
split_gain=3.66707e+06 367405 326114 30886.2
threshold=2.5000000000000004 4.5000000000000009 1.5000000000000002 3.5000000000000004
decision_type=2 2 2 2
left_child=2 3 -1 -2
right_child=1 -3 -4 -5
leaf_value=-0.17496113564612598 0.046076087577763034 0.15787417200115791 -0.076546891343375348 0.077134173807202111
leaf_weight=167719 161200 143077 168994 159010
leaf_count=167719 161200 143077 168994 159010
internal_value=5.76421e-07 0.0912625 -0.125568 0.0614989
internal_weight=800000 463287 336713 320210
internal_count=800000 463287 336713 320210
is_linear=0
shrinkage=0.05


Tree=91
num_leaves=5
num_cat=0
split_feature=0 0 0 0
split_gain=3.30952e+06 331578 294321 27876.8
threshold=2.5000000000000004 4.5000000000000009 1.5000000000000002 3.5000000000000004
decision_type=2 2 2 2
left_child=2 3 -1 -2
right_child=1 -3 -4 -5
leaf_value=-0.16621419086088635 0.043770790336741409 0.14997874123060137 -0.072720236229566693 0.073277042360547481
leaf_weight=167719 161200 143077 168994 159010
leaf_count=167719 161200 143077 168994 159010
internal_value=-5.24014e-07 0.0866982 -0.11929 0.058423
internal_weight=800000 463287 336713 320210
internal_count=800000 463287 336713 320210
is_linear=0
shrinkage=0.05


Tree=92
num_leaves=5
num_cat=0
split_feature=0 0 0 0
split_gain=2.98688e+06 299246 265610 25157.3
threshold=2.5000000000000004 4.5000000000000009 1.5000000000000002 3.5000000000000004
decision_type=2 2 2 2
left_child=2 3 -1 -2
right_child=1 -3 -4 -5
leaf_value=-0.15790245627877023 0.041583894649155385 0.14248060288242595 -0.0690855569870064 0.069614009113178624
leaf_weight=167719 161200 143077 168994 159010
leaf_count=167719 161200 143077 168994 159010
internal_value=7.24288e-08 0.0823644 -0.113326 0.0555031
internal_weight=800000 463287 336713 320210
internal_count=800000 463287 336713 320210
is_linear=0
shrinkage=0.05


Tree=93
num_leaves=5
num_cat=0
split_feature=0 0 0 0
split_gain=2.69566e+06 270062 239716 22701.9
threshold=2.5000000000000004 4.5000000000000009 1.5000000000000002 3.5000000000000004
decision_type=2 2 2 2
left_child=2 3 -1 -2
right_child=1 -3 -4 -5
leaf_value=-0.15000797231561599 0.039505353047297555 0.13535537040915907 -0.065631416532806172 0.066132473048980289
leaf_weight=167719 161200 143077 168994 159010
leaf_count=167719 161200 143077 168994 159010
internal_value=-3.43664e-07 0.0782457 -0.10766 0.0527279
internal_weight=800000 463287 336713 320210
internal_count=800000 463287 336713 320210
is_linear=0
shrinkage=0.05


Tree=94
num_leaves=5
num_cat=0
split_feature=0 0 0 0
split_gain=2.43285e+06 243733 216347 20490.2
threshold=2.5000000000000004 4.5000000000000009 1.5000000000000002 3.5000000000000004
decision_type=2 2 2 2
left_child=2 3 -1 -2
right_child=1 -3 -4 -5
leaf_value=-0.14250777712867285 0.03753022216626492 0.1285885150997968 -0.062349506660200574 0.062827021445457945
leaf_weight=167719 161200 143077 168994 159010
leaf_count=167719 161200 143077 168994 159010
internal_value=1.26334e-07 0.0743342 -0.102277 0.0500921
internal_weight=800000 463287 336713 320210
internal_count=800000 463287 336713 320210
is_linear=0
shrinkage=0.05


Tree=95
num_leaves=5
num_cat=0
split_feature=0 0 0 0
split_gain=2.19563e+06 219976 195255 18490.6
threshold=2.5000000000000004 4.5000000000000009 1.5000000000000002 3.5000000000000004
decision_type=2 2 2 2
left_child=2 3 -1 -2
right_child=1 -3 -4 -5
leaf_value=-0.13538250310019875 0.035653346490031733 0.12215930033724257 -0.059231706472967251 0.059684140426273971
leaf_weight=167719 161200 143077 168994 159010
leaf_count=167719 161200 143077 168994 159010
internal_value=-1.75254e-07 0.0706169 -0.0971629 0.0475866
internal_weight=800000 463287 336713 320210
internal_count=800000 463287 336713 320210
is_linear=0
shrinkage=0.05


Tree=96
num_leaves=5
num_cat=0
split_feature=0 0 0 0
split_gain=1.98158e+06 198527 176218 16691.7
threshold=2.5000000000000004 4.5000000000000009 1.5000000000000002 3.5000000000000004
decision_type=2 2 2 2
left_child=2 3 -1 -2
right_child=1 -3 -4 -5
leaf_value=-0.12861340970211596 0.033870552119782786 0.11605226101172067 -0.05627002709518291 0.056702468083509219
leaf_weight=167719 161200 143077 168994 159010
leaf_count=167719 161200 143077 168994 159010
internal_value=4.90475e-07 0.0670871 -0.0923048 0.0452084
internal_weight=800000 463287 336713 320210
internal_count=800000 463287 336713 320210
is_linear=0
shrinkage=0.05


Tree=97
num_leaves=5
num_cat=0
split_feature=0 0 0 0
split_gain=1.78836e+06 179158 159030 15064.6
threshold=2.5000000000000004 4.5000000000000009 1.5000000000000002 3.5000000000000004
decision_type=2 2 2 2
left_child=2 3 -1 -2
right_child=1 -3 -4 -5
leaf_value=-0.12218181036912874 0.03217673755106204 0.11024728623705093 -0.053457155702483654 0.053867364987120914
leaf_weight=167719 161200 143077 168994 159010
leaf_count=167719 161200 143077 168994 159010
internal_value=5.14359e-08 0.063732 -0.0876894 0.0429479
internal_weight=800000 463287 336713 320210
internal_count=800000 463287 336713 320210
is_linear=0
shrinkage=0.05


Tree=98
num_leaves=5
num_cat=0
split_feature=0 0 0 0
split_gain=1.61402e+06 161698 143528 13591.7
threshold=2.5000000000000004 4.5000000000000009 1.5000000000000002 3.5000000000000004
decision_type=2 2 2 2
left_child=2 3 -1 -2
right_child=1 -3 -4 -5
leaf_value=-0.11607344256362345 0.030569720511992578 0.1047365816445167 -0.050784293218456227 0.051172656278536455
leaf_weight=167719 161200 143077 168994 159010
leaf_count=167719 161200 143077 168994 159010
internal_value=2.9544e-07 0.0605461 -0.0833053 0.0408007
internal_weight=800000 463287 336713 320210
internal_count=800000 463287 336713 320210
is_linear=0
shrinkage=0.05


Tree=99
num_leaves=5
num_cat=0
split_feature=0 0 0 0
split_gain=1.45663e+06 145937 129534 12268.2
threshold=2.5000000000000004 4.5000000000000009 1.5000000000000002 3.5000000000000004
decision_type=2 2 2 2
left_child=2 3 -1 -2
right_child=1 -3 -4 -5
leaf_value=-0.11026992450812004 0.029039463880931773 0.099499607144171165 -0.048245072098163866 0.04861362411004104
leaf_weight=167719 161200 143077 168994 159010
leaf_count=167719 161200 143077 168994 159010
internal_value=-2.1243e-07 0.057518 -0.0791401 0.0387596
internal_weight=800000 463287 336713 320210
internal_count=800000 463287 336713 320210
is_linear=0
shrinkage=0.05


Tree=100
num_leaves=5
num_cat=0
split_feature=0 0 0 0
split_gain=1.3146e+06 131706 116908 11072
threshold=2.5000000000000004 4.5000000000000009 1.5000000000000002 3.5000000000000004
decision_type=2 2 2 2
left_child=2 3 -1 -2
right_child=1 -3 -4 -5
leaf_value=-0.10475658533564181 0.02758704845721905 0.094523897767379406 -0.045832125305986966 0.046182500177580986
leaf_weight=167719 161200 143077 168994 159010
leaf_count=167719 161200 143077 168994 159010
internal_value=-3.95793e-07 0.0546415 -0.0751828 0.0368212
internal_weight=800000 463287 336713 320210
internal_count=800000 463287 336713 320210
is_linear=0
shrinkage=0.05


Tree=101
num_leaves=5
num_cat=0
split_feature=0 0 0 0
split_gain=1.18642e+06 118868 105515 9993.44
threshold=2.5000000000000004 4.5000000000000009 1.5000000000000002 3.5000000000000004
decision_type=2 2 2 2
left_child=2 3 -1 -2
right_child=1 -3 -4 -5
leaf_value=-0.09951877974425577 0.026207587287088781 0.089798617164511943 -0.043539080818510628 0.043874071092547415
leaf_weight=167719 161200 143077 168994 159010
leaf_count=167719 161200 143077 168994 159010
internal_value=2.02774e-07 0.0519099 -0.0714229 0.0349804
internal_weight=800000 463287 336713 320210
internal_count=800000 463287 336713 320210
is_linear=0
shrinkage=0.05


Tree=102
num_leaves=5
num_cat=0
split_feature=0 0 0 0
split_gain=1.07075e+06 107274 95214 9017.44
threshold=2.5000000000000004 4.5000000000000009 1.5000000000000002 3.5000000000000004
decision_type=2 2 2 2
left_child=2 3 -1 -2
right_child=1 -3 -4 -5
leaf_value=-0.094541477776213995 0.024898394639083825 0.085308146996818282 -0.041364511303663698 0.041680031740082925
leaf_weight=167719 161200 143077 168994 159010
leaf_count=167719 161200 143077 168994 159010
internal_value=5.05953e-08 0.0493146 -0.0678523 0.0332318
internal_weight=800000 463287 336713 320210
internal_count=800000 463287 336713 320210
is_linear=0
shrinkage=0.05


Tree=103
num_leaves=5
num_cat=0
split_feature=0 0 0 0
split_gain=966353 96815.4 85940.2 8140.34
threshold=2.5000000000000004 4.5000000000000009 1.5000000000000002 3.5000000000000004
decision_type=2 2 2 2
left_child=2 3 -1 -2
right_child=1 -3 -4 -5
leaf_value=-0.089815409682646105 0.023652688431089038 0.081043094297817378 -0.039294462173393115 0.039597299682082684
leaf_weight=167719 161200 143077 168994 159010
leaf_count=167719 161200 143077 168994 159010
internal_value=3.79704e-07 0.0468491 -0.0644593 0.0315705
internal_weight=800000 463287 336713 320210
internal_count=800000 463287 336713 320210
is_linear=0
shrinkage=0.05


Tree=104
num_leaves=5
num_cat=0
split_feature=0 0 0 0
split_gain=872113 87376.3 77559.7 7345.16
threshold=2.5000000000000004 4.5000000000000009 1.5000000000000002 3.5000000000000004
decision_type=2 2 2 2
left_child=2 3 -1 -2
right_child=1 -3 -4 -5
leaf_value=-0.085323642894155408 0.022470296253933209 0.076990534420615056 -0.037329173364874832 0.037616137456956897
leaf_weight=167719 161200 143077 168994 159010
leaf_count=167719 161200 143077 168994 159010
internal_value=4.076e-07 0.0445062 -0.0612355 0.0299914
internal_weight=800000 463287 336713 320210
internal_count=800000 463287 336713 320210
is_linear=0
shrinkage=0.05


Tree=105
num_leaves=5
num_cat=0
split_feature=0 0 0 0
split_gain=787094 78854.3 69996.4 6629.41
threshold=2.5000000000000004 4.5000000000000009 1.5000000000000002 3.5000000000000004
decision_type=2 2 2 2
left_child=2 3 -1 -2
right_child=1 -3 -4 -5
leaf_value=-0.081058200608332187 0.021346620583356759 0.07314025485817291 -0.035463858989898553 0.03573560429896868
leaf_weight=167719 161200 143077 168994 159010
leaf_count=167719 161200 143077 168994 159010
internal_value=-1.22265e-07 0.0422807 -0.0581747 0.0284919
internal_weight=800000 463287 336713 320210
internal_count=800000 463287 336713 320210
is_linear=0
shrinkage=0.05


Tree=106
num_leaves=5
num_cat=0
split_feature=0 0 0 0
split_gain=710371 71170.8 63171.3 5982.72
threshold=2.5000000000000004 4.5000000000000009 1.5000000000000002 3.5000000000000004
decision_type=2 2 2 2
left_child=2 3 -1 -2
right_child=1 -3 -4 -5
leaf_value=-0.077005367750462475 0.020280182040950501 0.069485384944840398 -0.033690904249618389 0.033949350744259074
leaf_weight=167719 161200 143077 168994 159010
leaf_count=167719 161200 143077 168994 159010
internal_value=4.85103e-07 0.0401678 -0.0552661 0.027068
internal_weight=800000 463287 336713 320210
internal_count=800000 463287 336713 320210
is_linear=0
shrinkage=0.05


Tree=107
num_leaves=5
num_cat=0
split_feature=0 0 0 0
split_gain=641093 64225.2 57011.6 5400.16
threshold=2.5000000000000004 4.5000000000000009 1.5000000000000002 3.5000000000000004
decision_type=2 2 2 2
left_child=2 3 -1 -2
right_child=1 -3 -4 -5
leaf_value=-0.073154545234607071 0.019265599253159897 0.066008965220904242 -0.032005955934600726 0.032252215026842036
leaf_weight=167719 161200 143077 168994 159010
leaf_count=167719 161200 143077 168994 159010
internal_value=2.27923e-07 0.0381586 -0.0525023 0.0257145
internal_weight=800000 463287 336713 320210
internal_count=800000 463287 336713 320210
is_linear=0
shrinkage=0.05


Tree=108
num_leaves=5
num_cat=0
split_feature=0 0 0 0
split_gain=578601 57968.5 51459.6 4874.7
threshold=2.5000000000000004 4.5000000000000009 1.5000000000000002 3.5000000000000004
decision_type=2 2 2 2
left_child=2 3 -1 -2
right_child=1 -3 -4 -5
leaf_value=-0.069498126976438243 0.018302189961852271 0.062710798803945478 -0.030404444859448484 0.030640815363073642
leaf_weight=167719 161200 143077 168994 159010
leaf_count=167719 161200 143077 168994 159010
internal_value=8.2115e-07 0.0362518 -0.0498773 0.0244293
internal_weight=800000 463287 336713 320210
internal_count=800000 463287 336713 320210
is_linear=0
shrinkage=0.05


Tree=109
num_leaves=5
num_cat=0
split_feature=0 0 0 0
split_gain=522170 52317.9 46438.3 4396.76
threshold=2.5000000000000004 4.5000000000000009 1.5000000000000002 3.5000000000000004
decision_type=2 2 2 2
left_child=2 3 -1 -2
right_child=1 -3 -4 -5
leaf_value=-0.066022735586952153 0.017387014488428464 0.059573902323905276 -0.028885337306077421 0.029105168836730495
leaf_weight=167719 161200 143077 168994 159010
leaf_count=167719 161200 143077 168994 159010
internal_value=-3.26284e-07 0.0344375 -0.0473837 0.023206
internal_weight=800000 463287 336713 320210
internal_count=800000 463287 336713 320210
is_linear=0
shrinkage=0.05


Tree=110
num_leaves=5
num_cat=0
split_feature=0 0 0 0
split_gain=471273 47212 41906.9 3968.03
threshold=2.5000000000000004 4.5000000000000009 1.5000000000000002 3.5000000000000004
decision_type=2 2 2 2
left_child=2 3 -1 -2
right_child=1 -3 -4 -5
leaf_value=-0.062720463500497883 0.016519787241744049 0.056595495010664243 -0.027441505451451371 0.027651959389502517
leaf_weight=167719 161200 143077 168994 159010
leaf_count=167719 161200 143077 168994 159010
internal_value=7.22769e-07 0.0327172 -0.0450142 0.0220478
internal_weight=800000 463287 336713 320210
internal_count=800000 463287 336713 320210
is_linear=0
shrinkage=0.05


Tree=111
num_leaves=5
num_cat=0
split_feature=0 0 0 0
split_gain=425328 42608.1 37825.8 3582.32
threshold=2.5000000000000004 4.5000000000000009 1.5000000000000002 3.5000000000000004
decision_type=2 2 2 2
left_child=2 3 -1 -2
right_child=1 -3 -4 -5
leaf_value=-0.059586113437692413 0.01569280287408947 0.053765300032142284 -0.0260689330713023 0.02627010602814905
leaf_weight=167719 161200 143077 168994 159010
leaf_count=167719 161200 143077 168994 159010
internal_value=3.13226e-07 0.0310811 -0.0427641 0.0209453
internal_weight=800000 463287 336713 320210
internal_count=800000 463287 336713 320210
is_linear=0
shrinkage=0.05


Tree=112
num_leaves=5
num_cat=0
split_feature=0 0 0 0
split_gain=383840 38456.4 34137.7 3231.7
threshold=2.5000000000000004 4.5000000000000009 1.5000000000000002 3.5000000000000004
decision_type=2 2 2 2
left_child=2 3 -1 -2
right_child=1 -3 -4 -5
leaf_value=-0.056605569902036496 0.014908390120892016 0.051077279094927291 -0.024764287963438845 0.024954733268006568
leaf_weight=167719 161200 143077 168994 159010
leaf_count=167719 161200 143077 168994 159010
internal_value=5.28534e-07 0.0295266 -0.0406246 0.0198972
internal_weight=800000 463287 336713 320210
internal_count=800000 463287 336713 320210
is_linear=0
shrinkage=0.05


Tree=113
num_leaves=5
num_cat=0
split_feature=0 0 0 0
split_gain=346427 34709.2 30804.8 2919.02
threshold=2.5000000000000004 4.5000000000000009 1.5000000000000002 3.5000000000000004
decision_type=2 2 2 2
left_child=2 3 -1 -2
right_child=1 -3 -4 -5
leaf_value=-0.05377576797144229 0.014160196649821167 0.048523563047817374 -0.023528787486122641 0.02370816383412196
leaf_weight=167719 161200 143077 168994 159010
leaf_count=167719 161200 143077 168994 159010
internal_value=-4.71599e-07 0.0280497 -0.038595 0.0189015
internal_weight=800000 463287 336713 320210
internal_count=800000 463287 336713 320210
is_linear=0
shrinkage=0.05


Tree=114
num_leaves=5
num_cat=0
split_feature=0 0 0 0
split_gain=312642 31325.2 27804.6 2634.8
threshold=2.5000000000000004 4.5000000000000009 1.5000000000000002 3.5000000000000004
decision_type=2 2 2 2
left_child=2 3 -1 -2
right_child=1 -3 -4 -5
leaf_value=-0.051087133423809654 0.013451730392115288 0.046097325902421188 -0.022350814117135846 0.022522973139535992
leaf_weight=167719 161200 143077 168994 159010
leaf_count=167719 161200 143077 168994 159010
internal_value=-2.15519e-07 0.0266471 -0.0366646 0.0179563
internal_weight=800000 463287 336713 320210
internal_count=800000 463287 336713 320210
is_linear=0
shrinkage=0.05


Tree=115
num_leaves=5
num_cat=0
split_feature=0 0 0 0
split_gain=282162 28268.1 25090.4 2377.09
threshold=2.5000000000000004 4.5000000000000009 1.5000000000000002 3.5000000000000004
decision_type=2 2 2 2
left_child=2 3 -1 -2
right_child=1 -3 -4 -5
leaf_value=-0.048531953254414811 0.012780513815489359 0.043791732409354384 -0.021234198646017655 0.021396706805844837
leaf_weight=167719 161200 143077 168994 159010
leaf_count=167719 161200 143077 168994 159010
internal_value=-1.0495e-07 0.025315 -0.0348314 0.0170591
internal_weight=800000 463287 336713 320210
internal_count=800000 463287 336713 320210
is_linear=0
shrinkage=0.05


Tree=116
num_leaves=5
num_cat=0
split_feature=0 0 0 0
split_gain=254659 25512.6 22644.9 2144.8
threshold=2.5000000000000004 4.5000000000000009 1.5000000000000002 3.5000000000000004
decision_type=2 2 2 2
left_child=2 3 -1 -2
right_child=1 -3 -4 -5
leaf_value=-0.046106435400113138 0.012141905919493871 0.041602389085950785 -0.020173105843717808 0.020326295709259128
leaf_weight=167719 161200 143077 168994 159010
leaf_count=167719 161200 143077 168994 159010
internal_value=-4.43187e-07 0.0240492 -0.0330907 0.0162061
internal_weight=800000 463287 336713 320210
internal_count=800000 463287 336713 320210
is_linear=0
shrinkage=0.05


Tree=117
num_leaves=5
num_cat=0
split_feature=0 0 0 0
split_gain=229824 23022.6 20436 1935.73
threshold=2.5000000000000004 4.5000000000000009 1.5000000000000002 3.5000000000000004
decision_type=2 2 2 2
left_child=2 3 -1 -2
right_child=1 -3 -4 -5
leaf_value=-0.043800031368565244 0.011535306130686115 0.039521480791914212 -0.019164008631040844 0.019310560047712713
leaf_weight=167719 161200 143077 168994 159010
leaf_count=167719 161200 143077 168994 159010
internal_value=-2.69087e-08 0.0228469 -0.0314354 0.0153963
internal_weight=800000 463287 336713 320210
internal_count=800000 463287 336713 320210
is_linear=0
shrinkage=0.05


Tree=118
num_leaves=5
num_cat=0
split_feature=0 0 0 0
split_gain=207418 20779 18443.2 1747.22
threshold=2.5000000000000004 4.5000000000000009 1.5000000000000002 3.5000000000000004
decision_type=2 2 2 2
left_child=2 3 -1 -2
right_child=1 -3 -4 -5
leaf_value=-0.041610667035693966 0.010957530587246045 0.037545253711643037 -0.018206590789957809 0.01834450169813932
leaf_weight=167719 161200 143077 168994 159010
leaf_count=167719 161200 143077 168994 159010
internal_value=-6.60822e-07 0.021704 -0.0298643 0.0146258
internal_weight=800000 463287 336713 320210
internal_count=800000 463287 336713 320210
is_linear=0
shrinkage=0.05


Tree=119
num_leaves=5
num_cat=0
split_feature=0 0 0 0
split_gain=187182 18756.2 16648.4 1576.33
threshold=2.5000000000000004 4.5000000000000009 1.5000000000000002 3.5000000000000004
decision_type=2 2 2 2
left_child=2 3 -1 -2
right_child=1 -3 -4 -5
leaf_value=-0.039529626458563977 0.010409674954473529 0.035669255437120219 -0.017293495937035771 0.01742609751733562
leaf_weight=167719 161200 143077 168994 159010
leaf_count=167719 161200 143077 168994 159010
internal_value=5.86959e-08 0.0206188 -0.0283695 0.0138939
internal_weight=800000 463287 336713 320210
internal_count=800000 463287 336713 320210
is_linear=0
shrinkage=0.05


Tree=120
num_leaves=5
num_cat=0
split_feature=0 0 0 0
split_gain=168943 16927.1 15023.6 1422.48
threshold=2.5000000000000004 4.5000000000000009 1.5000000000000002 3.5000000000000004
decision_type=2 2 2 2
left_child=2 3 -1 -2
right_child=1 -3 -4 -5
leaf_value=-0.037553150876067823 0.0098904445970028863 0.033886651564808537 -0.016429896947046579 0.016555673508259962
leaf_weight=167719 161200 143077 168994 159010
leaf_count=167719 161200 143077 168994 159010
internal_value=4.08554e-07 0.0195888 -0.0269515 0.0132003
internal_weight=800000 463287 336713 320210
internal_count=800000 463287 336713 320210
is_linear=0
shrinkage=0.05


Tree=121
num_leaves=5
num_cat=0
split_feature=0 0 0 0
split_gain=152470 15275.7 13560 1284.38
threshold=2.5000000000000004 4.5000000000000009 1.5000000000000002 3.5000000000000004
decision_type=2 2 2 2
left_child=2 3 -1 -2
right_child=1 -3 -4 -5
leaf_value=-0.035676326413184432 0.0093949266533106205 0.032191351660052291 -0.015608395780390017 0.015728352362686309
leaf_weight=167719 161200 143077 168994 159010
leaf_count=167719 161200 143077 168994 159010
internal_value=-6.68988e-08 0.0186089 -0.0256044 0.01254
internal_weight=800000 463287 336713 320210
internal_count=800000 463287 336713 320210
is_linear=0
shrinkage=0.05


Tree=122
num_leaves=5
num_cat=0
split_feature=0 0 0 0
split_gain=137610 13785.6 12239.9 1158.74
threshold=2.5000000000000004 4.5000000000000009 1.5000000000000002 3.5000000000000004
decision_type=2 2 2 2
left_child=2 3 -1 -2
right_child=1 -3 -4 -5
leaf_value=-0.033893511066721414 0.0089264809345784915 0.030582112062275419 -0.01482736592783917 0.014942172204133934
leaf_weight=167719 161200 143077 168994 159010
leaf_count=167719 161200 143077 168994 159010
internal_value=2.23395e-07 0.0176791 -0.0243243 0.0119138
internal_weight=800000 463287 336713 320210
internal_count=800000 463287 336713 320210
is_linear=0
shrinkage=0.05


Tree=123
num_leaves=5
num_cat=0
split_feature=0 0 0 0
split_gain=124188 12442.9 11044.7 1046.28
threshold=2.5000000000000004 4.5000000000000009 1.5000000000000002 3.5000000000000004
decision_type=2 2 2 2
left_child=2 3 -1 -2
right_child=1 -3 -4 -5
leaf_value=-0.0321979920267444 0.0084784874785922611 0.029052990740668996 -0.014086706560431204 0.014194817864499776
leaf_weight=167719 161200 143077 168994 159010
leaf_count=167719 161200 143077 168994 159010
internal_value=-1.48734e-07 0.0167945 -0.0231081 0.0113171
internal_weight=800000 463287 336713 320210
internal_count=800000 463287 336713 320210
is_linear=0
shrinkage=0.05


Tree=124
num_leaves=5
num_cat=0
split_feature=0 0 0 0
split_gain=112083 11228.7 9966.29 944.352
threshold=2.5000000000000004 4.5000000000000009 1.5000000000000002 3.5000000000000004
decision_type=2 2 2 2
left_child=2 3 -1 -2
right_child=1 -3 -4 -5
leaf_value=-0.03058703414986659 0.0080556197580569436 0.0276007771134569 -0.013382613777554229 0.013486367200397184
leaf_weight=167719 161200 143077 168994 159010
leaf_count=167719 161200 143077 168994 159010
internal_value=5.76659e-07 0.0159557 -0.0219523 0.0107524
internal_weight=800000 463287 336713 320210
internal_count=800000 463287 336713 320210
is_linear=0
shrinkage=0.05


Tree=125
num_leaves=5
num_cat=0
split_feature=0 0 0 0
split_gain=101158 10134.6 8996.71 852.046
threshold=2.5000000000000004 4.5000000000000009 1.5000000000000002 3.5000000000000004
decision_type=2 2 2 2
left_child=2 3 -1 -2
right_child=1 -3 -4 -5
leaf_value=-0.029059462069552462 0.0076527210879266706 0.026220795093045986 -0.012713327634356715 0.012811231582271671
leaf_weight=167719 161200 143077 168994 159010
leaf_count=167719 161200 143077 168994 159010
internal_value=3.15796e-08 0.0151576 -0.0208554 0.0102143
internal_weight=800000 463287 336713 320210
internal_count=800000 463287 336713 320210
is_linear=0
shrinkage=0.05


Tree=126
num_leaves=5
num_cat=0
split_feature=0 0 0 0
split_gain=91290.9 9144.38 8117.15 769.151
threshold=2.5000000000000004 4.5000000000000009 1.5000000000000002 3.5000000000000004
decision_type=2 2 2 2
left_child=2 3 -1 -2
right_child=1 -3 -4 -5
leaf_value=-0.027604801097047632 0.0072700871025066522 0.024908328015176222 -0.012078254574472168 0.012171243988532749
leaf_weight=167719 161200 143077 168994 159010
leaf_count=167719 161200 143077 168994 159010
internal_value=1.17758e-07 0.0143995 -0.0198121 0.00970391
internal_weight=800000 463287 336713 320210
internal_count=800000 463287 336713 320210
is_linear=0
shrinkage=0.05


Tree=127
num_leaves=5
num_cat=0
split_feature=0 0 0 0
split_gain=82385.6 8254.22 7326.15 694.046
threshold=2.5000000000000004 4.5000000000000009 1.5000000000000002 3.5000000000000004
decision_type=2 2 2 2
left_child=2 3 -1 -2
right_child=1 -3 -4 -5
leaf_value=-0.026224826493148758 0.0069054811586517261 0.023662855917816365 -0.011474178673615887 0.011561199625995383
leaf_weight=167719 161200 143077 168994 159010
leaf_count=167719 161200 143077 168994 159010
internal_value=-4.35842e-07 0.0136786 -0.0188216 0.00921742
internal_weight=800000 463287 336713 320210
internal_count=800000 463287 336713 320210
is_linear=0
shrinkage=0.05


Tree=128
num_leaves=5
num_cat=0
split_feature=0 0 0 0
split_gain=74351.8 7446.57 6611.74 626.116
threshold=2.5000000000000004 4.5000000000000009 1.5000000000000002 3.5000000000000004
decision_type=2 2 2 2
left_child=2 3 -1 -2
right_child=1 -3 -4 -5
leaf_value=-0.024912622442218132 0.0065621302252076106 0.022478541612543472 -0.01089962203173908 0.010984144543680813
leaf_weight=167719 161200 143077 168994 159010
leaf_count=167719 161200 143077 168994 159010
internal_value=3.44582e-07 0.0129953 -0.0178796 0.00875802
internal_weight=800000 463287 336713 320210
internal_count=800000 463287 336713 320210
is_linear=0
shrinkage=0.05


Tree=129
num_leaves=5
num_cat=0
split_feature=0 0 0 0
split_gain=67101.5 6722.27 5966.63 565.342
threshold=2.5000000000000004 4.5000000000000009 1.5000000000000002 3.5000000000000004
decision_type=2 2 2 2
left_child=2 3 -1 -2
right_child=1 -3 -4 -5
leaf_value=-0.023667100886464884 0.0062323937285922596 0.021355183109861557 -0.010355269237500117 0.010434320923157679
leaf_weight=167719 161200 143077 168994 159010
leaf_count=167719 161200 143077 168994 159010
internal_value=-1.77613e-07 0.012345 -0.016986 0.00831899
internal_weight=800000 463287 336713 320210
internal_count=800000 463287 336713 320210
is_linear=0
shrinkage=0.05


Tree=130
num_leaves=5
num_cat=0
split_feature=0 0 0 0
split_gain=60564.2 6067.59 5385.81 510.359
threshold=2.5000000000000004 4.5000000000000009 1.5000000000000002 3.5000000000000004
decision_type=2 2 2 2
left_child=2 3 -1 -2
right_child=1 -3 -4 -5
leaf_value=-0.022485094024973853 0.0059206447790633365 0.020288315018100019 -0.0098377658520704004 0.0099130116707948357
leaf_weight=167719 161200 143077 168994 159010
leaf_count=167719 161200 143077 168994 159010
internal_value=-2.92144e-07 0.0117281 -0.0161375 0.00790318
internal_weight=800000 463287 336713 320210
internal_count=800000 463287 336713 320210
is_linear=0
shrinkage=0.05


Tree=131
num_leaves=5
num_cat=0
split_feature=0 0 0 0
split_gain=54652.9 5478.07 4860.41 460.089
threshold=2.5000000000000004 4.5000000000000009 1.5000000000000002 3.5000000000000004
decision_type=2 2 2 2
left_child=2 3 -1 -2
right_child=1 -3 -4 -5
leaf_value=-0.021359507445739098 0.0056246172098013076 0.019275078813191363 -0.0093449046877385148 0.0094152648946292956
leaf_weight=167719 161200 143077 168994 159010
leaf_count=167719 161200 143077 168994 159010
internal_value=2.45547e-09 0.0111413 -0.0153295 0.00750698
internal_weight=800000 463287 336713 320210
internal_count=800000 463287 336713 320210
is_linear=0
shrinkage=0.05


Tree=132
num_leaves=5
num_cat=0
split_feature=0 0 0 0
split_gain=49327.3 4942.87 4386.62 415.728
threshold=2.5000000000000004 4.5000000000000009 1.5000000000000002 3.5000000000000004
decision_type=2 2 2 2
left_child=2 3 -1 -2
right_child=1 -3 -4 -5
leaf_value=-0.020292020531652091 0.005343031880873309 0.018310814316000769 -0.0088780154033146087 0.00894630471652922
leaf_weight=167719 161200 143077 168994 159010
leaf_count=167719 161200 143077 168994 159010
internal_value=2.03818e-08 0.0105846 -0.0145634 0.00713235
internal_weight=800000 463287 336713 320210
internal_count=800000 463287 336713 320210
is_linear=0
shrinkage=0.05


Tree=133
num_leaves=5
num_cat=0
split_feature=0 0 0 0
split_gain=44521.4 4460.73 3959.36 374.844
threshold=2.5000000000000004 4.5000000000000009 1.5000000000000002 3.5000000000000004
decision_type=2 2 2 2
left_child=2 3 -1 -2
right_child=1 -3 -4 -5
leaf_value=-0.019278179114063019 0.0050772455655611476 0.017395589253621769 -0.0084342798374135892 0.0084987551055984017
leaf_weight=167719 161200 143077 168994 159010
leaf_count=167719 161200 143077 168994 159010
internal_value=1.10186e-07 0.0100559 -0.0138357 0.0067763
internal_weight=800000 463287 336713 320210
internal_count=800000 463287 336713 320210
is_linear=0
shrinkage=0.05


Tree=134
num_leaves=5
num_cat=0
split_feature=0 0 0 0
split_gain=40177.1 4025.21 3572.09 338.484
threshold=2.5000000000000004 4.5000000000000009 1.5000000000000002 3.5000000000000004
decision_type=2 2 2 2
left_child=2 3 -1 -2
right_child=1 -3 -4 -5
leaf_value=-0.018313963705975416 0.0048216096721866884 0.016523742698443821 -0.0080140384356380233 0.0080729472628929856
leaf_weight=167719 161200 143077 168994 159010
leaf_count=167719 161200 143077 168994 159010
internal_value=-1.04217e-06 0.00955151 -0.0131445 0.00643616
internal_weight=800000 463287 336713 320210
internal_count=800000 463287 336713 320210
is_linear=0
shrinkage=0.05


Tree=135
num_leaves=5
num_cat=0
split_feature=0 0 0 0
split_gain=36261.1 3632.88 3225.15 305.29
threshold=2.5000000000000004 4.5000000000000009 1.5000000000000002 3.5000000000000004
decision_type=2 2 2 2
left_child=2 3 -1 -2
right_child=1 -3 -4 -5
leaf_value=-0.017398828552607097 0.0045817774969058355 0.015698485189584093 -0.0076118570726374946 0.0076695749479437402
leaf_weight=167719 161200 143077 168994 159010
leaf_count=167719 161200 143077 168994 159010
internal_value=-3.23112e-07 0.00907475 -0.0124868 0.00611512
internal_weight=800000 463287 336713 320210
internal_count=800000 463287 336713 320210
is_linear=0
shrinkage=0.05


Tree=136
num_leaves=5
num_cat=0
split_feature=0 0 0 0
split_gain=32726.7 3278.01 2909.4 275.547
threshold=2.5000000000000004 4.5000000000000009 1.5000000000000002 3.5000000000000004
decision_type=2 2 2 2
left_child=2 3 -1 -2
right_child=1 -3 -4 -5
leaf_value=-0.016528309103973762 0.0043527826351799975 0.014912795399286749 -0.0072327624406005007 0.0072863151175324619
leaf_weight=167719 161200 143077 168994 159010
leaf_count=167719 161200 143077 168994 159010
internal_value=-5.76719e-07 0.00862088 -0.0118629 0.00580952
internal_weight=800000 463287 336713 320210
internal_count=800000 463287 336713 320210
is_linear=0
shrinkage=0.05


Tree=137
num_leaves=5
num_cat=0
split_feature=0 0 0 0
split_gain=29533.1 2959.25 2626.75 248.816
threshold=2.5000000000000004 4.5000000000000009 1.5000000000000002 3.5000000000000004
decision_type=2 2 2 2
left_child=2 3 -1 -2
right_child=1 -3 -4 -5
leaf_value=-0.015701501458563975 0.0041347408673307736 0.014168360352668647 -0.0068690268735509671 0.006922351559950312
leaf_weight=167719 161200 143077 168994 159010
leaf_count=167719 161200 143077 168994 159010
internal_value=1.81741e-07 0.00819019 -0.0112685 0.00551901
internal_weight=800000 463287 336713 320210
internal_count=800000 463287 336713 320210
is_linear=0
shrinkage=0.05


Tree=138
num_leaves=5
num_cat=0
split_feature=0 0 0 0
split_gain=26654.9 2670.78 2370.47 224.841
threshold=2.5000000000000004 4.5000000000000009 1.5000000000000002 3.5000000000000004
decision_type=2 2 2 2
left_child=2 3 -1 -2
right_child=1 -3 -4 -5
leaf_value=-0.014916867684552923 0.0039269896145198253 0.013459850975479262 -0.0065263201767522712 0.0065768946438388674
leaf_weight=167719 161200 143077 168994 159010
leaf_count=167719 161200 143077 168994 159010
internal_value=-1.66552e-07 0.00778053 -0.0107057 0.00524288
internal_weight=800000 463287 336713 320210
internal_count=800000 463287 336713 320210
is_linear=0
shrinkage=0.05


Tree=139
num_leaves=5
num_cat=0
split_feature=0 0 0 0
split_gain=24055.5 2410.02 2138.69 202.801
threshold=2.5000000000000004 4.5000000000000009 1.5000000000000002 3.5000000000000004
decision_type=2 2 2 2
left_child=2 3 -1 -2
right_child=1 -3 -4 -5
leaf_value=-0.014170367412013194 0.0037310296666829227 0.012786307547828089 -0.0062005649847774215 0.0062477073620853243
leaf_weight=167719 161200 143077 168994 159010
leaf_count=167719 161200 143077 168994 159010
internal_value=-2.27095e-07 0.00739135 -0.0101704 0.00498076
internal_weight=800000 463287 336713 320210
internal_count=800000 463287 336713 320210
is_linear=0
shrinkage=0.05


Tree=140
num_leaves=5
num_cat=0
split_feature=0 0 0 0
split_gain=21712.5 2175.9 1930.21 182.718
threshold=2.5000000000000004 4.5000000000000009 1.5000000000000002 3.5000000000000004
decision_type=2 2 2 2
left_child=2 3 -1 -2
right_child=1 -3 -4 -5
leaf_value=-0.013461888000714774 0.0035459511002003414 0.012148923302737924 -0.0058905020687542503 0.0059347710136527293
leaf_weight=167719 161200 143077 168994 159010
leaf_count=167719 161200 143077 168994 159010
internal_value=3.16069e-07 0.0070227 -0.00966186 0.00473219
internal_weight=800000 463287 336713 320210
internal_count=800000 463287 336713 320210
is_linear=0
shrinkage=0.05


Tree=141
num_leaves=5
num_cat=0
split_feature=0 0 0 0
split_gain=19596.2 1962.81 1741.99 165.068
threshold=2.5000000000000004 4.5000000000000009 1.5000000000000002 3.5000000000000004
decision_type=2 2 2 2
left_child=2 3 -1 -2
right_child=1 -3 -4 -5
leaf_value=-0.012789485123611555 0.0033681813374938211 0.011539874108870807 -0.0055967115744450548 0.0056386983020524101
leaf_weight=167719 161200 143077 168994 159010
leaf_count=167719 161200 143077 168994 159010
internal_value=-2.49393e-07 0.00667114 -0.00917948 0.00449568
internal_weight=800000 463287 336713 320210
internal_count=800000 463287 336713 320210
is_linear=0
shrinkage=0.05


Tree=142
num_leaves=5
num_cat=0
split_feature=0 0 0 0
split_gain=17685.2 1770.99 1572.51 148.722
threshold=2.5000000000000004 4.5000000000000009 1.5000000000000002 3.5000000000000004
decision_type=2 2 2 2
left_child=2 3 -1 -2
right_child=1 -3 -4 -5
leaf_value=-0.01215012830925387 0.0032010713250702131 0.010962440849297855 -0.0053162011357907463 0.0053562337024790204
leaf_weight=167719 161200 143077 168994 159010
leaf_count=167719 161200 143077 168994 159010
internal_value=-4.11208e-08 0.00633771 -0.00872023 0.00427128
internal_weight=800000 463287 336713 320210
internal_count=800000 463287 336713 320210
is_linear=0
shrinkage=0.05


Tree=143
num_leaves=5
num_cat=0
split_feature=0 0 0 0
split_gain=15960.8 1599.49 1419.87 134.426
threshold=2.5000000000000004 4.5000000000000009 1.5000000000000002 3.5000000000000004
decision_type=2 2 2 2
left_child=2 3 -1 -2
right_child=1 -3 -4 -5
leaf_value=-0.011543085333030412 0.0030397667518028849 0.010416163559811542 -0.0050492989999584284 0.0050887339355495621
leaf_weight=167719 161200 143077 168994 159010
leaf_count=167719 161200 143077 168994 159010
internal_value=2.34316e-07 0.00602107 -0.0082839 0.00405724
internal_weight=800000 463287 336713 320210
internal_count=800000 463287 336713 320210
is_linear=0
shrinkage=0.05


Tree=144
num_leaves=5
num_cat=0
split_feature=0 0 0 0
split_gain=14402.8 1442.42 1281.09 121.369
threshold=2.5000000000000004 4.5000000000000009 1.5000000000000002 3.5000000000000004
decision_type=2 2 2 2
left_child=2 3 -1 -2
right_child=1 -3 -4 -5
leaf_value=-0.010965057795390877 0.0028879334565723508 0.0098933644339630668 -0.0047967933158992344 0.0048348495814944355
leaf_weight=167719 161200 143077 168994 159010
leaf_count=167719 161200 143077 168994 159010
internal_value=1.99238e-07 0.00571965 -0.00786925 0.00385473
internal_weight=800000 463287 336713 320210
internal_count=800000 463287 336713 320210
is_linear=0
shrinkage=0.05


Tree=145
num_leaves=5
num_cat=0
split_feature=0 0 0 0
split_gain=12998.3 1302.46 1156.51 109.495
threshold=2.5000000000000004 4.5000000000000009 1.5000000000000002 3.5000000000000004
decision_type=2 2 2 2
left_child=2 3 -1 -2
right_child=1 -3 -4 -5
leaf_value=-0.01041706873563299 0.0027432518194686097 0.0093997256101963703 -0.0045563930869617422 0.004592480580616759
leaf_weight=167719 161200 143077 168994 159010
leaf_count=167719 161200 143077 168994 159010
internal_value=2.54534e-07 0.00543367 -0.00747563 0.00366154
internal_weight=800000 463287 336713 320210
internal_count=800000 463287 336713 320210
is_linear=0
shrinkage=0.05


Tree=146
num_leaves=5
num_cat=0
split_feature=0 0 0 0
split_gain=11731.7 1175.05 1043.53 98.5739
threshold=2.5000000000000004 4.5000000000000009 1.5000000000000002 3.5000000000000004
decision_type=2 2 2 2
left_child=2 3 -1 -2
right_child=1 -3 -4 -5
leaf_value=-0.0098963941566329421 0.0026074034593833 0.0089290064829949927 -0.004329345208144814 0.0043619852379113431
leaf_weight=167719 161200 143077 168994 159010
leaf_count=167719 161200 143077 168994 159010
internal_value=1.84405e-09 0.00516192 -0.00710233 0.00347869
internal_weight=800000 463287 336713 320210
internal_count=800000 463287 336713 320210
is_linear=0
shrinkage=0.05


Tree=147
num_leaves=5
num_cat=0
split_feature=0 0 0 0
split_gain=10586 1061.48 941.452 89.2313
threshold=2.5000000000000004 4.5000000000000009 1.5000000000000002 3.5000000000000004
decision_type=2 2 2 2
left_child=2 3 -1 -2
right_child=1 -3 -4 -5
leaf_value=-0.0094003785097840492 0.0024747447020954296 0.0084839423780244585 -0.0041126131674229767 0.0041441097266118818
leaf_weight=167719 161200 143077 168994 159010
leaf_count=167719 161200 143077 168994 159010
internal_value=1.39655e-07 0.00490353 -0.00674648 0.00330372
internal_weight=800000 463287 336713 320210
internal_count=800000 463287 336713 320210
is_linear=0
shrinkage=0.05


Tree=148
num_leaves=5
num_cat=0
split_feature=0 0 0 0
split_gain=9554.94 957.825 850.11 80.3056
threshold=2.5000000000000004 4.5000000000000009 1.5000000000000002 3.5000000000000004
decision_type=2 2 2 2
left_child=2 3 -1 -2
right_child=1 -3 -4 -5
leaf_value=-0.0089313189545918679 0.0023525598114240852 0.0080597805908713318 -0.0039066133075112185 0.0039362332671102913
leaf_weight=167719 161200 143077 168994 159010
leaf_count=167719 161200 143077 168994 159010
internal_value=1.95285e-07 0.00465867 -0.00640945 0.00313898
internal_weight=800000 463287 336713 320210
internal_count=800000 463287 336713 320210
is_linear=0
shrinkage=0.05


Tree=149
num_leaves=5
num_cat=0
split_feature=0 0 0 0
split_gain=8622.36 864.811 767.281 72.5176
threshold=2.5000000000000004 4.5000000000000009 1.5000000000000002 3.5000000000000004
decision_type=2 2 2 2
left_child=2 3 -1 -2
right_child=1 -3 -4 -5
leaf_value=-0.0084849491991298032 0.002233700394926237 0.0076567880672925503 -0.003711300412484163 0.0037386238007461208
leaf_weight=167719 161200 143077 168994 159010
leaf_count=167719 161200 143077 168994 159010
internal_value=-2.66695e-07 0.00442504 -0.00608909 0.00298102
internal_weight=800000 463287 336713 320210
internal_count=800000 463287 336713 320210
is_linear=0
shrinkage=0.05


Tree=150
num_leaves=5
num_cat=0
split_feature=0 0 0 0
split_gain=7782.55 779.326 692.246 65.5369
threshold=2.5000000000000004 4.5000000000000009 1.5000000000000002 3.5000000000000004
decision_type=2 2 2 2
left_child=2 3 -1 -2
right_child=1 -3 -4 -5
leaf_value=-0.0080607126360420223 0.0021227308514692057 0.0072718315562032652 -0.0035264850702548403 0.0035533878160163251
leaf_weight=167719 161200 143077 168994 159010
leaf_count=167719 161200 143077 168994 159010
internal_value=-3.11534e-07 0.00420396 -0.00578501 0.00283317
internal_weight=800000 463287 336713 320210
internal_count=800000 463287 336713 320210
is_linear=0
shrinkage=0.05


Tree=151
num_leaves=5
num_cat=0
split_feature=0 0 0 0
split_gain=7025.21 703.508 624.444 59.0364
threshold=2.5000000000000004 4.5000000000000009 1.5000000000000002 3.5000000000000004
decision_type=2 2 2 2
left_child=2 3 -1 -2
right_child=1 -3 -4 -5
leaf_value=-0.0076573321341655148 0.0020178690548274419 0.0069093829234373912 -0.0033508783752614051 0.0033757221407128926
leaf_weight=167719 161200 143077 168994 159010
leaf_count=167719 161200 143077 168994 159010
internal_value=8.67768e-08 0.00399456 -0.00549595 0.00269215
internal_weight=800000 463287 336713 320210
internal_count=800000 463287 336713 320210
is_linear=0
shrinkage=0.05


Tree=152
num_leaves=5
num_cat=0
split_feature=0 0 0 0
split_gain=6337.35 634.602 563.686 53.4156
threshold=2.5000000000000004 4.5000000000000009 1.5000000000000002 3.5000000000000004
decision_type=2 2 2 2
left_child=2 3 -1 -2
right_child=1 -3 -4 -5
leaf_value=-0.0072730674489709171 0.0019160349303972042 0.0065627927000358969 -0.0031814793227673936 0.0032076309315176642
leaf_weight=167719 161200 143077 168994 159010
leaf_count=167719 161200 143077 168994 159010
internal_value=5.155e-07 0.0037944 -0.00521953 0.00255742
internal_weight=800000 463287 336713 320210
internal_count=800000 463287 336713 320210
is_linear=0
shrinkage=0.05


Tree=153
num_leaves=5
num_cat=0
split_feature=0 0 0 0
split_gain=5719.62 572.895 508.644 48.2279
threshold=2.5000000000000004 4.5000000000000009 1.5000000000000002 3.5000000000000004
decision_type=2 2 2 2
left_child=2 3 -1 -2
right_child=1 -3 -4 -5
leaf_value=-0.0069101775428677768 0.0018191330012849189 0.0062342359342522887 -0.0030234844237063394 0.0030464080573402784
leaf_weight=167719 161200 143077 168994 159010
leaf_count=167719 161200 143077 168994 159010
internal_value=-3.61793e-07 0.00360388 -0.00495947 0.00242857
internal_weight=800000 463287 336713 320210
internal_count=800000 463287 336713 320210
is_linear=0
shrinkage=0.05


Tree=154
num_leaves=5
num_cat=0
split_feature=0 0 0 0
split_gain=5163.29 517.41 459.02 43.5169
threshold=2.5000000000000004 4.5000000000000009 1.5000000000000002 3.5000000000000004
decision_type=2 2 2 2
left_child=2 3 -1 -2
right_child=1 -3 -4 -5
leaf_value=-0.0065644888522797418 0.0017289963099855938 0.0059245850710829273 -0.0028722565389985074 0.0028947893558572014
leaf_weight=167719 161200 143077 168994 159010
leaf_count=167719 161200 143077 168994 159010
internal_value=3.78614e-07 0.00342485 -0.00471138 0.00230791
internal_weight=800000 463287 336713 320210
internal_count=800000 463287 336713 320210
is_linear=0
shrinkage=0.05


Tree=155
num_leaves=5
num_cat=0
split_feature=0 0 0 0
split_gain=4661.07 467.096 414.569 39.2573
threshold=2.5000000000000004 4.5000000000000009 1.5000000000000002 3.5000000000000004
decision_type=2 2 2 2
left_child=2 3 -1 -2
right_child=1 -3 -4 -5
leaf_value=-0.0062379320326314235 0.0016424883991553827 0.0056286747640213568 -0.002729028584199602 0.0027497570755031751
leaf_weight=167719 161200 143077 168994 159010
leaf_count=167719 161200 143077 168994 159010
internal_value=-8.40968e-08 0.00325358 -0.00447684 0.00219234
internal_weight=800000 463287 336713 320210
internal_count=800000 463287 336713 320210
is_linear=0
shrinkage=0.05


Tree=156
num_leaves=5
num_cat=0
split_feature=0 0 0 0
split_gain=4206.84 421.275 373.579 35.5853
threshold=2.5000000000000004 4.5000000000000009 1.5000000000000002 3.5000000000000004
decision_type=2 2 2 2
left_child=2 3 -1 -2
right_child=1 -3 -4 -5
leaf_value=-0.0059250806185520534 0.0015594254297299067 0.0053463659428673333 -0.0025941602844897775 0.0026136382640768816
leaf_weight=167719 161200 143077 168994 159010
leaf_count=167719 161200 143077 168994 159010
internal_value=-2.8765e-07 0.00309078 -0.00425331 0.00208293
internal_weight=800000 463287 336713 320210
internal_count=800000 463287 336713 320210
is_linear=0
shrinkage=0.05


Tree=157
num_leaves=5
num_cat=0
split_feature=0 0 0 0
split_gain=3795.7 380.122 337.651 31.825
threshold=2.5000000000000004 4.5000000000000009 1.5000000000000002 3.5000000000000004
decision_type=2 2 2 2
left_child=2 3 -1 -2
right_child=1 -3 -4 -5
leaf_value=-0.0056289582504427038 0.0014839490743783804 0.0050789655074348575 -0.0024622550894920999 0.0024809074488820297
leaf_weight=167719 161200 143077 168994 159010
leaf_count=167719 161200 143077 168994 159010
internal_value=2.44058e-07 0.00293638 -0.00403961 0.00197902
internal_weight=800000 463287 336713 320210
internal_count=800000 463287 336713 320210
is_linear=0
shrinkage=0.05


Tree=158
num_leaves=5
num_cat=0
split_feature=0 0 0 0
split_gain=3425.56 343.315 304.595 28.881
threshold=2.5000000000000004 4.5000000000000009 1.5000000000000002 3.5000000000000004
decision_type=2 2 2 2
left_child=2 3 -1 -2
right_child=1 -3 -4 -5
leaf_value=-0.0053474132763593075 0.001407818796616926 0.0048254765385561671 -0.0023397140898408202 0.0023575457092591275
leaf_weight=167719 161200 143077 168994 159010
leaf_count=167719 161200 143077 168994 159010
internal_value=-4.00128e-08 0.00278926 -0.00383787 0.00187943
internal_weight=800000 463287 336713 320210
internal_count=800000 463287 336713 320210
is_linear=0
shrinkage=0.05


Tree=159
num_leaves=5
num_cat=0
split_feature=0 0 0 0
split_gain=3090.59 309.562 274.995 26.0179
threshold=2.5000000000000004 4.5000000000000009 1.5000000000000002 3.5000000000000004
decision_type=2 2 2 2
left_child=2 3 -1 -2
right_child=1 -3 -4 -5
leaf_value=-0.0050794442228409235 0.0013380884449771854 0.004583196469312165 -0.002221621428909915 0.0022395112389896241
leaf_weight=167719 161200 143077 168994 159010
leaf_count=167719 161200 143077 168994 159010
internal_value=2.43179e-07 0.00264966 -0.00364512 0.00178572
internal_weight=800000 463287 336713 320210
internal_count=800000 463287 336713 320210
is_linear=0
shrinkage=0.05


Tree=160
num_leaves=5
num_cat=0
split_feature=0 0 0 0
split_gain=2789.75 279.365 248.261 23.3295
threshold=2.5000000000000004 4.5000000000000009 1.5000000000000002 3.5000000000000004
decision_type=2 2 2 2
left_child=2 3 -1 -2
right_child=1 -3 -4 -5
leaf_value=-0.0048259784127665751 0.0012728134041684437 0.0043542188553505603 -0.0021106175036523871 0.0021263963283588961
leaf_weight=167719 161200 143077 168994 159010
leaf_count=167719 161200 143077 168994 159010
internal_value=2.43005e-07 0.00251741 -0.00346316 0.00169669
internal_weight=800000 463287 336713 320210
internal_count=800000 463287 336713 320210
is_linear=0
shrinkage=0.05


Tree=161
num_leaves=5
num_cat=0
split_feature=0 0 0 0
split_gain=2518.75 252.535 224.042 21.2
threshold=2.5000000000000004 4.5000000000000009 1.5000000000000002 3.5000000000000004
decision_type=2 2 2 2
left_child=2 3 -1 -2
right_child=1 -3 -4 -5
leaf_value=-0.0045854644546409629 0.0012074593101482536 0.0041382243563832816 -0.0020059477537032739 0.0020211523939592945
leaf_weight=167719 161200 143077 168994 159010
leaf_count=167719 161200 143077 168994 159010
internal_value=5.99521e-08 0.00239184 -0.00329082 0.00161152
internal_weight=800000 463287 336713 320210
internal_count=800000 463287 336713 320210
is_linear=0
shrinkage=0.05


Tree=162
num_leaves=5
num_cat=0
split_feature=0 0 0 0
split_gain=2273.2 227.794 201.844 19.1878
threshold=2.5000000000000004 4.5000000000000009 1.5000000000000002 3.5000000000000004
decision_type=2 2 2 2
left_child=2 3 -1 -2
right_child=1 -3 -4 -5
leaf_value=-0.0043555984837158569 0.0011462831426199257 0.0039304327849636863 -0.0019072076284695088 0.0019203977025265169
leaf_weight=167719 161200 143077 168994 159010
leaf_count=167719 161200 143077 168994 159010
internal_value=-4.06819e-07 0.00227181 -0.00312677 0.00153069
internal_weight=800000 463287 336713 320210
internal_count=800000 463287 336713 320210
is_linear=0
shrinkage=0.05


Tree=163
num_leaves=5
num_cat=0
split_feature=0 0 0 0
split_gain=2051.36 204.924 182.437 17.2621
threshold=2.5000000000000004 4.5000000000000009 1.5000000000000002 3.5000000000000004
decision_type=2 2 2 2
left_child=2 3 -1 -2
right_child=1 -3 -4 -5
leaf_value=-0.0041383067459536682 0.0010908087690178279 0.003731506168115364 -0.0018105920851466933 0.0018250516732303866
leaf_weight=167719 161200 143077 168994 159010
leaf_count=167719 161200 143077 168994 159010
internal_value=-1.4915e-07 0.00215834 -0.00297004 0.00145542
internal_weight=800000 463287 336713 320210
internal_count=800000 463287 336713 320210
is_linear=0
shrinkage=0.05


Tree=164
num_leaves=5
num_cat=0
split_feature=0 0 0 0
split_gain=1850.96 185.171 164.592 15.6867
threshold=2.5000000000000004 4.5000000000000009 1.5000000000000002 3.5000000000000004
decision_type=2 2 2 2
left_child=2 3 -1 -2
right_child=1 -3 -4 -5
leaf_value=-0.0039306734380978548 0.0010346695258658814 0.0035458578122552231 -0.0017197307677548719 0.0017346059024787521
leaf_weight=167719 161200 143077 168994 159010
leaf_count=167719 161200 143077 168994 159010
internal_value=8.28882e-08 0.00205043 -0.00282102 0.00138224
internal_weight=800000 463287 336713 320210
internal_count=800000 463287 336713 320210
is_linear=0
shrinkage=0.05


Tree=165
num_leaves=5
num_cat=0
split_feature=0 0 0 0
split_gain=1669.52 167.437 148.545 14.0378
threshold=2.5000000000000004 4.5000000000000009 1.5000000000000002 3.5000000000000004
decision_type=2 2 2 2
left_child=2 3 -1 -2
right_child=1 -3 -4 -5
leaf_value=-0.0037327557294889696 0.00098376715686126028 0.0033699648127175283 -0.0016323545731706649 0.0016458946272649298
leaf_weight=167719 161200 143077 168994 159010
leaf_count=167719 161200 143077 168994 159010
internal_value=6.86549e-07 0.00194795 -0.00267858 0.00131257
internal_weight=800000 463287 336713 320210
internal_count=800000 463287 336713 320210
is_linear=0
shrinkage=0.05


Tree=166
num_leaves=5
num_cat=0
split_feature=0 0 0 0
split_gain=1508.08 151.055 133.993 12.6799
threshold=2.5000000000000004 4.5000000000000009 1.5000000000000002 3.5000000000000004
decision_type=2 2 2 2
left_child=2 3 -1 -2
right_child=1 -3 -4 -5
leaf_value=-0.0035476700210050438 0.00093469909402927763 0.0032013562913785058 -0.001552802275410446 0.0015639898004970285
leaf_weight=167719 161200 143077 168994 159010
leaf_count=167719 161200 143077 168994 159010
internal_value=-2.74622e-08 0.0018507 -0.00254646 0.00124719
internal_weight=800000 463287 336713 320210
internal_count=800000 463287 336713 320210
is_linear=0
shrinkage=0.05


Tree=167
num_leaves=5
num_cat=0
split_feature=0 0 0 0
split_gain=1360.93 136.463 121.161 11.5096
threshold=2.5000000000000004 4.5000000000000009 1.5000000000000002 3.5000000000000004
decision_type=2 2 2 2
left_child=2 3 -1 -2
right_child=1 -3 -4 -5
leaf_value=-0.0033701305180609108 0.00088772149003173227 0.0030428189786137032 -0.0014731842270898799 0.001487268273706414
leaf_weight=167719 161200 143077 168994 159010
leaf_count=167719 161200 143077 168994 159010
internal_value=9.43035e-07 0.00175906 -0.00241807 0.00118544
internal_weight=800000 463287 336713 320210
internal_count=800000 463287 336713 320210
is_linear=0
shrinkage=0.05


Tree=168
num_leaves=5
num_cat=0
split_feature=0 0 0 0
split_gain=1227.45 123.177 109.242 10.328
threshold=2.5000000000000004 4.5000000000000009 1.5000000000000002 3.5000000000000004
decision_type=2 2 2 2
left_child=2 3 -1 -2
right_child=1 -3 -4 -5
leaf_value=-0.003201501899666562 0.00084251977906333599 0.0028891953631673233 -0.0014002764785239117 0.0014104585729749779
leaf_weight=167719 161200 143077 168994 159010
leaf_count=167719 161200 143077 168994 159010
internal_value=-1.53012e-07 0.00166952 -0.00229748 0.00112455
internal_weight=800000 463287 336713 320210
internal_count=800000 463287 336713 320210
is_linear=0
shrinkage=0.05


Tree=169
num_leaves=5
num_cat=0
split_feature=0 0 0 0
split_gain=1108.44 110.835 98.8186 9.35636
threshold=2.5000000000000004 4.5000000000000009 1.5000000000000002 3.5000000000000004
decision_type=2 2 2 2
left_child=2 3 -1 -2
right_child=1 -3 -4 -5
leaf_value=-0.0030430937716882708 0.00080112050248138961 0.0027434623737084985 -0.0013299550872098098 0.0013416832460936387
leaf_weight=167719 161200 143077 168994 159010
leaf_count=167719 161200 143077 168994 159010
internal_value=-1.63788e-07 0.00158651 -0.00218328 0.00106955
internal_weight=800000 463287 336713 320210
internal_count=800000 463287 336713 320210
is_linear=0
shrinkage=0.05


Tree=170
num_leaves=5
num_cat=0
split_feature=0 0 0 0
split_gain=999.724 100.052 88.9834 8.40798
threshold=2.5000000000000004 4.5000000000000009 1.5000000000000002 3.5000000000000004
decision_type=2 2 2 2
left_child=2 3 -1 -2
right_child=1 -3 -4 -5
leaf_value=-0.0028898809099138535 0.00076053418710864812 0.0026053997720391926 -0.0012642283977832378 0.0012729688656644231
leaf_weight=167719 161200 143077 168994 159010
leaf_count=167719 161200 143077 168994 159010
internal_value=-6.86596e-07 0.00150616 -0.00207398 0.001015
internal_weight=800000 463287 336713 320210
internal_count=800000 463287 336713 320210
is_linear=0
shrinkage=0.05


Tree=171
num_leaves=5
num_cat=0
split_feature=0 0 0 0
split_gain=903.11 90.5637 80.0988 7.57077
threshold=2.5000000000000004 4.5000000000000009 1.5000000000000002 3.5000000000000004
decision_type=2 2 2 2
left_child=2 3 -1 -2
right_child=1 -3 -4 -5
leaf_value=-0.0027445857209106059 0.00072351059073549938 0.0024780820278673581 -0.0012022238880286904 0.0012097639276144542
leaf_weight=167719 161200 143077 168994 159010
leaf_count=167719 161200 143077 168994 159010
internal_value=7.90192e-08 0.00143227 -0.00197048 0.000964974
internal_weight=800000 463287 336713 320210
internal_count=800000 463287 336713 320210
is_linear=0
shrinkage=0.05


Tree=172
num_leaves=5
num_cat=0
split_feature=0 0 0 0
split_gain=814.887 81.5306 72.4993 6.83519
threshold=2.5000000000000004 4.5000000000000009 1.5000000000000002 3.5000000000000004
decision_type=2 2 2 2
left_child=2 3 -1 -2
right_child=1 -3 -4 -5
leaf_value=-0.0026083467774582828 0.00068758493144222292 0.0023526834761878864 -0.0011409751169483783 0.0011496126935899007
leaf_weight=167719 161200 143077 168994 159010
leaf_count=167719 161200 143077 168994 159010
internal_value=-4.22038e-08 0.0013604 -0.00187188 0.000917019
internal_weight=800000 463287 336713 320210
internal_count=800000 463287 336713 320210
is_linear=0
shrinkage=0.05


Tree=173
num_leaves=5
num_cat=0
split_feature=0 0 0 0
split_gain=735.586 73.711 65.5619 6.16498
threshold=2.5000000000000004 4.5000000000000009 1.5000000000000002 3.5000000000000004
decision_type=2 2 2 2
left_child=2 3 -1 -2
right_child=1 -3 -4 -5
leaf_value=-0.0024781175174580878 0.00065372951687417619 0.0022367070390550965 -0.0010827170573281205 0.0010925214316558406
leaf_weight=167719 161200 143077 168994 159010
leaf_count=167719 161200 143077 168994 159010
internal_value=6.55357e-07 0.0012932 -0.00177778 0.000871625
internal_weight=800000 463287 336713 320210
internal_count=800000 463287 336713 320210
is_linear=0
shrinkage=0.05


Tree=174
num_leaves=5
num_cat=0
split_feature=0 0 0 0
split_gain=663.953 66.4695 58.7966 5.63329
threshold=2.5000000000000004 4.5000000000000009 1.5000000000000002 3.5000000000000004
decision_type=2 2 2 2
left_child=2 3 -1 -2
right_child=1 -3 -4 -5
leaf_value=-0.0023531052757197546 0.00061911586733077355 0.0021236986175355594 -0.0010316598894627223 0.0010385596701937064
leaf_weight=167719 161200 143077 168994 159010
leaf_count=167719 161200 143077 168994 159010
internal_value=-2.61896e-07 0.00122774 -0.00168988 0.000827403
internal_weight=800000 463287 336713 320210
internal_count=800000 463287 336713 320210
is_linear=0
shrinkage=0.05


Tree=175
num_leaves=5
num_cat=0
split_feature=0 0 0 0
split_gain=599.323 60.0091 53.1029 5.04893
threshold=2.5000000000000004 4.5000000000000009 1.5000000000000002 3.5000000000000004
decision_type=2 2 2 2
left_child=2 3 -1 -2
right_child=1 -3 -4 -5
leaf_value=-0.0022352652638475924 0.00058944131836997666 0.0020183197265226994 -0.00097943071469891885 0.00098653454142136831
leaf_weight=167719 161200 143077 168994 159010
leaf_count=167719 161200 143077 168994 159010
internal_value=3.09451e-07 0.00116701 -0.00160497 0.00078663
internal_weight=800000 463287 336713 320210
internal_count=800000 463287 336713 320210
is_linear=0
shrinkage=0.05


Tree=176
num_leaves=5
num_cat=0
split_feature=0 0 0 0
split_gain=540.875 54.2571 47.9569 4.61661
threshold=2.5000000000000004 4.5000000000000009 1.5000000000000002 3.5000000000000004
decision_type=2 2 2 2
left_child=2 3 -1 -2
right_child=1 -3 -4 -5
leaf_value=-0.0021240961119590425 0.00055797956480873429 0.0019177099962825791 -0.00093066111690740146 0.00093769143148155593
leaf_weight=167719 161200 143077 168994 159010
leaf_count=167719 161200 143077 168994 159010
internal_value=-1.23259e-07 0.00110823 -0.00152512 0.000746537
internal_weight=800000 463287 336713 320210
internal_count=800000 463287 336713 320210
is_linear=0
shrinkage=0.05


Tree=177
num_leaves=5
num_cat=0
split_feature=0 0 0 0
split_gain=488.118 48.9883 43.4349 4.09857
threshold=2.5000000000000004 4.5000000000000009 1.5000000000000002 3.5000000000000004
decision_type=2 2 2 2
left_child=2 3 -1 -2
right_child=1 -3 -4 -5
leaf_value=-0.0020185628232228733 0.00053175513028506905 0.0018222750068511565 -0.00088278720120330521 0.0008895291299102037
leaf_weight=167719 161200 143077 168994 159010
leaf_count=167719 161200 143077 168994 159010
internal_value=1.89396e-07 0.0010531 -0.00144852 0.000709419
internal_weight=800000 463287 336713 320210
internal_count=800000 463287 336713 320210
is_linear=0
shrinkage=0.05


Tree=178
num_leaves=5
num_cat=0
split_feature=0 0 0 0
split_gain=440.014 43.9888 39.2356 3.70949
threshold=2.5000000000000004 4.5000000000000009 1.5000000000000002 3.5000000000000004
decision_type=2 2 2 2
left_child=2 3 -1 -2
right_child=1 -3 -4 -5
leaf_value=-0.0019171635408414965 0.0005050875046117134 0.0017286491717984427 -0.00083768654923786821 0.00084545648620530623
leaf_weight=167719 161200 143077 168994 159010
leaf_count=167719 161200 143077 168994 159010
internal_value=9.66582e-08 0.000999782 -0.00137538 0.000674108
internal_weight=800000 463287 336713 320210
internal_count=800000 463287 336713 320210
is_linear=0
shrinkage=0.05


Tree=179
num_leaves=5
num_cat=0
split_feature=0 0 0 0
split_gain=397.437 39.6082 35.433 3.35641
threshold=2.5000000000000004 4.5000000000000009 1.5000000000000002 3.5000000000000004
decision_type=2 2 2 2
left_child=2 3 -1 -2
right_child=1 -3 -4 -5
leaf_value=-0.0018223269067244943 0.00048004948353353268 0.0016414813163111734 -0.0007964930218397582 0.00080381457966518491
leaf_weight=167719 161200 143077 168994 159010
leaf_count=167719 161200 143077 168994 159010
internal_value=-2.30791e-07 0.000949858 -0.00130747 0.000640825
internal_weight=800000 463287 336713 320210
internal_count=800000 463287 336713 320210
is_linear=0
shrinkage=0.05


Tree=180
num_leaves=5
num_cat=0
split_feature=0 0 0 0
split_gain=358.551 36.0312 31.8851 2.99867
threshold=2.5000000000000004 4.5000000000000009 1.5000000000000002 3.5000000000000004
decision_type=2 2 2 2
left_child=2 3 -1 -2
right_child=1 -3 -4 -5
leaf_value=-0.0017296786614458975 0.00045606179627827916 0.0015624313917323805 -0.0007565575314607601 0.00076208682504362091
leaf_weight=167719 161200 143077 168994 159010
leaf_count=167719 161200 143077 168994 159010
internal_value=3.63656e-07 0.000902776 -0.00124128 0.000608028
internal_weight=800000 463287 336713 320210
internal_count=800000 463287 336713 320210
is_linear=0
shrinkage=0.05


Tree=181
num_leaves=5
num_cat=0
split_feature=0 0 0 0
split_gain=323.466 32.3355 28.7594 2.69521
threshold=2.5000000000000004 4.5000000000000009 1.5000000000000002 3.5000000000000004
decision_type=2 2 2 2
left_child=2 3 -1 -2
right_child=1 -3 -4 -5
leaf_value=-0.0016434552645799715 0.00043354993777594553 0.0014817554090186295 -0.00071926147868334547 0.00072367735924446983
leaf_weight=167719 161200 143077 168994 159010
leaf_count=167719 161200 143077 168994 159010
internal_value=-2.80303e-07 0.000856845 -0.00117961 0.000577622
internal_weight=800000 463287 336713 320210
internal_count=800000 463287 336713 320210
is_linear=0
shrinkage=0.05


Tree=182
num_leaves=5
num_cat=0
split_feature=0 0 0 0
split_gain=291.674 29.3164 25.9033 2.44954
threshold=2.5000000000000004 4.5000000000000009 1.5000000000000002 3.5000000000000004
decision_type=2 2 2 2
left_child=2 3 -1 -2
right_child=1 -3 -4 -5
leaf_value=-0.001560223949733898 0.00041055708191826685 0.0014087967009542273 -0.00068312050984529571 0.00068714629298568142
leaf_weight=167719 161200 143077 168994 159010
leaf_count=167719 161200 143077 168994 159010
internal_value=-1.38911e-07 0.000813775 -0.00112001 0.000547906
internal_weight=800000 463287 336713 320210
internal_count=800000 463287 336713 320210
is_linear=0
shrinkage=0.05


Tree=183
num_leaves=5
num_cat=0
split_feature=0 0 0 0
split_gain=263.637 26.3918 23.4944 2.23114
threshold=2.5000000000000004 4.5000000000000009 1.5000000000000002 3.5000000000000004
decision_type=2 2 2 2
left_child=2 3 -1 -2
right_child=1 -3 -4 -5
leaf_value=-0.0014844415492314468 0.00038995637254738628 0.0013378611972515852 -0.00064911757866834051 0.00065392711463795321
leaf_weight=167719 161200 143077 168994 159010
leaf_count=167719 161200 143077 168994 159010
internal_value=-5.0868e-07 0.000773298 -0.0010652 0.000521039
internal_weight=800000 463287 336713 320210
internal_count=800000 463287 336713 320210
is_linear=0
shrinkage=0.05


Tree=184
num_leaves=5
num_cat=0
split_feature=0 0 0 0
split_gain=238.275 23.8718 21.2015 1.97993
threshold=2.5000000000000004 4.5000000000000009 1.5000000000000002 3.5000000000000004
decision_type=2 2 2 2
left_child=2 3 -1 -2
right_child=1 -3 -4 -5
leaf_value=-0.0014105956105591314 0.00037209889433224212 0.0012724286203804258 -0.00061707858205686697 0.00062076576550301797
leaf_weight=167719 161200 143077 168994 159010
leaf_count=167719 161200 143077 168994 159010
internal_value=-1.50859e-07 0.000735496 -0.00101233 0.000495582
internal_weight=800000 463287 336713 320210
internal_count=800000 463287 336713 320210
is_linear=0
shrinkage=0.05


Tree=185
num_leaves=5
num_cat=0
split_feature=0 0 0 0
split_gain=214.545 21.6142 19.1104 1.81555
threshold=2.5000000000000004 4.5000000000000009 1.5000000000000002 3.5000000000000004
decision_type=2 2 2 2
left_child=2 3 -1 -2
right_child=1 -3 -4 -5
leaf_value=-0.0013388498292616299 0.00035124128923818437 0.0012086879077515902 -0.00058547985325613336 0.00058936186132472416
leaf_weight=167719 161200 143077 168994 159010
leaf_count=167719 161200 143077 168994 159010
internal_value=-2.78965e-07 0.000697775 -0.000960738 0.000469487
internal_weight=800000 463287 336713 320210
internal_count=800000 463287 336713 320210
is_linear=0
shrinkage=0.05


Tree=186
num_leaves=5
num_cat=0
split_feature=0 0 0 0
split_gain=193.824 19.3374 17.2139 1.6484
threshold=2.5000000000000004 4.5000000000000009 1.5000000000000002 3.5000000000000004
decision_type=2 2 2 2
left_child=2 3 -1 -2
right_child=1 -3 -4 -5
leaf_value=-0.0012708531194564558 0.00033579518244816709 0.0011476516750294661 -0.00055584258276557014 0.00056268967305269713
leaf_weight=167719 161200 143077 168994 159010
leaf_count=167719 161200 143077 168994 159010
internal_value=9.07189e-07 0.000664396 -0.000911994 0.000448467
internal_weight=800000 463287 336713 320210
internal_count=800000 463287 336713 320210
is_linear=0
shrinkage=0.05


Tree=187
num_leaves=5
num_cat=0
split_feature=0 0 0 0
split_gain=174.724 17.61 15.5752 1.4785
threshold=2.5000000000000004 4.5000000000000009 1.5000000000000002 3.5000000000000004
decision_type=2 2 2 2
left_child=2 3 -1 -2
right_child=1 -3 -4 -5
leaf_value=-0.0012086196870562571 0.00031666867845407491 0.0010906002481638765 -0.00052849252569588969 0.00053155232297497784
leaf_weight=167719 161200 143077 168994 159010
leaf_count=167719 161200 143077 168994 159010
internal_value=-5.14517e-07 0.000629435 -0.000867268 0.000423376
internal_weight=800000 463287 336713 320210
internal_count=800000 463287 336713 320210
is_linear=0
shrinkage=0.05


Tree=188
num_leaves=5
num_cat=0
split_feature=0 0 0 0
split_gain=157.82 15.7437 14.0018 1.33552
threshold=2.5000000000000004 4.5000000000000009 1.5000000000000002 3.5000000000000004
decision_type=2 2 2 2
left_child=2 3 -1 -2
right_child=1 -3 -4 -5
leaf_value=-0.0011475358174719865 0.0003023275039332085 0.0010346218073857235 -0.00050267613746598561 0.00050655664659042749
leaf_weight=167719 161200 143077 168994 159010
leaf_count=167719 161200 143077 168994 159010
internal_value=-1.24326e-07 0.000598578 -0.000823885 0.000403744
internal_weight=800000 463287 336713 320210
internal_count=800000 463287 336713 320210
is_linear=0
shrinkage=0.05


Tree=189
num_leaves=5
num_cat=0
split_feature=0 0 0 0
split_gain=142.26 14.2293 12.7284 1.1777
threshold=2.5000000000000004 4.5000000000000009 1.5000000000000002 3.5000000000000004
decision_type=2 2 2 2
left_child=2 3 -1 -2
right_child=1 -3 -4 -5
leaf_value=-0.001090896158109949 0.00028774508057397886 0.00098274950586978052 -0.00047605907454135646 0.00047952788422358247
leaf_weight=167719 161200 143077 168994 159010
leaf_count=167719 161200 143077 168994 159010
internal_value=-2.15066e-07 0.000568207 -0.000782314 0.000382981
internal_weight=800000 463287 336713 320210
internal_count=800000 463287 336713 320210
is_linear=0
shrinkage=0.05


Tree=190
num_leaves=5
num_cat=0
split_feature=0 0 0 0
split_gain=128.402 12.8805 11.3886 1.07826
threshold=2.5000000000000004 4.5000000000000009 1.5000000000000002 3.5000000000000004
decision_type=2 2 2 2
left_child=2 3 -1 -2
right_child=1 -3 -4 -5
leaf_value=-0.0010353391052329432 0.00027225293710864801 0.0009340149232979066 -0.00045376033000353957 0.00045576045291392759
leaf_weight=167719 161200 143077 168994 159010
leaf_count=167719 161200 143077 168994 159010
internal_value=-4.18895e-07 0.000539609 -0.000743449 0.000363379
internal_weight=800000 463287 336713 320210
internal_count=800000 463287 336713 320210
is_linear=0
shrinkage=0.05


Tree=191
num_leaves=5
num_cat=0
split_feature=0 0 0 0
split_gain=116.057 11.6093 10.3225 0.959186
threshold=2.5000000000000004 4.5000000000000009 1.5000000000000002 3.5000000000000004
decision_type=2 2 2 2
left_child=2 3 -1 -2
right_child=1 -3 -4 -5
leaf_value=-0.00098434973334803272 0.00026010727704902438 0.00088780138311733584 -0.00043066087691153582 0.00043318617097252337
leaf_weight=167719 161200 143077 168994 159010
leaf_count=167719 161200 143077 168994 159010
internal_value=-4.88407e-08 0.000513363 -0.000706457 0.000346055
internal_weight=800000 463287 336713 320210
internal_count=800000 463287 336713 320210
is_linear=0
shrinkage=0.05


Tree=192
num_leaves=5
num_cat=0
split_feature=0 0 0 0
split_gain=104.907 10.451 9.32326 0.880722
threshold=2.5000000000000004 4.5000000000000009 1.5000000000000002 3.5000000000000004
decision_type=2 2 2 2
left_child=2 3 -1 -2
right_child=1 -3 -4 -5
leaf_value=-0.00093540518796975808 0.00024734292610111664 0.00084370933153636693 -0.00040919777260606331 0.00041319164972801296
leaf_weight=167719 161200 143077 168994 159010
leaf_count=167719 161200 143077 168994 159010
internal_value=3.14366e-07 0.000488442 -0.000671305 0.0003297
internal_weight=800000 463287 336713 320210
internal_count=800000 463287 336713 320210
is_linear=0
shrinkage=0.05


Tree=193
num_leaves=5
num_cat=0
split_feature=0 0 0 0
split_gain=94.4798 9.41789 8.43712 0.788681
threshold=2.5000000000000004 4.5000000000000009 1.5000000000000002 3.5000000000000004
decision_type=2 2 2 2
left_child=2 3 -1 -2
right_child=1 -3 -4 -5
leaf_value=-0.00088819046669410531 0.00023501853374926094 0.00080089705400496192 -0.00038761420310716704 0.00039196209385442883
leaf_weight=167719 161200 143077 168994 159010
leaf_count=167719 161200 143077 168994 159010
internal_value=4.12421e-07 0.000463645 -0.000636955 0.000312954
internal_weight=800000 463287 336713 320210
internal_count=800000 463287 336713 320210
is_linear=0
shrinkage=0.05


Tree=194
num_leaves=5
num_cat=0
split_feature=0 0 0 0
split_gain=85.3003 8.55854 7.56959 0.710693
threshold=2.5000000000000004 4.5000000000000009 1.5000000000000002 3.5000000000000004
decision_type=2 2 2 2
left_child=2 3 -1 -2
right_child=1 -3 -4 -5
leaf_value=-0.00084362231944255675 0.0002224812756105333 0.00076161226297791792 -0.00036947933040681067 0.00037146320508550635
leaf_weight=167719 161200 143077 168994 159010
leaf_count=167719 161200 143077 168994 159010
internal_value=-3.96727e-08 0.000440115 -0.000605653 0.000296463
internal_weight=800000 463287 336713 320210
internal_count=800000 463287 336713 320210
is_linear=0
shrinkage=0.05


Tree=195
num_leaves=5
num_cat=0
split_feature=0 0 0 0
split_gain=77.0389 7.69307 6.88991 0.653893
threshold=2.5000000000000004 4.5000000000000009 1.5000000000000002 3.5000000000000004
decision_type=2 2 2 2
left_child=2 3 -1 -2
right_child=1 -3 -4 -5
leaf_value=-0.00080180419422540619 0.00021190794762547495 0.00072387569548561692 -0.00034944846779444883 0.00035481252353016402
leaf_weight=167719 161200 143077 168994 159010
leaf_count=167719 161200 143077 168994 159010
internal_value=7.69714e-07 0.000419067 -0.00057477 0.000282872
internal_weight=800000 463287 336713 320210
internal_count=800000 463287 336713 320210
is_linear=0
shrinkage=0.05


Tree=196
num_leaves=5
num_cat=0
split_feature=0 0 0 0
split_gain=69.4793 6.94738 6.16138 0.572946
threshold=2.5000000000000004 4.5000000000000009 1.5000000000000002 3.5000000000000004
decision_type=2 2 2 2
left_child=2 3 -1 -2
right_child=1 -3 -4 -5
leaf_value=-0.00076095065375482451 0.00020170962425970264 0.0006872219169758168 -0.00033317884061472437 0.00033547681724865495
leaf_weight=167719 161200 143077 168994 159010
leaf_count=167719 161200 143077 168994 159010
internal_value=3.17878e-07 0.000397562 -0.000546255 0.000268136
internal_weight=800000 463287 336713 320210
internal_count=800000 463287 336713 320210
is_linear=0
shrinkage=0.05


Tree=197
num_leaves=5
num_cat=0
split_feature=0 0 0 0
split_gain=62.6698 6.24072 5.58021 0.533609
threshold=2.5000000000000004 4.5000000000000009 1.5000000000000002 3.5000000000000004
decision_type=2 2 2 2
left_child=2 3 -1 -2
right_child=1 -3 -4 -5
leaf_value=-0.00072367129506316471 0.00019024891533863457 0.00065155505077557467 -0.00031657371357116299 0.0003193423631213595
leaf_weight=167719 161200 143077 168994 159010
leaf_count=167719 161200 143077 168994 159010
internal_value=-2.53985e-07 0.000377022 -0.000519352 0.000254354
internal_weight=800000 463287 336713 320210
internal_count=800000 463287 336713 320210
is_linear=0
shrinkage=0.05


Tree=198
num_leaves=5
num_cat=0
split_feature=0 0 0 0
split_gain=56.4853 5.64625 5.03411 0.489812
threshold=2.5000000000000004 4.5000000000000009 1.5000000000000002 3.5000000000000004
decision_type=2 2 2 2
left_child=2 3 -1 -2
right_child=1 -3 -4 -5
leaf_value=-0.00068710862274253633 0.00017985489705656067 0.00061908260327248944 -0.00030044391919704922 0.00030353714614444978
leaf_weight=167719 161200 143077 168994 159010
leaf_count=167719 161200 143077 168994 159010
internal_value=-2.24823e-07 0.000357952 -0.000493044 0.000241273
internal_weight=800000 463287 336713 320210
internal_count=800000 463287 336713 320210
is_linear=0
shrinkage=0.05


Tree=199
num_leaves=5
num_cat=0
split_feature=0 0 0 0
split_gain=51.12 5.15959 4.54601 0.436129
threshold=2.5000000000000004 4.5000000000000009 1.5000000000000002 3.5000000000000004
decision_type=2 2 2 2
left_child=2 3 -1 -2
right_child=1 -3 -4 -5
leaf_value=-0.00065408324604522181 0.00017041338407076324 0.0005895287469814181 -0.0002866415745710011 0.00028712126962959105
leaf_weight=167719 161200 143077 168994 159010
leaf_count=167719 161200 143077 168994 159010
internal_value=-8.36374e-07 0.000339905 -0.000469667 0.000228368
internal_weight=800000 463287 336713 320210
internal_count=800000 463287 336713 320210
is_linear=0
shrinkage=0.05


end of trees

feature_importances:
IMD_BAND_ENG=800

parameters:
[boosting: gbdt]
[objective: regression]
[metric: l2]
[tree_learner: serial]
[device_type: cpu]
[data_sample_strategy: bagging]
[data: ]
[valid: ]
[num_iterations: 200]
[learning_rate: 0.05]
[num_leaves: 31]
[num_threads: 2]
[seed: 7]
[deterministic: 0]
[force_col_wise: 0]
[force_row_wise: 0]
[histogram_pool_size: -1]
[max_depth: -1]
[min_data_in_leaf: 200]
[min_sum_hessian_in_leaf: 0.001]
[bagging_fraction: 1]
[pos_bagging_fraction: 1]
[neg_bagging_fraction: 1]
[bagging_freq: 0]
[bagging_seed: 17422]
[bagging_by_query: 0]
[feature_fraction: 1]
[feature_fraction_bynode: 1]
[feature_fraction_seed: 7040]
[extra_trees: 0]
[extra_seed: 6516]
[early_stopping_round: 0]
[early_stopping_min_delta: 0]
[first_metric_only: 0]
[max_delta_step: 0]
[lambda_l1: 0]
[lambda_l2: 0]
[linear_lambda: 0]
[min_gain_to_split: 0]
[drop_rate: 0.1]
[max_drop: 50]
[skip_drop: 0.5]
[xgboost_dart_mode: 0]
[uniform_drop: 0]
[drop_seed: 15215]
[top_rate: 0.2]
[other_rate: 0.1]
[min_data_per_group: 100]
[max_cat_threshold: 32]
[cat_l2: 10]
[cat_smooth: 10]
[max_cat_to_onehot: 4]
[top_k: 20]
[monotone_constraints: ]
[monotone_constraints_method: basic]
[monotone_penalty: 0]
[feature_contri: ]
[forcedsplits_filename: ]
[refit_decay_rate: 0.9]
[cegb_tradeoff: 1]
[cegb_penalty_split: 0]
[cegb_penalty_feature_lazy: ]
[cegb_penalty_feature_coupled: ]
[path_smooth: 0]
[interaction_constraints: ]
[verbosity: -1]
[saved_feature_importance_type: 0]
[use_quantized_grad: 0]
[num_grad_quant_bins: 4]
[quant_train_renew_leaf: 0]
[stochastic_rounding: 1]
[linear_tree: 0]
[max_bin: 255]
[max_bin_by_feature: ]
[min_data_in_bin: 3]
[bin_construct_sample_cnt: 200000]
[data_random_seed: 61]
[is_enable_sparse: 1]
[enable_bundle: 1]
[use_missing: 1]
[zero_as_missing: 0]
[feature_pre_filter: 1]
[pre_partition: 0]
[two_round: 0]
[header: 0]
[label_column: ]
[weight_column: ]
[group_column: ]
[ignore_column: ]
[categorical_feature: ]
[forcedbins_filename: ]
[precise_float_parser: 0]
[parser_config_file: ]
[objective_seed: 15521]
[num_class: 1]
[is_unbalance: 0]
[scale_pos_weight: 1]
[sigmoid: 1]
[boost_from_average: 1]
[reg_sqrt: 0]
[alpha: 0.9]
[fair_c: 1]
[poisson_max_delta_step: 0.7]
[tweedie_variance_power: 1.5]
[lambdarank_truncation_level: 30]
[lambdarank_norm: 1]
[label_gain: ]
[lambdarank_position_bias_regularization: 0]
[eval_at: ]
[multi_error_top_k: 1]
[auc_mu_weights: ]
[num_machines: 1]
[local_listen_port: 12400]
[time_out: 120]
[machine_list_filename: ]
[machines: ]
[gpu_platform_id: -1]
[gpu_device_id: -1]
[gpu_device_id_list: ]
[gpu_use_dp: 0]
[num_gpu: 1]

end of parameters

pandas_categorical:[]
