tree
version=v4
num_class=1
num_tree_per_iteration=1
label_index=0
max_feature_idx=0
objective=regression
feature_names=IMD_BAND_ENG
feature_infos=[1:5]
tree_sizes=620 635 634 631 635 636 635 632 634 634 634 637 636 637 634 637 638 634 636 635 635 637 638 636 636 636 634 638 636 635 635 637 637 636 637 635 636 636 638 637 638 634 636 635 636 637 635 637 637 633 636 635 638 637 639 641 639 640 639 639 641 637 642 639 639 639 641 642 640 640 643 642 641 641 644 642 642 639 643 643 642 643 644 645 644 644 643 644 644 636 637 634 641 640 640 641 640 639 641 642 638 638 635 639 637 640 639 640 640 640 638 642 641 640 637 637 636 638 637 637 637 638 638 638 641 638 640 636 641 639 638 638 636 633 635 636 637 636 636 635 638 637 638 639 636 639 637 639 634 636 638 640 641 639 640 642 642 642 641 641 644 644 643 643 642 638 645 644 646 640 645 644 642 643 644 645 645 641 643 645 647 646 646 646 644 647 646 645 645 645 645 645 649 647 648 645 649 648 648 650

Tree=0
num_leaves=5
num_cat=0
split_feature=0 0 0 0
split_gain=7.25831e+11 1.16471e+11 2.6403e+10 8.62395e+09
threshold=4.5000000000000009 2.5000000000000004 3.5000000000000004 1.5000000000000002
decision_type=2 2 2 2
left_child=1 3 -3 -1
right_child=-2 2 -4 -5
leaf_value=10532.472434223509 10680.019771148724 10567.831492435575 10597.130119437259 10548.57503063556
leaf_weight=172936 159108 149731 158076 160149
leaf_count=172936 159108 149731 158076 160149
internal_value=10584.4 10560.7 10582.9 10540.2
internal_weight=800000 640892 307807 333085
internal_count=800000 640892 307807 333085
is_linear=0
shrinkage=1


Tree=1
num_leaves=5
num_cat=0
split_feature=0 0 0 0
split_gain=6.55063e+11 1.05115e+11 2.38287e+10 7.78312e+09
threshold=4.5000000000000009 2.5000000000000004 3.5000000000000004 1.5000000000000002
decision_type=2 2 2 2
left_child=1 3 -3 -1
right_child=-2 2 -4 -5
leaf_value=-49.364322518135481 90.805658043643149 -15.773212579961729 12.060487643023995 -34.066853281452531
leaf_weight=172936 159108 149731 158076 160149
leaf_count=172936 159108 149731 158076 160149
internal_value=5.33361e-07 -22.5434 -1.47906 -42.0092
internal_weight=800000 640892 307807 333085
internal_count=800000 640892 307807 333085
is_linear=0
shrinkage=0.05


Tree=2
num_leaves=5
num_cat=0
split_feature=0 0 0 0
split_gain=5.91194e+11 9.48664e+10 2.15054e+10 7.02426e+09
threshold=4.5000000000000009 2.5000000000000004 3.5000000000000004 1.5000000000000002
decision_type=2 2 2 2
left_child=1 3 -3 -1
right_child=-2 2 -4 -5
leaf_value=-46.896099672936465 86.265373088655565 -14.984551149714228 11.457461275147985 -32.36350698974141
leaf_weight=172936 159108 149731 158076 160149
leaf_count=172936 159108 149731 158076 160149
internal_value=2.03473e-06 -21.4163 -1.40511 -39.9088
internal_weight=800000 640892 307807 333085
internal_count=800000 640892 307807 333085
is_linear=0
shrinkage=0.05


Tree=3
num_leaves=5
num_cat=0
split_feature=0 0 0 0
split_gain=5.33553e+11 8.56169e+10 1.94086e+10 6.3394e+09
threshold=4.5000000000000009 2.5000000000000004 3.5000000000000004 1.5000000000000002
decision_type=2 2 2 2
left_child=1 3 -3 -1
right_child=-2 2 -4 -5
leaf_value=-44.55129390430367 81.95210196336842 -14.235322343107704 10.884586937330571 -30.74533097913897
leaf_weight=172936 159108 149731 158076 160149
leaf_count=172936 159108 149731 158076 160149
internal_value=1.72566e-06 -20.3454 -1.33485 -37.9133
internal_weight=800000 640892 307807 333085
internal_count=800000 640892 307807 333085
is_linear=0
shrinkage=0.05


Tree=4
num_leaves=5
num_cat=0
split_feature=0 0 0 0
split_gain=4.81531e+11 7.72693e+10 1.75163e+10 5.7213e+09
threshold=4.5000000000000009 2.5000000000000004 3.5000000000000004 1.5000000000000002
decision_type=2 2 2 2
left_child=1 3 -3 -1
right_child=-2 2 -4 -5
leaf_value=-42.323731377257744 77.854493553463385 -13.523558868161178 10.340356056509648 -29.208068083054187
leaf_weight=172936 159108 149731 158076 160149
leaf_count=172936 159108 149731 158076 160149
internal_value=-1.01686e-06 -19.3282 -1.26811 -36.0177
internal_weight=800000 640892 307807 333085
internal_count=800000 640892 307807 333085
is_linear=0
shrinkage=0.05


Tree=5
num_leaves=5
num_cat=0
split_feature=0 0 0 0
split_gain=4.34582e+11 6.97355e+10 1.58085e+10 5.16348e+09
threshold=4.5000000000000009 2.5000000000000004 3.5000000000000004 1.5000000000000002
decision_type=2 2 2 2
left_child=1 3 -3 -1
right_child=-2 2 -4 -5
leaf_value=-40.207543599136272 73.961770631028244 -12.847380447836091 9.8233374674445297 -27.747665008128578
leaf_weight=172936 159108 149731 158076 160149
leaf_count=172936 159108 149731 158076 160149
internal_value=-4.87521e-07 -18.3618 -1.20471 -34.2168
internal_weight=800000 640892 307807 333085
internal_count=800000 640892 307807 333085
is_linear=0
shrinkage=0.05


Tree=6
num_leaves=5
num_cat=0
split_feature=0 0 0 0
split_gain=3.9221e+11 6.29363e+10 1.42671e+10 4.66004e+09
threshold=4.5000000000000009 2.5000000000000004 3.5000000000000004 1.5000000000000002
decision_type=2 2 2 2
left_child=1 3 -3 -1
right_child=-2 2 -4 -5
leaf_value=-38.197168008545894 70.263677806226937 -12.205009261492608 9.3321732896382841 -26.360282673325806
leaf_weight=172936 159108 149731 158076 160149
leaf_count=172936 159108 149731 158076 160149
internal_value=-9.06229e-07 -17.4437 -1.14447 -32.5059
internal_weight=800000 640892 307807 333085
internal_count=800000 640892 307807 333085
is_linear=0
shrinkage=0.05


Tree=7
num_leaves=5
num_cat=0
split_feature=0 0 0 0
split_gain=3.5397e+11 5.68e+10 1.28761e+10 4.20568e+09
threshold=4.5000000000000009 2.5000000000000004 3.5000000000000004 1.5000000000000002
decision_type=2 2 2 2
left_child=1 3 -3 -1
right_child=-2 2 -4 -5
leaf_value=-36.287309329176217 66.750494532635855 -11.594764946820247 8.8655660600977644 -25.042267121967299
leaf_weight=172936 159108 149731 158076 160149
leaf_count=172936 159108 149731 158076 160149
internal_value=-1.26138e-06 -16.5715 -1.08725 -30.8806
internal_weight=800000 640892 307807 333085
internal_count=800000 640892 307807 333085
is_linear=0
shrinkage=0.05


Tree=8
num_leaves=5
num_cat=0
split_feature=0 0 0 0
split_gain=3.19458e+11 5.1262e+10 1.16207e+10 3.79563e+09
threshold=4.5000000000000009 2.5000000000000004 3.5000000000000004 1.5000000000000002
decision_type=2 2 2 2
left_child=1 3 -3 -1
right_child=-2 2 -4 -5
leaf_value=-34.472943921595856 63.412973732142376 -11.015020864660842 8.4222835807478855 -23.790150769956529
leaf_weight=172936 159108 149731 158076 160149
leaf_count=172936 159108 149731 158076 160149
internal_value=4.36393e-07 -15.7429 -1.03288 -29.3366
internal_weight=800000 640892 307807 333085
internal_count=800000 640892 307807 333085
is_linear=0
shrinkage=0.05


Tree=9
num_leaves=5
num_cat=0
split_feature=0 0 0 0
split_gain=2.88311e+11 4.6264e+10 1.04877e+10 3.42556e+09
threshold=4.5000000000000009 2.5000000000000004 3.5000000000000004 1.5000000000000002
decision_type=2 2 2 2
left_child=1 3 -3 -1
right_child=-2 2 -4 -5
leaf_value=-32.74929463134702 60.242327581841167 -10.464271278709237 8.0011693148602241 -22.600646167363035
leaf_weight=172936 159108 149731 158076 160149
leaf_count=172936 159108 149731 158076 160149
internal_value=4.94064e-07 -14.9558 -0.981241 -27.8698
internal_weight=800000 640892 307807 333085
internal_count=800000 640892 307807 333085
is_linear=0
shrinkage=0.05


Tree=10
num_leaves=5
num_cat=0
split_feature=0 0 0 0
split_gain=2.602e+11 4.17532e+10 9.46512e+09 3.09157e+09
threshold=4.5000000000000009 2.5000000000000004 3.5000000000000004 1.5000000000000002
decision_type=2 2 2 2
left_child=1 3 -3 -1
right_child=-2 2 -4 -5
leaf_value=-31.11183284973356 57.230207892447474 -9.9410592427617956 7.6011139229671887 -21.470614101531705
leaf_weight=172936 159108 149731 158076 160149
leaf_count=172936 159108 149731 158076 160149
internal_value=-5.53859e-07 -14.208 -0.932178 -26.4763
internal_weight=800000 640892 307807 333085
internal_count=800000 640892 307807 333085
is_linear=0
shrinkage=0.05


Tree=11
num_leaves=5
num_cat=0
split_feature=0 0 0 0
split_gain=2.34831e+11 3.76823e+10 8.54227e+09 2.79014e+09
threshold=4.5000000000000009 2.5000000000000004 3.5000000000000004 1.5000000000000002
decision_type=2 2 2 2
left_child=1 3 -3 -1
right_child=-2 2 -4 -5
leaf_value=-29.556240353787452 54.368699272745175 -9.4440072463027871 7.2210584831402507 -20.397083544930183
leaf_weight=172936 159108 149731 158076 160149
leaf_count=172936 159108 149731 158076 160149
internal_value=-1.48484e-07 -13.4976 -0.88557 -25.1525
internal_weight=800000 640892 307807 333085
internal_count=800000 640892 307807 333085
is_linear=0
shrinkage=0.05


Tree=12
num_leaves=5
num_cat=0
split_feature=0 0 0 0
split_gain=2.11935e+11 3.40083e+10 7.70939e+09 2.5181e+09
threshold=4.5000000000000009 2.5000000000000004 3.5000000000000004 1.5000000000000002
decision_type=2 2 2 2
left_child=1 3 -3 -1
right_child=-2 2 -4 -5
leaf_value=-28.078432784936595 51.650264413141542 -8.9718025674602195 6.8600042948894728 -19.377228151112313
leaf_weight=172936 159108 149731 158076 160149
leaf_count=172936 159108 149731 158076 160149
internal_value=-2.80414e-07 -12.8227 -0.84129 -23.8948
internal_weight=800000 640892 307807 333085
internal_count=800000 640892 307807 333085
is_linear=0
shrinkage=0.05


Tree=13
num_leaves=5
num_cat=0
split_feature=0 0 0 0
split_gain=1.91271e+11 3.06925e+10 6.95773e+09 2.27259e+09
threshold=4.5000000000000009 2.5000000000000004 3.5000000000000004 1.5000000000000002
decision_type=2 2 2 2
left_child=1 3 -3 -1
right_child=-2 2 -4 -5
leaf_value=-26.674506528828516 49.067753659286183 -8.5232130117383456 6.5170043705560632 -18.408364524722451
leaf_weight=172936 159108 149731 158076 160149
leaf_count=172936 159108 149731 158076 160149
internal_value=1.61663e-06 -12.1816 -0.799226 -22.7001
internal_weight=800000 640892 307807 333085
internal_count=800000 640892 307807 333085
is_linear=0
shrinkage=0.05


Tree=14
num_leaves=5
num_cat=0
split_feature=0 0 0 0
split_gain=1.72622e+11 2.77e+10 6.27935e+09 2.05101e+09
threshold=4.5000000000000009 2.5000000000000004 3.5000000000000004 1.5000000000000002
decision_type=2 2 2 2
left_child=1 3 -3 -1
right_child=-2 2 -4 -5
leaf_value=-25.34078684601813 46.614360388387944 -8.0970520932830876 6.1911564246046664 -17.487950483197483
leaf_weight=172936 159108 149731 158076 160149
leaf_count=172936 159108 149731 158076 160149
internal_value=-1.13408e-06 -11.5725 -0.759263 -21.5651
internal_weight=800000 640892 307807 333085
internal_count=800000 640892 307807 333085
is_linear=0
shrinkage=0.05


Tree=15
num_leaves=5
num_cat=0
split_feature=0 0 0 0
split_gain=1.55792e+11 2.49992e+10 5.66711e+09 1.85104e+09
threshold=4.5000000000000009 2.5000000000000004 3.5000000000000004 1.5000000000000002
decision_type=2 2 2 2
left_child=1 3 -3 -1
right_child=-2 2 -4 -5
leaf_value=-24.073745478378029 44.283644628361451 -7.6922009326289533 5.8815949480302958 -16.613546311921009
leaf_weight=172936 159108 149731 158076 160149
leaf_count=172936 159108 149731 158076 160149
internal_value=1.47918e-07 -10.9939 -0.721302 -20.4868
internal_weight=800000 640892 307807 333085
internal_count=800000 640892 307807 333085
is_linear=0
shrinkage=0.05


Tree=16
num_leaves=5
num_cat=0
split_feature=0 0 0 0
split_gain=1.40602e+11 2.25618e+10 5.11457e+09 1.67056e+09
threshold=4.5000000000000009 2.5000000000000004 3.5000000000000004 1.5000000000000002
decision_type=2 2 2 2
left_child=1 3 -3 -1
right_child=-2 2 -4 -5
leaf_value=-22.870057747560587 42.069462233443012 -7.3075929383263416 5.5875166155892035 -15.782873644312298
leaf_weight=172936 159108 149731 158076 160149
leaf_count=172936 159108 149731 158076 160149
internal_value=-8.28224e-07 -10.4442 -0.685238 -19.4625
internal_weight=800000 640892 307807 333085
internal_count=800000 640892 307807 333085
is_linear=0
shrinkage=0.05


Tree=17
num_leaves=5
num_cat=0
split_feature=0 0 0 0
split_gain=1.26893e+11 2.0362e+10 4.6159e+09 1.50768e+09
threshold=4.5000000000000009 2.5000000000000004 3.5000000000000004 1.5000000000000002
decision_type=2 2 2 2
left_child=1 3 -3 -1
right_child=-2 2 -4 -5
leaf_value=-21.726552601277945 39.965988365328265 -6.942211225845508 5.3081439479992083 -14.993731199184646
leaf_weight=172936 159108 149731 158076 160149
leaf_count=172936 159108 149731 158076 160149
internal_value=3.15031e-07 -9.92197 -0.650973 -18.4894
internal_weight=800000 640892 307807 333085
internal_count=800000 640892 307807 333085
is_linear=0
shrinkage=0.05


Tree=18
num_leaves=5
num_cat=0
split_feature=0 0 0 0
split_gain=1.14521e+11 1.83767e+10 4.16584e+09 1.36068e+09
threshold=4.5000000000000009 2.5000000000000004 3.5000000000000004 1.5000000000000002
decision_type=2 2 2 2
left_child=1 3 -3 -1
right_child=-2 2 -4 -5
leaf_value=-20.640224732775614 37.967690354895382 -6.5950992123855876 5.0427293037842755 -14.244041194031704
leaf_weight=172936 159108 149731 158076 160149
leaf_count=172936 159108 149731 158076 160149
internal_value=1.2084e-07 -9.42587 -0.618428 -17.5649
internal_weight=800000 640892 307807 333085
internal_count=800000 640892 307807 333085
is_linear=0
shrinkage=0.05


Tree=19
num_leaves=5
num_cat=0
split_feature=0 0 0 0
split_gain=1.03355e+11 1.6585e+10 3.75968e+09 1.22801e+09
threshold=4.5000000000000009 2.5000000000000004 3.5000000000000004 1.5000000000000002
decision_type=2 2 2 2
left_child=1 3 -3 -1
right_child=-2 2 -4 -5
leaf_value=-19.608217872362076 36.069304668962388 -6.26534566421196 4.7905954559279067 -13.531844177919238
leaf_weight=172936 159108 149731 158076 160149
leaf_count=172936 159108 149731 158076 160149
internal_value=-1.82039e-06 -8.95458 -0.587505 -16.6867
internal_weight=800000 640892 307807 333085
internal_count=800000 640892 307807 333085
is_linear=0
shrinkage=0.05


Tree=20
num_leaves=5
num_cat=0
split_feature=0 0 0 0
split_gain=9.32781e+10 1.49679e+10 3.39311e+09 1.10828e+09
threshold=4.5000000000000009 2.5000000000000004 3.5000000000000004 1.5000000000000002
decision_type=2 2 2 2
left_child=1 3 -3 -1
right_child=-2 2 -4 -5
leaf_value=-18.627804897759841 34.26583893812569 -5.952079126244775 4.5510695515978714 -12.855245450421217
leaf_weight=172936 159108 149731 158076 160149
leaf_count=172936 159108 149731 158076 160149
internal_value=5.51394e-07 -8.50684 -0.558129 -15.8523
internal_weight=800000 640892 307807 333085
internal_count=800000 640892 307807 333085
is_linear=0
shrinkage=0.05


Tree=21
num_leaves=5
num_cat=0
split_feature=0 0 0 0
split_gain=8.41835e+10 1.35086e+10 3.06228e+09 1.00022e+09
threshold=4.5000000000000009 2.5000000000000004 3.5000000000000004 1.5000000000000002
decision_type=2 2 2 2
left_child=1 3 -3 -1
right_child=-2 2 -4 -5
leaf_value=-17.696410893600923 32.552543911007369 -5.6544739131470312 4.3235124426810634 -12.212487030067111
leaf_weight=172936 159108 149731 158076 160149
leaf_count=172936 159108 149731 158076 160149
internal_value=-5.29602e-07 -8.0815 -0.530223 -15.0597
internal_weight=800000 640892 307807 333085
internal_count=800000 640892 307807 333085
is_linear=0
shrinkage=0.05


Tree=22
num_leaves=5
num_cat=0
split_feature=0 0 0 0
split_gain=7.59756e+10 1.21915e+10 2.76371e+09 9.02703e+08
threshold=4.5000000000000009 2.5000000000000004 3.5000000000000004 1.5000000000000002
decision_type=2 2 2 2
left_child=1 3 -3 -1
right_child=-2 2 -4 -5
leaf_value=-16.811593966225544 30.924918323940325 -5.3717528255387821 4.1073375822612794 -11.601863943199563
leaf_weight=172936 159108 149731 158076 160149
leaf_count=172936 159108 149731 158076 160149
internal_value=-1.55596e-06 -7.67743 -0.503713 -14.3067
internal_weight=800000 640892 307807 333085
internal_count=800000 640892 307807 333085
is_linear=0
shrinkage=0.05


Tree=23
num_leaves=5
num_cat=0
split_feature=0 0 0 0
split_gain=6.8568e+10 1.10028e+10 2.49425e+09 8.14689e+08
threshold=4.5000000000000009 2.5000000000000004 3.5000000000000004 1.5000000000000002
decision_type=2 2 2 2
left_child=1 3 -3 -1
right_child=-2 2 -4 -5
leaf_value=-15.971012393566983 29.378678153641403 -5.1031646814118368 3.9019700551407674 -11.021769384653044
leaf_weight=172936 159108 149731 158076 160149
leaf_count=172936 159108 149731 158076 160149
internal_value=3.08396e-07 -7.29356 -0.478528 -13.5914
internal_weight=800000 640892 307807 333085
internal_count=800000 640892 307807 333085
is_linear=0
shrinkage=0.05


Tree=24
num_leaves=5
num_cat=0
split_feature=0 0 0 0
split_gain=6.18826e+10 9.93005e+09 2.25106e+09 7.35256e+08
threshold=4.5000000000000009 2.5000000000000004 3.5000000000000004 1.5000000000000002
decision_type=2 2 2 2
left_child=1 3 -3 -1
right_child=-2 2 -4 -5
leaf_value=-15.17246080069139 27.909738625666616 -4.8480024085227758 3.7068745193852117 -10.470683929359824
leaf_weight=172936 159108 149731 158076 160149
leaf_count=172936 159108 149731 158076 160149
internal_value=1.24396e-07 -6.92888 -0.454598 -12.9118
internal_weight=800000 640892 307807 333085
internal_count=800000 640892 307807 333085
is_linear=0
shrinkage=0.05


Tree=25
num_leaves=5
num_cat=0
split_feature=0 0 0 0
split_gain=5.58491e+10 8.96186e+09 2.03158e+09 6.6357e+08
threshold=4.5000000000000009 2.5000000000000004 3.5000000000000004 1.5000000000000002
decision_type=2 2 2 2
left_child=1 3 -3 -1
right_child=-2 2 -4 -5
leaf_value=-14.413840009908416 26.514256766111146 -4.6056064879119356 3.521528654876287 -9.9471487395877993
leaf_weight=172936 159108 149731 158076 160149
leaf_count=172936 159108 149731 158076 160149
internal_value=-3.69126e-07 -6.58244 -0.431871 -12.2662
internal_weight=800000 640892 307807 333085
internal_count=800000 640892 307807 333085
is_linear=0
shrinkage=0.05


Tree=26
num_leaves=5
num_cat=0
split_feature=0 0 0 0
split_gain=5.04038e+10 8.08808e+09 1.8335e+09 5.9887e+08
threshold=4.5000000000000009 2.5000000000000004 3.5000000000000004 1.5000000000000002
decision_type=2 2 2 2
left_child=1 3 -3 -1
right_child=-2 2 -4 -5
leaf_value=-13.693142974962882 25.188542136477501 -4.3753226680742747 3.3454536362358449 -9.449790549371901
leaf_weight=172936 159108 149731 158076 160149
leaf_count=172936 159108 149731 158076 160149
internal_value=1.46579e-06 -6.25331 -0.410275 -11.6529
internal_weight=800000 640892 307807 333085
internal_count=800000 640892 307807 333085
is_linear=0
shrinkage=0.05


Tree=27
num_leaves=5
num_cat=0
split_feature=0 0 0 0
split_gain=4.54894e+10 7.29949e+09 1.65473e+09 5.40481e+08
threshold=4.5000000000000009 2.5000000000000004 3.5000000000000004 1.5000000000000002
decision_type=2 2 2 2
left_child=1 3 -3 -1
right_child=-2 2 -4 -5
leaf_value=-13.008489733046828 23.929115733321257 -4.1565600819184567 3.1781771038716351 -8.9773014102284545
leaf_weight=172936 159108 149731 158076 160149
leaf_count=172936 159108 149731 158076 160149
internal_value=-8.14597e-07 -5.94065 -0.389765 -11.0703
internal_weight=800000 640892 307807 333085
internal_count=800000 640892 307807 333085
is_linear=0
shrinkage=0.05


Tree=28
num_leaves=5
num_cat=0
split_feature=0 0 0 0
split_gain=4.10542e+10 6.58779e+09 1.4934e+09 4.87785e+08
threshold=4.5000000000000009 2.5000000000000004 3.5000000000000004 1.5000000000000002
decision_type=2 2 2 2
left_child=1 3 -3 -1
right_child=-2 2 -4 -5
leaf_value=-12.358063274570954 22.732659766611526 -3.9487281743700109 3.0192679670158133 -8.5284320988985094
leaf_weight=172936 159108 149731 158076 160149
leaf_count=172936 159108 149731 158076 160149
internal_value=1.14046e-06 -5.64361 -0.370275 -10.5168
internal_weight=800000 640892 307807 333085
internal_count=800000 640892 307807 333085
is_linear=0
shrinkage=0.05


Tree=29
num_leaves=5
num_cat=0
split_feature=0 0 0 0
split_gain=3.70514e+10 5.94548e+09 1.34779e+09 4.40225e+08
threshold=4.5000000000000009 2.5000000000000004 3.5000000000000004 1.5000000000000002
decision_type=2 2 2 2
left_child=1 3 -3 -1
right_child=-2 2 -4 -5
leaf_value=-11.740160032471659 21.596025108552031 -3.751293439144304 2.8683064522025661 -8.102014162042769
leaf_weight=172936 159108 149731 158076 160149
leaf_count=172936 159108 149731 158076 160149
internal_value=9.29511e-08 -5.36143 -0.351761 -9.99092
internal_weight=800000 640892 307807 333085
internal_count=800000 640892 307807 333085
is_linear=0
shrinkage=0.05


Tree=30
num_leaves=5
num_cat=0
split_feature=0 0 0 0
split_gain=3.34389e+10 5.3658e+09 1.21638e+09 3.97304e+08
threshold=4.5000000000000009 2.5000000000000004 3.5000000000000004 1.5000000000000002
decision_type=2 2 2 2
left_child=1 3 -3 -1
right_child=-2 2 -4 -5
leaf_value=-11.153153060304472 20.516225130410206 -3.5637252527280978 2.7248942029974192 -7.6969103225075504
leaf_weight=172936 159108 149731 158076 160149
leaf_count=172936 159108 149731 158076 160149
internal_value=2.01174e-06 -5.09336 -0.33417 -9.49137
internal_weight=800000 640892 307807 333085
internal_count=800000 640892 307807 333085
is_linear=0
shrinkage=0.05


Tree=31
num_leaves=5
num_cat=0
split_feature=0 0 0 0
split_gain=3.01786e+10 4.84263e+09 1.09779e+09 3.58567e+08
threshold=4.5000000000000009 2.5000000000000004 3.5000000000000004 1.5000000000000002
decision_type=2 2 2 2
left_child=1 3 -3 -1
right_child=-2 2 -4 -5
leaf_value=-10.595496941475279 19.490414472112477 -3.3855439071927371 2.5886481808012518 -7.3120679962204722
leaf_weight=172936 159108 149731 158076 160149
leaf_count=172936 159108 149731 158076 160149
internal_value=-1.19635e-07 -4.8387 -0.317464 -9.01681
internal_weight=800000 640892 307807 333085
internal_count=800000 640892 307807 333085
is_linear=0
shrinkage=0.05


Tree=32
num_leaves=5
num_cat=0
split_feature=0 0 0 0
split_gain=2.72362e+10 4.37048e+09 9.90751e+08 3.23606e+08
threshold=4.5000000000000009 2.5000000000000004 3.5000000000000004 1.5000000000000002
decision_type=2 2 2 2
left_child=1 3 -3 -1
right_child=-2 2 -4 -5
leaf_value=-10.065721908590426 18.515890296388964 -3.2162630730381774 2.4592180265975259 -6.9464654923734406
leaf_weight=172936 159108 149731 158076 160149
leaf_count=172936 159108 149731 158076 160149
internal_value=1.87174e-07 -4.59676 -0.301588 -8.56597
internal_weight=800000 640892 307807 333085
internal_count=800000 640892 307807 333085
is_linear=0
shrinkage=0.05


Tree=33
num_leaves=5
num_cat=0
split_feature=0 0 0 0
split_gain=2.45807e+10 3.94435e+09 8.94152e+08 2.92055e+08
threshold=4.5000000000000009 2.5000000000000004 3.5000000000000004 1.5000000000000002
decision_type=2 2 2 2
left_child=1 3 -3 -1
right_child=-2 2 -4 -5
leaf_value=-9.562431702578758 17.590094942118359 -3.0554507935560911 2.3362542388343797 -6.5991364686738656
leaf_weight=172936 159108 149731 158076 160149
leaf_count=172936 159108 149731 158076 160149
internal_value=1.31637e-06 -4.36692 -0.286511 -8.13766
internal_weight=800000 640892 307807 333085
internal_count=800000 640892 307807 333085
is_linear=0
shrinkage=0.05


Tree=34
num_leaves=5
num_cat=0
split_feature=0 0 0 0
split_gain=2.21841e+10 3.55978e+09 8.06972e+08 2.6358e+08
threshold=4.5000000000000009 2.5000000000000004 3.5000000000000004 1.5000000000000002
decision_type=2 2 2 2
left_child=1 3 -3 -1
right_child=-2 2 -4 -5
leaf_value=-9.0843157836470745 16.710592965810946 -2.9026813097365274 2.2194369224326906 -6.2691816934298457
leaf_weight=172936 159108 149731 158076 160149
leaf_count=172936 159108 149731 158076 160149
internal_value=-1.31502e-06 -4.14858 -0.272189 -7.73078
internal_weight=800000 640892 307807 333085
internal_count=800000 640892 307807 333085
is_linear=0
shrinkage=0.05


Tree=35
num_leaves=5
num_cat=0
split_feature=0 0 0 0
split_gain=2.00211e+10 3.2127e+09 7.28293e+08 2.37881e+08
threshold=4.5000000000000009 2.5000000000000004 3.5000000000000004 1.5000000000000002
decision_type=2 2 2 2
left_child=1 3 -3 -1
right_child=-2 2 -4 -5
leaf_value=-8.6300991027252731 15.875064807189077 -2.7575446513586193 2.1084719231122722 -5.955725068763579
leaf_weight=172936 159108 149731 158076 160149
leaf_count=172936 159108 149731 158076 160149
internal_value=5.85502e-07 -3.94115 -0.258575 -7.34425
internal_weight=800000 640892 307807 333085
internal_count=800000 640892 307807 333085
is_linear=0
shrinkage=0.05


Tree=36
num_leaves=5
num_cat=0
split_feature=0 0 0 0
split_gain=1.8069e+10 2.89946e+09 6.57285e+08 2.14687e+08
threshold=4.5000000000000009 2.5000000000000004 3.5000000000000004 1.5000000000000002
decision_type=2 2 2 2
left_child=1 3 -3 -1
right_child=-2 2 -4 -5
leaf_value=-8.1985906265961752 15.081306145118038 -2.6196722057250383 2.0030444997848145 -5.6579390829215042
leaf_weight=172936 159108 149731 158076 160149
leaf_count=172936 159108 149731 158076 160149
internal_value=-1.46668e-06 -3.74409 -0.24565 -6.97703
internal_weight=800000 640892 307807 333085
internal_count=800000 640892 307807 333085
is_linear=0
shrinkage=0.05


Tree=37
num_leaves=5
num_cat=0
split_feature=0 0 0 0
split_gain=1.63073e+10 2.61676e+09 5.93199e+08 1.93755e+08
threshold=4.5000000000000009 2.5000000000000004 3.5000000000000004 1.5000000000000002
decision_type=2 2 2 2
left_child=1 3 -3 -1
right_child=-2 2 -4 -5
leaf_value=-7.7886623803444479 14.32724568230158 -2.4886853467113141 1.9028945393919352 -5.3750400070380415
leaf_weight=172936 159108 149731 158076 160149
leaf_count=172936 159108 149731 158076 160149
internal_value=7.72607e-07 -3.55688 -0.233365 -6.62818
internal_weight=800000 640892 307807 333085
internal_count=800000 640892 307807 333085
is_linear=0
shrinkage=0.05


Tree=38
num_leaves=5
num_cat=0
split_feature=0 0 0 0
split_gain=1.47174e+10 2.36163e+09 5.35362e+08 1.74864e+08
threshold=4.5000000000000009 2.5000000000000004 3.5000000000000004 1.5000000000000002
decision_type=2 2 2 2
left_child=1 3 -3 -1
right_child=-2 2 -4 -5
leaf_value=-7.3992334059712279 13.610883073594941 -2.3642535660364263 1.8077448267743532 -5.1062896050244397
leaf_weight=172936 159108 149731 158076 160149
leaf_count=172936 159108 149731 158076 160149
internal_value=-1.99704e-06 -3.37904 -0.221701 -6.29677
internal_weight=800000 640892 307807 333085
internal_count=800000 640892 307807 333085
is_linear=0
shrinkage=0.05


Tree=39
num_leaves=5
num_cat=0
split_feature=0 0 0 0
split_gain=1.32824e+10 2.13137e+09 4.83165e+08 1.57815e+08
threshold=4.5000000000000009 2.5000000000000004 3.5000000000000004 1.5000000000000002
decision_type=2 2 2 2
left_child=1 3 -3 -1
right_child=-2 2 -4 -5
leaf_value=-7.0292696719609795 12.930339037111228 -2.2460398104219634 1.717360461886684 -4.8509736342626901
leaf_weight=172936 159108 149731 158076 160149
leaf_count=172936 159108 149731 158076 160149
internal_value=-3.59385e-07 -3.21009 -0.210614 -5.98193
internal_weight=800000 640892 307807 333085
internal_count=800000 640892 307807 333085
is_linear=0
shrinkage=0.05


Tree=40
num_leaves=5
num_cat=0
split_feature=0 0 0 0
split_gain=1.19874e+10 1.92356e+09 4.36056e+08 1.42428e+08
threshold=4.5000000000000009 2.5000000000000004 3.5000000000000004 1.5000000000000002
decision_type=2 2 2 2
left_child=1 3 -3 -1
right_child=-2 2 -4 -5
leaf_value=-6.6778053286283274 12.283820935586977 -2.1337363183247993 1.6314926959938654 -4.6084272073213199
leaf_weight=172936 159108 149731 158076 160149
leaf_count=172936 159108 149731 158076 160149
internal_value=-5.03731e-07 -3.04958 -0.200082 -5.68284
internal_weight=800000 640892 307807 333085
internal_count=800000 640892 307807 333085
is_linear=0
shrinkage=0.05


Tree=41
num_leaves=5
num_cat=0
split_feature=0 0 0 0
split_gain=1.08186e+10 1.73602e+09 3.9354e+08 1.28542e+08
threshold=4.5000000000000009 2.5000000000000004 3.5000000000000004 1.5000000000000002
decision_type=2 2 2 2
left_child=1 3 -3 -1
right_child=-2 2 -4 -5
leaf_value=-6.343917038224312 11.669629392909931 -2.0270483958043712 1.5499191200538016 -4.3779996902711353
leaf_weight=172936 159108 149731 158076 160149
leaf_count=172936 159108 149731 158076 160149
internal_value=6.44496e-07 -2.8971 -0.190077 -5.39869
internal_weight=800000 640892 307807 333085
internal_count=800000 640892 307807 333085
is_linear=0
shrinkage=0.05


Tree=42
num_leaves=5
num_cat=0
split_feature=0 0 0 0
split_gain=9.76379e+09 1.56675e+09 3.55171e+08 1.16008e+08
threshold=4.5000000000000009 2.5000000000000004 3.5000000000000004 1.5000000000000002
decision_type=2 2 2 2
left_child=1 3 -3 -1
right_child=-2 2 -4 -5
leaf_value=-6.026715752536596 11.086148085003661 -1.9256972341436016 1.4724254575576037 -4.1591011603695627
leaf_weight=172936 159108 149731 158076 160149
leaf_count=172936 159108 149731 158076 160149
internal_value=1.74557e-06 -2.75225 -0.180572 -5.12876
internal_weight=800000 640892 307807 333085
internal_count=800000 640892 307807 333085
is_linear=0
shrinkage=0.05


Tree=43
num_leaves=5
num_cat=0
split_feature=0 0 0 0
split_gain=8.81182e+09 1.414e+09 3.20542e+08 1.04697e+08
threshold=4.5000000000000009 2.5000000000000004 3.5000000000000004 1.5000000000000002
decision_type=2 2 2 2
left_child=1 3 -3 -1
right_child=-2 2 -4 -5
leaf_value=-5.7253844275882413 10.531837473044639 -1.8294121044267797 1.398804130666172 -3.9511526723014585
leaf_weight=172936 159108 149731 158076 160149
leaf_count=172936 159108 149731 158076 160149
internal_value=-1.22009e-06 -2.61464 -0.171544 -4.87232
internal_weight=800000 640892 307807 333085
internal_count=800000 640892 307807 333085
is_linear=0
shrinkage=0.05


Tree=44
num_leaves=5
num_cat=0
split_feature=0 0 0 0
split_gain=7.95268e+09 1.27613e+09 2.89288e+08 9.44891e+07
threshold=4.5000000000000009 2.5000000000000004 3.5000000000000004 1.5000000000000002
decision_type=2 2 2 2
left_child=1 3 -3 -1
right_child=-2 2 -4 -5
leaf_value=-5.4391130654207567 10.005253943584997 -1.737939120392145 1.3288605332582712 -3.7535940320113848
leaf_weight=172936 159108 149731 158076 160149
leaf_count=172936 159108 149731 158076 160149
internal_value=9.39952e-07 -2.48391 -0.162967 -4.62871
internal_weight=800000 640892 307807 333085
internal_count=800000 640892 307807 333085
is_linear=0
shrinkage=0.05


Tree=45
num_leaves=5
num_cat=0
split_feature=0 0 0 0
split_gain=7.17728e+09 1.15171e+09 2.61083e+08 8.52771e+07
threshold=4.5000000000000009 2.5000000000000004 3.5000000000000004 1.5000000000000002
decision_type=2 2 2 2
left_child=1 3 -3 -1
right_child=-2 2 -4 -5
leaf_value=-5.1671602285034588 9.5049823398857054 -1.6510446498450557 1.2624191444899113 -3.5659109897672003
leaf_weight=172936 159108 149731 158076 160149
leaf_count=172936 159108 149731 158076 160149
internal_value=-9.6003e-07 -2.35971 -0.154819 -4.39727
internal_weight=800000 640892 307807 333085
internal_count=800000 640892 307807 333085
is_linear=0
shrinkage=0.05


Tree=46
num_leaves=5
num_cat=0
split_feature=0 0 0 0
split_gain=6.4775e+09 1.03942e+09 2.35628e+08 7.6963e+07
threshold=4.5000000000000009 2.5000000000000004 3.5000000000000004 1.5000000000000002
decision_type=2 2 2 2
left_child=1 3 -3 -1
right_child=-2 2 -4 -5
leaf_value=-4.9088036906141834 9.0297380347694496 -1.5684957814136522 1.1992971878266052 -3.3876130544389511
leaf_weight=172936 159108 149731 158076 160149
leaf_count=172936 159108 149731 158076 160149
internal_value=-6.23054e-07 -2.24173 -0.14708 -4.17741
internal_weight=800000 640892 307807 333085
internal_count=800000 640892 307807 333085
is_linear=0
shrinkage=0.05


Tree=47
num_leaves=5
num_cat=0
split_feature=0 0 0 0
split_gain=5.84594e+09 9.38072e+08 2.12653e+08 6.94585e+07
threshold=4.5000000000000009 2.5000000000000004 3.5000000000000004 1.5000000000000002
decision_type=2 2 2 2
left_child=1 3 -3 -1
right_child=-2 2 -4 -5
leaf_value=-4.6633573982449468 8.5782515877035284 -1.4900672963487973 1.1393325450488614 -3.2182327177968375
leaf_weight=172936 159108 149731 158076 160149
leaf_count=172936 159108 149731 158076 160149
internal_value=1.49014e-06 -2.12964 -0.139724 -3.96853
internal_weight=800000 640892 307807 333085
internal_count=800000 640892 307807 333085
is_linear=0
shrinkage=0.05


Tree=48
num_leaves=5
num_cat=0
split_feature=0 0 0 0
split_gain=5.27596e+09 8.46611e+08 1.9192e+08 6.26867e+07
threshold=4.5000000000000009 2.5000000000000004 3.5000000000000004 1.5000000000000002
decision_type=2 2 2 2
left_child=1 3 -3 -1
right_child=-2 2 -4 -5
leaf_value=-4.4301952319212043 8.1493361501314663 -1.4155670237121942 1.0823675122578746 -3.0573222286422856
leaf_weight=172936 159108 149731 158076 160149
leaf_count=172936 159108 149731 158076 160149
internal_value=-8.79009e-07 -2.02316 -0.132739 -3.77011
internal_weight=800000 640892 307807 333085
internal_count=800000 640892 307807 333085
is_linear=0
shrinkage=0.05


Tree=49
num_leaves=5
num_cat=0
split_feature=0 0 0 0
split_gain=4.76156e+09 7.64066e+08 1.73208e+08 5.65742e+07
threshold=4.5000000000000009 2.5000000000000004 3.5000000000000004 1.5000000000000002
decision_type=2 2 2 2
left_child=1 3 -3 -1
right_child=-2 2 -4 -5
leaf_value=-4.2086816974802819 7.7418747925664269 -1.3447885091228142 1.0282467890679861 -2.9044579159981305
leaf_weight=172936 159108 149731 158076 160149
leaf_count=172936 159108 149731 158076 160149
internal_value=2.7105e-07 -1.922 -0.126103 -3.5816
internal_weight=800000 640892 307807 333085
internal_count=800000 640892 307807 333085
is_linear=0
shrinkage=0.05


Tree=50
num_leaves=5
num_cat=0
split_feature=0 0 0 0
split_gain=4.29731e+09 6.89571e+08 1.56319e+08 5.10581e+07
threshold=4.5000000000000009 2.5000000000000004 3.5000000000000004 1.5000000000000002
decision_type=2 2 2 2
left_child=1 3 -3 -1
right_child=-2 2 -4 -5
leaf_value=-3.9982469187880465 7.3547804993130459 -1.2775424331088852 0.97683593942380664 -2.7592360512247938
leaf_weight=172936 159108 149731 158076 160149
leaf_count=172936 159108 149731 158076 160149
internal_value=1.6301e-06 -1.8259 -0.119794 -3.40252
internal_weight=800000 640892 307807 333085
internal_count=800000 640892 307807 333085
is_linear=0
shrinkage=0.05


Tree=51
num_leaves=5
num_cat=0
split_feature=0 0 0 0
split_gain=3.87832e+09 6.22337e+08 1.41079e+08 4.60799e+07
threshold=4.5000000000000009 2.5000000000000004 3.5000000000000004 1.5000000000000002
decision_type=2 2 2 2
left_child=1 3 -3 -1
right_child=-2 2 -4 -5
leaf_value=-3.7983349069617263 6.9870398245153416 -1.213669006331402 0.92799310907908161 -2.6212749399475865
leaf_weight=172936 159108 149731 158076 160149
leaf_count=172936 159108 149731 158076 160149
internal_value=1.14118e-07 -1.7346 -0.113806 -3.2324
internal_weight=800000 640892 307807 333085
internal_count=800000 640892 307807 333085
is_linear=0
shrinkage=0.05


Tree=52
num_leaves=5
num_cat=0
split_feature=0 0 0 0
split_gain=3.50018e+09 5.61659e+08 1.27323e+08 4.15876e+07
threshold=4.5000000000000009 2.5000000000000004 3.5000000000000004 1.5000000000000002
decision_type=2 2 2 2
left_child=1 3 -3 -1
right_child=-2 2 -4 -5
leaf_value=-3.6084195002936221 6.6376908613857042 -1.1529828348344562 0.88159152734900736 -2.4902064768954464
leaf_weight=172936 159108 149731 158076 160149
leaf_count=172936 159108 149731 158076 160149
internal_value=1.49405e-06 -1.64787 -0.108116 -3.07078
internal_weight=800000 640892 307807 333085
internal_count=800000 640892 307807 333085
is_linear=0
shrinkage=0.05


Tree=53
num_leaves=5
num_cat=0
split_feature=0 0 0 0
split_gain=3.15892e+09 5.06897e+08 1.14909e+08 3.7533e+07
threshold=4.5000000000000009 2.5000000000000004 3.5000000000000004 1.5000000000000002
decision_type=2 2 2 2
left_child=1 3 -3 -1
right_child=-2 2 -4 -5
leaf_value=-3.4280002146009418 6.3058046442802391 -1.0953361742943819 0.83751324040406083 -2.3656949885388792
leaf_weight=172936 159108 149731 158076 160149
leaf_count=172936 159108 149731 158076 160149
internal_value=7.44734e-07 -1.56548 -0.102711 -2.91724
internal_weight=800000 640892 307807 333085
internal_count=800000 640892 307807 333085
is_linear=0
shrinkage=0.05


Tree=54
num_leaves=5
num_cat=0
split_feature=0 0 0 0
split_gain=2.85092e+09 4.57475e+08 1.03706e+08 3.38728e+07
threshold=4.5000000000000009 2.5000000000000004 3.5000000000000004 1.5000000000000002
decision_type=2 2 2 2
left_child=1 3 -3 -1
right_child=-2 2 -4 -5
leaf_value=-3.2565971890475027 5.9905121347976555 -1.0405710614351518 0.79563540004007338 -2.2474181124978374
leaf_weight=172936 159108 149731 158076 160149
leaf_count=172936 159108 149731 158076 160149
internal_value=-1.41768e-06 -1.48721 -0.097577 -2.77138
internal_weight=800000 640892 307807 333085
internal_count=800000 640892 307807 333085
is_linear=0
shrinkage=0.05


Tree=55
num_leaves=5
num_cat=0
split_feature=0 0 0 0
split_gain=2.57296e+09 4.12871e+08 9.35947e+07 3.05705e+07
threshold=4.5000000000000009 2.5000000000000004 3.5000000000000004 1.5000000000000002
decision_type=2 2 2 2
left_child=1 3 -3 -1
right_child=-2 2 -4 -5
leaf_value=-3.0937699586041361 5.6909869882955384 -0.98854332775925102 0.75585648315077558 -2.1350446060431536
leaf_weight=172936 159108 149731 158076 160149
leaf_count=172936 159108 149731 158076 160149
internal_value=-8.92524e-07 -1.41285 -0.0926971 -2.63281
internal_weight=800000 640892 307807 333085
internal_count=800000 640892 307807 333085
is_linear=0
shrinkage=0.05


Tree=56
num_leaves=5
num_cat=0
split_feature=0 0 0 0
split_gain=2.32209e+09 3.72617e+08 8.44687e+07 2.75902e+07
threshold=4.5000000000000009 2.5000000000000004 3.5000000000000004 1.5000000000000002
decision_type=2 2 2 2
left_child=1 3 -3 -1
right_child=-2 2 -4 -5
leaf_value=-2.9390821916620724 5.4064408602972165 -0.93911107809368399 0.71806371705204297 -2.0282878151923933
leaf_weight=172936 159108 149731 158076 160149
leaf_count=172936 159108 149731 158076 160149
internal_value=1.51061e-06 -1.3422 -0.0880597 -2.50117
internal_weight=800000 640892 307807 333085
internal_count=800000 640892 307807 333085
is_linear=0
shrinkage=0.05


Tree=57
num_leaves=5
num_cat=0
split_feature=0 0 0 0
split_gain=2.09569e+09 3.36286e+08 7.62331e+07 2.49001e+07
threshold=4.5000000000000009 2.5000000000000004 3.5000000000000004 1.5000000000000002
decision_type=2 2 2 2
left_child=1 3 -3 -1
right_child=-2 2 -4 -5
leaf_value=-2.7921280914999187 5.1361176026917299 -0.89215836354171918 0.68215854472183002 -1.9268743080412756
leaf_weight=172936 159108 149731 158076 160149
leaf_count=172936 159108 149731 158076 160149
internal_value=9.06537e-08 -1.27509 -0.0836591 -2.37611
internal_weight=800000 640892 307807 333085
internal_count=800000 640892 307807 333085
is_linear=0
shrinkage=0.05


Tree=58
num_leaves=5
num_cat=0
split_feature=0 0 0 0
split_gain=1.89135e+09 3.03497e+08 6.88005e+07 2.2472e+07
threshold=4.5000000000000009 2.5000000000000004 3.5000000000000004 1.5000000000000002
decision_type=2 2 2 2
left_child=1 3 -3 -1
right_child=-2 2 -4 -5
leaf_value=-2.6525175775880592 4.8793026176301577 -0.84755392137831631 0.64804902437857259 -1.8305323338544188
leaf_weight=172936 159108 149731 158076 160149
leaf_count=172936 159108 149731 158076 160149
internal_value=-2.15034e-06 -1.21134 -0.0794787 -2.2573
internal_weight=800000 640892 307807 333085
internal_count=800000 640892 307807 333085
is_linear=0
shrinkage=0.05


Tree=59
num_leaves=5
num_cat=0
split_feature=0 0 0 0
split_gain=1.70695e+09 2.73907e+08 6.20925e+07 2.02812e+07
threshold=4.5000000000000009 2.5000000000000004 3.5000000000000004 1.5000000000000002
decision_type=2 2 2 2
left_child=1 3 -3 -1
right_child=-2 2 -4 -5
leaf_value=-2.5198946760792893 4.6353472718959763 -0.80517307274003902 0.61564976301670815 -1.7390059184043729
leaf_weight=172936 159108 149731 158076 160149
leaf_count=172936 159108 149731 158076 160149
internal_value=4.3974e-07 -1.15077 -0.0755016 -2.14444
internal_weight=800000 640892 307807 333085
internal_count=800000 640892 307807 333085
is_linear=0
shrinkage=0.05


Tree=60
num_leaves=5
num_cat=0
split_feature=0 0 0 0
split_gain=1.54052e+09 2.47201e+08 5.60385e+07 1.83035e+07
threshold=4.5000000000000009 2.5000000000000004 3.5000000000000004 1.5000000000000002
decision_type=2 2 2 2
left_child=1 3 -3 -1
right_child=-2 2 -4 -5
leaf_value=-2.3938978819129768 4.4035716943684262 -0.76491678472061453 0.58486533918742478 -1.6520588355576991
leaf_weight=172936 159108 149731 158076 160149
leaf_count=172936 159108 149731 158076 160149
internal_value=-2.23894e-06 -1.09323 -0.0717287 -2.03722
internal_weight=800000 640892 307807 333085
internal_count=800000 640892 307807 333085
is_linear=0
shrinkage=0.05


Tree=61
num_leaves=5
num_cat=0
split_feature=0 0 0 0
split_gain=1.39032e+09 2.23098e+08 5.0574e+07 1.6519e+07
threshold=4.5000000000000009 2.5000000000000004 3.5000000000000004 1.5000000000000002
decision_type=2 2 2 2
left_child=1 3 -3 -1
right_child=-2 2 -4 -5
leaf_value=-2.2741991320734809 4.183398517715502 -0.72666396646840836 0.55561994636929668 -1.5694490974764914
leaf_weight=172936 159108 149731 158076 160149
leaf_count=172936 159108 149731 158076 160149
internal_value=2.02877e-06 -1.03857 -0.0681399 -1.93535
internal_weight=800000 640892 307807 333085
internal_count=800000 640892 307807 333085
is_linear=0
shrinkage=0.05


Tree=62
num_leaves=5
num_cat=0
split_feature=0 0 0 0
split_gain=1.25476e+09 2.01347e+08 4.56437e+07 1.49084e+07
threshold=4.5000000000000009 2.5000000000000004 3.5000000000000004 1.5000000000000002
decision_type=2 2 2 2
left_child=1 3 -3 -1
right_child=-2 2 -4 -5
leaf_value=-2.1604938853651157 3.9742234619739629 -0.69033421410950035 0.52784446739089252 -1.4909813450683471
leaf_weight=172936 159108 149731 158076 160149
leaf_count=172936 159108 149731 158076 160149
internal_value=-6.06986e-07 -0.986642 -0.0647318 -1.83859
internal_weight=800000 640892 307807 333085
internal_count=800000 640892 307807 333085
is_linear=0
shrinkage=0.05


Tree=63
num_leaves=5
num_cat=0
split_feature=0 0 0 0
split_gain=1.13242e+09 1.81716e+08 4.11935e+07 1.3455e+07
threshold=4.5000000000000009 2.5000000000000004 3.5000000000000004 1.5000000000000002
decision_type=2 2 2 2
left_child=1 3 -3 -1
right_child=-2 2 -4 -5
leaf_value=-2.0524660944343083 3.7755173097564398 -0.65581528244621345 0.50145554327404318 -1.4164266473076883
leaf_weight=172936 159108 149731 158076 160149
leaf_count=172936 159108 149731 158076 160149
internal_value=3.2861e-06 -0.937307 -0.0614924 -1.74666
internal_weight=800000 640892 307807 333085
internal_count=800000 640892 307807 333085
is_linear=0
shrinkage=0.05


Tree=64
num_leaves=5
num_cat=0
split_feature=0 0 0 0
split_gain=1.02201e+09 1.63999e+08 3.71772e+07 1.2143e+07
threshold=4.5000000000000009 2.5000000000000004 3.5000000000000004 1.5000000000000002
decision_type=2 2 2 2
left_child=1 3 -3 -1
right_child=-2 2 -4 -5
leaf_value=-1.949848081953691 3.5867381971280476 -0.62302769871396135 0.47637941520758686 -1.3456134051301314
leaf_weight=172936 159108 149731 158076 160149
leaf_count=172936 159108 149731 158076 160149
internal_value=-1.54496e-06 -0.890446 -0.058421 -1.65933
internal_weight=800000 640892 307807 333085
internal_count=800000 640892 307807 333085
is_linear=0
shrinkage=0.05


Tree=65
num_leaves=5
num_cat=0
split_feature=0 0 0 0
split_gain=9.2237e+08 1.48008e+08 3.35522e+07 1.09588e+07
threshold=4.5000000000000009 2.5000000000000004 3.5000000000000004 1.5000000000000002
decision_type=2 2 2 2
left_child=1 3 -3 -1
right_child=-2 2 -4 -5
leaf_value=-1.8523499238489405 3.4074065828969502 -0.59187606988945296 0.45255719302181369 -1.2783324505589968
leaf_weight=172936 159108 149731 158076 160149
leaf_count=172936 159108 149731 158076 160149
internal_value=2.8945e-07 -0.845923 -0.0555015 -1.57636
internal_weight=800000 640892 307807 333085
internal_count=800000 640892 307807 333085
is_linear=0
shrinkage=0.05


Tree=66
num_leaves=5
num_cat=0
split_feature=0 0 0 0
split_gain=8.32437e+08 1.33578e+08 3.02809e+07 9.89056e+06
threshold=4.5000000000000009 2.5000000000000004 3.5000000000000004 1.5000000000000002
decision_type=2 2 2 2
left_child=1 3 -3 -1
right_child=-2 2 -4 -5
leaf_value=-1.7597374447671339 3.237031414379532 -0.56228190442433346 0.42993023528083596 -1.2144153717856412
leaf_weight=172936 159108 149731 158076 160149
leaf_count=172936 159108 149731 158076 160149
internal_value=-1.43476e-06 -0.803628 -0.0527258 -1.49754
internal_weight=800000 640892 307807 333085
internal_count=800000 640892 307807 333085
is_linear=0
shrinkage=0.05


Tree=67
num_leaves=5
num_cat=0
split_feature=0 0 0 0
split_gain=7.51275e+08 1.20554e+08 2.73289e+07 8.92627e+06
threshold=4.5000000000000009 2.5000000000000004 3.5000000000000004 1.5000000000000002
decision_type=2 2 2 2
left_child=1 3 -3 -1
right_child=-2 2 -4 -5
leaf_value=-1.6717502998143248 3.0751813762294713 -0.53417156668718435 0.40843715855954565 -1.1536931700965194
leaf_weight=172936 159108 149731 158076 160149
leaf_count=172936 159108 149731 158076 160149
internal_value=-7.36891e-07 -0.763446 -0.0500896 -1.42267
internal_weight=800000 640892 307807 333085
internal_count=800000 640892 307807 333085
is_linear=0
shrinkage=0.05


Tree=68
num_leaves=5
num_cat=0
split_feature=0 0 0 0
split_gain=6.78024e+08 1.088e+08 2.46641e+07 8.05579e+06
threshold=4.5000000000000009 2.5000000000000004 3.5000000000000004 1.5000000000000002
decision_type=2 2 2 2
left_child=1 3 -3 -1
right_child=-2 2 -4 -5
leaf_value=-1.5881583788588269 2.9214202207758602 -0.50746149794720741 0.38801322984696646 -1.0960091646279959
leaf_weight=172936 159108 149731 158076 160149
leaf_count=172936 159108 149731 158076 160149
internal_value=-4.23566e-07 -0.725273 -0.0475855 -1.35153
internal_weight=800000 640892 307807 333085
internal_count=800000 640892 307807 333085
is_linear=0
shrinkage=0.05


Tree=69
num_leaves=5
num_cat=0
split_feature=0 0 0 0
split_gain=6.11918e+08 9.8192e+07 2.22589e+07 7.27057e+06
threshold=4.5000000000000009 2.5000000000000004 3.5000000000000004 1.5000000000000002
decision_type=2 2 2 2
left_child=1 3 -3 -1
right_child=-2 2 -4 -5
leaf_value=-1.5087566781023052 2.775349003053627 -0.48208432460143175 0.36860801245797675 -1.0412077431528439
leaf_weight=172936 159108 149731 158076 160149
leaf_count=172936 159108 149731 158076 160149
internal_value=-1.72799e-06 -0.689011 -0.0452065 -1.28396
internal_weight=800000 640892 307807 333085
internal_count=800000 640892 307807 333085
is_linear=0
shrinkage=0.05


Tree=70
num_leaves=5
num_cat=0
split_feature=0 0 0 0
split_gain=5.52254e+08 8.86185e+07 2.00893e+07 6.56164e+06
threshold=4.5000000000000009 2.5000000000000004 3.5000000000000004 1.5000000000000002
decision_type=2 2 2 2
left_child=1 3 -3 -1
right_child=-2 2 -4 -5
leaf_value=-1.4333168236389959 2.6365795086072512 -0.45798374418082405 0.35018642202750061 -0.98914718747980857
leaf_weight=172936 159108 149731 158076 160149
leaf_count=172936 159108 149731 158076 160149
internal_value=-5.17296e-07 -0.654559 -0.0429435 -1.21976
internal_weight=800000 640892 307807 333085
internal_count=800000 640892 307807 333085
is_linear=0
shrinkage=0.05


Tree=71
num_leaves=5
num_cat=0
split_feature=0 0 0 0
split_gain=4.98411e+08 7.99776e+07 1.81302e+07 5.92187e+06
threshold=4.5000000000000009 2.5000000000000004 3.5000000000000004 1.5000000000000002
decision_type=2 2 2 2
left_child=1 3 -3 -1
right_child=-2 2 -4 -5
leaf_value=-1.3616491170393175 2.5047561504675602 -0.43508332967622831 0.33267013825199593 -0.93968843384181611
leaf_weight=172936 159108 149731 158076 160149
leaf_count=172936 159108 149731 158076 160149
internal_value=1.62039e-07 -0.621831 -0.0407993 -1.15877
internal_weight=800000 640892 307807 333085
internal_count=800000 640892 307807 333085
is_linear=0
shrinkage=0.05


Tree=72
num_leaves=5
num_cat=0
split_feature=0 0 0 0
split_gain=4.49817e+08 7.21803e+07 1.63626e+07 5.34451e+06
threshold=4.5000000000000009 2.5000000000000004 3.5000000000000004 1.5000000000000002
decision_type=2 2 2 2
left_child=1 3 -3 -1
right_child=-2 2 -4 -5
leaf_value=-1.2935696121920279 2.3795198807988611 -0.41332846697965731 0.31603945331983252 -0.89270591103665664
leaf_weight=172936 159108 149731 158076 160149
leaf_count=172936 159108 149731 158076 160149
internal_value=1.29659e-07 -0.59074 -0.0387575 -1.10083
internal_weight=800000 640892 307807 333085
internal_count=800000 640892 307807 333085
is_linear=0
shrinkage=0.05


Tree=73
num_leaves=5
num_cat=0
split_feature=0 0 0 0
split_gain=4.0596e+08 6.51419e+07 1.47675e+07 4.82341e+06
threshold=4.5000000000000009 2.5000000000000004 3.5000000000000004 1.5000000000000002
decision_type=2 2 2 2
left_child=1 3 -3 -1
right_child=-2 2 -4 -5
leaf_value=-1.2288862081677401 2.2605456754519162 -0.39266651470320046 0.30023862433857657 -0.84806597243939419
leaf_weight=172936 159108 149731 158076 160149
leaf_count=172936 159108 149731 158076 160149
internal_value=1.86185e-06 -0.561201 -0.0368212 -1.04579
internal_weight=800000 640892 307807 333085
internal_count=800000 640892 307807 333085
is_linear=0
shrinkage=0.05


Tree=74
num_leaves=5
num_cat=0
split_feature=0 0 0 0
split_gain=3.66378e+08 5.87915e+07 1.33274e+07 4.35306e+06
threshold=4.5000000000000009 2.5000000000000004 3.5000000000000004 1.5000000000000002
decision_type=2 2 2 2
left_child=1 3 -3 -1
right_child=-2 2 -4 -5
leaf_value=-1.1674473117110016 2.1475125383556941 -0.37302866697895781 0.28522432374038414 -0.80567089466427277
leaf_weight=172936 159108 149731 158076 160149
leaf_count=172936 159108 149731 158076 160149
internal_value=-1.83324e-06 -0.533144 -0.0349792 -0.993503
internal_weight=800000 640892 307807 333085
internal_count=800000 640892 307807 333085
is_linear=0
shrinkage=0.05


Tree=75
num_leaves=5
num_cat=0
split_feature=0 0 0 0
split_gain=3.30656e+08 5.30593e+07 1.2028e+07 3.92859e+06
threshold=4.5000000000000009 2.5000000000000004 3.5000000000000004 1.5000000000000002
decision_type=2 2 2 2
left_child=1 3 -3 -1
right_child=-2 2 -4 -5
leaf_value=-1.1090722818635366 2.0401374073053979 -0.3543764066521331 0.27096506947131016 -0.76538680526868408
leaf_weight=172936 159108 149731 158076 160149
leaf_count=172936 159108 149731 158076 160149
internal_value=-4.15543e-07 -0.506486 -0.0332288 -0.943827
internal_weight=800000 640892 307807 333085
internal_count=800000 640892 307807 333085
is_linear=0
shrinkage=0.05


Tree=76
num_leaves=5
num_cat=0
split_feature=0 0 0 0
split_gain=2.98417e+08 4.78857e+07 1.08554e+07 3.5456e+06
threshold=4.5000000000000009 2.5000000000000004 3.5000000000000004 1.5000000000000002
decision_type=2 2 2 2
left_child=1 3 -3 -1
right_child=-2 2 -4 -5
leaf_value=-1.0536176112499203 1.9381328495205068 -0.33666110476293021 0.25741774544710694 -0.72711415205885599
leaf_weight=172936 159108 149731 158076 160149
leaf_count=172936 159108 149731 158076 160149
internal_value=4.81895e-07 -0.481161 -0.0315686 -0.896633
internal_weight=800000 640892 307807 333085
internal_count=800000 640892 307807 333085
is_linear=0
shrinkage=0.05


Tree=77
num_leaves=5
num_cat=0
split_feature=0 0 0 0
split_gain=2.69322e+08 4.32172e+07 9.79678e+06 3.20004e+06
threshold=4.5000000000000009 2.5000000000000004 3.5000000000000004 1.5000000000000002
decision_type=2 2 2 2
left_child=1 3 -3 -1
right_child=-2 2 -4 -5
leaf_value=-1.000942800814522 1.8412253681865398 -0.3198231342589119 0.244544508797506 -0.69075782424824528
leaf_weight=172936 159108 149731 158076 160149
leaf_count=172936 159108 149731 158076 160149
internal_value=-4.41324e-07 -0.457104 -0.029989 -0.851804
internal_weight=800000 640892 307807 333085
internal_count=800000 640892 307807 333085
is_linear=0
shrinkage=0.05


Tree=78
num_leaves=5
num_cat=0
split_feature=0 0 0 0
split_gain=2.43063e+08 3.90034e+07 8.84174e+06 2.88805e+06
threshold=4.5000000000000009 2.5000000000000004 3.5000000000000004 1.5000000000000002
decision_type=2 2 2 2
left_child=1 3 -3 -1
right_child=-2 2 -4 -5
leaf_value=-0.95089357205873704 1.7491671760448413 -0.30383365200745965 0.23231987359658368 -0.65621740957889851
leaf_weight=172936 159108 149731 158076 160149
leaf_count=172936 159108 149731 158076 160149
internal_value=1.34766e-06 -0.434247 -0.028489 -0.809212
internal_weight=800000 640892 307807 333085
internal_count=800000 640892 307807 333085
is_linear=0
shrinkage=0.05


Tree=79
num_leaves=5
num_cat=0
split_feature=0 0 0 0
split_gain=2.19364e+08 3.52002e+07 7.97958e+06 2.60635e+06
threshold=4.5000000000000009 2.5000000000000004 3.5000000000000004 1.5000000000000002
decision_type=2 2 2 2
left_child=1 3 -3 -1
right_child=-2 2 -4 -5
leaf_value=-0.90334473532410975 1.6617048305950517 -0.28864276168757719 0.22070033288369426 -0.62340827921028508
leaf_weight=172936 159108 149731 158076 160149
leaf_count=172936 159108 149731 158076 160149
internal_value=1.88752e-07 -0.412535 -0.0270668 -0.76875
internal_weight=800000 640892 307807 333085
internal_count=800000 640892 307807 333085
is_linear=0
shrinkage=0.05


Tree=80
num_leaves=5
num_cat=0
split_feature=0 0 0 0
split_gain=1.97976e+08 3.17682e+07 7.20169e+06 2.35215e+06
threshold=4.5000000000000009 2.5000000000000004 3.5000000000000004 1.5000000000000002
decision_type=2 2 2 2
left_child=1 3 -3 -1
right_child=-2 2 -4 -5
leaf_value=-0.8581769667859821 1.5786179522150325 -0.27421447305944091 0.2096655701597909 -0.59224214393228847
leaf_weight=172936 159108 149731 158076 160149
leaf_count=172936 159108 149731 158076 160149
internal_value=-1.55812e-06 -0.39191 -0.0257152 -0.730314
internal_weight=800000 640892 307807 333085
internal_count=800000 640892 307807 333085
is_linear=0
shrinkage=0.05


Tree=81
num_leaves=5
num_cat=0
split_feature=0 0 0 0
split_gain=1.78674e+08 2.86712e+07 6.49943e+06 2.12294e+06
threshold=4.5000000000000009 2.5000000000000004 3.5000000000000004 1.5000000000000002
decision_type=2 2 2 2
left_child=1 3 -3 -1
right_child=-2 2 -4 -5
leaf_value=-0.81527272648080551 1.4996915134042297 -0.2604979518521448 0.19918447350824636 -0.56262692854023622
leaf_weight=172936 159108 149731 158076 160149
leaf_count=172936 159108 149731 158076 160149
internal_value=5.48893e-07 -0.372313 -0.0244255 -0.693799
internal_weight=800000 640892 307807 333085
internal_count=800000 640892 307807 333085
is_linear=0
shrinkage=0.05


Tree=82
num_leaves=5
num_cat=0
split_feature=0 0 0 0
split_gain=1.61253e+08 2.58754e+07 5.86574e+06 1.91596e+06
threshold=4.5000000000000009 2.5000000000000004 3.5000000000000004 1.5000000000000002
decision_type=2 2 2 2
left_child=1 3 -3 -1
right_child=-2 2 -4 -5
leaf_value=-0.77450581852048694 1.4247066375527577 -0.24747471354399764 0.18922385216217785 -0.53449187204698145
leaf_weight=172936 159108 149731 158076 160149
leaf_count=172936 159108 149731 158076 160149
internal_value=1.32495e-06 -0.353696 -0.0232057 -0.659106
internal_weight=800000 640892 307807 333085
internal_count=800000 640892 307807 333085
is_linear=0
shrinkage=0.05


Tree=83
num_leaves=5
num_cat=0
split_feature=0 0 0 0
split_gain=1.45531e+08 2.33526e+07 5.29388e+06 1.72912e+06
threshold=4.5000000000000009 2.5000000000000004 3.5000000000000004 1.5000000000000002
decision_type=2 2 2 2
left_child=1 3 -3 -1
right_child=-2 2 -4 -5
leaf_value=-0.73578193141060044 1.3534689896354328 -0.23510320095072934 0.17976250987915759 -0.50777135927044192
leaf_weight=172936 159108 149731 158076 160149
leaf_count=172936 159108 149731 158076 160149
internal_value=-7.67967e-07 -0.336013 -0.0220466 -0.626153
internal_weight=800000 640892 307807 333085
internal_count=800000 640892 307807 333085
is_linear=0
shrinkage=0.05


Tree=84
num_leaves=5
num_cat=0
split_feature=0 0 0 0
split_gain=1.31341e+08 2.10761e+07 4.77767e+06 1.56054e+06
threshold=4.5000000000000009 2.5000000000000004 3.5000000000000004 1.5000000000000002
decision_type=2 2 2 2
left_child=1 3 -3 -1
right_child=-2 2 -4 -5
leaf_value=-0.69899487583876685 1.2857939849190068 -0.22334338772352719 0.17077667290673493 -0.48238412483217763
leaf_weight=172936 159108 149731 158076 160149
leaf_count=172936 159108 149731 158076 160149
internal_value=-4.2393e-07 -0.319212 -0.0209408 -0.594847
internal_weight=800000 640892 307807 333085
internal_count=800000 640892 307807 333085
is_linear=0
shrinkage=0.05


Tree=85
num_leaves=5
num_cat=0
split_feature=0 0 0 0
split_gain=1.18535e+08 1.90207e+07 4.31194e+06 1.40834e+06
threshold=4.5000000000000009 2.5000000000000004 3.5000000000000004 1.5000000000000002
decision_type=2 2 2 2
left_child=1 3 -3 -1
right_child=-2 2 -4 -5
leaf_value=-0.66404108722561661 1.2215038266414391 -0.21218238858743976 0.16223549443328455 -0.45826410738137624
leaf_weight=172936 159108 149731 158076 160149
leaf_count=172936 159108 149731 158076 160149
internal_value=-1.07544e-06 -0.303252 -0.019898 -0.565102
internal_weight=800000 640892 307807 333085
internal_count=800000 640892 307807 333085
is_linear=0
shrinkage=0.05


Tree=86
num_leaves=5
num_cat=0
split_feature=0 0 0 0
split_gain=1.06978e+08 1.71664e+07 3.8914e+06 1.27104e+06
threshold=4.5000000000000009 2.5000000000000004 3.5000000000000004 1.5000000000000002
decision_type=2 2 2 2
left_child=1 3 -3 -1
right_child=-2 2 -4 -5
leaf_value=-0.63083806892667138 1.1604336851283363 -0.20156611429260551 0.15412515090868636 -0.43534870174978607
leaf_weight=172936 159108 149731 158076 160149
leaf_count=172936 159108 149731 158076 160149
internal_value=2.25343e-06 -0.288087 -0.0188989 -0.536846
internal_weight=800000 640892 307807 333085
internal_count=800000 640892 307807 333085
is_linear=0
shrinkage=0.05


Tree=87
num_leaves=5
num_cat=0
split_feature=0 0 0 0
split_gain=9.65481e+07 1.54925e+07 3.51209e+06 1.14705e+06
threshold=4.5000000000000009 2.5000000000000004 3.5000000000000004 1.5000000000000002
decision_type=2 2 2 2
left_child=1 3 -3 -1
right_child=-2 2 -4 -5
leaf_value=-0.59929520712919226 1.1024095277235777 -0.19149554652912829 0.14641634403125378 -0.41358587989859297
leaf_weight=172936 159108 149731 158076 160149
leaf_count=172936 159108 149731 158076 160149
internal_value=-1.01945e-06 -0.273686 -0.017959 -0.510005
internal_weight=800000 640892 307807 333085
internal_count=800000 640892 307807 333085
is_linear=0
shrinkage=0.05


Tree=88
num_leaves=5
num_cat=0
split_feature=0 0 0 0
split_gain=8.71337e+07 1.39822e+07 3.16967e+06 1.03528e+06
threshold=4.5000000000000009 2.5000000000000004 3.5000000000000004 1.5000000000000002
decision_type=2 2 2 2
left_child=1 3 -3 -1
right_child=-2 2 -4 -5
leaf_value=-0.56933154173506595 1.0472853395036614 -0.18191547182849238 0.13910090225591554 -0.39290167948336352
leaf_weight=172936 159108 149731 158076 160149
leaf_count=172936 159108 149731 158076 160149
internal_value=1.09243e-06 -0.259998 -0.0170557 -0.484503
internal_weight=800000 640892 307807 333085
internal_count=800000 640892 307807 333085
is_linear=0
shrinkage=0.05


Tree=89
num_leaves=5
num_cat=0
split_feature=0 0 0 0
split_gain=7.86385e+07 1.26187e+07 2.8606e+06 934354
threshold=4.5000000000000009 2.5000000000000004 3.5000000000000004 1.5000000000000002
decision_type=2 2 2 2
left_child=1 3 -3 -1
right_child=-2 2 -4 -5
leaf_value=-0.54086550567308611 0.99492238941519173 -0.17282213482173109 0.13214233759163321 -0.37325611394740443
leaf_weight=172936 159108 149731 158076 160149
leaf_count=172936 159108 149731 158076 160149
internal_value=1.27677e-07 -0.247 -0.0162059 -0.460278
internal_weight=800000 640892 307807 333085
internal_count=800000 640892 307807 333085
is_linear=0
shrinkage=0.05


Tree=90
num_leaves=5
num_cat=0
split_feature=0 0 0 0
split_gain=7.0972e+07 1.13886e+07 2.58166e+06 843219
threshold=4.5000000000000009 2.5000000000000004 3.5000000000000004 1.5000000000000002
decision_type=2 2 2 2
left_child=1 3 -3 -1
right_child=-2 2 -4 -5
leaf_value=-0.51382342799274461 0.94518162269207717 -0.1641789456460796 0.12553555140529932 -0.35459781354913672
leaf_weight=172936 159108 149731 158076 160149
leaf_count=172936 159108 149731 158076 160149
internal_value=4.80189e-07 -0.23465 -0.0153945 -0.437267
internal_weight=800000 640892 307807 333085
internal_count=800000 640892 307807 333085
is_linear=0
shrinkage=0.05


Tree=91
num_leaves=5
num_cat=0
split_feature=0 0 0 0
split_gain=6.40519e+07 1.0278e+07 2.32993e+06 761048
threshold=4.5000000000000009 2.5000000000000004 3.5000000000000004 1.5000000000000002
decision_type=2 2 2 2
left_child=1 3 -3 -1
right_child=-2 2 -4 -5
leaf_value=-0.48813113067308606 0.8979202627455376 -0.1559709741212405 0.11925640246649678 -0.33686257550844867
leaf_weight=172936 159108 149731 158076 160149
leaf_count=172936 159108 149731 158076 160149
internal_value=6.6562e-07 -0.222917 -0.0146264 -0.4154
internal_weight=800000 640892 307807 333085
internal_count=800000 640892 307807 333085
is_linear=0
shrinkage=0.05


Tree=92
num_leaves=5
num_cat=0
split_feature=0 0 0 0
split_gain=5.78073e+07 9.27609e+06 2.10279e+06 686794
threshold=4.5000000000000009 2.5000000000000004 3.5000000000000004 1.5000000000000002
decision_type=2 2 2 2
left_child=1 3 -3 -1
right_child=-2 2 -4 -5
leaf_value=-0.46372592251213796 0.85302610756432251 -0.14817293011589888 0.11329471609901871 -0.32002622634156624
leaf_weight=172936 159108 149731 158076 160149
leaf_count=172936 159108 149731 158076 160149
internal_value=-5.17241e-07 -0.211773 -0.0138948 -0.394634
internal_weight=800000 640892 307807 333085
internal_count=800000 640892 307807 333085
is_linear=0
shrinkage=0.05


Tree=93
num_leaves=5
num_cat=0
split_feature=0 0 0 0
split_gain=5.21705e+07 8.37154e+06 1.8978e+06 619915
threshold=4.5000000000000009 2.5000000000000004 3.5000000000000004 1.5000000000000002
decision_type=2 2 2 2
left_child=1 3 -3 -1
right_child=-2 2 -4 -5
leaf_value=-0.44054203900784872 0.81037026245729438 -0.14076630315111804 0.10763043129219996 -0.30401807682764403
leaf_weight=172936 159108 149731 158076 160149
leaf_count=172936 159108 149731 158076 160149
internal_value=-8.35756e-07 -0.201184 -0.0132008 -0.374901
internal_weight=800000 640892 307807 333085
internal_count=800000 640892 307807 333085
is_linear=0
shrinkage=0.05


Tree=94
num_leaves=5
num_cat=0
split_feature=0 0 0 0
split_gain=4.70841e+07 7.55508e+06 1.71274e+06 559451
threshold=4.5000000000000009 2.5000000000000004 3.5000000000000004 1.5000000000000002
decision_type=2 2 2 2
left_child=1 3 -3 -1
right_child=-2 2 -4 -5
leaf_value=-0.41851124218424873 0.76985346342753269 -0.13372989232412538 0.10224502999735685 -0.28881603690896657
leaf_weight=172936 159108 149731 158076 160149
leaf_count=172936 159108 149731 158076 160149
internal_value=-5.4995e-07 -0.191125 -0.0125437 -0.356153
internal_weight=800000 640892 307807 333085
internal_count=800000 640892 307807 333085
is_linear=0
shrinkage=0.05


Tree=95
num_leaves=5
num_cat=0
split_feature=0 0 0 0
split_gain=4.24934e+07 6.81857e+06 1.54579e+06 504863
threshold=4.5000000000000009 2.5000000000000004 3.5000000000000004 1.5000000000000002
decision_type=2 2 2 2
left_child=1 3 -3 -1
right_child=-2 2 -4 -5
leaf_value=-0.39758330624987098 0.73136212563063374 -0.12704247767917096 0.097137173301020896 -0.27437799562341164
leaf_weight=172936 159108 149731 158076 160149
leaf_count=172936 159108 149731 158076 160149
internal_value=7.44244e-07 -0.181567 -0.0119138 -0.338346
internal_weight=800000 640892 307807 333085
internal_count=800000 640892 307807 333085
is_linear=0
shrinkage=0.05


Tree=96
num_leaves=5
num_cat=0
split_feature=0 0 0 0
split_gain=3.83501e+07 6.15395e+06 1.39503e+06 455669
threshold=4.5000000000000009 2.5000000000000004 3.5000000000000004 1.5000000000000002
decision_type=2 2 2 2
left_child=1 3 -3 -1
right_child=-2 2 -4 -5
leaf_value=-0.37770754234055265 0.69479236139276435 -0.12068523402116314 0.092281747014540838 -0.26065859550852094
leaf_weight=172936 159108 149731 158076 160149
leaf_count=172936 159108 149731 158076 160149
internal_value=9.83435e-07 -0.172488 -0.0113149 -0.32143
internal_weight=800000 640892 307807 333085
internal_count=800000 640892 307807 333085
is_linear=0
shrinkage=0.05


Tree=97
num_leaves=5
num_cat=0
split_feature=0 0 0 0
split_gain=3.46112e+07 5.55381e+06 1.25899e+06 411232
threshold=4.5000000000000009 2.5000000000000004 3.5000000000000004 1.5000000000000002
decision_type=2 2 2 2
left_child=1 3 -3 -1
right_child=-2 2 -4 -5
leaf_value=-0.35881893458659553 0.66005711929379218 -0.11465076387273693 0.087665699156869267 -0.24762375269239323
leaf_weight=172936 159108 149731 158076 160149
leaf_count=172936 159108 149731 158076 160149
internal_value=2.53754e-06 -0.163863 -0.01075 -0.305356
internal_weight=800000 640892 307807 333085
internal_count=800000 640892 307807 333085
is_linear=0
shrinkage=0.05


Tree=98
num_leaves=5
num_cat=0
split_feature=0 0 0 0
split_gain=3.12367e+07 5.01236e+06 1.13631e+06 371161
threshold=4.5000000000000009 2.5000000000000004 3.5000000000000004 1.5000000000000002
decision_type=2 2 2 2
left_child=1 3 -3 -1
right_child=-2 2 -4 -5
leaf_value=-0.34088473092584876 0.6270506710393231 -0.10892513021726727 0.083281642452703239 -0.23524587758529847
leaf_weight=172936 159108 149731 158076 160149
leaf_count=172936 159108 149731 158076 160149
internal_value=-1.86934e-06 -0.155674 -0.0102163 -0.290093
internal_weight=800000 640892 307807 333085
internal_count=800000 640892 307807 333085
is_linear=0
shrinkage=0.05


Tree=99
num_leaves=5
num_cat=0
split_feature=0 0 0 0
split_gain=2.81911e+07 4.52367e+06 1.02544e+06 334938
threshold=4.5000000000000009 2.5000000000000004 3.5000000000000004 1.5000000000000002
decision_type=2 2 2 2
left_child=1 3 -3 -1
right_child=-2 2 -4 -5
leaf_value=-0.32383423673900902 0.59570190212193563 -0.10347129803994395 0.079118454681059033 -0.22348242047383141
leaf_weight=172936 159108 149731 158076 160149
leaf_count=172936 159108 149731 158076 160149
internal_value=2.15305e-06 -0.147886 -0.00970131 -0.275585
internal_weight=800000 640892 307807 333085
internal_count=800000 640892 307807 333085
is_linear=0
shrinkage=0.05


Tree=100
num_leaves=5
num_cat=0
split_feature=0 0 0 0
split_gain=2.54426e+07 4.0826e+06 925551 302250
threshold=4.5000000000000009 2.5000000000000004 3.5000000000000004 1.5000000000000002
decision_type=2 2 2 2
left_child=1 3 -3 -1
right_child=-2 2 -4 -5
leaf_value=-0.30764201975069505 0.56591649511105779 -0.098304064002456379 0.075164409924043357 -0.21231277780049479
leaf_weight=172936 159108 149731 158076 160149
leaf_count=172936 159108 149731 158076 160149
internal_value=3.82226e-07 -0.140494 -0.00921836 -0.261807
internal_weight=800000 640892 307807 333085
internal_count=800000 640892 307807 333085
is_linear=0
shrinkage=0.05


Tree=101
num_leaves=5
num_cat=0
split_feature=0 0 0 0
split_gain=2.29616e+07 3.68454e+06 835239 272799
threshold=4.5000000000000009 2.5000000000000004 3.5000000000000004 1.5000000000000002
decision_type=2 2 2 2
left_child=1 3 -3 -1
right_child=-2 2 -4 -5
leaf_value=-0.29226015863164023 0.53761632950605576 -0.093384240008016109 0.07140382907992629 -0.20169434095773489
leaf_weight=172936 159108 149731 158076 160149
leaf_count=172936 159108 149731 158076 160149
internal_value=4.06496e-07 -0.133468 -0.00875641 -0.248716
internal_weight=800000 640892 307807 333085
internal_count=800000 640892 307807 333085
is_linear=0
shrinkage=0.05


Tree=102
num_leaves=5
num_cat=0
split_feature=0 0 0 0
split_gain=2.07232e+07 3.32539e+06 753838 246229
threshold=4.5000000000000009 2.5000000000000004 3.5000000000000004 1.5000000000000002
decision_type=2 2 2 2
left_child=1 3 -3 -1
right_child=-2 2 -4 -5
leaf_value=-0.27765241099610527 0.51074089750576002 -0.088716605929798575 0.0678356873186413 -0.19161009888585598
leaf_weight=172936 159108 149731 158076 160149
leaf_count=172936 159108 149731 158076 160149
internal_value=3.3454e-07 -0.126796 -0.0083183 -0.236283
internal_weight=800000 640892 307807 333085
internal_count=800000 640892 307807 333085
is_linear=0
shrinkage=0.05


Tree=103
num_leaves=5
num_cat=0
split_feature=0 0 0 0
split_gain=1.87025e+07 3.00117e+06 680340 222222
threshold=4.5000000000000009 2.5000000000000004 3.5000000000000004 1.5000000000000002
decision_type=2 2 2 2
left_child=1 3 -3 -1
right_child=-2 2 -4 -5
leaf_value=-0.26376864468626188 0.48520208180638513 -0.084279525260492955 0.064445265566742543 -0.18202831895554072
leaf_weight=172936 159108 149731 158076 160149
leaf_count=172936 159108 149731 158076 160149
internal_value=9.71806e-07 -0.120455 -0.00790108 -0.224467
internal_weight=800000 640892 307807 333085
internal_count=800000 640892 307807 333085
is_linear=0
shrinkage=0.05


Tree=104
num_leaves=5
num_cat=0
split_feature=0 0 0 0
split_gain=1.68789e+07 2.70853e+06 614042 200539
threshold=4.5000000000000009 2.5000000000000004 3.5000000000000004 1.5000000000000002
decision_type=2 2 2 2
left_child=1 3 -3 -1
right_child=-2 2 -4 -5
leaf_value=-0.250580115185286 0.46093773613580979 -0.080069950713500912 0.06122262127175801 -0.17292996312413864
leaf_weight=172936 159108 149731 158076 160149
leaf_count=172936 159108 149731 158076 160149
internal_value=-1.41107e-06 -0.114434 -0.00750836 -0.213246
internal_weight=800000 640892 307807 333085
internal_count=800000 640892 307807 333085
is_linear=0
shrinkage=0.05


Tree=105
num_leaves=5
num_cat=0
split_feature=0 0 0 0
split_gain=1.52332e+07 2.44437e+06 554135 181026
threshold=4.5000000000000009 2.5000000000000004 3.5000000000000004 1.5000000000000002
decision_type=2 2 2 2
left_child=1 3 -3 -1
right_child=-2 2 -4 -5
leaf_value=-0.23805351220266049 0.43789086113580977 -0.076065917855530199 0.058157479621556887 -0.16427777992447049
leaf_weight=172936 159108 149731 158076 160149
leaf_count=172936 159108 149731 158076 160149
internal_value=-1.41178e-06 -0.108713 -0.00713474 -0.202582
internal_weight=800000 640892 307807 333085
internal_count=800000 640892 307807 333085
is_linear=0
shrinkage=0.05


Tree=106
num_leaves=5
num_cat=0
split_feature=0 0 0 0
split_gain=1.37482e+07 2.20605e+06 500115 163334
threshold=4.5000000000000009 2.5000000000000004 3.5000000000000004 1.5000000000000002
decision_type=2 2 2 2
left_child=1 3 -3 -1
right_child=-2 2 -4 -5
leaf_value=-0.22614572545494643 0.41600034268405806 -0.072262313648078169 0.055250982602461474 -0.15606793268323776
leaf_weight=172936 159108 149731 158076 160149
leaf_count=172936 159108 149731 158076 160149
internal_value=8.47953e-08 -0.103276 -0.00677715 -0.192452
internal_weight=800000 640892 307807 333085
internal_count=800000 640892 307807 333085
is_linear=0
shrinkage=0.05


Tree=107
num_leaves=5
num_cat=0
split_feature=0 0 0 0
split_gain=1.24076e+07 1.99093e+06 451354 147428
threshold=4.5000000000000009 2.5000000000000004 3.5000000000000004 1.5000000000000002
decision_type=2 2 2 2
left_child=1 3 -3 -1
right_child=-2 2 -4 -5
leaf_value=-0.21483926690131583 0.39519938577979774 -0.068648881351291519 0.052488748774891326 -0.14826092906390928
leaf_weight=172936 159108 149731 158076 160149
leaf_count=172936 159108 149731 158076 160149
internal_value=5.58351e-07 -0.0981116 -0.00643798 -0.182828
internal_weight=800000 640892 307807 333085
internal_count=800000 640892 307807 333085
is_linear=0
shrinkage=0.05


Tree=108
num_leaves=5
num_cat=0
split_feature=0 0 0 0
split_gain=1.11978e+07 1.79688e+06 407353 133042
threshold=4.5000000000000009 2.5000000000000004 3.5000000000000004 1.5000000000000002
decision_type=2 2 2 2
left_child=1 3 -3 -1
right_child=-2 2 -4 -5
leaf_value=-0.20409710460969366 0.37543761275827991 -0.065214900192263905 0.049866655048515257 -0.14085040818879052
leaf_weight=172936 159108 149731 158076 160149
leaf_count=172936 159108 149731 158076 160149
internal_value=4.59912e-07 -0.0932057 -0.00611413 -0.173688
internal_weight=800000 640892 307807 333085
internal_count=800000 640892 307807 333085
is_linear=0
shrinkage=0.05


Tree=109
num_leaves=5
num_cat=0
split_feature=0 0 0 0
split_gain=1.01061e+07 1.62159e+06 367589 120086
threshold=4.5000000000000009 2.5000000000000004 3.5000000000000004 1.5000000000000002
decision_type=2 2 2 2
left_child=1 3 -3 -1
right_child=-2 2 -4 -5
leaf_value=-0.19389261998890694 0.35666827556788872 -0.061954002425720162 0.047366583370547652 -0.13380434468474811
leaf_weight=172936 159108 149731 158076 160149
leaf_count=172936 159108 149731 158076 160149
internal_value=2.68947e-07 -0.0885462 -0.00581181 -0.165002
internal_weight=800000 640892 307807 333085
internal_count=800000 640892 307807 333085
is_linear=0
shrinkage=0.05


Tree=110
num_leaves=5
num_cat=0
split_feature=0 0 0 0
split_gain=9.12078e+06 1.46355e+06 331768 108379
threshold=4.5000000000000009 2.5000000000000004 3.5000000000000004 1.5000000000000002
decision_type=2 2 2 2
left_child=1 3 -3 -1
right_child=-2 2 -4 -5
leaf_value=-0.18419976155687429 0.33883448694705137 -0.058856201551482357 0.045001309441483672 -0.12711560017128459
leaf_weight=172936 159108 149731 158076 160149
leaf_count=172936 159108 149731 158076 160149
internal_value=1.25512e-07 -0.084119 -0.0055196 -0.156753
internal_weight=800000 640892 307807 333085
internal_count=800000 640892 307807 333085
is_linear=0
shrinkage=0.05


Tree=111
num_leaves=5
num_cat=0
split_feature=0 0 0 0
split_gain=8.23139e+06 1.32093e+06 299427 97800.9
threshold=4.5000000000000009 2.5000000000000004 3.5000000000000004 1.5000000000000002
decision_type=2 2 2 2
left_child=1 3 -3 -1
right_child=-2 2 -4 -5
leaf_value=-0.17499003379236966 0.32189021602812062 -0.055911460203260502 0.042754093804742294 -0.12076320800281991
leaf_weight=172936 159108 149731 158076 160149
leaf_count=172936 159108 149731 158076 160149
internal_value=-1.97132e-07 -0.0799128 -0.00524122 -0.148917
internal_weight=800000 640892 307807 333085
internal_count=800000 640892 307807 333085
is_linear=0
shrinkage=0.05


Tree=112
num_leaves=5
num_cat=0
split_feature=0 0 0 0
split_gain=7.42884e+06 1.19211e+06 270266 88254.6
threshold=4.5000000000000009 2.5000000000000004 3.5000000000000004 1.5000000000000002
decision_type=2 2 2 2
left_child=1 3 -3 -1
right_child=-2 2 -4 -5
leaf_value=-0.16623912814279246 0.30579489065810389 -0.05312072038308166 0.040617345269233912 -0.11472677481620418
leaf_weight=172936 159108 149731 158076 160149
leaf_count=172936 159108 149731 158076 160149
internal_value=-1.10722e-06 -0.0759181 -0.00498101 -0.141472
internal_weight=800000 640892 307807 333085
internal_count=800000 640892 307807 333085
is_linear=0
shrinkage=0.05


Tree=113
num_leaves=5
num_cat=0
split_feature=0 0 0 0
split_gain=6.70468e+06 1.07591e+06 243909 79655.4
threshold=4.5000000000000009 2.5000000000000004 3.5000000000000004 1.5000000000000002
decision_type=2 2 2 2
left_child=1 3 -3 -1
right_child=-2 2 -4 -5
leaf_value=-0.15792970927343861 0.29050867132229857 -0.050463667685999691 0.038586343254479911 -0.10899123508093288
leaf_weight=172936 159108 149731 158076 160149
leaf_count=172936 159108 149731 158076 160149
internal_value=-8.95579e-07 -0.0721229 -0.00473154 -0.1344
internal_weight=800000 640892 307807 333085
internal_count=800000 640892 307807 333085
is_linear=0
shrinkage=0.05


Tree=114
num_leaves=5
num_cat=0
split_feature=0 0 0 0
split_gain=6.05073e+06 970867 220099 71896.4
threshold=4.5000000000000009 2.5000000000000004 3.5000000000000004 1.5000000000000002
decision_type=2 2 2 2
left_child=1 3 -3 -1
right_child=-2 2 -4 -5
leaf_value=-0.15002861153535146 0.27597786657476414 -0.047940938925012389 0.036651095199169891 -0.10353467578617706
leaf_weight=172936 159108 149731 158076 160149
leaf_count=172936 159108 149731 158076 160149
internal_value=-7.78204e-07 -0.0685153 -0.00449823 -0.127674
internal_weight=800000 640892 307807 333085
internal_count=800000 640892 307807 333085
is_linear=0
shrinkage=0.05


Tree=115
num_leaves=5
num_cat=0
split_feature=0 0 0 0
split_gain=5.46078e+06 876278 198609 64891.2
threshold=4.5000000000000009 2.5000000000000004 3.5000000000000004 1.5000000000000002
decision_type=2 2 2 2
left_child=1 3 -3 -1
right_child=-2 2 -4 -5
leaf_value=-0.14252956416586279 0.26217942426001911 -0.045537667893852912 0.034818677591642248 -0.098358723125025804
leaf_weight=172936 159108 149731 158076 160149
leaf_count=172936 159108 149731 158076 160149
internal_value=-1.2912e-07 -0.0650889 -0.00427022 -0.121292
internal_weight=800000 640892 307807 333085
internal_count=800000 640892 307807 333085
is_linear=0
shrinkage=0.05


Tree=116
num_leaves=5
num_cat=0
split_feature=0 0 0 0
split_gain=4.92844e+06 790880 179263 58554.9
threshold=4.5000000000000009 2.5000000000000004 3.5000000000000004 1.5000000000000002
decision_type=2 2 2 2
left_child=1 3 -3 -1
right_child=-2 2 -4 -5
leaf_value=-0.13540212436934904 0.24907389048055295 -0.043260687732595261 0.03308166160603767 -0.093443183662396401
leaf_weight=172936 159108 149731 158076 160149
leaf_count=172936 159108 149731 158076 160149
internal_value=1.08134e-06 -0.0618338 -0.00405465 -0.115228
internal_weight=800000 640892 307807 333085
internal_count=800000 640892 307807 333085
is_linear=0
shrinkage=0.05


Tree=117
num_leaves=5
num_cat=0
split_feature=0 0 0 0
split_gain=4.44799e+06 713707 161812 52859.7
threshold=4.5000000000000009 2.5000000000000004 3.5000000000000004 1.5000000000000002
decision_type=2 2 2 2
left_child=1 3 -3 -1
right_child=-2 2 -4 -5
leaf_value=-0.12863411437727817 0.23662070949162062 -0.041104903072312821 0.031426363851157796 -0.088767892785013944
leaf_weight=172936 159108 149731 158076 160149
leaf_count=172936 159108 149731 158076 160149
internal_value=-2.93712e-07 -0.0587439 -0.00385607 -0.109466
internal_weight=800000 640892 307807 333085
internal_count=800000 640892 307807 333085
is_linear=0
shrinkage=0.05


Tree=118
num_leaves=5
num_cat=0
split_feature=0 0 0 0
split_gain=4.01424e+06 644172 146029 47683.2
threshold=4.5000000000000009 2.5000000000000004 3.5000000000000004 1.5000000000000002
decision_type=2 2 2 2
left_child=1 3 -3 -1
right_child=-2 2 -4 -5
leaf_value=-0.12219768441141979 0.22478968086629161 -0.039044531737945774 0.029858803057098062 -0.084333778240668664
leaf_weight=172936 159108 149731 158076 160149
leaf_count=172936 159108 149731 158076 160149
internal_value=1.58864e-06 -0.0558044 -0.00365884 -0.103993
internal_weight=800000 640892 307807 333085
internal_count=800000 640892 307807 333085
is_linear=0
shrinkage=0.05


Tree=119
num_leaves=5
num_cat=0
split_feature=0 0 0 0
split_gain=3.62275e+06 581340 131779 43043.7
threshold=4.5000000000000009 2.5000000000000004 3.5000000000000004 1.5000000000000002
decision_type=2 2 2 2
left_child=1 3 -3 -1
right_child=-2 2 -4 -5
leaf_value=-0.11608833310870673 0.21354655242929466 -0.037091505090645342 0.028363681702862509 -0.08011362000904694
leaf_weight=172936 159108 149731 158076 160149
leaf_count=172936 159108 149731 158076 160149
internal_value=1.08245e-06 -0.0530138 -0.00347663 -0.0987915
internal_weight=800000 640892 307807 333085
internal_count=800000 640892 307807 333085
is_linear=0
shrinkage=0.05


Tree=120
num_leaves=5
num_cat=0
split_feature=0 0 0 0
split_gain=3.26969e+06 524643 118971 38842.7
threshold=4.5000000000000009 2.5000000000000004 3.5000000000000004 1.5000000000000002
decision_type=2 2 2 2
left_child=1 3 -3 -1
right_child=-2 2 -4 -5
leaf_value=-0.1102836190835286 0.20287427568931965 -0.035244269251004177 0.026948616680169492 -0.076109493088806046
leaf_weight=172936 159108 149731 158076 160149
leaf_count=172936 159108 149731 158076 160149
internal_value=1.02869e-06 -0.0503643 -0.00330477 -0.0938525
internal_weight=800000 640892 307807 333085
internal_count=800000 640892 307807 333085
is_linear=0
shrinkage=0.05


Tree=121
num_leaves=5
num_cat=0
split_feature=0 0 0 0
split_gain=2.95085e+06 473535 107341 35062.9
threshold=4.5000000000000009 2.5000000000000004 3.5000000000000004 1.5000000000000002
decision_type=2 2 2 2
left_child=1 3 -3 -1
right_child=-2 2 -4 -5
leaf_value=-0.10477406466520643 0.19272752889162828 -0.033476694550368273 0.02559816913145745 -0.072305248525777785
leaf_weight=172936 159108 149731 158076 160149
leaf_count=172936 159108 149731 158076 160149
internal_value=-4.64993e-07 -0.0478472 -0.00313847 -0.0891629
internal_weight=800000 640892 307807 333085
internal_count=800000 640892 307807 333085
is_linear=0
shrinkage=0.05


Tree=122
num_leaves=5
num_cat=0
split_feature=0 0 0 0
split_gain=2.66316e+06 427321 96871.8 31647
threshold=4.5000000000000009 2.5000000000000004 3.5000000000000004 1.5000000000000002
decision_type=2 2 2 2
left_child=1 3 -3 -1
right_child=-2 2 -4 -5
leaf_value=-0.099534612086443833 0.18309117892878951 -0.03180522725458098 0.024314967654290063 -0.068687891181389515
leaf_weight=172936 159108 149731 158076 160149
leaf_count=172936 159108 149731 158076 160149
internal_value=-9.48898e-07 -0.0454554 -0.00298439 -0.0847033
internal_weight=800000 640892 307807 333085
internal_count=800000 640892 307807 333085
is_linear=0
shrinkage=0.05


Tree=123
num_leaves=5
num_cat=0
split_feature=0 0 0 0
split_gain=2.40338e+06 385640 87427.8 28558
threshold=4.5000000000000009 2.5000000000000004 3.5000000000000004 1.5000000000000002
decision_type=2 2 2 2
left_child=1 3 -3 -1
right_child=-2 2 -4 -5
leaf_value=-0.094555719318876075 0.17393173056271327 -0.030215499030258816 0.02309897019616439 -0.065253089385659144
leaf_weight=172936 159108 149731 158076 160149
leaf_count=172936 159108 149731 158076 160149
internal_value=-1.47397e-06 -0.0431822 -0.00283556 -0.0804669
internal_weight=800000 640892 307807 333085
internal_count=800000 640892 307807 333085
is_linear=0
shrinkage=0.05


Tree=124
num_leaves=5
num_cat=0
split_feature=0 0 0 0
split_gain=2.16909e+06 348092 78922.6 25775.8
threshold=4.5000000000000009 2.5000000000000004 3.5000000000000004 1.5000000000000002
decision_type=2 2 2 2
left_child=1 3 -3 -1
right_child=-2 2 -4 -5
leaf_value=-0.089832447404231019 0.16523595407594308 -0.028706343580928079 0.021948531627256851 -0.061993740459019321
leaf_weight=172936 159108 149731 158076 160149
leaf_count=172936 159108 149731 158076 160149
internal_value=-2.28866e-06 -0.0410244 -0.00269225 -0.0764475
internal_weight=800000 640892 307807 333085
internal_count=800000 640892 307807 333085
is_linear=0
shrinkage=0.05


Tree=125
num_leaves=5
num_cat=0
split_feature=0 0 0 0
split_gain=1.95771e+06 314168 71201.6 23260.5
threshold=4.5000000000000009 2.5000000000000004 3.5000000000000004 1.5000000000000002
decision_type=2 2 2 2
left_child=1 3 -3 -1
right_child=-2 2 -4 -5
leaf_value=-0.085340287940500081 0.15697997207899581 -0.027264928654377737 0.02084840084697473 -0.05889478092422154
leaf_weight=172936 159108 149731 158076 160149
leaf_count=172936 159108 149731 158076 160149
internal_value=-4.4016e-07 -0.0389724 -0.00255606 -0.0726252
internal_weight=800000 640892 307807 333085
internal_count=800000 640892 307807 333085
is_linear=0
shrinkage=0.05


Tree=126
num_leaves=5
num_cat=0
split_feature=0 0 0 0
split_gain=1.76675e+06 283528 64264.8 20996.1
threshold=4.5000000000000009 2.5000000000000004 3.5000000000000004 1.5000000000000002
decision_type=2 2 2 2
left_child=1 3 -3 -1
right_child=-2 2 -4 -5
leaf_value=-0.08107425749519738 0.14912599363301135 -0.025903623719412874 0.019805939577197694 -0.055948894377275044
leaf_weight=172936 159108 149731 158076 160149
leaf_count=172936 159108 149731 158076 160149
internal_value=-1.76308e-06 -0.0370243 -0.00242922 -0.0689939
internal_weight=800000 640892 307807 333085
internal_count=800000 640892 307807 333085
is_linear=0
shrinkage=0.05


Tree=127
num_leaves=5
num_cat=0
split_feature=0 0 0 0
split_gain=1.59447e+06 255865 57998 18956
threshold=4.5000000000000009 2.5000000000000004 3.5000000000000004 1.5000000000000002
decision_type=2 2 2 2
left_child=1 3 -3 -1
right_child=-2 2 -4 -5
leaf_value=-0.077018932118945019 0.14167126495859683 -0.024606835761800394 0.018816858201999562 -0.053145412771421742
leaf_weight=172936 159108 149731 158076 160149
leaf_count=172936 159108 149731 158076 160149
internal_value=7.35527e-07 -0.0351704 -0.00230636 -0.0655404
internal_weight=800000 640892 307807 333085
internal_count=800000 640892 307807 333085
is_linear=0
shrinkage=0.05


Tree=128
num_leaves=5
num_cat=0
split_feature=0 0 0 0
split_gain=1.43907e+06 230915 52344.4 17092.2
threshold=4.5000000000000009 2.5000000000000004 3.5000000000000004 1.5000000000000002
decision_type=2 2 2 2
left_child=1 3 -3 -1
right_child=-2 2 -4 -5
leaf_value=-0.073165757233568121 0.13458864571258375 -0.023379854762930197 0.017873156204943733 -0.050496252938036973
leaf_weight=172936 159108 149731 158076 160149
leaf_count=172936 159108 149731 158076 160149
internal_value=-1.44944e-06 -0.0334148 -0.00219414 -0.0622661
internal_weight=800000 640892 307807 333085
internal_count=800000 640892 307807 333085
is_linear=0
shrinkage=0.05


Tree=129
num_leaves=5
num_cat=0
split_feature=0 0 0 0
split_gain=1.29874e+06 208389 47254.2 15433.5
threshold=4.5000000000000009 2.5000000000000004 3.5000000000000004 1.5000000000000002
decision_type=2 2 2 2
left_child=1 3 -3 -1
right_child=-2 2 -4 -5
leaf_value=-0.069506118884000365 0.12786109061758064 -0.022211370603104078 0.016984532769233906 -0.047964702792209019
leaf_weight=172936 159108 149731 158076 160149
leaf_count=172936 159108 149731 158076 160149
internal_value=1.53664e-06 -0.0317409 -0.0020821 -0.0591489
internal_weight=800000 640892 307807 333085
internal_count=800000 640892 307807 333085
is_linear=0
shrinkage=0.05


Tree=130
num_leaves=5
num_cat=0
split_feature=0 0 0 0
split_gain=1.17216e+06 188099 42627.1 13931
threshold=4.5000000000000009 2.5000000000000004 3.5000000000000004 1.5000000000000002
decision_type=2 2 2 2
left_child=1 3 -3 -1
right_child=-2 2 -4 -5
leaf_value=-0.066035273659983129 0.12146926089631645 -0.021096076372736923 0.016131380938298759 -0.045569263323885167
leaf_weight=172936 159108 149731 158076 160149
leaf_count=172936 159108 149731 158076 160149
internal_value=2.88359e-07 -0.0301556 -0.00197771 -0.0561951
internal_weight=800000 640892 307807 333085
internal_count=800000 640892 307807 333085
is_linear=0
shrinkage=0.05


Tree=131
num_leaves=5
num_cat=0
split_feature=0 0 0 0
split_gain=1.05789e+06 169766 38481.9 12571.4
threshold=4.5000000000000009 2.5000000000000004 3.5000000000000004 1.5000000000000002
decision_type=2 2 2 2
left_child=1 3 -3 -1
right_child=-2 2 -4 -5
leaf_value=-0.062733660967623422 0.11539663488854651 -0.020043381483475176 0.015327710223803049 -0.043291952249907034
leaf_weight=172936 159108 149731 158076 160149
leaf_count=172936 159108 149731 158076 160149
internal_value=3.55123e-07 -0.028648 -0.00187836 -0.053386
internal_weight=800000 640892 307807 333085
internal_count=800000 640892 307807 333085
is_linear=0
shrinkage=0.05


Tree=132
num_leaves=5
num_cat=0
split_feature=0 0 0 0
split_gain=954689 153182 34714.2 11342.1
threshold=4.5000000000000009 2.5000000000000004 3.5000000000000004 1.5000000000000002
decision_type=2 2 2 2
left_child=1 3 -3 -1
right_child=-2 2 -4 -5
leaf_value=-0.059593698833610459 0.10962208383708566 -0.019040575205868542 0.014554365640673706 -0.041127002860102041
leaf_weight=172936 159108 149731 158076 160149
leaf_count=172936 159108 149731 158076 160149
internal_value=-1.07779e-06 -0.0272161 -0.00178771 -0.0507148
internal_weight=800000 640892 307807 333085
internal_count=800000 640892 307807 333085
is_linear=0
shrinkage=0.05


Tree=133
num_leaves=5
num_cat=0
split_feature=0 0 0 0
split_gain=861648 138272 31345 10232.1
threshold=4.5000000000000009 2.5000000000000004 3.5000000000000004 1.5000000000000002
decision_type=2 2 2 2
left_child=1 3 -3 -1
right_child=-2 2 -4 -5
leaf_value=-0.05661413039928196 0.10414435123130772 -0.018090158130775608 0.013832926013552408 -0.039074319151648669
leaf_weight=172936 159108 149731 158076 160149
leaf_count=172936 159108 149731 158076 160149
internal_value=-1.73514e-07 -0.0258551 -0.00169588 -0.0481809
internal_weight=800000 640892 307807 333085
internal_count=800000 640892 307807 333085
is_linear=0
shrinkage=0.05


Tree=134
num_leaves=5
num_cat=0
split_feature=0 0 0 0
split_gain=777571 124782 28281 9232.55
threshold=4.5000000000000009 2.5000000000000004 3.5000000000000004 1.5000000000000002
decision_type=2 2 2 2
left_child=1 3 -3 -1
right_child=-2 2 -4 -5
leaf_value=-0.053782259743501627 0.098931465944133892 -0.017184641106928307 0.013138030097143061 -0.037121167711808491
leaf_weight=172936 159108 149731 158076 160149
leaf_count=172936 159108 149731 158076 160149
internal_value=-1.60666e-06 -0.0245628 -0.00161226 -0.0457715
internal_weight=800000 640892 307807 333085
internal_count=800000 640892 307807 333085
is_linear=0
shrinkage=0.05


Tree=135
num_leaves=5
num_cat=0
split_feature=0 0 0 0
split_gain=701830 112615 25526.6 8337.44
threshold=4.5000000000000009 2.5000000000000004 3.5000000000000004 1.5000000000000002
decision_type=2 2 2 2
left_child=1 3 -3 -1
right_child=-2 2 -4 -5
leaf_value=-0.05109513054206391 0.093991219685424537 -0.016326074156728782 0.012482190646756991 -0.035262281267080045
leaf_weight=172936 159108 149731 158076 160149
leaf_count=172936 159108 149731 158076 160149
internal_value=-4.52965e-08 -0.0233343 -0.00153143 -0.0434826
internal_weight=800000 640892 307807 333085
internal_count=800000 640892 307807 333085
is_linear=0
shrinkage=0.05


Tree=136
num_leaves=5
num_cat=0
split_feature=0 0 0 0
split_gain=633378 101651 23040.9 7520.06
threshold=4.5000000000000009 2.5000000000000004 3.5000000000000004 1.5000000000000002
decision_type=2 2 2 2
left_child=1 3 -3 -1
right_child=-2 2 -4 -5
leaf_value=-0.048539434099371649 0.089289819924519773 -0.015508883716804825 0.011860827824832873 -0.033502707811792952
leaf_weight=172936 159108 149731 158076 160149
leaf_count=172936 159108 149731 158076 160149
internal_value=-2.05636e-07 -0.0221674 -0.00145302 -0.0413097
internal_weight=800000 640892 307807 333085
internal_count=800000 640892 307807 333085
is_linear=0
shrinkage=0.05


Tree=137
num_leaves=5
num_cat=0
split_feature=0 0 0 0
split_gain=571580 91726.6 20803.7 6792.3
threshold=4.5000000000000009 2.5000000000000004 3.5000000000000004 1.5000000000000002
decision_type=2 2 2 2
left_child=1 3 -3 -1
right_child=-2 2 -4 -5
leaf_value=-0.046113771751916624 0.084821417319737774 -0.014737712895953568 0.01126931018742953 -0.031823145100216305
leaf_weight=172936 159108 149731 158076 160149
leaf_count=172936 159108 149731 158076 160149
internal_value=-8.68802e-07 -0.0210589 -0.00138166 -0.0392428
internal_weight=800000 640892 307807 333085
internal_count=800000 640892 307807 333085
is_linear=0
shrinkage=0.05


Tree=138
num_leaves=5
num_cat=0
split_feature=0 0 0 0
split_gain=515846 82792.9 18767.3 6127.37
threshold=4.5000000000000009 2.5000000000000004 3.5000000000000004 1.5000000000000002
decision_type=2 2 2 2
left_child=1 3 -3 -1
right_child=-2 2 -4 -5
leaf_value=-0.043805420574628169 0.08058207057421872 -0.013994772907422195 0.010706596374029077 -0.030232298247261813
leaf_weight=172936 159108 149731 158076 160149
leaf_count=172936 159108 149731 158076 160149
internal_value=1.31266e-06 -0.0200037 -0.00130925 -0.0372794
internal_weight=800000 640892 307807 333085
internal_count=800000 640892 307807 333085
is_linear=0
shrinkage=0.05


Tree=139
num_leaves=5
num_cat=0
split_feature=0 0 0 0
split_gain=465628 74718 16938.2 5530.41
threshold=4.5000000000000009 2.5000000000000004 3.5000000000000004 1.5000000000000002
decision_type=2 2 2 2
left_child=1 3 -3 -1
right_child=-2 2 -4 -5
leaf_value=-0.041617847848855069 0.076558162218443637 -0.013298305213368188 0.010168481631457449 -0.028722843517242514
leaf_weight=172936 159108 149731 158076 160149
leaf_count=172936 159108 149731 158076 160149
internal_value=1.02046e-07 -0.0190062 -0.00124681 -0.0354179
internal_weight=800000 640892 307807 333085
internal_count=800000 640892 307807 333085
is_linear=0
shrinkage=0.05


Tree=140
num_leaves=5
num_cat=0
split_feature=0 0 0 0
split_gain=420161 67411.5 15294.9 4990.42
threshold=4.5000000000000009 2.5000000000000004 3.5000000000000004 1.5000000000000002
decision_type=2 2 2 2
left_child=1 3 -3 -1
right_child=-2 2 -4 -5
leaf_value=-0.039531031213867938 0.072725861712297099 -0.012636163393607583 0.0096632474793448848 -0.027281726570163457
leaf_weight=172936 159108 149731 158076 160149
leaf_count=172936 159108 149731 158076 160149
internal_value=1.61111e-06 -0.0180529 -0.00118418 -0.0336415
internal_weight=800000 640892 307807 333085
internal_count=800000 640892 307807 333085
is_linear=0
shrinkage=0.05


Tree=141
num_leaves=5
num_cat=0
split_feature=0 0 0 0
split_gain=379234 60856.2 13798 4510.22
threshold=4.5000000000000009 2.5000000000000004 3.5000000000000004 1.5000000000000002
decision_type=2 2 2 2
left_child=1 3 -3 -1
right_child=-2 2 -4 -5
leaf_value=-0.037564079025966667 0.069090392068880707 -0.012003417855530196 0.0091767187202268473 -0.025919022447660985
leaf_weight=172936 159108 149731 158076 160149
leaf_count=172936 159108 149731 158076 160149
internal_value=-1.14721e-06 -0.0171538 -0.00112624 -0.0319651
internal_weight=800000 640892 307807 333085
internal_count=800000 640892 307807 333085
is_linear=0
shrinkage=0.05


Tree=142
num_leaves=5
num_cat=0
split_feature=0 0 0 0
split_gain=342208 54917.5 12448.7 4068.47
threshold=4.5000000000000009 2.5000000000000004 3.5000000000000004 1.5000000000000002
decision_type=2 2 2 2
left_child=1 3 -3 -1
right_child=-2 2 -4 -5
leaf_value=-0.035683059864438593 0.065630697734569851 -0.011401487340871777 0.0087164244727448402 -0.02462298597723564
leaf_weight=172936 159108 149731 158076 160149
leaf_count=172936 159108 149731 158076 160149
internal_value=-1.45219e-06 -0.0162953 -0.00106982 -0.0303653
internal_weight=800000 640892 307807 333085
internal_count=800000 640892 307807 333085
is_linear=0
shrinkage=0.05


Tree=143
num_leaves=5
num_cat=0
split_feature=0 0 0 0
split_gain=308901 49573.4 11236.6 3671.08
threshold=4.5000000000000009 2.5000000000000004 3.5000000000000004 1.5000000000000002
decision_type=2 2 2 2
left_child=1 3 -3 -1
right_child=-2 2 -4 -5
leaf_value=-0.033901071780075467 0.062355194554194776 -0.010831883579884478 0.0082815446817198317 -0.023395023725037406
leaf_weight=172936 159108 149731 158076 160149
leaf_count=172936 159108 149731 158076 160149
internal_value=-1.18801e-06 -0.0154818 -0.00101608 -0.0288497
internal_weight=800000 640892 307807 333085
internal_count=800000 640892 307807 333085
is_linear=0
shrinkage=0.05


Tree=144
num_leaves=5
num_cat=0
split_feature=0 0 0 0
split_gain=278758 44720.2 10140.2 3310
threshold=4.5000000000000009 2.5000000000000004 3.5000000000000004 1.5000000000000002
decision_type=2 2 2 2
left_child=1 3 -3 -1
right_child=-2 2 -4 -5
leaf_value=-0.032200410127055226 0.059234614508704111 -0.010292416069966838 0.0078645977951857168 -0.022224398143258023
leaf_weight=172936 159108 149731 158076 160149
leaf_count=172936 159108 149731 158076 160149
internal_value=-1.26726e-06 -0.0147072 -0.00096778 -0.0274039
internal_weight=800000 640892 307807 333085
internal_count=800000 640892 307807 333085
is_linear=0
shrinkage=0.05


Tree=145
num_leaves=5
num_cat=0
split_feature=0 0 0 0
split_gain=251594 40365.6 9141.71 2990.24
threshold=4.5000000000000009 2.5000000000000004 3.5000000000000004 1.5000000000000002
decision_type=2 2 2 2
left_child=1 3 -3 -1
right_child=-2 2 -4 -5
leaf_value=-0.030590693935322467 0.056277738144025091 -0.0097693112231043884 0.0074705643174727866 -0.021108781173004139
leaf_weight=172936 159108 149731 158076 160149
leaf_count=172936 159108 149731 158076 160149
internal_value=2.00513e-06 -0.013969 -0.000915677 -0.0260317
internal_weight=800000 640892 307807 333085
internal_count=800000 640892 307807 333085
is_linear=0
shrinkage=0.05


Tree=146
num_leaves=5
num_cat=0
split_feature=0 0 0 0
split_gain=227061 36433 8253.02 2696.68
threshold=4.5000000000000009 2.5000000000000004 3.5000000000000004 1.5000000000000002
decision_type=2 2 2 2
left_child=1 3 -3 -1
right_child=-2 2 -4 -5
leaf_value=-0.029059512627225705 0.053464057255400238 -0.009281159257434347 0.0070993276642547665 -0.020055056600550014
leaf_weight=172936 159108 149731 158076 160149
leaf_count=172936 159108 149731 158076 160149
internal_value=2.35269e-06 -0.0132701 -0.000868869 -0.0247301
internal_weight=800000 640892 307807 333085
internal_count=800000 640892 307807 333085
is_linear=0
shrinkage=0.05


Tree=147
num_leaves=5
num_cat=0
split_feature=0 0 0 0
split_gain=204906 32883.3 7447.34 2434.16
threshold=4.5000000000000009 2.5000000000000004 3.5000000000000004 1.5000000000000002
decision_type=2 2 2 2
left_child=1 3 -3 -1
right_child=-2 2 -4 -5
leaf_value=-0.02761001165156813 0.050785618319028197 -0.0088188432869947923 0.0067415631671989404 -0.019055071879823998
leaf_weight=172936 159108 149731 158076 160149
leaf_count=172936 159108 149731 158076 160149
internal_value=-9.90509e-07 -0.0126093 -0.00082771 -0.0234968
internal_weight=800000 640892 307807 333085
internal_count=800000 640892 307807 333085
is_linear=0
shrinkage=0.05


Tree=148
num_leaves=5
num_cat=0
split_feature=0 0 0 0
split_gain=184918 29676.7 6728.4 2196.52
threshold=4.5000000000000009 2.5000000000000004 3.5000000000000004 1.5000000000000002
decision_type=2 2 2 2
left_child=1 3 -3 -1
right_child=-2 2 -4 -5
leaf_value=-0.026227295574628169 0.0482465453002177 -0.0083801760052743916 0.0064100962170958748 -0.018100676346508821
leaf_weight=172936 159108 149731 158076 160149
leaf_count=172936 159108 149731 158076 160149
internal_value=5.90953e-07 -0.011977 -0.000784549 -0.02232
internal_weight=800000 640892 307807 333085
internal_count=800000 640892 307807 333085
is_linear=0
shrinkage=0.05


Tree=149
num_leaves=5
num_cat=0
split_feature=0 0 0 0
split_gain=166902 26787.2 6066 1981.75
threshold=4.5000000000000009 2.5000000000000004 3.5000000000000004 1.5000000000000002
decision_type=2 2 2 2
left_child=1 3 -3 -1
right_child=-2 2 -4 -5
leaf_value=-0.024918430528836188 0.045834304807975942 -0.0079589078089602871 0.0060844759983452821 -0.017199318413238719
leaf_weight=172936 159108 149731 158076 160149
leaf_count=172936 159108 149731 158076 160149
internal_value=-1.28547e-06 -0.0113804 -0.00074685 -0.021207
internal_weight=800000 640892 307807 333085
internal_count=800000 640892 307807 333085
is_linear=0
shrinkage=0.05


Tree=150
num_leaves=5
num_cat=0
split_feature=0 0 0 0
split_gain=150662 24176 5481.49 1789.47
threshold=4.5000000000000009 2.5000000000000004 3.5000000000000004 1.5000000000000002
decision_type=2 2 2 2
left_child=1 3 -3 -1
right_child=-2 2 -4 -5
leaf_value=-0.023672577696988745 0.043549483862566241 -0.0075642210229726822 0.0057854249375488918 -0.016337506544160572
leaf_weight=172936 159108 149731 158076 160149
leaf_count=172936 159108 149731 158076 160149
internal_value=9.16876e-07 -0.0108105 -0.000708436 -0.0201458
internal_weight=800000 640892 307807 333085
internal_count=800000 640892 307807 333085
is_linear=0
shrinkage=0.05


Tree=151
num_leaves=5
num_cat=0
split_feature=0 0 0 0
split_gain=135926 21814.3 4942.26 1614.15
threshold=4.5000000000000009 2.5000000000000004 3.5000000000000004 1.5000000000000002
decision_type=2 2 2 2
left_child=1 3 -3 -1
right_child=-2 2 -4 -5
leaf_value=-0.022485740562975781 0.041364561723998064 -0.0071824514893979565 0.0054935728762476139 -0.015519234793935126
leaf_weight=172936 159108 149731 158076 160149
leaf_count=172936 159108 149731 158076 160149
internal_value=5.18882e-07 -0.0102685 -0.000672609 -0.0191362
internal_weight=800000 640892 307807 333085
internal_count=800000 640892 307807 333085
is_linear=0
shrinkage=0.05


Tree=152
num_leaves=5
num_cat=0
split_feature=0 0 0 0
split_gain=122698 19683.2 4464.97 1456.99
threshold=4.5000000000000009 2.5000000000000004 3.5000000000000004 1.5000000000000002
decision_type=2 2 2 2
left_child=1 3 -3 -1
right_child=-2 2 -4 -5
leaf_value=-0.021361464900876051 0.039300596246646953 -0.0068281310530303937 0.0052202803924675609 -0.014742779718500793
leaf_weight=172936 159108 149731 158076 160149
leaf_count=172936 159108 149731 158076 160149
internal_value=8.12121e-07 -0.00975576 -0.000640602 -0.0181792
internal_weight=800000 640892 307807 333085
internal_count=800000 640892 307807 333085
is_linear=0
shrinkage=0.05


Tree=153
num_leaves=5
num_cat=0
split_feature=0 0 0 0
split_gain=110724 17762.4 4027.63 1314.85
threshold=4.5000000000000009 2.5000000000000004 3.5000000000000004 1.5000000000000002
decision_type=2 2 2 2
left_child=1 3 -3 -1
right_child=-2 2 -4 -5
leaf_value=-0.020292491152267011 0.03733374966627321 -0.0064852551020794166 0.0049578784692715493 -0.014004961424480886
leaf_weight=172936 159108 149731 158076 160149
leaf_count=172936 159108 149731 158076 160149
internal_value=7.41613e-07 -0.00926756 -0.00060857 -0.0172694
internal_weight=800000 640892 307807 333085
internal_count=800000 640892 307807 333085
is_linear=0
shrinkage=0.05


Tree=154
num_leaves=5
num_cat=0
split_feature=0 0 0 0
split_gain=99913.7 16037.7 3632.59 1189.6
threshold=4.5000000000000009 2.5000000000000004 3.5000000000000004 1.5000000000000002
decision_type=2 2 2 2
left_child=1 3 -3 -1
right_child=-2 2 -4 -5
leaf_value=-0.01928190126854501 0.035464943358419675 -0.0061561592574343486 0.0047113107155051029 -0.013301330729904505
leaf_weight=172936 159108 149731 158076 160149
leaf_count=172936 159108 149731 158076 160149
internal_value=1.25473e-06 -0.00880297 -0.000575109 -0.0164064
internal_weight=800000 640892 307807 333085
internal_count=800000 640892 307807 333085
is_linear=0
shrinkage=0.05


Tree=155
num_leaves=5
num_cat=0
split_feature=0 0 0 0
split_gain=90183.3 14466.7 3281.75 1071.86
threshold=4.5000000000000009 2.5000000000000004 3.5000000000000004 1.5000000000000002
decision_type=2 2 2 2
left_child=1 3 -3 -1
right_child=-2 2 -4 -5
leaf_value=-0.018315911225751564 0.033692155650176477 -0.0058551964121404789 0.0044741584389595681 -0.01263900488245273
leaf_weight=172936 159108 149731 158076 160149
leaf_count=172936 159108 149731 158076 160149
internal_value=-4.50325e-07 -0.00836498 -0.000550499 -0.0155864
internal_weight=800000 640892 307807 333085
internal_count=800000 640892 307807 333085
is_linear=0
shrinkage=0.05


Tree=156
num_leaves=5
num_cat=0
split_feature=0 0 0 0
split_gain=81412.7 13060.9 2961.96 967.833
threshold=4.5000000000000009 2.5000000000000004 3.5000000000000004 1.5000000000000002
decision_type=2 2 2 2
left_child=1 3 -3 -1
right_child=-2 2 -4 -5
leaf_value=-0.017402800559865209 0.032012200947725167 -0.005562055545871622 0.0042511318505734893 -0.012008403241680891
leaf_weight=172936 159108 149731 158076 160149
leaf_count=172936 159108 149731 158076 160149
internal_value=-1.46801e-07 -0.00794754 -0.000522438 -0.0148091
internal_weight=800000 640892 307807 333085
internal_count=800000 640892 307807 333085
is_linear=0
shrinkage=0.05


Tree=157
num_leaves=5
num_cat=0
split_feature=0 0 0 0
split_gain=73466.5 11793.2 2671.52 872.016
threshold=4.5000000000000009 2.5000000000000004 3.5000000000000004 1.5000000000000002
decision_type=2 2 2 2
left_child=1 3 -3 -1
right_child=-2 2 -4 -5
leaf_value=-0.016528555715691236 0.030413047548458496 -0.0052771237231043879 0.0040425227815894518 -0.011408142241718003
leaf_weight=172936 159108 149731 158076 160149
leaf_count=172936 159108 149731 158076 160149
internal_value=3.06388e-06 -0.00754653 -0.000490967 -0.0140666
internal_weight=800000 640892 307807 333085
internal_count=800000 640892 307807 333085
is_linear=0
shrinkage=0.05


Tree=158
num_leaves=5
num_cat=0
split_feature=0 0 0 0
split_gain=66306.2 10633.6 2412.98 787.079
threshold=4.5000000000000009 2.5000000000000004 3.5000000000000004 1.5000000000000002
decision_type=2 2 2 2
left_child=1 3 -3 -1
right_child=-2 2 -4 -5
leaf_value=-0.015701492312393792 0.028891054987772547 -0.005020240067634736 0.0038369832895205043 -0.010836838940768576
leaf_weight=172936 159108 149731 158076 160149
leaf_count=172936 159108 149731 158076 160149
internal_value=9.81485e-07 -0.00717128 -0.000471564 -0.0133625
internal_weight=800000 640892 307807 333085
internal_count=800000 640892 307807 333085
is_linear=0
shrinkage=0.05


Tree=159
num_leaves=5
num_cat=0
split_feature=0 0 0 0
split_gain=59825.8 9597.05 2175.28 710.35
threshold=4.5000000000000009 2.5000000000000004 3.5000000000000004 1.5000000000000002
decision_type=2 2 2 2
left_child=1 3 -3 -1
right_child=-2 2 -4 -5
leaf_value=-0.014916460936597898 0.027442095774608308 -0.0047666962168048258 0.0036429626213677416 -0.010295003132298808
leaf_weight=172936 159108 149731 158076 160149
leaf_count=172936 159108 149731 158076 160149
internal_value=9.02468e-08 -0.00681267 -0.000447869 -0.0126944
internal_weight=800000 640892 307807 333085
internal_count=800000 640892 307807 333085
is_linear=0
shrinkage=0.05


Tree=160
num_leaves=5
num_cat=0
split_feature=0 0 0 0
split_gain=54010.4 8663.93 1965.77 642.835
threshold=4.5000000000000009 2.5000000000000004 3.5000000000000004 1.5000000000000002
decision_type=2 2 2 2
left_child=1 3 -3 -1
right_child=-2 2 -4 -5
leaf_value=-0.014175900801062923 0.026073743336688077 -0.0045317040654299949 0.0034627104026350216 -0.0097795480816841984
leaf_weight=172936 159108 149731 158076 160149
leaf_count=172936 159108 149731 158076 160149
internal_value=-4.15555e-07 -0.00647359 -0.000426128 -0.0120621
internal_weight=800000 640892 307807 333085
internal_count=800000 640892 307807 333085
is_linear=0
shrinkage=0.05


Tree=161
num_leaves=5
num_cat=0
split_feature=0 0 0 0
split_gain=48718.1 7822.74 1771.47 579.607
threshold=4.5000000000000009 2.5000000000000004 3.5000000000000004 1.5000000000000002
decision_type=2 2 2 2
left_child=1 3 -3 -1
right_child=-2 2 -4 -5
leaf_value=-0.013465706005167905 0.024763339357827801 -0.0042992733032357821 0.0032897795690674872 -0.0092911558462866039
leaf_weight=172936 159108 149731 158076 160149
leaf_count=172936 159108 149731 158076 160149
internal_value=-4.10686e-07 -0.00614827 -0.000401873 -0.0114586
internal_weight=800000 640892 307807 333085
internal_count=800000 640892 307807 333085
is_linear=0
shrinkage=0.05


Tree=162
num_leaves=5
num_cat=0
split_feature=0 0 0 0
split_gain=44001.6 7054.68 1601.37 522.494
threshold=4.5000000000000009 2.5000000000000004 3.5000000000000004 1.5000000000000002
decision_type=2 2 2 2
left_child=1 3 -3 -1
right_child=-2 2 -4 -5
leaf_value=-0.012792158023156417 0.023533630862142399 -0.0040921484782897024 0.0031233458544441244 -0.0088286183588426586
leaf_weight=172936 159108 149731 158076 160149
leaf_count=172936 159108 149731 158076 160149
internal_value=-9.06958e-07 -0.0058436 -0.000386591 -0.0108865
internal_weight=800000 640892 307807 333085
internal_count=800000 640892 307807 333085
is_linear=0
shrinkage=0.05


Tree=163
num_leaves=5
num_cat=0
split_feature=0 0 0 0
split_gain=39708.6 6370.66 1444.41 472.053
threshold=4.5000000000000009 2.5000000000000004 3.5000000000000004 1.5000000000000002
decision_type=2 2 2 2
left_child=1 3 -3 -1
right_child=-2 2 -4 -5
leaf_value=-0.012153100815204036 0.022357811075795288 -0.0038831419804353051 0.0029696280218008703 -0.0083857327042200988
leaf_weight=172936 159108 149731 158076 160149
leaf_count=172936 159108 149731 158076 160149
internal_value=7.89303e-07 -0.00554957 -0.000363864 -0.0103417
internal_weight=800000 640892 307807 333085
internal_count=800000 640892 307807 333085
is_linear=0
shrinkage=0.05


Tree=164
num_leaves=5
num_cat=0
split_feature=0 0 0 0
split_gain=35830 5753.36 1304.33 425.024
threshold=4.5000000000000009 2.5000000000000004 3.5000000000000004 1.5000000000000002
decision_type=2 2 2 2
left_child=1 3 -3 -1
right_child=-2 2 -4 -5
leaf_value=-0.011544741243958094 0.021237510667504279 -0.0036881036270092378 0.0028239041006532821 -0.0079699588952352931
leaf_weight=172936 159108 149731 158076 160149
leaf_count=172936 159108 149731 158076 160149
internal_value=4.29436e-07 -0.00527189 -0.000343826 -0.00982597
internal_weight=800000 640892 307807 333085
internal_count=800000 640892 307807 333085
is_linear=0
shrinkage=0.05


Tree=165
num_leaves=5
num_cat=0
split_feature=0 0 0 0
split_gain=32326 5184.76 1177.67 384.439
threshold=4.5000000000000009 2.5000000000000004 3.5000000000000004 1.5000000000000002
decision_type=2 2 2 2
left_child=1 3 -3 -1
right_child=-2 2 -4 -5
leaf_value=-0.010965747866780772 0.02017189924688239 -0.0035074507135008991 0.00268030090368712 -0.0075659236035325169
leaf_weight=172936 159108 149731 158076 160149
leaf_count=172936 159108 149731 158076 160149
internal_value=-2.498e-08 -0.00500791 -0.000329696 -0.00933109
internal_weight=800000 640892 307807 333085
internal_count=800000 640892 307807 333085
is_linear=0
shrinkage=0.05


Tree=166
num_leaves=5
num_cat=0
split_feature=0 0 0 0
split_gain=29169.4 4684.24 1058.11 347.151
threshold=4.5000000000000009 2.5000000000000004 3.5000000000000004 1.5000000000000002
decision_type=2 2 2 2
left_child=1 3 -3 -1
right_child=-2 2 -4 -5
leaf_value=-0.010421122958471857 0.019160298010724958 -0.0033239960467451321 0.0025412372799639297 -0.0071903823179776151
leaf_weight=172936 159108 149731 158076 160149
leaf_count=172936 159108 149731 158076 160149
internal_value=-1.44974e-06 -0.00475855 -0.000311873 -0.00886777
internal_weight=800000 640892 307807 333085
internal_count=800000 640892 307807 333085
is_linear=0
shrinkage=0.05


Tree=167
num_leaves=5
num_cat=0
split_feature=0 0 0 0
split_gain=26337.7 4226.35 958.764 313.893
threshold=4.5000000000000009 2.5000000000000004 3.5000000000000004 1.5000000000000002
decision_type=2 2 2 2
left_child=1 3 -3 -1
right_child=-2 2 -4 -5
leaf_value=-0.0099013946276619441 0.018207110865226347 -0.0031645938486473666 0.00241851869383944 -0.0068293062594568304
leaf_weight=172936 159108 149731 158076 160149
leaf_count=172936 159108 149731 158076 160149
internal_value=-8.06493e-07 -0.00452111 -0.000297355 -0.00842432
internal_weight=800000 640892 307807 333085
internal_count=800000 640892 307807 333085
is_linear=0
shrinkage=0.05


Tree=168
num_leaves=5
num_cat=0
split_feature=0 0 0 0
split_gain=23753.1 3810.11 863.665 282.272
threshold=4.5000000000000009 2.5000000000000004 3.5000000000000004 1.5000000000000002
decision_type=2 2 2 2
left_child=1 3 -3 -1
right_child=-2 2 -4 -5
leaf_value=-0.0093998565193836609 0.017291104609236763 -0.0030040900363671554 0.0022949008463353246 -0.0064866138075207747
leaf_weight=172936 159108 149731 158076 160149
leaf_count=172936 159108 149731 158076 160149
internal_value=-3.52361e-07 -0.00429313 -0.000282764 -0.00799915
internal_weight=800000 640892 307807 333085
internal_count=800000 640892 307807 333085
is_linear=0
shrinkage=0.05


Tree=169
num_leaves=5
num_cat=0
split_feature=0 0 0 0
split_gain=21453 3443.52 782.01 254.469
threshold=4.5000000000000009 2.5000000000000004 3.5000000000000004 1.5000000000000002
decision_type=2 2 2 2
left_child=1 3 -3 -1
right_child=-2 2 -4 -5
leaf_value=-0.0089317302895324628 0.016434047338538607 -0.0028554925744634862 0.0021867837164788666 -0.006165677837795841
leaf_weight=172936 159108 149731 158076 160149
leaf_count=172936 159108 149731 158076 160149
internal_value=1.08227e-06 -0.00407857 -0.000266003 -0.0076018
internal_weight=800000 640892 307807 333085
internal_count=800000 640892 307807 333085
is_linear=0
shrinkage=0.05


Tree=170
num_leaves=5
num_cat=0
split_feature=0 0 0 0
split_gain=19359.2 3107.12 704.496 230.002
threshold=4.5000000000000009 2.5000000000000004 3.5000000000000004 1.5000000000000002
decision_type=2 2 2 2
left_child=1 3 -3 -1
right_child=-2 2 -4 -5
leaf_value=-0.0084861357789887317 0.015610870193367611 -0.0027112960789952689 0.0020745598071409219 -0.0058564218747012061
leaf_weight=172936 159108 149731 158076 160149
leaf_count=172936 159108 149731 158076 160149
internal_value=4.11117e-07 -0.00387505 -0.000253493 -0.00722176
internal_weight=800000 640892 307807 333085
internal_count=800000 640892 307807 333085
is_linear=0
shrinkage=0.05


Tree=171
num_leaves=5
num_cat=0
split_feature=0 0 0 0
split_gain=17472 2802.44 636.315 207.626
threshold=4.5000000000000009 2.5000000000000004 3.5000000000000004 1.5000000000000002
decision_type=2 2 2 2
left_child=1 3 -3 -1
right_child=-2 2 -4 -5
leaf_value=-0.0080618443815318932 0.014829642043608924 -0.0025785817417892502 0.0019697948742402722 -0.0055633196725853621
leaf_weight=172936 159108 149731 158076 160149
leaf_count=172936 159108 149731 158076 160149
internal_value=-4.31055e-07 -0.00368215 -0.000242738 -0.00686054
internal_weight=800000 640892 307807 333085
internal_count=800000 640892 307807 333085
is_linear=0
shrinkage=0.05


Tree=172
num_leaves=5
num_cat=0
split_feature=0 0 0 0
split_gain=15771.1 2533.19 573.02 187.437
threshold=4.5000000000000009 2.5000000000000004 3.5000000000000004 1.5000000000000002
decision_type=2 2 2 2
left_child=1 3 -3 -1
right_child=-2 2 -4 -5
leaf_value=-0.007660627371729835 0.01409029747474954 -0.0024439820222231512 0.0018722564031028106 -0.0052866819448277955
leaf_weight=172936 159108 149731 158076 160149
leaf_count=172936 159108 149731 158076 160149
internal_value=5.53625e-07 -0.00349737 -0.000227354 -0.00651922
internal_weight=800000 640892 307807 333085
internal_count=800000 640892 307807 333085
is_linear=0
shrinkage=0.05


Tree=173
num_leaves=5
num_cat=0
split_feature=0 0 0 0
split_gain=14225.1 2282.68 517.106 169.163
threshold=4.5000000000000009 2.5000000000000004 3.5000000000000004 1.5000000000000002
decision_type=2 2 2 2
left_child=1 3 -3 -1
right_child=-2 2 -4 -5
leaf_value=-0.0072758171689296935 0.013380461630485691 -0.0023245255929963829 0.00177572203984419 -0.005020566487412211
leaf_weight=172936 159108 149731 158076 160149
leaf_count=172936 159108 149731 158076 160149
internal_value=-8.81795e-07 -0.00332294 -0.000218821 -0.00619148
internal_weight=800000 640892 307807 333085
internal_count=800000 640892 307807 333085
is_linear=0
shrinkage=0.05


Tree=174
num_leaves=5
num_cat=0
split_feature=0 0 0 0
split_gain=12841.1 2059.23 467.646 151.955
threshold=4.5000000000000009 2.5000000000000004 3.5000000000000004 1.5000000000000002
decision_type=2 2 2 2
left_child=1 3 -3 -1
right_child=-2 2 -4 -5
leaf_value=-0.0069086736449757678 0.012713590685465393 -0.0022106336573284543 0.001688597955763824 -0.0047711997159630565
leaf_weight=172936 159108 149731 158076 160149
leaf_count=172936 159108 149731 158076 160149
internal_value=-1.2605e-07 -0.00315644 -0.000208162 -0.00588097
internal_weight=800000 640892 307807 333085
internal_count=800000 640892 307807 333085
is_linear=0
shrinkage=0.05


Tree=175
num_leaves=5
num_cat=0
split_feature=0 0 0 0
split_gain=11588.2 1860.47 421.927 137.618
threshold=4.5000000000000009 2.5000000000000004 3.5000000000000004 1.5000000000000002
decision_type=2 2 2 2
left_child=1 3 -3 -1
right_child=-2 2 -4 -5
leaf_value=-0.0065659716153898141 0.012077737157094336 -0.0020979305869381066 0.0016057968332704804 -0.0045318309628464525
leaf_weight=172936 159108 149731 158076 160149
leaf_count=172936 159108 149731 158076 160149
internal_value=1.45294e-07 -0.00299824 -0.000195861 -0.00558795
internal_weight=800000 640892 307807 333085
internal_count=800000 640892 307807 333085
is_linear=0
shrinkage=0.05


Tree=176
num_leaves=5
num_cat=0
split_feature=0 0 0 0
split_gain=10464.6 1680.12 381.806 123.943
threshold=4.5000000000000009 2.5000000000000004 3.5000000000000004 1.5000000000000002
decision_type=2 2 2 2
left_child=1 3 -3 -1
right_child=-2 2 -4 -5
leaf_value=-0.0062391182967900362 0.011476463549822277 -0.001996251031417139 0.0015269838426424374 -0.0043086905310579428
leaf_weight=172936 159108 149731 158076 160149
leaf_count=172936 159108 149731 158076 160149
internal_value=-6.55806e-07 -0.00284997 -0.000186874 -0.00531096
internal_weight=800000 640892 307807 333085
internal_count=800000 640892 307807 333085
is_linear=0
shrinkage=0.05


Tree=177
num_leaves=5
num_cat=0
split_feature=0 0 0 0
split_gain=9435.51 1514.7 343.507 112.578
threshold=4.5000000000000009 2.5000000000000004 3.5000000000000004 1.5000000000000002
decision_type=2 2 2 2
left_child=1 3 -3 -1
right_child=-2 2 -4 -5
leaf_value=-0.0059288820020639748 0.010896167769931839 -0.0018952400676347358 0.001446619342462342 -0.0040890836814847639
leaf_weight=172936 159108 149731 158076 160149
leaf_count=172936 159108 149731 158076 160149
internal_value=-2.01591e-06 -0.0027076 -0.00017901 -0.0050443
internal_weight=800000 640892 307807 333085
internal_count=800000 640892 307807 333085
is_linear=0
shrinkage=0.05


Tree=178
num_leaves=5
num_cat=0
split_feature=0 0 0 0
split_gain=8519.7 1366.37 309.38 101.234
threshold=4.5000000000000009 2.5000000000000004 3.5000000000000004 1.5000000000000002
decision_type=2 2 2 2
left_child=1 3 -3 -1
right_child=-2 2 -4 -5
leaf_value=-0.0056320289075002371 0.010352871831846737 -0.0018010131382752556 0.0013705015755631205 -0.0038873860791798897
leaf_weight=172936 159108 149731 158076 160149
leaf_count=172936 159108 149731 158076 160149
internal_value=-2.92613e-06 -0.00257386 -0.000172264 -0.0047932
internal_weight=800000 640892 307807 333085
internal_count=800000 640892 307807 333085
is_linear=0
shrinkage=0.05


Tree=179
num_leaves=5
num_cat=0
split_feature=0 0 0 0
split_gain=7684.42 1234.62 279.951 90.9511
threshold=4.5000000000000009 2.5000000000000004 3.5000000000000004 1.5000000000000002
decision_type=2 2 2 2
left_child=1 3 -3 -1
right_child=-2 2 -4 -5
leaf_value=-0.0053458399008760489 0.0098355866838826782 -0.0017075988196094847 0.0013093072805373533 -0.0036921781666125544
leaf_weight=172936 159108 149731 158076 160149
leaf_count=172936 159108 149731 158076 160149
internal_value=5.29118e-07 -0.00244112 -0.00015825 -0.00455075
internal_weight=800000 640892 307807 333085
internal_count=800000 640892 307807 333085
is_linear=0
shrinkage=0.05


Tree=180
num_leaves=5
num_cat=0
split_feature=0 0 0 0
split_gain=6940.29 1112.65 252.419 82.1634
threshold=4.5000000000000009 2.5000000000000004 3.5000000000000004 1.5000000000000002
decision_type=2 2 2 2
left_child=1 3 -3 -1
right_child=-2 2 -4 -5
leaf_value=-0.0050791425070114346 0.0093464315222300861 -0.0016247443419858633 0.0012399702685821478 -0.0035073977458970462
leaf_weight=172936 159108 149731 158076 160149
leaf_count=172936 159108 149731 158076 160149
internal_value=-3.07323e-07 -0.00232073 -0.000153554 -0.00432344
internal_weight=800000 640892 307807 333085
internal_count=800000 640892 307807 333085
is_linear=0
shrinkage=0.05


Tree=181
num_leaves=5
num_cat=0
split_feature=0 0 0 0
split_gain=6269.07 1004.51 227.213 74.4268
threshold=4.5000000000000009 2.5000000000000004 3.5000000000000004 1.5000000000000002
decision_type=2 2 2 2
left_child=1 3 -3 -1
right_child=-2 2 -4 -5
leaf_value=-0.0048284677328231593 0.0088823137813903493 -0.0015429532617650408 0.0011749667687443708 -0.0033325505587597456
leaf_weight=172936 159108 149731 158076 160149
leaf_count=172936 159108 149731 158076 160149
internal_value=-9.59053e-07 -0.00220632 -0.00014715 -0.00410922
internal_weight=800000 640892 307807 333085
internal_count=800000 640892 307807 333085
is_linear=0
shrinkage=0.05


Tree=182
num_leaves=5
num_cat=0
split_feature=0 0 0 0
split_gain=5656.68 907.804 205.377 67.0948
threshold=4.5000000000000009 2.5000000000000004 3.5000000000000004 1.5000000000000002
decision_type=2 2 2 2
left_child=1 3 -3 -1
right_child=-2 2 -4 -5
leaf_value=-0.0045849463189349135 0.0084400646136975066 -0.0014625539112866203 0.0011214687019505873 -0.0031646235257777769
leaf_weight=172936 159108 149731 158076 160149
leaf_count=172936 159108 149731 158076 160149
internal_value=1.81982e-06 -0.00209306 -0.000135515 -0.00390205
internal_weight=800000 640892 307807 333085
internal_count=800000 640892 307807 333085
is_linear=0
shrinkage=0.05


Tree=183
num_leaves=5
num_cat=0
split_feature=0 0 0 0
split_gain=5098.27 820.837 185.721 60.8704
threshold=4.5000000000000009 2.5000000000000004 3.5000000000000004 1.5000000000000002
decision_type=2 2 2 2
left_child=1 3 -3 -1
right_child=-2 2 -4 -5
leaf_value=-0.0043609540259666605 0.0080093751189953093 -0.0013908656172063197 0.0010663940741280475 -0.0030081160407987007
leaf_weight=172936 159108 149731 158076 160149
leaf_count=172936 159108 149731 158076 160149
internal_value=-1.55182e-06 -0.00199035 -0.000128926 -0.0037105
internal_weight=800000 640892 307807 333085
internal_count=800000 640892 307807 333085
is_linear=0
shrinkage=0.05


Tree=184
num_leaves=5
num_cat=0
split_feature=0 0 0 0
split_gain=4605.78 739.428 167.91 55.1827
threshold=4.5000000000000009 2.5000000000000004 3.5000000000000004 1.5000000000000002
decision_type=2 2 2 2
left_child=1 3 -3 -1
right_child=-2 2 -4 -5
leaf_value=-0.0041402447117231391 0.0076161725069388833 -0.0013214980132172285 0.0010149634817435151 -0.0028521607816563601
leaf_weight=172936 159108 149731 158076 160149
leaf_count=172936 159108 149731 158076 160149
internal_value=1.99758e-06 -0.0018883 -0.000121595 -0.00352093
internal_weight=800000 640892 307807 333085
internal_count=800000 640892 307807 333085
is_linear=0
shrinkage=0.05


Tree=185
num_leaves=5
num_cat=0
split_feature=0 0 0 0
split_gain=4152.71 665.613 151.446 49.0549
threshold=4.5000000000000009 2.5000000000000004 3.5000000000000004 1.5000000000000002
decision_type=2 2 2 2
left_child=1 3 -3 -1
right_child=-2 2 -4 -5
leaf_value=-0.0039297458625564404 0.007228071862619069 -0.0012601848073163029 0.00095877335010569975 -0.0027152836250953216
leaf_weight=172936 159108 149731 158076 160149
leaf_count=172936 159108 149731 158076 160149
internal_value=-1.91263e-06 -0.00179683 -0.000120626 -0.00334583
internal_weight=800000 640892 307807 333085
internal_count=800000 640892 307807 333085
is_linear=0
shrinkage=0.05


Tree=186
num_leaves=5
num_cat=0
split_feature=0 0 0 0
split_gain=3748.1 600.876 135.572 44.7357
threshold=4.5000000000000009 2.5000000000000004 3.5000000000000004 1.5000000000000002
decision_type=2 2 2 2
left_child=1 3 -3 -1
right_child=-2 2 -4 -5
leaf_value=-0.0037343266615016378 0.0068690098576929693 -0.0011905404644681351 0.00090890769916988988 -0.0025745618680476125
leaf_weight=172936 159108 149731 158076 160149
leaf_count=172936 159108 149731 158076 160149
internal_value=2.71344e-07 -0.00170496 -0.000112357 -0.00317671
internal_weight=800000 640892 307807 333085
internal_count=800000 640892 307807 333085
is_linear=0
shrinkage=0.05


Tree=187
num_leaves=5
num_cat=0
split_feature=0 0 0 0
split_gain=3384.33 542.973 123.905 39.9122
threshold=4.5000000000000009 2.5000000000000004 3.5000000000000004 1.5000000000000002
decision_type=2 2 2 2
left_child=1 3 -3 -1
right_child=-2 2 -4 -5
leaf_value=-0.0035452363514991755 0.0065277899692754871 -0.0011363209061011458 0.00087075889730457105 -0.0024497783848992653
leaf_weight=172936 159108 149731 158076 160149
leaf_count=172936 159108 149731 158076 160149
internal_value=8.7334e-07 -0.0016195 -0.000105574 -0.00301853
internal_weight=800000 640892 307807 333085
internal_count=800000 640892 307807 333085
is_linear=0
shrinkage=0.05


Tree=188
num_leaves=5
num_cat=0
split_feature=0 0 0 0
split_gain=3052.83 490.955 110.78 36.2761
threshold=4.5000000000000009 2.5000000000000004 3.5000000000000004 1.5000000000000002
decision_type=2 2 2 2
left_child=1 3 -3 -1
right_child=-2 2 -4 -5
leaf_value=-0.0033706108063615184 0.0061998469558426153 -0.0010731850562360062 0.00082461660384118291 -0.0023262444438338476
leaf_weight=172936 159108 149731 158076 160149
leaf_count=172936 159108 149731 158076 160149
internal_value=8.2825e-07 -0.00153814 -9.85584e-05 -0.00286847
internal_weight=800000 640892 307807 333085
internal_count=800000 640892 307807 333085
is_linear=0
shrinkage=0.05


Tree=189
num_leaves=5
num_cat=0
split_feature=0 0 0 0
split_gain=2757.36 441.6 100.003 32.6831
threshold=4.5000000000000009 2.5000000000000004 3.5000000000000004 1.5000000000000002
decision_type=2 2 2 2
left_child=1 3 -3 -1
right_child=-2 2 -4 -5
leaf_value=-0.0032010742477259582 0.0058912402508014688 -0.0010234624374518767 0.0007796708230574836 -0.0022097757568610914
leaf_weight=172936 159108 149731 158076 160149
leaf_count=172936 159108 149731 158076 160149
internal_value=-1.59636e-07 -0.00146276 -9.74533e-05 -0.00272445
internal_weight=800000 640892 307807 333085
internal_count=800000 640892 307807 333085
is_linear=0
shrinkage=0.05


Tree=190
num_leaves=5
num_cat=0
split_feature=0 0 0 0
split_gain=2487.18 399.243 90.9001 29.7943
threshold=4.5000000000000009 2.5000000000000004 3.5000000000000004 1.5000000000000002
decision_type=2 2 2 2
left_child=1 3 -3 -1
right_child=-2 2 -4 -5
leaf_value=-0.003043402492567134 0.0055957406868650406 -0.0009733495007777425 0.00074575664501247624 -0.0020969276891991749
leaf_weight=172936 159108 149731 158076 160149
leaf_count=172936 159108 149731 158076 160149
internal_value=4.22521e-07 -0.00138867 -9.0493e-05 -0.00258833
internal_weight=800000 640892 307807 333085
internal_count=800000 640892 307807 333085
is_linear=0
shrinkage=0.05


Tree=191
num_leaves=5
num_cat=0
split_feature=0 0 0 0
split_gain=2246.44 359.878 81.8177 26.609
threshold=4.5000000000000009 2.5000000000000004 3.5000000000000004 1.5000000000000002
decision_type=2 2 2 2
left_child=1 3 -3 -1
right_child=-2 2 -4 -5
leaf_value=-0.0028875617903311346 0.0053192695107015164 -0.00092359334661342623 0.00070736970811959368 -0.001993109222365042
leaf_weight=172936 159108 149731 158076 160149
leaf_count=172936 159108 149731 158076 160149
internal_value=1.63515e-06 -0.00131852 -8.60032e-05 -0.0024575
internal_weight=800000 640892 307807 333085
internal_count=800000 640892 307807 333085
is_linear=0
shrinkage=0.05


Tree=192
num_leaves=5
num_cat=0
split_feature=0 0 0 0
split_gain=2025.76 326.438 73.9725 24.2415
threshold=4.5000000000000009 2.5000000000000004 3.5000000000000004 1.5000000000000002
decision_type=2 2 2 2
left_child=1 3 -3 -1
right_child=-2 2 -4 -5
leaf_value=-0.0027489631200369445 0.0050496266441868842 -0.00087627033421382628 0.00067452940852412988 -0.0018952300868942996
leaf_weight=172936 159108 149731 158076 160149
leaf_count=172936 159108 149731 158076 160149
internal_value=-6.97698e-08 -0.00125371 -7.98485e-05 -0.00233848
internal_weight=800000 640892 307807 333085
internal_count=800000 640892 307807 333085
is_linear=0
shrinkage=0.05


Tree=193
num_leaves=5
num_cat=0
split_feature=0 0 0 0
split_gain=1829.73 293.595 65.9562 21.8714
threshold=4.5000000000000009 2.5000000000000004 3.5000000000000004 1.5000000000000002
decision_type=2 2 2 2
left_child=1 3 -3 -1
right_child=-2 2 -4 -5
leaf_value=-0.0026096974600639156 0.0047995591792543155 -0.00082982944269142922 0.00063453164551071609 -0.0017987715711822831
leaf_weight=172936 159108 149731 158076 160149
leaf_count=172936 159108 149731 158076 160149
internal_value=3.98982e-07 -0.00119104 -7.77986e-05 -0.0022198
internal_weight=800000 640892 307807 333085
internal_count=800000 640892 307807 333085
is_linear=0
shrinkage=0.05


Tree=194
num_leaves=5
num_cat=0
split_feature=0 0 0 0
split_gain=1650.72 264.271 60.0459 19.8851
threshold=4.5000000000000009 2.5000000000000004 3.5000000000000004 1.5000000000000002
decision_type=2 2 2 2
left_child=1 3 -3 -1
right_child=-2 2 -4 -5
leaf_value=-0.0024798618554352069 0.0045579470385942187 -0.00079341853294946055 0.0006037922745795412 -0.0017066362075363096
leaf_weight=172936 159108 149731 158076 160149
leaf_count=172936 159108 149731 158076 160149
internal_value=-4.02396e-07 -0.00113206 -7.58731e-05 -0.00210809
internal_weight=800000 640892 307807 333085
internal_count=800000 640892 307807 333085
is_linear=0
shrinkage=0.05


Tree=195
num_leaves=5
num_cat=0
split_feature=0 0 0 0
split_gain=1487.87 238.847 54.4023 17.531
threshold=4.5000000000000009 2.5000000000000004 3.5000000000000004 1.5000000000000002
decision_type=2 2 2 2
left_child=1 3 -3 -1
right_child=-2 2 -4 -5
leaf_value=-0.0023499432316859636 0.004329074310283002 -0.00075187318274773417 0.0005780578633938281 -0.0016239272662257589
leaf_weight=172936 159108 149731 158076 160149
leaf_count=172936 159108 149731 158076 160149
internal_value=1.41075e-06 -0.00107298 -6.88797e-05 -0.00200087
internal_weight=800000 640892 307807 333085
internal_count=800000 640892 307807 333085
is_linear=0
shrinkage=0.05


Tree=196
num_leaves=5
num_cat=0
split_feature=0 0 0 0
split_gain=1341.59 215.464 48.4457 15.9024
threshold=4.5000000000000009 2.5000000000000004 3.5000000000000004 1.5000000000000002
decision_type=2 2 2 2
left_child=1 3 -3 -1
right_child=-2 2 -4 -5
leaf_value=-0.0022361357789887318 0.0041072630170040352 -0.00071320325255011031 0.00054180885924420353 -0.0015446638791365166
leaf_weight=172936 159108 149731 158076 160149
leaf_count=172936 159108 149731 158076 160149
internal_value=-2.16001e-06 -0.00102237 -6.86848e-05 -0.00190367
internal_weight=800000 640892 307807 333085
internal_count=800000 640892 307807 333085
is_linear=0
shrinkage=0.05


Tree=197
num_leaves=5
num_cat=0
split_feature=0 0 0 0
split_gain=1212.39 193.753 44.0876 14.4499
threshold=4.5000000000000009 2.5000000000000004 3.5000000000000004 1.5000000000000002
decision_type=2 2 2 2
left_child=1 3 -3 -1
right_child=-2 2 -4 -5
leaf_value=-0.0021223385834631043 0.0039066879464648716 -0.0006801848886674335 0.00051704823160862886 -0.0014632016644232117
leaf_weight=172936 159108 149731 158076 160149
leaf_count=172936 159108 149731 158076 160149
internal_value=1.43037e-07 -0.000969697 -6.53391e-05 -0.00180542
internal_weight=800000 640892 307807 333085
internal_count=800000 640892 307807 333085
is_linear=0
shrinkage=0.05


Tree=198
num_leaves=5
num_cat=0
split_feature=0 0 0 0
split_gain=1094.93 175.039 39.8586 13.3968
threshold=4.5000000000000009 2.5000000000000004 3.5000000000000004 1.5000000000000002
decision_type=2 2 2 2
left_child=1 3 -3 -1
right_child=-2 2 -4 -5
leaf_value=-0.0020222673938040231 0.0037113660173418296 -0.000647816678815624 0.00049054840743510046 -0.0013876046304224163
leaf_weight=172936 159108 149731 158076 160149
leaf_count=172936 159108 149731 158076 160149
internal_value=-1.11577e-06 -0.000922777 -6.32029e-05 -0.00171712
internal_weight=800000 640892 307807 333085
internal_count=800000 640892 307807 333085
is_linear=0
shrinkage=0.05


Tree=199
num_leaves=5
num_cat=0
split_feature=0 0 0 0
split_gain=986.033 159.297 35.8526 11.7415
threshold=4.5000000000000009 2.5000000000000004 3.5000000000000004 1.5000000000000002
decision_type=2 2 2 2
left_child=1 3 -3 -1
right_child=-2 2 -4 -5
leaf_value=-0.0019198122433499493 0.0035213100816382545 -0.00061080250801610078 0.00046884257824979171 -0.0013256514209902407
leaf_weight=172936 159108 149731 158076 160149
leaf_count=172936 159108 149731 158076 160149
internal_value=-1.72638e-06 -0.000876356 -5.63448e-05 -0.00163414
internal_weight=800000 640892 307807 333085
internal_count=800000 640892 307807 333085
is_linear=0
shrinkage=0.05


end of trees

feature_importances:
IMD_BAND_ENG=800

parameters:
[boosting: gbdt]
[objective: regression]
[metric: l2]
[tree_learner: serial]
[device_type: cpu]
[data_sample_strategy: bagging]
[data: ]
[valid: ]
[num_iterations: 200]
[learning_rate: 0.05]
[num_leaves: 31]
[num_threads: 2]
[seed: 7]
[deterministic: 0]
[force_col_wise: 0]
[force_row_wise: 0]
[histogram_pool_size: -1]
[max_depth: -1]
[min_data_in_leaf: 200]
[min_sum_hessian_in_leaf: 0.001]
[bagging_fraction: 1]
[pos_bagging_fraction: 1]
[neg_bagging_fraction: 1]
[bagging_freq: 0]
[bagging_seed: 17422]
[bagging_by_query: 0]
[feature_fraction: 1]
[feature_fraction_bynode: 1]
[feature_fraction_seed: 7040]
[extra_trees: 0]
[extra_seed: 6516]
[early_stopping_round: 0]
[early_stopping_min_delta: 0]
[first_metric_only: 0]
[max_delta_step: 0]
[lambda_l1: 0]
[lambda_l2: 0]
[linear_lambda: 0]
[min_gain_to_split: 0]
[drop_rate: 0.1]
[max_drop: 50]
[skip_drop: 0.5]
[xgboost_dart_mode: 0]
[uniform_drop: 0]
[drop_seed: 15215]
[top_rate: 0.2]
[other_rate: 0.1]
[min_data_per_group: 100]
[max_cat_threshold: 32]
[cat_l2: 10]
[cat_smooth: 10]
[max_cat_to_onehot: 4]
[top_k: 20]
[monotone_constraints: ]
[monotone_constraints_method: basic]
[monotone_penalty: 0]
[feature_contri: ]
[forcedsplits_filename: ]
[refit_decay_rate: 0.9]
[cegb_tradeoff: 1]
[cegb_penalty_split: 0]
[cegb_penalty_feature_lazy: ]
[cegb_penalty_feature_coupled: ]
[path_smooth: 0]
[interaction_constraints: ]
[verbosity: -1]
[saved_feature_importance_type: 0]
[use_quantized_grad: 0]
[num_grad_quant_bins: 4]
[quant_train_renew_leaf: 0]
[stochastic_rounding: 1]
[linear_tree: 0]
[max_bin: 255]
[max_bin_by_feature: ]
[min_data_in_bin: 3]
[bin_construct_sample_cnt: 200000]
[data_random_seed: 61]
[is_enable_sparse: 1]
[enable_bundle: 1]
[use_missing: 1]
[zero_as_missing: 0]
[feature_pre_filter: 1]
[pre_partition: 0]
[two_round: 0]
[header: 0]
[label_column: ]
[weight_column: ]
[group_column: ]
[ignore_column: ]
[categorical_feature: ]
[forcedbins_filename: ]
[precise_float_parser: 0]
[parser_config_file: ]
[objective_seed: 15521]
[num_class: 1]
[is_unbalance: 0]
[scale_pos_weight: 1]
[sigmoid: 1]
[boost_from_average: 1]
[reg_sqrt: 0]
[alpha: 0.9]
[fair_c: 1]
[poisson_max_delta_step: 0.7]
[tweedie_variance_power: 1.5]
[lambdarank_truncation_level: 30]
[lambdarank_norm: 1]
[label_gain: ]
[lambdarank_position_bias_regularization: 0]
[eval_at: ]
[multi_error_top_k: 1]
[auc_mu_weights: ]
[num_machines: 1]
[local_listen_port: 12400]
[time_out: 120]
[machine_list_filename: ]
[machines: ]
[gpu_platform_id: -1]
[gpu_device_id: -1]
[gpu_device_id_list: ]
[gpu_use_dp: 0]
[num_gpu: 1]

end of parameters

pandas_categorical:[]
