tree
version=v4
num_class=1
num_tree_per_iteration=1
label_index=0
max_feature_idx=1
objective=regression
feature_names=PROP_TYPE MAIN_HEAT_FUEL
feature_infos=-1:1:2:5:0:3:4 none
tree_sizes=681 696 695 695 694 694 696 695 697 697 695 697 697 698 697 695 697 696 696 695 698 698 696 698 695 698 697 694 697 695 696 698 697 695 695 698 698 697 697 698 696 700 696 700 699 698 696 699 700 699 700 699 701 700 700 702 700 702 701 697 698 695 695 698 697 698 697 700 700 698 700 701 699 695 701 699 700 701 700 700 698 702 697 702 701 703 704 696 699 699 698 700 697 700 699 700 700 701 700 701 700 700 702 703 705 700 705 702 704 703 707 707 703 707 707 702 699 698 701 702 702 698 702 702 702 701 701 698 703 700 700 706 705 705 703 702 706 707 702 702 704 703 700 695 699 699 699 701 698 701 701 701 702 701 699 701 702 704 704 702 706 702 702 705 707 705 704 705 707 707 702 705 705 707 708 706 708 704 706 709 709 707 709 708 706 707 710 707 709 707 709 708 710 711 713 712 713 713 714 710

Tree=0
num_leaves=6
num_cat=5
split_feature=0 0 0 0 0
split_gain=2.30103e+12 1.32962e+12 1.23542e+11 7.23141e+09 3.97657e+08
threshold=0 1 2 3 4
decision_type=1 1 1 1 1
left_child=-1 -2 -3 4 -4
right_child=1 2 3 -5 -6
leaf_value=10786.974606149839 10414.338101556959 10615.050782506099 10577.15356385166 10559.186364544885 10571.884524099241
leaf_weight=119306 144520 210635 63428 179503 82608
leaf_count=119306 144520 210635 63428 179503 82608
internal_value=10584.4 10548.9 10585.2 10565.9 10574.2
internal_weight=800000 680694 536174 325539 146036
internal_count=800000 680694 536174 325539 146036
cat_boundaries=0 1 2 3 4 5
cat_threshold=1 32 2 24 16
is_linear=0
shrinkage=1


Tree=1
num_leaves=6
num_cat=5
split_feature=0 0 0 0 0
split_gain=2.07669e+12 1.19999e+12 1.11498e+11 6.52635e+09 3.58889e+08
threshold=0 1 2 3 4
decision_type=1 1 1 1 1
left_child=-1 -2 -3 4 -4
right_child=1 2 3 -5 -6
leaf_value=192.41359447927815 -161.59251567577067 29.085185665436985 -6.9172975431982442 -23.986156114863842 -11.92291337655184
leaf_weight=119306 144520 210635 63428 179503 82608
leaf_count=119306 144520 210635 63428 179503 82608
internal_value=1.18265e-05 -33.7269 0.740334 -17.6001 -9.74944
internal_weight=800000 680694 536174 325539 146036
internal_count=800000 680694 536174 325539 146036
cat_boundaries=0 1 2 3 4 5
cat_threshold=1 32 2 24 16
is_linear=0
shrinkage=0.05


Tree=2
num_leaves=6
num_cat=5
split_feature=0 0 0 0 0
split_gain=1.87423e+12 1.083e+12 1.00627e+11 5.89004e+09 3.23898e+08
threshold=0 1 2 3 4
decision_type=1 1 1 1 1
left_child=-1 -2 -3 4 -4
right_child=1 2 3 -5 -6
leaf_value=182.79371651705955 -153.51345344341939 27.630998798991431 -6.5714933871576484 -22.786913332305069 -11.326833612397277
leaf_weight=119306 144520 210635 63428 179503 82608
leaf_count=119306 144520 210635 63428 179503 82608
internal_value=2.18573e-05 -32.0406 0.703307 -16.7202 -9.26203
internal_weight=800000 680694 536174 325539 146036
internal_count=800000 680694 536174 325539 146036
cat_boundaries=0 1 2 3 4 5
cat_threshold=1 32 2 24 16
is_linear=0
shrinkage=0.05


Tree=3
num_leaves=6
num_cat=5
split_feature=0 0 0 0 0
split_gain=1.69151e+12 9.77411e+11 9.08166e+10 5.31576e+09 2.92321e+08
threshold=0 1 2 3 4
decision_type=1 1 1 1 1
left_child=-1 -2 -3 4 -4
right_child=1 2 3 -5 -6
leaf_value=173.6548009743592 -145.83831039537537 26.249511884547037 -6.2429663683788688 -21.647627767549892 -10.760561245010496
leaf_weight=119306 144520 210635 63428 179503 82608
leaf_count=119306 144520 210635 63428 179503 82608
internal_value=3.21371e-05 -30.4387 0.66813 -15.8842 -8.79899
internal_weight=800000 680694 536174 325539 146036
internal_count=800000 680694 536174 325539 146036
cat_boundaries=0 1 2 3 4 5
cat_threshold=1 32 2 24 16
is_linear=0
shrinkage=0.05


Tree=4
num_leaves=6
num_cat=5
split_feature=0 0 0 0 0
split_gain=1.5266e+12 8.8212e+11 8.19625e+10 4.79747e+09 2.63821e+08
threshold=0 1 2 3 4
decision_type=1 1 1 1 1
left_child=-1 -2 -3 4 -4
right_child=1 2 3 -5 -6
leaf_value=164.97278784618379 -138.54690610981825 24.937097628076966 -5.9308718528387967 -20.565308157290392 -10.222596401824172
leaf_weight=119306 144520 210635 63428 179503 82608
leaf_count=119306 144520 210635 63428 179503 82608
internal_value=3.80789e-05 -28.9169 0.634711 -15.0901 -8.3591
internal_weight=800000 680694 536174 325539 146036
internal_count=800000 680694 536174 325539 146036
cat_boundaries=0 1 2 3 4 5
cat_threshold=1 32 2 24 16
is_linear=0
shrinkage=0.05


Tree=5
num_leaves=6
num_cat=5
split_feature=0 0 0 0 0
split_gain=1.37777e+12 7.96119e+11 7.39716e+10 4.32972e+09 2.38101e+08
threshold=0 1 2 3 4
decision_type=1 1 1 1 1
left_child=-1 -2 -3 4 -4
right_child=1 2 3 -5 -6
leaf_value=156.7248416251208 -131.62003023185193 23.690303464477669 -5.634370793838956 -19.537099710753175 -9.7115340771292225
leaf_weight=119306 144520 210635 63428 179503 82608
leaf_count=119306 144520 210635 63428 179503 82608
internal_value=4.76125e-05 -27.4712 0.602964 -14.3356 -7.9412
internal_weight=800000 680694 536174 325539 146036
internal_count=800000 680694 536174 325539 146036
cat_boundaries=0 1 2 3 4 5
cat_threshold=1 32 2 24 16
is_linear=0
shrinkage=0.05


Tree=6
num_leaves=6
num_cat=5
split_feature=0 0 0 0 0
split_gain=1.24345e+12 7.18502e+11 6.67597e+10 3.90757e+09 2.14888e+08
threshold=0 1 2 3 4
decision_type=1 1 1 1 1
left_child=-1 -2 -3 4 -4
right_child=1 2 3 -5 -6
leaf_value=148.88925529311683 -125.03949190596384 22.505842161243105 -5.3526954053250222 -18.560298868178801 -9.2260125544939893
leaf_weight=119306 144520 210635 63428 179503 82608
leaf_count=119306 144520 210635 63428 179503 82608
internal_value=5.2268e-05 -26.0977 0.572806 -13.6189 -7.54419
internal_weight=800000 680694 536174 325539 146036
internal_count=800000 680694 536174 325539 146036
cat_boundaries=0 1 2 3 4 5
cat_threshold=1 32 2 24 16
is_linear=0
shrinkage=0.05


Tree=7
num_leaves=6
num_cat=5
split_feature=0 0 0 0 0
split_gain=1.12222e+12 6.48453e+11 6.0251e+10 3.52659e+09 1.93937e+08
threshold=0 1 2 3 4
decision_type=1 1 1 1 1
left_child=-1 -2 -3 4 -4
right_child=1 2 3 -5 -6
leaf_value=141.44541168021863 -118.78795185779839 21.380602852699269 -5.0851077664773783 -17.632338139239359 -8.7647651323159064
leaf_weight=119306 144520 210635 63428 179503 82608
leaf_count=119306 144520 210635 63428 179503 82608
internal_value=5.59967e-05 -24.7929 0.544154 -12.938 -7.16703
internal_weight=800000 680694 536174 325539 146036
internal_count=800000 680694 536174 325539 146036
cat_boundaries=0 1 2 3 4 5
cat_threshold=1 32 2 24 16
is_linear=0
shrinkage=0.05


Tree=8
num_leaves=6
num_cat=5
split_feature=0 0 0 0 0
split_gain=1.01281e+12 5.85233e+11 5.43769e+10 3.18275e+09 1.75029e+08
threshold=0 1 2 3 4
decision_type=1 1 1 1 1
left_child=-1 -2 -3 4 -4
right_child=1 2 3 -5 -6
leaf_value=134.37373717914159 -112.84896026093746 20.311626080054808 -4.8308928753036149 -16.750772694778288 -8.3265798548219063
leaf_weight=119306 144520 210635 63428 179503 82608
leaf_count=119306 144520 210635 63428 179503 82608
internal_value=6.25737e-05 -23.5534 0.516937 -12.2911 -6.80873
internal_weight=800000 680694 536174 325539 146036
internal_count=800000 680694 536174 325539 146036
cat_boundaries=0 1 2 3 4 5
cat_threshold=1 32 2 24 16
is_linear=0
shrinkage=0.05


Tree=9
num_leaves=6
num_cat=5
split_feature=0 0 0 0 0
split_gain=9.14072e+11 5.28176e+11 4.90755e+10 2.87243e+09 1.57965e+08
threshold=0 1 2 3 4
decision_type=1 1 1 1 1
left_child=-1 -2 -3 4 -4
right_child=1 2 3 -5 -6
leaf_value=127.65561514972758 -107.20690107115691 19.296094154005772 -4.5893852654033784 -15.913277755179193 -7.9103036722772941
leaf_weight=119306 144520 210635 63428 179503 82608
leaf_count=119306 144520 210635 63428 179503 82608
internal_value=6.82469e-05 -22.3758 0.491083 -11.6766 -6.46834
internal_weight=800000 680694 536174 325539 146036
internal_count=800000 680694 536174 325539 146036
cat_boundaries=0 1 2 3 4 5
cat_threshold=1 32 2 24 16
is_linear=0
shrinkage=0.05


Tree=10
num_leaves=6
num_cat=5
split_feature=0 0 0 0 0
split_gain=8.24958e+11 4.76683e+11 4.42909e+10 2.59237e+09 1.42565e+08
threshold=0 1 2 3 4
decision_type=1 1 1 1 1
left_child=-1 -2 -3 4 -4
right_child=1 2 3 -5 -6
leaf_value=121.27336650743555 -101.8469328487227 18.33133317311469 -4.3599509316557477 -15.11766062873347 -7.5148382578422712
leaf_weight=119306 144520 210635 63428 179503 82608
leaf_count=119306 144520 210635 63428 179503 82608
internal_value=6.92287e-05 -21.2571 0.466518 -11.0928 -6.14496
internal_weight=800000 680694 536174 325539 146036
internal_count=800000 680694 536174 325539 146036
cat_boundaries=0 1 2 3 4 5
cat_threshold=1 32 2 24 16
is_linear=0
shrinkage=0.05


Tree=11
num_leaves=6
num_cat=5
split_feature=0 0 0 0 0
split_gain=7.44531e+11 4.30209e+11 3.99727e+10 2.33961e+09 1.28666e+08
threshold=0 1 2 3 4
decision_type=1 1 1 1 1
left_child=-1 -2 -3 4 -4
right_child=1 2 3 -5 -6
leaf_value=115.21020627113708 -96.754933519885356 17.414809894610212 -4.141989809297411 -14.361818158265635 -7.1391409860133681
leaf_weight=119306 144520 210635 63428 179503 82608
leaf_count=119306 144520 210635 63428 179503 82608
internal_value=7.36219e-05 -20.1943 0.443185 -10.5382 -5.83776
internal_weight=800000 680694 536174 325539 146036
internal_count=800000 680694 536174 325539 146036
cat_boundaries=0 1 2 3 4 5
cat_threshold=1 32 2 24 16
is_linear=0
shrinkage=0.05


Tree=12
num_leaves=6
num_cat=5
split_feature=0 0 0 0 0
split_gain=6.71945e+11 3.88266e+11 3.60756e+10 2.1115e+09 1.16122e+08
threshold=0 1 2 3 4
decision_type=1 1 1 1 1
left_child=-1 -2 -3 4 -4
right_child=1 2 3 -5 -6
leaf_value=109.45018195797593 -91.917523408284168 16.544109714368343 -3.9349202060771624 -13.643768354415904 -6.7822288481255164
leaf_weight=119306 144520 210635 63428 179503 82608
leaf_count=119306 144520 210635 63428 179503 82608
internal_value=7.60043e-05 -19.1847 0.421017 -10.0114 -5.54591
internal_weight=800000 680694 536174 325539 146036
internal_count=800000 680694 536174 325539 146036
cat_boundaries=0 1 2 3 4 5
cat_threshold=1 32 2 24 16
is_linear=0
shrinkage=0.05


Tree=13
num_leaves=6
num_cat=5
split_feature=0 0 0 0 0
split_gain=6.06435e+11 3.50413e+11 3.25584e+10 1.90563e+09 1.04801e+08
threshold=0 1 2 3 4
decision_type=1 1 1 1 1
left_child=-1 -2 -3 4 -4
right_child=1 2 3 -5 -6
leaf_value=103.97813391864686 -87.321966311749009 15.716944900257261 -3.7382038963777227 -12.961614686593713 -6.4431578373654474
leaf_weight=119306 144520 210635 63428 179503 82608
leaf_count=119306 144520 210635 63428 179503 82608
internal_value=7.97049e-05 -18.2255 0.399961 -9.51084 -5.26865
internal_weight=800000 680694 536174 325539 146036
internal_count=800000 680694 536174 325539 146036
cat_boundaries=0 1 2 3 4 5
cat_threshold=1 32 2 24 16
is_linear=0
shrinkage=0.05


Tree=14
num_leaves=6
num_cat=5
split_feature=0 0 0 0 0
split_gain=5.47313e+11 3.1625e+11 2.93842e+10 1.71983e+09 9.45833e+07
threshold=0 1 2 3 4
decision_type=1 1 1 1 1
left_child=-1 -2 -3 4 -4
right_child=1 2 3 -5 -6
leaf_value=98.779659372915617 -82.956172150134364 14.931137224355361 -3.5513231173797077 -12.313571254024737 -6.1210359754592165
leaf_weight=119306 144520 210635 63428 179503 82608
leaf_count=119306 144520 210635 63428 179503 82608
internal_value=8.12185e-05 -17.3143 0.379957 -9.03533 -5.00525
internal_weight=800000 680694 536174 325539 146036
internal_count=800000 680694 536174 325539 146036
cat_boundaries=0 1 2 3 4 5
cat_threshold=1 32 2 24 16
is_linear=0
shrinkage=0.05


Tree=15
num_leaves=6
num_cat=5
split_feature=0 0 0 0 0
split_gain=4.93954e+11 2.85418e+11 2.65194e+10 1.55215e+09 8.5362e+07
threshold=0 1 2 3 4
decision_type=1 1 1 1 1
left_child=-1 -2 -3 4 -4
right_child=1 2 3 -5 -6
leaf_value=93.841093052762375 -78.808645353149004 14.184617030949097 -3.3737849910073061 -11.697929256389621 -5.8150196597468158
leaf_weight=119306 144520 210635 63428 179503 82608
leaf_count=119306 144520 210635 63428 179503 82608
internal_value=8.3949e-05 -16.4487 0.360952 -8.5836 -4.75502
internal_weight=800000 680694 536174 325539 146036
internal_count=800000 680694 536174 325539 146036
cat_boundaries=0 1 2 3 4 5
cat_threshold=1 32 2 24 16
is_linear=0
shrinkage=0.05


Tree=16
num_leaves=6
num_cat=5
split_feature=0 0 0 0 0
split_gain=4.45797e+11 2.57591e+11 2.39339e+10 1.40082e+09 7.70397e+07
threshold=0 1 2 3 4
decision_type=1 1 1 1 1
left_child=-1 -2 -3 4 -4
right_child=1 2 3 -5 -6
leaf_value=89.149429208171128 -74.868484475259791 13.475412888769021 -3.2051260493743423 -11.113067157184666 -5.5243071566549427
leaf_weight=119306 144520 210635 63428 179503 82608
leaf_count=119306 144520 210635 63428 179503 82608
internal_value=8.19532e-05 -15.6263 0.342894 -8.15445 -4.5173
internal_weight=800000 680694 536174 325539 146036
internal_count=800000 680694 536174 325539 146036
cat_boundaries=0 1 2 3 4 5
cat_threshold=1 32 2 24 16
is_linear=0
shrinkage=0.05


Tree=17
num_leaves=6
num_cat=5
split_feature=0 0 0 0 0
split_gain=4.02336e+11 2.32478e+11 2.16005e+10 1.26424e+09 6.95288e+07
threshold=0 1 2 3 4
decision_type=1 1 1 1 1
left_child=-1 -2 -3 4 -4
right_child=1 2 3 -5 -6
leaf_value=84.692333915252888 -71.125326345762829 12.80167982055397 -3.0448968172424298 -10.557440739705482 -5.2481255098649626
leaf_weight=119306 144520 210635 63428 179503 82608
leaf_count=119306 144520 210635 63428 179503 82608
internal_value=8.41066e-05 -14.845 0.325747 -7.74676 -4.29147
internal_weight=800000 680694 536174 325539 146036
internal_count=800000 680694 536174 325539 146036
cat_boundaries=0 1 2 3 4 5
cat_threshold=1 32 2 24 16
is_linear=0
shrinkage=0.05


Tree=18
num_leaves=6
num_cat=5
split_feature=0 0 0 0 0
split_gain=3.63111e+11 2.09813e+11 1.94945e+10 1.14097e+09 6.27502e+07
threshold=0 1 2 3 4
decision_type=1 1 1 1 1
left_child=-1 -2 -3 4 -4
right_child=1 2 3 -5 -6
leaf_value=80.458067771283766 -67.569303778385304 12.161622857189769 -2.8926751928892611 -10.02959783590819 -4.9857503671186016
leaf_weight=119306 144520 210635 63428 179503 82608
leaf_count=119306 144520 210635 63428 179503 82608
internal_value=8.3671e-05 -14.1029 0.309453 -7.35945 -4.07692
internal_weight=800000 680694 536174 325539 146036
internal_count=800000 680694 536174 325539 146036
cat_boundaries=0 1 2 3 4 5
cat_threshold=1 32 2 24 16
is_linear=0
shrinkage=0.05


Tree=19
num_leaves=6
num_cat=5
split_feature=0 0 0 0 0
split_gain=3.27711e+11 1.89357e+11 1.75939e+10 1.02973e+09 5.66326e+07
threshold=0 1 2 3 4
decision_type=1 1 1 1 1
left_child=-1 -2 -3 4 -4
right_child=1 2 3 -5 -6
leaf_value=76.435503955632171 -64.191070739425683 11.553569799467269 -2.748059283400579 -9.5281465172057747 -4.7364909843282392
leaf_weight=119306 144520 210635 63428 179503 82608
leaf_count=119306 144520 210635 63428 179503 82608
internal_value=8.48546e-05 -13.3978 0.293975 -6.9915 -3.8731
internal_weight=800000 680694 536174 325539 146036
internal_count=800000 680694 536174 325539 146036
cat_boundaries=0 1 2 3 4 5
cat_threshold=1 32 2 24 16
is_linear=0
shrinkage=0.05


Tree=20
num_leaves=6
num_cat=5
split_feature=0 0 0 0 0
split_gain=2.95761e+11 1.70896e+11 1.58786e+10 9.29331e+08 5.11115e+07
threshold=0 1 2 3 4
decision_type=1 1 1 1 1
left_child=-1 -2 -3 4 -4
right_child=1 2 3 -5 -6
leaf_value=72.614049718599702 -60.981741863557744 10.975920462580834 -2.6106785733002487 -9.0517671689474906 -4.4996978653383692
leaf_weight=119306 144520 210635 63428 179503 82608
leaf_count=119306 144520 210635 63428 179503 82608
internal_value=8.42814e-05 -12.7279 0.279271 -6.64196 -3.67947
internal_weight=800000 680694 536174 325539 146036
internal_count=800000 680694 536174 325539 146036
cat_boundaries=0 1 2 3 4 5
cat_threshold=1 32 2 24 16
is_linear=0
shrinkage=0.05


Tree=21
num_leaves=6
num_cat=5
split_feature=0 0 0 0 0
split_gain=2.66927e+11 1.54235e+11 1.43305e+10 8.38721e+08 4.61283e+07
threshold=0 1 2 3 4
decision_type=1 1 1 1 1
left_child=-1 -2 -3 4 -4
right_child=1 2 3 -5 -6
leaf_value=68.983652199371718 -57.932863308151632 10.427151928130002 -2.4801679290698844 -8.5992036251980544 -4.2747405236922082
leaf_weight=119306 144520 210635 63428 179503 82608
leaf_count=119306 144520 210635 63428 179503 82608
internal_value=8.48547e-05 -12.0916 0.265303 -6.30988 -3.49552
internal_weight=800000 680694 536174 325539 146036
internal_count=800000 680694 536174 325539 146036
cat_boundaries=0 1 2 3 4 5
cat_threshold=1 32 2 24 16
is_linear=0
shrinkage=0.05


Tree=22
num_leaves=6
num_cat=5
split_feature=0 0 0 0 0
split_gain=2.40904e+11 1.39198e+11 1.29334e+10 7.56947e+08 4.16312e+07
threshold=0 1 2 3 4
decision_type=1 1 1 1 1
left_child=-1 -2 -3 4 -4
right_child=1 2 3 -5 -6
leaf_value=65.534757066020788 -55.036423529495814 9.9058211078148961 -2.3561766490475065 -8.1692677084710983 -4.061029172393849
leaf_weight=119306 144520 210635 63428 179503 82608
leaf_count=119306 144520 210635 63428 179503 82608
internal_value=8.43401e-05 -11.487 0.252034 -5.99441 -3.32077
internal_weight=800000 680694 536174 325539 146036
internal_count=800000 680694 536174 325539 146036
cat_boundaries=0 1 2 3 4 5
cat_threshold=1 32 2 24 16
is_linear=0
shrinkage=0.05


Tree=23
num_leaves=6
num_cat=5
split_feature=0 0 0 0 0
split_gain=2.17417e+11 1.25627e+11 1.16725e+10 6.83144e+08 3.75722e+07
threshold=0 1 2 3 4
decision_type=1 1 1 1 1
left_child=-1 -2 -3 4 -4
right_child=1 2 3 -5 -6
leaf_value=62.258292703562361 -52.284790345286119 9.4105499927836131 -2.2383887381830112 -7.7608250467948841 -3.8580002999357093
leaf_weight=119306 144520 210635 63428 179503 82608
leaf_count=119306 144520 210635 63428 179503 82608
internal_value=8.35583e-05 -10.9127 0.239427 -5.69471 -3.15475
internal_weight=800000 680694 536174 325539 146036
internal_count=800000 680694 536174 325539 146036
cat_boundaries=0 1 2 3 4 5
cat_threshold=1 32 2 24 16
is_linear=0
shrinkage=0.05


Tree=24
num_leaves=6
num_cat=5
split_feature=0 0 0 0 0
split_gain=1.96221e+11 1.13379e+11 1.05345e+10 6.16538e+08 3.39093e+07
threshold=0 1 2 3 4
decision_type=1 1 1 1 1
left_child=-1 -2 -3 4 -4
right_child=1 2 3 -5 -6
leaf_value=59.145642915586194 -49.670732016986051 8.9400469844778012 -2.1264872958483561 -7.3728072312692454 -3.6651257129085359
leaf_weight=119306 144520 210635 63428 179503 82608
leaf_count=119306 144520 210635 63428 179503 82608
internal_value=8.32838e-05 -10.3671 0.227452 -5.41 -2.99704
internal_weight=800000 680694 536174 325539 146036
internal_count=800000 680694 536174 325539 146036
cat_boundaries=0 1 2 3 4 5
cat_threshold=1 32 2 24 16
is_linear=0
shrinkage=0.05


Tree=25
num_leaves=6
num_cat=5
split_feature=0 0 0 0 0
split_gain=1.77091e+11 1.02325e+11 9.50741e+09 5.56426e+08 3.06035e+07
threshold=0 1 2 3 4
decision_type=1 1 1 1 1
left_child=-1 -2 -3 4 -4
right_child=1 2 3 -5 -6
leaf_value=56.188604298607153 -47.187366334845485 8.4930650676424957 -2.0201782100569492 -7.0041902965068736 -3.4818937655056126
leaf_weight=119306 144520 210635 63428 179503 82608
leaf_count=119306 144520 210635 63428 179503 82608
internal_value=8.09602e-05 -9.84883 0.216074 -5.13952 -2.84721
internal_weight=800000 680694 536174 325539 146036
internal_count=800000 680694 536174 325539 146036
cat_boundaries=0 1 2 3 4 5
cat_threshold=1 32 2 24 16
is_linear=0
shrinkage=0.05


Tree=26
num_leaves=6
num_cat=5
split_feature=0 0 0 0 0
split_gain=1.59826e+11 9.23494e+10 8.58048e+09 5.02174e+08 2.76198e+07
threshold=0 1 2 3 4
decision_type=1 1 1 1 1
left_child=-1 -2 -3 4 -4
right_child=1 2 3 -5 -6
leaf_value=53.379414050653963 -44.828160305803131 8.0684300755047573 -1.919184791589656 -6.6539951674093363 -3.3078184230124914
leaf_weight=119306 144520 210635 63428 179503 82608
leaf_count=119306 144520 210635 63428 179503 82608
internal_value=8.17367e-05 -9.35642 0.205268 -4.88256 -2.70486
internal_weight=800000 680694 536174 325539 146036
internal_count=800000 680694 536174 325539 146036
cat_boundaries=0 1 2 3 4 5
cat_threshold=1 32 2 24 16
is_linear=0
shrinkage=0.05


Tree=27
num_leaves=6
num_cat=5
split_feature=0 0 0 0 0
split_gain=1.44244e+11 8.33459e+10 7.74393e+09 4.53214e+08 2.49268e+07
threshold=0 1 2 3 4
decision_type=1 1 1 1 1
left_child=-1 -2 -3 4 -4
right_child=1 2 3 -5 -6
leaf_value=50.710660336989463 -42.586905284024589 7.6650277846570738 -1.8232414904449232 -6.3213184063563421 -3.1424421432775285
leaf_weight=119306 144520 210635 63428 179503 82608
leaf_count=119306 144520 210635 63428 179503 82608
internal_value=7.9495e-05 -8.88864 0.195 -4.63845 -2.56964
internal_weight=800000 680694 536174 325539 146036
internal_count=800000 680694 536174 325539 146036
cat_boundaries=0 1 2 3 4 5
cat_threshold=1 32 2 24 16
is_linear=0
shrinkage=0.05


Tree=28
num_leaves=6
num_cat=5
split_feature=0 0 0 0 0
split_gain=1.30182e+11 7.52202e+10 6.98894e+09 4.09023e+08 2.24968e+07
threshold=0 1 2 3 4
decision_type=1 1 1 1 1
left_child=-1 -2 -3 4 -4
right_child=1 2 3 -5 -6
leaf_value=48.175344332301414 -40.457707266100535 7.2817947778102123 -1.7320944983066455 -6.0052639311562572 -2.9853454899402938
leaf_weight=119306 144520 210635 63428 179503 82608
leaf_count=119306 144520 210635 63428 179503 82608
internal_value=7.9732e-05 -8.44424 0.185248 -4.40655 -2.44118
internal_weight=800000 680694 536174 325539 146036
internal_count=800000 680694 536174 325539 146036
cat_boundaries=0 1 2 3 4 5
cat_threshold=1 32 2 24 16
is_linear=0
shrinkage=0.05


Tree=29
num_leaves=6
num_cat=5
split_feature=0 0 0 0 0
split_gain=1.1749e+11 6.78867e+10 6.30756e+09 3.69144e+08 2.03034e+07
threshold=0 1 2 3 4
decision_type=1 1 1 1 1
left_child=-1 -2 -3 4 -4
right_child=1 2 3 -5 -6
leaf_value=45.766776493206407 -38.43496630495563 6.9177249349693586 -1.645506738984249 -5.7050194676071833 -2.8360966495855919
leaf_weight=119306 144520 210635 63428 179503 82608
leaf_count=119306 144520 210635 63428 179503 82608
internal_value=7.71797e-05 -8.02206 0.175982 -4.18624 -2.31913
internal_weight=800000 680694 536174 325539 146036
internal_count=800000 680694 536174 325539 146036
cat_boundaries=0 1 2 3 4 5
cat_threshold=1 32 2 24 16
is_linear=0
shrinkage=0.05


Tree=30
num_leaves=6
num_cat=5
split_feature=0 0 0 0 0
split_gain=1.06036e+11 6.12682e+10 5.6926e+09 3.33153e+08 1.83238e+07
threshold=0 1 2 3 4
decision_type=1 1 1 1 1
left_child=-1 -2 -3 4 -4
right_child=1 2 3 -5 -6
leaf_value=43.478630745348177 -36.513349591863367 6.5718514748129415 -1.5632435795397857 -5.419785435166415 -2.6943036860071898
leaf_weight=119306 144520 210635 63428 179503 82608
leaf_count=119306 144520 210635 63428 179503 82608
internal_value=7.57156e-05 -7.62099 0.167179 -3.97694 -2.20319
internal_weight=800000 680694 536174 325539 146036
internal_count=800000 680694 536174 325539 146036
cat_boundaries=0 1 2 3 4 5
cat_threshold=1 32 2 24 16
is_linear=0
shrinkage=0.05


Tree=31
num_leaves=6
num_cat=5
split_feature=0 0 0 0 0
split_gain=9.56979e+10 5.52949e+10 5.13761e+09 3.00671e+08 1.65376e+07
threshold=0 1 2 3 4
decision_type=1 1 1 1 1
left_child=-1 -2 -3 4 -4
right_child=1 2 3 -5 -6
leaf_value=41.304877384163987 -34.687809474932926 6.2432749187760415 -1.4850898344612442 -5.1488102980409591 -2.5596060329707275
leaf_weight=119306 144520 210635 63428 179503 82608
leaf_count=119306 144520 210635 63428 179503 82608
internal_value=7.40608e-05 -7.23997 0.158818 -3.77811 -2.09304
internal_weight=800000 680694 536174 325539 146036
internal_count=800000 680694 536174 325539 146036
cat_boundaries=0 1 2 3 4 5
cat_threshold=1 32 2 24 16
is_linear=0
shrinkage=0.05


Tree=32
num_leaves=6
num_cat=5
split_feature=0 0 0 0 0
split_gain=8.63681e+10 4.9904e+10 4.63672e+09 2.71355e+08 1.49251e+07
threshold=0 1 2 3 4
decision_type=1 1 1 1 1
left_child=-1 -2 -3 4 -4
right_child=1 2 3 -5 -6
leaf_value=39.239811452389681 -32.953537503326096 5.9311257967122328 -1.4108499540056398 -4.8913818504216753 -2.4316401570972621
leaf_weight=119306 144520 210635 63428 179503 82608
leaf_count=119306 144520 210635 63428 179503 82608
internal_value=7.39817e-05 -6.87799 0.150875 -3.58922 -1.98841
internal_weight=800000 680694 536174 325539 146036
internal_count=800000 680694 536174 325539 146036
cat_boundaries=0 1 2 3 4 5
cat_threshold=1 32 2 24 16
is_linear=0
shrinkage=0.05


Tree=33
num_leaves=6
num_cat=5
split_feature=0 0 0 0 0
split_gain=7.79479e+10 4.50387e+10 4.18467e+09 2.44899e+08 1.34701e+07
threshold=0 1 2 3 4
decision_type=1 1 1 1 1
left_child=-1 -2 -3 4 -4
right_child=1 2 3 -5 -6
leaf_value=37.277982822275895 -31.305971748101577 5.6345872839793865 -1.340316037852999 -4.6468309746199337 -2.3100729727791807
leaf_weight=119306 144520 210635 63428 179503 82608
leaf_count=119306 144520 210635 63428 179503 82608
internal_value=7.27421e-05 -6.53412 0.143329 -3.40977 -1.889
internal_weight=800000 680694 536174 325539 146036
internal_count=800000 680694 536174 325539 146036
cat_boundaries=0 1 2 3 4 5
cat_threshold=1 32 2 24 16
is_linear=0
shrinkage=0.05


Tree=34
num_leaves=6
num_cat=5
split_feature=0 0 0 0 0
split_gain=7.03486e+10 4.06477e+10 3.77668e+09 2.21021e+08 1.2157e+07
threshold=0 1 2 3 4
decision_type=1 1 1 1 1
left_child=-1 -2 -3 4 -4
right_child=1 2 3 -5 -6
leaf_value=35.414247253282511 -29.740787142731364 5.3528674279831643 -1.2733083288562626 -4.4144997334422245 -2.19458520742984
leaf_weight=119306 144520 210635 63428 179503 82608
leaf_count=119306 144520 210635 63428 179503 82608
internal_value=7.08173e-05 -6.20744 0.136159 -3.23929 -1.79456
internal_weight=800000 680694 536174 325539 146036
internal_count=800000 680694 536174 325539 146036
cat_boundaries=0 1 2 3 4 5
cat_threshold=1 32 2 24 16
is_linear=0
shrinkage=0.05


Tree=35
num_leaves=6
num_cat=5
split_feature=0 0 0 0 0
split_gain=6.34902e+10 3.66848e+10 3.40847e+09 1.99471e+08 1.09718e+07
threshold=0 1 2 3 4
decision_type=1 1 1 1 1
left_child=-1 -2 -3 4 -4
right_child=1 2 3 -5 -6
leaf_value=33.643679854643565 -28.253844941520022 5.0852359519865828 -1.2096518272401828 -4.1937866029980944 -2.0848700535681495
leaf_weight=119306 144520 210635 63428 179503 82608
leaf_count=119306 144520 210635 63428 179503 82608
internal_value=6.96526e-05 -5.89709 0.129349 -3.07734 -1.70484
internal_weight=800000 680694 536174 325539 146036
internal_count=800000 680694 536174 325539 146036
cat_boundaries=0 1 2 3 4 5
cat_threshold=1 32 2 24 16
is_linear=0
shrinkage=0.05


Tree=36
num_leaves=6
num_cat=5
split_feature=0 0 0 0 0
split_gain=5.73004e+10 3.31083e+10 3.07617e+09 1.80023e+08 9.90202e+06
threshold=0 1 2 3 4
decision_type=1 1 1 1 1
left_child=-1 -2 -3 4 -4
right_child=1 2 3 -5 -6
leaf_value=31.961632262925491 -26.841255456267501 4.8309872589563732 -1.1491837830301335 -3.9841082014262463 -1.9806394900835611
leaf_weight=119306 144520 210635 63428 179503 82608
leaf_count=119306 144520 210635 63428 179503 82608
internal_value=6.64567e-05 -5.60226 0.122879 -2.92348 -1.61962
internal_weight=800000 680694 536174 325539 146036
internal_count=800000 680694 536174 325539 146036
cat_boundaries=0 1 2 3 4 5
cat_threshold=1 32 2 24 16
is_linear=0
shrinkage=0.05


Tree=37
num_leaves=6
num_cat=5
split_feature=0 0 0 0 0
split_gain=5.1714e+10 2.98805e+10 2.77626e+09 1.62471e+08 8.93647e+06
threshold=0 1 2 3 4
decision_type=1 1 1 1 1
left_child=-1 -2 -3 4 -4
right_child=1 2 3 -5 -6
leaf_value=30.363685887131414 -25.499285067346019 4.5894522963410251 -1.0917360090992183 -3.7849156384210079 -1.8816144834061923
leaf_weight=119306 144520 210635 63428 179503 82608
leaf_count=119306 144520 210635 63428 179503 82608
internal_value=6.58977e-05 -5.32217 0.116734 -2.77732 -1.53864
internal_weight=800000 680694 536174 325539 146036
internal_count=800000 680694 536174 325539 146036
cat_boundaries=0 1 2 3 4 5
cat_threshold=1 32 2 24 16
is_linear=0
shrinkage=0.05


Tree=38
num_leaves=6
num_cat=5
split_feature=0 0 0 0 0
split_gain=4.66723e+10 2.69673e+10 2.50559e+09 1.4663e+08 8.06532e+06
threshold=0 1 2 3 4
decision_type=1 1 1 1 1
left_child=-1 -2 -3 4 -4
right_child=1 2 3 -5 -6
leaf_value=28.845631265043995 -24.224406046506104 4.3599909939032839 -1.0371559993041908 -3.5956794211529424 -1.7875480567001565
leaf_weight=119306 144520 210635 63428 179503 82608
leaf_count=119306 144520 210635 63428 179503 82608
internal_value=6.53618e-05 -5.05608 0.110895 -2.63847 -1.46172
internal_weight=800000 680694 536174 325539 146036
internal_count=800000 680694 536174 325539 146036
cat_boundaries=0 1 2 3 4 5
cat_threshold=1 32 2 24 16
is_linear=0
shrinkage=0.05


Tree=39
num_leaves=6
num_cat=5
split_feature=0 0 0 0 0
split_gain=4.21221e+10 2.43382e+10 2.26131e+09 1.32333e+08 7.27899e+06
threshold=0 1 2 3 4
decision_type=1 1 1 1 1
left_child=-1 -2 -3 4 -4
right_child=1 2 3 -5 -6
leaf_value=27.403470422942718 -23.013273521346271 4.1420012878429375 -0.98530773091404178 -3.4159051004798364 -1.6981817980275968
leaf_weight=119306 144520 210635 63428 179503 82608
leaf_count=119306 144520 210635 63428 179503 82608
internal_value=6.27604e-05 -4.8033 0.105348 -2.50655 -1.38865
internal_weight=800000 680694 536174 325539 146036
internal_count=800000 680694 536174 325539 146036
cat_boundaries=0 1 2 3 4 5
cat_threshold=1 32 2 24 16
is_linear=0
shrinkage=0.05


Tree=40
num_leaves=6
num_cat=5
split_feature=0 0 0 0 0
split_gain=3.80155e+10 2.19653e+10 2.04085e+09 1.19431e+08 6.56933e+06
threshold=0 1 2 3 4
decision_type=1 1 1 1 1
left_child=-1 -2 -3 4 -4
right_child=1 2 3 -5 -6
leaf_value=26.03340476451196 -21.86268529848682 3.934912977654843 -0.93604961681976318 -3.2451237844827028 -1.6132820833666934
leaf_weight=119306 144520 210635 63428 179503 82608
leaf_count=119306 144520 210635 63428 179503 82608
internal_value=6.05002e-05 -4.56315 0.100079 -2.38124 -1.31922
internal_weight=800000 680694 536174 325539 146036
internal_count=800000 680694 536174 325539 146036
cat_boundaries=0 1 2 3 4 5
cat_threshold=1 32 2 24 16
is_linear=0
shrinkage=0.05


Tree=41
num_leaves=6
num_cat=5
split_feature=0 0 0 0 0
split_gain=3.43093e+10 1.98239e+10 1.84187e+09 1.07787e+08 5.92888e+06
threshold=0 1 2 3 4
decision_type=1 1 1 1 1
left_child=-1 -2 -3 4 -4
right_child=1 2 3 -5 -6
leaf_value=24.731848091991083 -20.769630433375522 3.7381735564963523 -0.88925352143761782 -3.0828768442121666 -1.5326277675110145
leaf_weight=119306 144520 210635 63428 179503 82608
leaf_count=119306 144520 210635 63428 179503 82608
internal_value=5.81156e-05 -4.33501 0.0950718 -2.26218 -1.25327
internal_weight=800000 680694 536174 325539 146036
internal_count=800000 680694 536174 325539 146036
cat_boundaries=0 1 2 3 4 5
cat_threshold=1 32 2 24 16
is_linear=0
shrinkage=0.05


Tree=42
num_leaves=6
num_cat=5
split_feature=0 0 0 0 0
split_gain=3.09644e+10 1.78912e+10 1.6623e+09 9.72778e+07 5.35094e+06
threshold=0 1 2 3 4
decision_type=1 1 1 1 1
left_child=-1 -2 -3 4 -4
right_child=1 2 3 -5 -6
leaf_value=23.495359230511482 -19.731217498898072 3.551273000109088 -0.84479398791157634 -2.928740267836929 -1.4560068810270943
leaf_weight=119306 144520 210635 63428 179503 82608
leaf_count=119306 144520 210635 63428 179503 82608
internal_value=5.74359e-05 -4.11828 0.090317 -2.14908 -1.19061
internal_weight=800000 680694 536174 325539 146036
internal_count=800000 680694 536174 325539 146036
cat_boundaries=0 1 2 3 4 5
cat_threshold=1 32 2 24 16
is_linear=0
shrinkage=0.05


Tree=43
num_leaves=6
num_cat=5
split_feature=0 0 0 0 0
split_gain=2.79457e+10 1.61469e+10 1.50023e+09 8.77933e+07 4.82919e+06
threshold=0 1 2 3 4
decision_type=1 1 1 1 1
left_child=-1 -2 -3 4 -4
right_child=1 2 3 -5 -6
leaf_value=22.320690472854395 -18.744728102251493 3.3737159928607947 -0.80256360137390093 -2.7823126524756043 -1.3832136399097967
leaf_weight=119306 144520 210635 63428 179503 82608
leaf_count=119306 144520 210635 63428 179503 82608
internal_value=5.46147e-05 -3.91238 0.0857984 -2.04164 -1.13109
internal_weight=800000 680694 536174 325539 146036
internal_count=800000 680694 536174 325539 146036
cat_boundaries=0 1 2 3 4 5
cat_threshold=1 32 2 24 16
is_linear=0
shrinkage=0.05


Tree=44
num_leaves=6
num_cat=5
split_feature=0 0 0 0 0
split_gain=2.52212e+10 1.45727e+10 1.35397e+09 7.92331e+07 4.35839e+06
threshold=0 1 2 3 4
decision_type=1 1 1 1 1
left_child=-1 -2 -3 4 -4
right_child=1 2 3 -5 -6
leaf_value=21.204748860018253 -17.807555073143117 3.2050398312318098 -0.76244416619170996 -2.6432042148465964 -1.3140648389619267
leaf_weight=119306 144520 210635 63428 179503 82608
leaf_count=119306 144520 210635 63428 179503 82608
internal_value=5.32943e-05 -3.71677 0.081507 -1.93956 -1.07455
internal_weight=800000 680694 536174 325539 146036
internal_count=800000 680694 536174 325539 146036
cat_boundaries=0 1 2 3 4 5
cat_threshold=1 32 2 24 16
is_linear=0
shrinkage=0.05


Tree=45
num_leaves=6
num_cat=5
split_feature=0 0 0 0 0
split_gain=2.27623e+10 1.31519e+10 1.22196e+09 7.15078e+07 3.9335e+06
threshold=0 1 2 3 4
decision_type=1 1 1 1 1
left_child=-1 -2 -3 4 -4
right_child=1 2 3 -5 -6
leaf_value=20.144602723987909 -16.917240597357974 3.0447940066962662 -0.72432322483344769 -2.5110456922243114 -1.248366302077081
leaf_weight=119306 144520 210635 63428 179503 82608
leaf_count=119306 144520 210635 63428 179503 82608
internal_value=5.34742e-05 -3.53095 0.0774326 -1.84259 -1.02082
internal_weight=800000 680694 536174 325539 146036
internal_count=800000 680694 536174 325539 146036
cat_boundaries=0 1 2 3 4 5
cat_threshold=1 32 2 24 16
is_linear=0
shrinkage=0.05


Tree=46
num_leaves=6
num_cat=5
split_feature=0 0 0 0 0
split_gain=2.05432e+10 1.18697e+10 1.10283e+09 6.4536e+07 3.55e+06
threshold=0 1 2 3 4
decision_type=1 1 1 1 1
left_child=-1 -2 -3 4 -4
right_child=1 2 3 -5 -6
leaf_value=19.137459466836948 -16.071433787979171 2.8925648099218417 -0.68811710485087174 -2.385507292572528 -1.1859591561524552
leaf_weight=119306 144520 210635 63428 179503 82608
leaf_count=119306 144520 210635 63428 179503 82608
internal_value=5.14821e-05 -3.35442 0.0735576 -1.75047 -0.969793
internal_weight=800000 680694 536174 325539 146036
internal_count=800000 680694 536174 325539 146036
cat_boundaries=0 1 2 3 4 5
cat_threshold=1 32 2 24 16
is_linear=0
shrinkage=0.05


Tree=47
num_leaves=6
num_cat=5
split_feature=0 0 0 0 0
split_gain=1.85404e+10 1.07125e+10 9.9531e+08 5.82434e+07 3.20398e+06
threshold=0 1 2 3 4
decision_type=1 1 1 1 1
left_child=-1 -2 -3 4 -4
right_child=1 2 3 -5 -6
leaf_value=18.180658482045754 -15.267918498499752 2.7479429308931071 -0.65371107219721425 -2.2662314997915058 -1.126668366538826
leaf_weight=119306 144520 210635 63428 179503 82608
leaf_count=119306 144520 210635 63428 179503 82608
internal_value=5.05003e-05 -3.18671 0.0698813 -1.66295 -0.921307
internal_weight=800000 680694 536174 325539 146036
internal_count=800000 680694 536174 325539 146036
cat_boundaries=0 1 2 3 4 5
cat_threshold=1 32 2 24 16
is_linear=0
shrinkage=0.05


Tree=48
num_leaves=6
num_cat=5
split_feature=0 0 0 0 0
split_gain=1.67328e+10 9.66808e+09 8.98272e+08 5.25647e+07 2.89158e+06
threshold=0 1 2 3 4
decision_type=1 1 1 1 1
left_child=-1 -2 -3 4 -4
right_child=1 2 3 -5 -6
leaf_value=17.271703710261974 -14.504575341052519 2.6105486933888318 -0.62103426619786828 -2.1529284874905872 -1.0703429681340746
leaf_weight=119306 144520 210635 63428 179503 82608
leaf_count=119306 144520 210635 63428 179503 82608
internal_value=4.74208e-05 -3.02738 0.0663832 -1.57981 -0.87525
internal_weight=800000 680694 536174 325539 146036
internal_count=800000 680694 536174 325539 146036
cat_boundaries=0 1 2 3 4 5
cat_threshold=1 32 2 24 16
is_linear=0
shrinkage=0.05


Tree=49
num_leaves=6
num_cat=5
split_feature=0 0 0 0 0
split_gain=1.51015e+10 8.72551e+09 8.10697e+08 4.74402e+07 2.60958e+06
threshold=0 1 2 3 4
decision_type=1 1 1 1 1
left_child=-1 -2 -3 4 -4
right_child=1 2 3 -5 -6
leaf_value=16.408196090069932 -13.779398515374409 2.480030165936725 -0.58998829091368321 -2.0452919619837244 -1.0168257407931542
leaf_weight=119306 144520 210635 63428 179503 82608
leaf_count=119306 144520 210635 63428 179503 82608
internal_value=4.69117e-05 -2.87603 0.0630636 -1.50083 -0.83149
internal_weight=800000 680694 536174 325539 146036
internal_count=800000 680694 536174 325539 146036
cat_boundaries=0 1 2 3 4 5
cat_threshold=1 32 2 24 16
is_linear=0
shrinkage=0.05


Tree=50
num_leaves=6
num_cat=5
split_feature=0 0 0 0 0
split_gain=1.36292e+10 7.87482e+09 7.31658e+08 4.28145e+07 2.35518e+06
threshold=0 1 2 3 4
decision_type=1 1 1 1 1
left_child=-1 -2 -3 4 -4
right_child=1 2 3 -5 -6
leaf_value=15.587854970388301 -13.090475621517411 2.3560337311474111 -0.5604953007926714 -1.9430316185608971 -0.96599390379942562
leaf_weight=119306 144520 210635 63428 179503 82608
leaf_count=119306 144520 210635 63428 179503 82608
internal_value=4.5209e-05 -2.73224 0.0599087 -1.42579 -0.789924
internal_weight=800000 680694 536174 325539 146036
internal_count=800000 680694 536174 325539 146036
cat_boundaries=0 1 2 3 4 5
cat_threshold=1 32 2 24 16
is_linear=0
shrinkage=0.05


Tree=51
num_leaves=6
num_cat=5
split_feature=0 0 0 0 0
split_gain=1.23005e+10 7.10707e+09 6.60326e+08 3.864e+07 2.12562e+06
threshold=0 1 2 3 4
decision_type=1 1 1 1 1
left_child=-1 -2 -3 4 -4
right_child=1 2 3 -5 -6
leaf_value=14.808526501469666 -12.435994128459038 2.2382381318906894 -0.53247379404121697 -1.8458855462450279 -0.91770397848303675
leaf_weight=119306 144520 210635 63428 179503 82608
leaf_count=119306 144520 210635 63428 179503 82608
internal_value=4.39951e-05 -2.59563 0.056912 -1.35451 -0.750434
internal_weight=800000 680694 536174 325539 146036
internal_count=800000 680694 536174 325539 146036
cat_boundaries=0 1 2 3 4 5
cat_threshold=1 32 2 24 16
is_linear=0
shrinkage=0.05


Tree=52
num_leaves=6
num_cat=5
split_feature=0 0 0 0 0
split_gain=1.11013e+10 6.41419e+09 5.95946e+08 3.48728e+07 1.91837e+06
threshold=0 1 2 3 4
decision_type=1 1 1 1 1
left_child=-1 -2 -3 4 -4
right_child=1 2 3 -5 -6
leaf_value=14.068161923760099 -11.814243169081283 2.1263304219024861 -0.50585018595604669 -1.7535944177379861 -0.87181817682489671
leaf_weight=119306 144520 210635 63428 179503 82608
leaf_count=119306 144520 210635 63428 179503 82608
internal_value=4.26521e-05 -2.46586 0.054067 -1.28678 -0.712912
internal_weight=800000 680694 536174 325539 146036
internal_count=800000 680694 536174 325539 146036
cat_boundaries=0 1 2 3 4 5
cat_threshold=1 32 2 24 16
is_linear=0
shrinkage=0.05


Tree=53
num_leaves=6
num_cat=5
split_feature=0 0 0 0 0
split_gain=1.0019e+10 5.78884e+09 5.37845e+08 3.14727e+07 1.73137e+06
threshold=0 1 2 3 4
decision_type=1 1 1 1 1
left_child=-1 -2 -3 4 -4
right_child=1 2 3 -5 -6
leaf_value=13.364813656095421 -11.223569177396817 2.0200181347134984 -0.48056197293773839 -1.6659203761981811 -0.8282357970043368
leaf_weight=119306 144520 210635 63428 179503 82608
leaf_count=119306 144520 210635 63428 179503 82608
internal_value=4.11662e-05 -2.34258 0.0513616 -1.22245 -0.677273
internal_weight=800000 680694 536174 325539 146036
internal_count=800000 680694 536174 325539 146036
cat_boundaries=0 1 2 3 4 5
cat_threshold=1 32 2 24 16
is_linear=0
shrinkage=0.05


Tree=54
num_leaves=6
num_cat=5
split_feature=0 0 0 0 0
split_gain=9.04222e+09 5.22447e+09 4.85408e+08 2.8404e+07 1.5625e+06
threshold=0 1 2 3 4
decision_type=1 1 1 1 1
left_child=-1 -2 -3 4 -4
right_child=1 2 3 -5 -6
leaf_value=12.696626444750761 -10.662427489178029 1.9190230597373092 -0.45654086177889308 -1.5826273385405274 -0.78682505512189072
leaf_weight=119306 144520 210635 63428 179503 82608
leaf_count=119306 144520 210635 63428 179503 82608
internal_value=4.06441e-05 -2.22546 0.0487938 -1.16133 -0.643413
internal_weight=800000 680694 536174 325539 146036
internal_count=800000 680694 536174 325539 146036
cat_boundaries=0 1 2 3 4 5
cat_threshold=1 32 2 24 16
is_linear=0
shrinkage=0.05


Tree=55
num_leaves=6
num_cat=5
split_feature=0 0 0 0 0
split_gain=8.16067e+09 4.71511e+09 4.38084e+08 2.56346e+07 1.41024e+06
threshold=0 1 2 3 4
decision_type=1 1 1 1 1
left_child=-1 -2 -3 4 -4
right_child=1 2 3 -5 -6
leaf_value=12.061847884887431 -10.129343067275556 1.8230795204781765 -0.43371470841706306 -1.5035008655398983 -0.74749339017425021
leaf_weight=119306 144520 210635 63428 179503 82608
leaf_count=119306 144520 210635 63428 179503 82608
internal_value=3.96511e-05 -2.11419 0.0463539 -1.10327 -0.611249
internal_weight=800000 680694 536174 325539 146036
internal_count=800000 680694 536174 325539 146036
cat_boundaries=0 1 2 3 4 5
cat_threshold=1 32 2 24 16
is_linear=0
shrinkage=0.05


Tree=56
num_leaves=6
num_cat=5
split_feature=0 0 0 0 0
split_gain=7.36508e+09 4.25542e+09 3.95373e+08 2.31355e+07 1.2727e+06
threshold=0 1 2 3 4
decision_type=1 1 1 1 1
left_child=-1 -2 -3 4 -4
right_child=1 2 3 -5 -6
leaf_value=11.458807277524382 -9.6229147805813273 1.7319262726424798 -0.41203335298070193 -1.428334065169973 -0.71011908032131199
leaf_weight=119306 144520 210635 63428 179503 82608
leaf_count=119306 144520 210635 63428 179503 82608
internal_value=3.63282e-05 -2.00849 0.0440332 -1.04811 -0.580688
internal_weight=800000 680694 536174 325539 146036
internal_count=800000 680694 536174 325539 146036
cat_boundaries=0 1 2 3 4 5
cat_threshold=1 32 2 24 16
is_linear=0
shrinkage=0.05


Tree=57
num_leaves=6
num_cat=5
split_feature=0 0 0 0 0
split_gain=6.64704e+09 3.84054e+09 3.56826e+08 2.08797e+07 1.14866e+06
threshold=0 1 2 3 4
decision_type=1 1 1 1 1
left_child=-1 -2 -3 4 -4
right_child=1 2 3 -5 -6
leaf_value=10.885918843439661 -9.1418019819487295 1.6453333512987838 -0.39143504816217239 -1.3569204297954023 -0.67462152800686637
leaf_weight=119306 144520 210635 63428 179503 82608
leaf_count=119306 144520 210635 63428 179503 82608
internal_value=3.53762e-05 -1.90808 0.0418301 -0.995711 -0.55166
internal_weight=800000 680694 536174 325539 146036
internal_count=800000 680694 536174 325539 146036
cat_boundaries=0 1 2 3 4 5
cat_threshold=1 32 2 24 16
is_linear=0
shrinkage=0.05


Tree=58
num_leaves=6
num_cat=5
split_feature=0 0 0 0 0
split_gain=5.999e+09 3.46611e+09 3.22038e+08 1.88441e+07 1.03663e+06
threshold=0 1 2 3 4
decision_type=1 1 1 1 1
left_child=-1 -2 -3 4 -4
right_child=1 2 3 -5 -6
leaf_value=10.341662679216842 -8.6847396468192439 1.5630713432708794 -0.37186616047727772 -1.2890792475177395 -0.64088962004968453
leaf_weight=119306 144520 210635 63428 179503 82608
leaf_count=119306 144520 210635 63428 179503 82608
internal_value=3.45239e-05 -1.81268 0.0397386 -0.945928 -0.524078
internal_weight=800000 680694 536174 325539 146036
internal_count=800000 680694 536174 325539 146036
cat_boundaries=0 1 2 3 4 5
cat_threshold=1 32 2 24 16
is_linear=0
shrinkage=0.05


Tree=59
num_leaves=6
num_cat=5
split_feature=0 0 0 0 0
split_gain=5.41414e+09 3.12819e+09 2.90643e+08 1.70066e+07 935591
threshold=0 1 2 3 4
decision_type=1 1 1 1 1
left_child=-1 -2 -3 4 -4
right_child=1 2 3 -5 -6
leaf_value=9.8246206747969627 -8.2505339816188528 1.4849271805675934 -0.35327843359670563 -1.2246295095542603 -0.60885468530321318
leaf_weight=119306 144520 210635 63428 179503 82608
leaf_count=119306 144520 210635 63428 179503 82608
internal_value=3.3374e-05 -1.72205 0.0377518 -0.898638 -0.497882
internal_weight=800000 680694 536174 325539 146036
internal_count=800000 680694 536174 325539 146036
cat_boundaries=0 1 2 3 4 5
cat_threshold=1 32 2 24 16
is_linear=0
shrinkage=0.05


Tree=60
num_leaves=6
num_cat=5
split_feature=0 0 0 0 0
split_gain=4.88631e+09 2.82321e+09 2.62304e+08 1.53482e+07 844399
threshold=0 1 2 3 4
decision_type=1 1 1 1 1
left_child=-1 -2 -3 4 -4
right_child=1 2 3 -5 -6
leaf_value=9.3334327227982428 -7.8380360512366254 1.4106769739382035 -0.33561406586103226 -1.1633943406244851 -0.57841547394593007
leaf_weight=119306 144520 210635 63428 179503 82608
leaf_count=119306 144520 210635 63428 179503 82608
internal_value=3.24205e-05 -1.63596 0.0358635 -0.853704 -0.472989
internal_weight=800000 680694 536174 325539 146036
internal_count=800000 680694 536174 325539 146036
cat_boundaries=0 1 2 3 4 5
cat_threshold=1 32 2 24 16
is_linear=0
shrinkage=0.05


Tree=61
num_leaves=6
num_cat=5
split_feature=0 0 0 0 0
split_gain=4.40994e+09 2.54797e+09 2.36731e+08 1.3852e+07 762026
threshold=0 1 2 3 4
decision_type=1 1 1 1 1
left_child=-1 -2 -3 4 -4
right_child=1 2 3 -5 -6
leaf_value=8.8668028035330604 -7.446162363639762 1.3401480001632358 -0.3188393923413908 -1.1052317279803072 -0.54949409159622686
leaf_weight=119306 144520 210635 63428 179503 82608
leaf_count=119306 144520 210635 63428 179503 82608
internal_value=3.12162e-05 -1.55417 0.0340692 -0.811024 -0.449342
internal_weight=800000 680694 536174 325539 146036
internal_count=800000 680694 536174 325539 146036
cat_boundaries=0 1 2 3 4 5
cat_threshold=1 32 2 24 16
is_linear=0
shrinkage=0.05


Tree=62
num_leaves=6
num_cat=5
split_feature=0 0 0 0 0
split_gain=3.98e+09 2.29956e+09 2.13652e+08 1.25013e+07 687755
threshold=0 1 2 3 4
decision_type=1 1 1 1 1
left_child=-1 -2 -3 4 -4
right_child=1 2 3 -5 -6
leaf_value=8.4234999956169165 -7.0738800773971651 1.2731470220592462 -0.30290046495441048 -1.0499723804566778 -0.52202664416421984
leaf_weight=119306 144520 210635 63428 179503 82608
leaf_count=119306 144520 210635 63428 179503 82608
internal_value=3.07543e-05 -1.47646 0.0323661 -0.770477 -0.426881
internal_weight=800000 680694 536174 325539 146036
internal_count=800000 680694 536174 325539 146036
cat_boundaries=0 1 2 3 4 5
cat_threshold=1 32 2 24 16
is_linear=0
shrinkage=0.05


Tree=63
num_leaves=6
num_cat=5
split_feature=0 0 0 0 0
split_gain=3.59198e+09 2.07537e+09 1.92822e+08 1.12826e+07 620730
threshold=0 1 2 3 4
decision_type=1 1 1 1 1
left_child=-1 -2 -3 4 -4
right_child=1 2 3 -5 -6
leaf_value=8.0023592225800879 -6.7202116506401417 1.2094901153317981 -0.28775303201516966 -0.99747863464195619 -0.49592815930294648
leaf_weight=119306 144520 210635 63428 179503 82608
leaf_count=119306 144520 210635 63428 179503 82608
internal_value=2.8621e-05 -1.40265 0.0307462 -0.731956 -0.405537
internal_weight=800000 680694 536174 325539 146036
internal_count=800000 680694 536174 325539 146036
cat_boundaries=0 1 2 3 4 5
cat_threshold=1 32 2 24 16
is_linear=0
shrinkage=0.05


Tree=64
num_leaves=6
num_cat=5
split_feature=0 0 0 0 0
split_gain=3.24179e+09 1.87303e+09 1.74022e+08 1.01824e+07 560204
threshold=0 1 2 3 4
decision_type=1 1 1 1 1
left_child=-1 -2 -3 4 -4
right_child=1 2 3 -5 -6
leaf_value=7.6022751867465423 -6.3842228977455697 1.14901696698241 -0.27336810207099355 -0.94760426930109054 -0.47113359859645432
leaf_weight=119306 144520 210635 63428 179503 82608
leaf_count=119306 144520 210635 63428 179503 82608
internal_value=2.83541e-05 -1.33252 0.0292089 -0.695359 -0.385262
internal_weight=800000 680694 536174 325539 146036
internal_count=800000 680694 536174 325539 146036
cat_boundaries=0 1 2 3 4 5
cat_threshold=1 32 2 24 16
is_linear=0
shrinkage=0.05


Tree=65
num_leaves=6
num_cat=5
split_feature=0 0 0 0 0
split_gain=2.92574e+09 1.69042e+09 1.57056e+08 9.18961e+06 505584
threshold=0 1 2 3 4
decision_type=1 1 1 1 1
left_child=-1 -2 -3 4 -4
right_child=1 2 3 -5 -6
leaf_value=7.2221878438231855 -6.0650336321370375 1.0915717567596512 -0.25970211629477596 -0.90022525223092809 -0.44757923147090772
leaf_weight=119306 144520 210635 63428 179503 82608
leaf_count=119306 144520 210635 63428 179503 82608
internal_value=2.77089e-05 -1.2659 0.0277496 -0.660592 -0.366002
internal_weight=800000 680694 536174 325539 146036
internal_count=800000 680694 536174 325539 146036
cat_boundaries=0 1 2 3 4 5
cat_threshold=1 32 2 24 16
is_linear=0
shrinkage=0.05


Tree=66
num_leaves=6
num_cat=5
split_feature=0 0 0 0 0
split_gain=2.6405e+09 1.52562e+09 1.41745e+08 8.29391e+06 456276
threshold=0 1 2 3 4
decision_type=1 1 1 1 1
left_child=-1 -2 -3 4 -4
right_child=1 2 3 -5 -6
leaf_value=6.8611125760891669 -5.761804542143123 1.0369991273324721 -0.24671738758758843 -0.85522191762070199 -0.42519812246054506
leaf_weight=119306 144520 210635 63428 179503 82608
leaf_count=119306 144520 210635 63428 179503 82608
internal_value=2.73133e-05 -1.20261 0.0263621 -0.627567 -0.347701
internal_weight=800000 680694 536174 325539 146036
internal_count=800000 680694 536174 325539 146036
cat_boundaries=0 1 2 3 4 5
cat_threshold=1 32 2 24 16
is_linear=0
shrinkage=0.05


Tree=67
num_leaves=6
num_cat=5
split_feature=0 0 0 0 0
split_gain=2.38308e+09 1.37688e+09 1.27926e+08 7.48499e+06 411809
threshold=0 1 2 3 4
decision_type=1 1 1 1 1
left_child=-1 -2 -3 4 -4
right_child=1 2 3 -5 -6
leaf_value=6.5180881967905506 -5.4737302437388164 0.98515091601210159 -0.23438656664220875 -0.81245958465850454 -0.40394733385275688
leaf_weight=119306 144520 210635 63428 179503 82608
leaf_count=119306 144520 210635 63428 179503 82608
internal_value=2.71258e-05 -1.14248 0.0250431 -0.596191 -0.330323
internal_weight=800000 680694 536174 325539 146036
internal_count=800000 680694 536174 325539 146036
cat_boundaries=0 1 2 3 4 5
cat_threshold=1 32 2 24 16
is_linear=0
shrinkage=0.05


Tree=68
num_leaves=6
num_cat=5
split_feature=0 0 0 0 0
split_gain=2.15075e+09 1.24264e+09 1.15452e+08 6.75524e+06 371640
threshold=0 1 2 3 4
decision_type=1 1 1 1 1
left_child=-1 -2 -3 4 -4
right_child=1 2 3 -5 -6
leaf_value=6.1922087585779391 -5.2000631041511296 0.93588999411278184 -0.22266963787181684 -0.77183792809056195 -0.38374856351700837
leaf_weight=119306 144520 210635 63428 179503 82608
leaf_count=119306 144520 210635 63428 179503 82608
internal_value=2.47629e-05 -1.08536 0.0237891 -0.566382 -0.313807
internal_weight=800000 680694 536174 325539 146036
internal_count=800000 680694 536174 325539 146036
cat_boundaries=0 1 2 3 4 5
cat_threshold=1 32 2 24 16
is_linear=0
shrinkage=0.05


Tree=69
num_leaves=6
num_cat=5
split_feature=0 0 0 0 0
split_gain=1.94107e+09 1.12149e+09 1.04198e+08 6.09674e+06 335395
threshold=0 1 2 3 4
decision_type=1 1 1 1 1
left_child=-1 -2 -3 4 -4
right_child=1 2 3 -5 -6
leaf_value=5.8826282910182623 -4.9400770526868305 0.88910456791126458 -0.21153849455893778 -0.73325189857386541 -0.36456105857809784
leaf_weight=119306 144520 210635 63428 179503 82608
leaf_count=119306 144520 210635 63428 179503 82608
internal_value=2.57998e-05 -1.0311 0.022601 -0.538067 -0.298118
internal_weight=800000 680694 536174 325539 146036
internal_count=800000 680694 536174 325539 146036
cat_boundaries=0 1 2 3 4 5
cat_threshold=1 32 2 24 16
is_linear=0
shrinkage=0.05


Tree=70
num_leaves=6
num_cat=5
split_feature=0 0 0 0 0
split_gain=1.75183e+09 1.01215e+09 9.40386e+07 5.50219e+06 302718
threshold=0 1 2 3 4
decision_type=1 1 1 1 1
left_child=-1 -2 -3 4 -4
right_child=1 2 3 -5 -6
leaf_value=5.5885250911506752 -4.693092168357837 0.84464812217106999 -0.20096369785770776 -0.69659030047460879 -0.34634098381127992
leaf_weight=119306 144520 210635 63428 179503 82608
leaf_count=119306 144520 210635 63428 179503 82608
internal_value=2.37541e-05 -0.979547 0.0214687 -0.511167 -0.283217
internal_weight=800000 680694 536174 325539 146036
internal_count=800000 680694 536174 325539 146036
cat_boundaries=0 1 2 3 4 5
cat_threshold=1 32 2 24 16
is_linear=0
shrinkage=0.05


Tree=71
num_leaves=6
num_cat=5
split_feature=0 0 0 0 0
split_gain=1.58104e+09 9.13476e+08 8.48702e+07 4.96569e+06 273216
threshold=0 1 2 3 4
decision_type=1 1 1 1 1
left_child=-1 -2 -3 4 -4
right_child=1 2 3 -5 -6
leaf_value=5.3091138683685362 -4.4584554837096944 0.80241822080135228 -0.19091499927174027 -0.66176074363322934 -0.32902679336238683
leaf_weight=119306 144520 210635 63428 179503 82608
leaf_count=119306 144520 210635 63428 179503 82608
internal_value=2.19846e-05 -0.930573 0.0203958 -0.485609 -0.269058
internal_weight=800000 680694 536174 325539 146036
internal_count=800000 680694 536174 325539 146036
cat_boundaries=0 1 2 3 4 5
cat_threshold=1 32 2 24 16
is_linear=0
shrinkage=0.05


Tree=72
num_leaves=6
num_cat=5
split_feature=0 0 0 0 0
split_gain=1.4269e+09 8.24418e+08 7.65956e+07 4.48157e+06 246567
threshold=0 1 2 3 4
decision_type=1 1 1 1 1
left_child=-1 -2 -3 4 -4
right_child=1 2 3 -5 -6
leaf_value=5.0436828346448115 -4.2355489432136215 0.76229662911931384 -0.1813723657534009 -0.62867563610361454 -0.31257574047299264
leaf_weight=119306 144520 210635 63428 179503 82608
leaf_count=119306 144520 210635 63428 179503 82608
internal_value=2.05171e-05 -0.884049 0.0193744 -0.461331 -0.255606
internal_weight=800000 680694 536174 325539 146036
internal_count=800000 680694 536174 325539 146036
cat_boundaries=0 1 2 3 4 5
cat_threshold=1 32 2 24 16
is_linear=0
shrinkage=0.05


Tree=73
num_leaves=6
num_cat=5
split_feature=0 0 0 0 0
split_gain=1.28779e+09 7.4404e+08 6.91284e+07 4.04464e+06 222530
threshold=0 1 2 3 4
decision_type=1 1 1 1 1
left_child=-1 -2 -3 4 -4
right_child=1 2 3 -5 -6
leaf_value=4.791522872887974 -4.023782331909695 0.72418450344007557 -0.17230682178517642 -0.59724678904345907 -0.29695098370161416
leaf_weight=119306 144520 210635 63428 179503 82608
leaf_count=119306 144520 210635 63428 179503 82608
internal_value=2.0085e-05 -0.83985 0.0184041 -0.438268 -0.24283
internal_weight=800000 680694 536174 325539 146036
internal_count=800000 680694 536174 325539 146036
cat_boundaries=0 1 2 3 4 5
cat_threshold=1 32 2 24 16
is_linear=0
shrinkage=0.05


Tree=74
num_leaves=6
num_cat=5
split_feature=0 0 0 0 0
split_gain=1.16224e+09 6.71503e+08 6.23885e+07 3.65031e+06 200830
threshold=0 1 2 3 4
decision_type=1 1 1 1 1
left_child=-1 -2 -3 4 -4
right_child=1 2 3 -5 -6
leaf_value=4.5519643149257147 -3.8226101538929274 0.68797836643220722 -0.16368963345666829 -0.56738300673584308 -0.28210052592368418
leaf_weight=119306 144520 210635 63428 179503 82608
leaf_count=119306 144520 210635 63428 179503 82608
internal_value=2.02272e-05 -0.797859 0.0174863 -0.416353 -0.230686
internal_weight=800000 680694 536174 325539 146036
internal_count=800000 680694 536174 325539 146036
cat_boundaries=0 1 2 3 4 5
cat_threshold=1 32 2 24 16
is_linear=0
shrinkage=0.05


Tree=75
num_leaves=6
num_cat=5
split_feature=0 0 0 0 0
split_gain=1.04893e+09 6.06035e+08 5.63058e+07 3.29434e+06 181252
threshold=0 1 2 3 4
decision_type=1 1 1 1 1
left_child=-1 -2 -3 4 -4
right_child=1 2 3 -5 -6
leaf_value=4.3243800041554001 -3.6314911805645602 0.65357864543321975 -0.15550888946315766 -0.53901463016805973 -0.2680000383369272
leaf_weight=119306 144520 210635 63428 179503 82608
leaf_count=119306 144520 210635 63428 179503 82608
internal_value=1.80558e-05 -0.75797 0.0166102 -0.395538 -0.219156
internal_weight=800000 680694 536174 325539 146036
internal_count=800000 680694 536174 325539 146036
cat_boundaries=0 1 2 3 4 5
cat_threshold=1 32 2 24 16
is_linear=0
shrinkage=0.05


Tree=76
num_leaves=6
num_cat=5
split_feature=0 0 0 0 0
split_gain=9.46667e+08 5.46952e+08 5.08166e+07 2.9731e+06 163600
threshold=0 1 2 3 4
decision_type=1 1 1 1 1
left_child=-1 -2 -3 4 -4
right_child=1 2 3 -5 -6
leaf_value=4.1081855116146597 -3.4499311812513058 0.62090582015277873 -0.14773104185489641 -0.51206346176044271 -0.25460443979901554
leaf_weight=119306 144520 210635 63428 179503 82608
leaf_count=119306 144520 210635 63428 179503 82608
internal_value=1.96196e-05 -0.720073 0.0157819 -0.375761 -0.208199
internal_weight=800000 680694 536174 325539 146036
internal_count=800000 680694 536174 325539 146036
cat_boundaries=0 1 2 3 4 5
cat_threshold=1 32 2 24 16
is_linear=0
shrinkage=0.05


Tree=77
num_leaves=6
num_cat=5
split_feature=0 0 0 0 0
split_gain=8.54373e+08 4.93626e+08 4.58621e+07 2.68335e+06 147626
threshold=0 1 2 3 4
decision_type=1 1 1 1 1
left_child=-1 -2 -3 4 -4
right_child=1 2 3 -5 -6
leaf_value=3.9027893930017186 -3.2774425753215555 0.58985880857065298 -0.14034825933284381 -0.48646624470884936 -0.24187004817083613
leaf_weight=119306 144520 210635 63428 179503 82608
leaf_count=119306 144520 210635 63428 179503 82608
internal_value=1.75063e-05 -0.684073 0.0149903 -0.356976 -0.197789
internal_weight=800000 680694 536174 325539 146036
internal_count=800000 680694 536174 325539 146036
cat_boundaries=0 1 2 3 4 5
cat_threshold=1 32 2 24 16
is_linear=0
shrinkage=0.05


Tree=78
num_leaves=6
num_cat=5
split_feature=0 0 0 0 0
split_gain=7.71078e+08 4.45502e+08 4.13906e+07 2.42158e+06 133252
threshold=0 1 2 3 4
decision_type=1 1 1 1 1
left_child=-1 -2 -3 4 -4
right_child=1 2 3 -5 -6
leaf_value=3.707666059911757 -3.1135846607110862 0.56036799512951585 -0.13332976268456945 -0.46213780893099055 -0.22978256372138134
leaf_weight=119306 144520 210635 63428 179503 82608
leaf_count=119306 144520 210635 63428 179503 82608
internal_value=1.76439e-05 -0.649871 0.0142425 -0.339126 -0.187902
internal_weight=800000 680694 536174 325539 146036
internal_count=800000 680694 536174 325539 146036
cat_boundaries=0 1 2 3 4 5
cat_threshold=1 32 2 24 16
is_linear=0
shrinkage=0.05


Tree=79
num_leaves=6
num_cat=5
split_feature=0 0 0 0 0
split_gain=6.95905e+08 4.02067e+08 3.73551e+07 2.18562e+06 120248
threshold=0 1 2 3 4
decision_type=1 1 1 1 1
left_child=-1 -2 -3 4 -4
right_child=1 2 3 -5 -6
leaf_value=3.5222984782537403 -2.9579150128164962 0.53234741716059597 -0.12666369370552183 -0.4390374986454938 -0.21828936058531465
leaf_weight=119306 144520 210635 63428 179503 82608
leaf_count=119306 144520 210635 63428 179503 82608
internal_value=1.57123e-05 -0.617381 0.0135279 -0.322172 -0.178505
internal_weight=800000 680694 536174 325539 146036
internal_count=800000 680694 536174 325539 146036
cat_boundaries=0 1 2 3 4 5
cat_threshold=1 32 2 24 16
is_linear=0
shrinkage=0.05


Tree=80
num_leaves=6
num_cat=5
split_feature=0 0 0 0 0
split_gain=6.28059e+08 3.62869e+08 3.37134e+07 1.97249e+06 108520
threshold=0 1 2 3 4
decision_type=1 1 1 1 1
left_child=-1 -2 -3 4 -4
right_child=1 2 3 -5 -6
leaf_value=3.3461964573429039 -2.8100329023749331 0.50573315766385762 -0.12033539854445537 -0.41708729007933648 -0.2073781308809447
leaf_weight=119306 144520 210635 63428 179503 82608
leaf_count=119306 144520 210635 63428 179503 82608
internal_value=1.411e-05 -0.586516 0.0128511 -0.306066 -0.169584
internal_weight=800000 680694 536174 325539 146036
internal_count=800000 680694 536174 325539 146036
cat_boundaries=0 1 2 3 4 5
cat_threshold=1 32 2 24 16
is_linear=0
shrinkage=0.05


Tree=81
num_leaves=6
num_cat=5
split_feature=0 0 0 0 0
split_gain=5.66829e+08 3.27491e+08 3.04264e+07 1.78017e+06 97955.4
threshold=0 1 2 3 4
decision_type=1 1 1 1 1
left_child=-1 -2 -3 4 -4
right_child=1 2 3 -5 -6
leaf_value=3.1789021976147014 -2.6695396319796934 0.48044649144224527 -0.11431532689055489 -0.39623336877551035 -0.19701266489724062
leaf_weight=119306 144520 210635 63428 179503 82608
leaf_count=119306 144520 210635 63428 179503 82608
internal_value=1.40175e-05 -0.557192 0.0122083 -0.290764 -0.161105
internal_weight=800000 680694 536174 325539 146036
internal_count=800000 680694 536174 325539 146036
cat_boundaries=0 1 2 3 4 5
cat_threshold=1 32 2 24 16
is_linear=0
shrinkage=0.05


Tree=82
num_leaves=6
num_cat=5
split_feature=0 0 0 0 0
split_gain=5.11569e+08 2.95563e+08 2.74599e+07 1.60659e+06 88402
threshold=0 1 2 3 4
decision_type=1 1 1 1 1
left_child=-1 -2 -3 4 -4
right_child=1 2 3 -5 -6
leaf_value=3.0199766462649857 -2.5360693001448555 0.45642508369006096 -0.10860024517784167 -0.376421136234456 -0.18716150994550063
leaf_weight=119306 144520 210635 63428 179503 82608
leaf_count=119306 144520 210635 63428 179503 82608
internal_value=1.53999e-05 -0.529333 0.0115984 -0.276225 -0.15305
internal_weight=800000 680694 536174 325539 146036
internal_count=800000 680694 536174 325539 146036
cat_boundaries=0 1 2 3 4 5
cat_threshold=1 32 2 24 16
is_linear=0
shrinkage=0.05


Tree=83
num_leaves=6
num_cat=5
split_feature=0 0 0 0 0
split_gain=4.61694e+08 2.66748e+08 2.47833e+07 1.44991e+06 79775.6
threshold=0 1 2 3 4
decision_type=1 1 1 1 1
left_child=-1 -2 -3 4 -4
right_child=1 2 3 -5 -6
leaf_value=2.8689862691959269 -2.4092790837605622 0.43361087779830809 -0.10317684087173316 -0.35760186284842432 -0.17780669800189217
leaf_weight=119306 144520 210635 63428 179503 82608
leaf_count=119306 144520 210635 63428 179503 82608
internal_value=1.40921e-05 -0.502869 0.0110194 -0.262417 -0.145402
internal_weight=800000 680694 536174 325539 146036
internal_count=800000 680694 536174 325539 146036
cat_boundaries=0 1 2 3 4 5
cat_threshold=1 32 2 24 16
is_linear=0
shrinkage=0.05


Tree=84
num_leaves=6
num_cat=5
split_feature=0 0 0 0 0
split_gain=4.16681e+08 2.40741e+08 2.2367e+07 1.30861e+06 72014.6
threshold=0 1 2 3 4
decision_type=1 1 1 1 1
left_child=-1 -2 -3 4 -4
right_child=1 2 3 -5 -6
leaf_value=2.7255453546718051 -2.2888194773890507 0.41193134778167712 -0.098010642201036308 -0.3397242607024622 -0.16891740684765078
leaf_weight=119306 144520 210635 63428 179503 82608
leaf_count=119306 144520 210635 63428 179503 82608
internal_value=1.40382e-05 -0.477726 0.0104687 -0.249296 -0.138129
internal_weight=800000 680694 536174 325539 146036
internal_count=800000 680694 536174 325539 146036
cat_boundaries=0 1 2 3 4 5
cat_threshold=1 32 2 24 16
is_linear=0
shrinkage=0.05


Tree=85
num_leaves=6
num_cat=5
split_feature=0 0 0 0 0
split_gain=3.76059e+08 2.17271e+08 2.01862e+07 1.18093e+06 64981.2
threshold=0 1 2 3 4
decision_type=1 1 1 1 1
left_child=-1 -2 -3 4 -4
right_child=1 2 3 -5 -6
leaf_value=2.5892842828977671 -2.1743890384897631 0.39133285193522643 -0.093119874745142286 -0.32273659193081411 -0.16047513003662009
leaf_weight=119306 144520 210635 63428 179503 82608
leaf_count=119306 144520 210635 63428 179503 82608
internal_value=1.2522e-05 -0.453843 0.00994327 -0.236833 -0.131229
internal_weight=800000 680694 536174 325539 146036
internal_count=800000 680694 536174 325539 146036
cat_boundaries=0 1 2 3 4 5
cat_threshold=1 32 2 24 16
is_linear=0
shrinkage=0.05


Tree=86
num_leaves=6
num_cat=5
split_feature=0 0 0 0 0
split_gain=3.39396e+08 1.96088e+08 1.82182e+07 1.06583e+06 58645.4
threshold=0 1 2 3 4
decision_type=1 1 1 1 1
left_child=-1 -2 -3 4 -4
right_child=1 2 3 -5 -6
leaf_value=2.4598315936799957 -2.0656752684246191 0.37176962308193917 -0.088461219639430724 -0.30660094240439811 -0.15244860597972609
leaf_weight=119306 144520 210635 63428 179503 82608
leaf_count=119306 144520 210635 63428 179503 82608
internal_value=1.37192e-05 -0.431151 0.00944779 -0.224991 -0.124665
internal_weight=800000 680694 536174 325539 146036
internal_count=800000 680694 536174 325539 146036
cat_boundaries=0 1 2 3 4 5
cat_threshold=1 32 2 24 16
is_linear=0
shrinkage=0.05


Tree=87
num_leaves=6
num_cat=5
split_feature=0 0 0 0 0
split_gain=3.06308e+08 1.7697e+08 1.64419e+07 961918 52925.6
threshold=0 1 2 3 4
decision_type=1 1 1 1 1
left_child=-1 -2 -3 4 -4
right_child=1 2 3 -5 -6
leaf_value=2.3368498476052997 -1.9623966322233544 0.35317896178718955 -0.084040521801921772 -0.2912731350787407 -0.1448274761864746
leaf_weight=119306 144520 210635 63428 179503 82608
leaf_count=119306 144520 210635 63428 179503 82608
internal_value=1.21753e-05 -0.409596 0.00897332 -0.213744 -0.118433
internal_weight=800000 680694 536174 325539 146036
internal_count=800000 680694 536174 325539 146036
cat_boundaries=0 1 2 3 4 5
cat_threshold=1 32 2 24 16
is_linear=0
shrinkage=0.05


Tree=88
num_leaves=6
num_cat=5
split_feature=0 0 0 0 0
split_gain=2.76445e+08 1.59717e+08 1.48391e+07 868154 47760.6
threshold=0 1 2 3 4
decision_type=1 1 1 1 1
left_child=-1 -2 -3 4 -4
right_child=1 2 3 -5 -6
leaf_value=2.2200164748647295 -1.8642843158700544 0.33552293071123407 -0.079840721262181946 -0.27671222940389389 -0.13758545799387426
leaf_weight=119306 144520 210635 63428 179503 82608
leaf_count=119306 144520 210635 63428 179503 82608
internal_value=1.16098e-05 -0.389118 0.00852471 -0.203058 -0.112512
internal_weight=800000 680694 536174 325539 146036
internal_count=800000 680694 536174 325539 146036
cat_boundaries=0 1 2 3 4 5
cat_threshold=1 32 2 24 16
is_linear=0
shrinkage=0.05


Tree=89
num_leaves=6
num_cat=5
split_feature=0 0 0 0 0
split_gain=2.49494e+08 1.44146e+08 1.33922e+07 783505 43122.5
threshold=0 1 2 3 4
decision_type=1 1 1 1 1
left_child=-1 -2 -3 4 -4
right_child=1 2 3 -5 -6
leaf_value=2.1090230501756344 -1.7710769908469268 0.31874629830484441 -0.075841233363431626 -0.26287544769052973 -0.13071051658104557
leaf_weight=119306 144520 210635 63428 179503 82608
leaf_count=119306 144520 210635 63428 179503 82608
internal_value=1.11661e-05 -0.369663 0.00809889 -0.192904 -0.106886
internal_weight=800000 680694 536174 325539 146036
internal_count=800000 680694 536174 325539 146036
cat_boundaries=0 1 2 3 4 5
cat_threshold=1 32 2 24 16
is_linear=0
shrinkage=0.05


Tree=90
num_leaves=6
num_cat=5
split_feature=0 0 0 0 0
split_gain=2.2517e+08 1.30092e+08 1.20867e+07 707136 38911.2
threshold=0 1 2 3 4
decision_type=1 1 1 1 1
left_child=-1 -2 -3 4 -4
right_child=1 2 3 -5 -6
leaf_value=2.0035786247346539 -1.6825303505554601 0.30281045961415098 -0.072052720054641625 -0.24973496495473771 -0.12417395055970755
leaf_weight=119306 144520 210635 63428 179503 82608
leaf_count=119306 144520 210635 63428 179503 82608
internal_value=9.78528e-06 -0.351182 0.00769317 -0.183261 -0.101543
internal_weight=800000 680694 536174 325539 146036
internal_count=800000 680694 536174 325539 146036
cat_boundaries=0 1 2 3 4 5
cat_threshold=1 32 2 24 16
is_linear=0
shrinkage=0.05


Tree=91
num_leaves=6
num_cat=5
split_feature=0 0 0 0 0
split_gain=2.03217e+08 1.17409e+08 1.09081e+07 638123 35121.9
threshold=0 1 2 3 4
decision_type=1 1 1 1 1
left_child=-1 -2 -3 4 -4
right_child=1 2 3 -5 -6
leaf_value=1.9034091825214112 -1.5984074620811914 0.28767009886730072 -0.068450397887248424 -0.23724297169378952 -0.11796878693817102
leaf_weight=119306 144520 210635 63428 179503 82608
leaf_count=119306 144520 210635 63428 179503 82608
internal_value=1.08854e-05 -0.333623 0.00730975 -0.174096 -0.0964676
internal_weight=800000 680694 536174 325539 146036
internal_count=800000 680694 536174 325539 146036
cat_boundaries=0 1 2 3 4 5
cat_threshold=1 32 2 24 16
is_linear=0
shrinkage=0.05


Tree=92
num_leaves=6
num_cat=5
split_feature=0 0 0 0 0
split_gain=1.83406e+08 1.05963e+08 9.84465e+06 575937 31692
threshold=0 1 2 3 4
decision_type=1 1 1 1 1
left_child=-1 -2 -3 4 -4
right_child=1 2 3 -5 -6
leaf_value=1.8082491571973307 -1.5184956266739325 0.27328743407121259 -0.06502879450430113 -0.22538302333280325 -0.11206718034718176
leaf_weight=119306 144520 210635 63428 179503 82608
leaf_count=119306 144520 210635 63428 179503 82608
internal_value=1.03368e-05 -0.316944 0.00694423 -0.165392 -0.0916428
internal_weight=800000 680694 536174 325539 146036
internal_count=800000 680694 536174 325539 146036
cat_boundaries=0 1 2 3 4 5
cat_threshold=1 32 2 24 16
is_linear=0
shrinkage=0.05


Tree=93
num_leaves=6
num_cat=5
split_feature=0 0 0 0 0
split_gain=1.65525e+08 9.56317e+07 8.88487e+06 519808 28600.8
threshold=0 1 2 3 4
decision_type=1 1 1 1 1
left_child=-1 -2 -3 4 -4
right_child=1 2 3 -5 -6
leaf_value=1.7178445308255583 -1.4425741562770411 0.25962207515120478 -0.061778861903058896 -0.21411793304414206 -0.10646438301280536
leaf_weight=119306 144520 210635 63428 179503 82608
leaf_count=119306 144520 210635 63428 179503 82608
internal_value=9.04113e-06 -0.301099 0.00659501 -0.157125 -0.0870616
internal_weight=800000 680694 536174 325539 146036
internal_count=800000 680694 536174 325539 146036
cat_boundaries=0 1 2 3 4 5
cat_threshold=1 32 2 24 16
is_linear=0
shrinkage=0.05


Tree=94
num_leaves=6
num_cat=5
split_feature=0 0 0 0 0
split_gain=1.49388e+08 8.63083e+07 8.01857e+06 469127 25814.8
threshold=0 1 2 3 4
decision_type=1 1 1 1 1
left_child=-1 -2 -3 4 -4
right_child=1 2 3 -5 -6
leaf_value=1.6319602629033509 -1.3704502744970954 0.24664128783636038 -0.058687669487700656 -0.20341100104966936 -0.10114099428271579
leaf_weight=119306 144520 210635 63428 179503 82608
leaf_count=119306 144520 210635 63428 179503 82608
internal_value=9.4157e-06 -0.286044 0.00626602 -0.149268 -0.0827075
internal_weight=800000 680694 536174 325539 146036
internal_count=800000 680694 536174 325539 146036
cat_boundaries=0 1 2 3 4 5
cat_threshold=1 32 2 24 16
is_linear=0
shrinkage=0.05


Tree=95
num_leaves=6
num_cat=5
split_feature=0 0 0 0 0
split_gain=1.34825e+08 7.78941e+07 7.23684e+06 423397 23293.1
threshold=0 1 2 3 4
decision_type=1 1 1 1 1
left_child=-1 -2 -3 4 -4
right_child=1 2 3 -5 -6
leaf_value=1.5503732755997526 -1.3019354457739094 0.23430953079173289 -0.055756722926537286 -0.19324290227330337 -0.09608328974253616
leaf_weight=119306 144520 210635 63428 179503 82608
leaf_count=119306 144520 210635 63428 179503 82608
internal_value=8.52694e-06 -0.271744 0.00595171 -0.141806 -0.0785732
internal_weight=800000 680694 536174 325539 146036
internal_count=800000 680694 536174 325539 146036
cat_boundaries=0 1 2 3 4 5
cat_threshold=1 32 2 24 16
is_linear=0
shrinkage=0.05


Tree=96
num_leaves=6
num_cat=5
split_feature=0 0 0 0 0
split_gain=1.2168e+08 7.02996e+07 6.53122e+06 382109 21022.1
threshold=0 1 2 3 4
decision_type=1 1 1 1 1
left_child=-1 -2 -3 4 -4
right_child=1 2 3 -5 -6
leaf_value=1.4728588004405423 -1.2368413337651303 0.22259283787542797 -0.052969770408367471 -0.18358073018363311 -0.091280081198883783
leaf_weight=119306 144520 210635 63428 179503 82608
leaf_count=119306 144520 210635 63428 179503 82608
internal_value=7.76167e-06 -0.258158 0.00565341 -0.134716 -0.0746455
internal_weight=800000 680694 536174 325539 146036
internal_count=800000 680694 536174 325539 146036
cat_boundaries=0 1 2 3 4 5
cat_threshold=1 32 2 24 16
is_linear=0
shrinkage=0.05


Tree=97
num_leaves=6
num_cat=5
split_feature=0 0 0 0 0
split_gain=1.09817e+08 6.34454e+07 5.89452e+06 344827 18978.1
threshold=0 1 2 3 4
decision_type=1 1 1 1 1
left_child=-1 -2 -3 4 -4
right_child=1 2 3 -5 -6
leaf_value=1.3992191877331623 -1.1749997860692674 0.21146417912961737 -0.050322373434485479 -0.17440182060611073 -0.086722547645682435
leaf_weight=119306 144520 210635 63428 179503 82608
leaf_count=119306 144520 210635 63428 179503 82608
internal_value=7.25168e-06 -0.245251 0.00536995 -0.127983 -0.0709173
internal_weight=800000 680694 536174 325539 146036
internal_count=800000 680694 536174 325539 146036
cat_boundaries=0 1 2 3 4 5
cat_threshold=1 32 2 24 16
is_linear=0
shrinkage=0.05


Tree=98
num_leaves=6
num_cat=5
split_feature=0 0 0 0 0
split_gain=9.91107e+07 5.72604e+07 5.31988e+06 311218 17121.3
threshold=0 1 2 3 4
decision_type=1 1 1 1 1
left_child=-1 -2 -3 4 -4
right_child=1 2 3 -5 -6
leaf_value=1.3292653251974729 -1.1162592202510371 0.20089261266603387 -0.047809538045541805 -0.16568312359487866 -0.082383250407558062
leaf_weight=119306 144520 210635 63428 179503 82608
leaf_count=119306 144520 210635 63428 179503 82608
internal_value=6.43176e-06 -0.23299 0.00510174 -0.121584 -0.0673711
internal_weight=800000 680694 536174 325539 146036
internal_count=800000 680694 536174 325539 146036
cat_boundaries=0 1 2 3 4 5
cat_threshold=1 32 2 24 16
is_linear=0
shrinkage=0.05


Tree=99
num_leaves=6
num_cat=5
split_feature=0 0 0 0 0
split_gain=8.94474e+07 5.16781e+07 4.80126e+06 280864 15451.2
threshold=0 1 2 3 4
decision_type=1 1 1 1 1
left_child=-1 -2 -3 4 -4
right_child=1 2 3 -5 -6
leaf_value=1.2628048371423835 -1.0604486223789085 0.19085269843135028 -0.045417867331777079 -0.15739562208003713 -0.078262108211299863
leaf_weight=119306 144520 210635 63428 179503 82608
leaf_count=119306 144520 210635 63428 179503 82608
internal_value=8.38923e-06 -0.221339 0.00485007 -0.115502 -0.0640009
internal_weight=800000 680694 536174 325539 146036
internal_count=800000 680694 536174 325539 146036
cat_boundaries=0 1 2 3 4 5
cat_threshold=1 32 2 24 16
is_linear=0
shrinkage=0.05


Tree=100
num_leaves=6
num_cat=5
split_feature=0 0 0 0 0
split_gain=8.07276e+07 4.66396e+07 4.33309e+06 253486 13951.2
threshold=0 1 2 3 4
decision_type=1 1 1 1 1
left_child=-1 -2 -3 4 -4
right_child=1 2 3 -5 -6
leaf_value=1.1996720576486937 -1.0074309533556087 0.18130575179102959 -0.043144904464110255 -0.14952901542695748 -0.07435413727114705
leaf_weight=119306 144520 210635 63428 179503 82608
leaf_count=119306 144520 210635 63428 179503 82608
internal_value=6.00865e-06 -0.210275 0.00460426 -0.10973 -0.0608029
internal_weight=800000 680694 536174 325539 146036
internal_count=800000 680694 536174 325539 146036
cat_boundaries=0 1 2 3 4 5
cat_threshold=1 32 2 24 16
is_linear=0
shrinkage=0.05


Tree=101
num_leaves=6
num_cat=5
split_feature=0 0 0 0 0
split_gain=7.28566e+07 4.20926e+07 3.91076e+06 228765 12593.6
threshold=0 1 2 3 4
decision_type=1 1 1 1 1
left_child=-1 -2 -3 4 -4
right_child=1 2 3 -5 -6
leaf_value=1.1396889487143003 -0.95706087036651777 0.17224547495087375 -0.040986575672622663 -0.14205207189643121 -0.070638473559869949
leaf_weight=119306 144520 210635 63428 179503 82608
leaf_count=119306 144520 210635 63428 179503 82608
internal_value=6.82213e-06 -0.19976 0.004376 -0.104243 -0.0577634
internal_weight=800000 680694 536174 325539 146036
internal_count=800000 680694 536174 325539 146036
cat_boundaries=0 1 2 3 4 5
cat_threshold=1 32 2 24 16
is_linear=0
shrinkage=0.05


Tree=102
num_leaves=6
num_cat=5
split_feature=0 0 0 0 0
split_gain=6.57541e+07 3.79888e+07 3.52936e+06 206480 11363.2
threshold=0 1 2 3 4
decision_type=1 1 1 1 1
left_child=-1 -2 -3 4 -4
right_child=1 2 3 -5 -6
leaf_value=1.0827129484629703 -0.90921220639088429 0.1636297655731504 -0.038936586033339958 -0.13495089339262198 -0.067102788547339587
leaf_weight=119306 144520 210635 63428 179503 82608
leaf_count=119306 144520 210635 63428 179503 82608
internal_value=6.1661e-06 -0.189774 0.00415603 -0.0990309 -0.0548728
internal_weight=800000 680694 536174 325539 146036
internal_count=800000 680694 536174 325539 146036
cat_boundaries=0 1 2 3 4 5
cat_threshold=1 32 2 24 16
is_linear=0
shrinkage=0.05


Tree=103
num_leaves=6
num_cat=5
split_feature=0 0 0 0 0
split_gain=5.93434e+07 3.42852e+07 3.18546e+06 186342 10256.1
threshold=0 1 2 3 4
decision_type=1 1 1 1 1
left_child=-1 -2 -3 4 -4
right_child=1 2 3 -5 -6
leaf_value=1.0285792949377199 -0.86375565422828382 0.15545302731478824 -0.036993552407316693 -0.12820637532360776 -0.063752492475118328
leaf_weight=119306 144520 210635 63428 179503 82608
leaf_count=119306 144520 210635 63428 179503 82608
internal_value=5.19242e-06 -0.180287 0.00394788 -0.094083 -0.0521336
internal_weight=800000 680694 536174 325539 146036
internal_count=800000 680694 536174 325539 146036
cat_boundaries=0 1 2 3 4 5
cat_threshold=1 32 2 24 16
is_linear=0
shrinkage=0.05


Tree=104
num_leaves=6
num_cat=5
split_feature=0 0 0 0 0
split_gain=5.35579e+07 3.09427e+07 2.87471e+06 168165 9253.58
threshold=0 1 2 3 4
decision_type=1 1 1 1 1
left_child=-1 -2 -3 4 -4
right_child=1 2 3 -5 -6
leaf_value=0.97715588127588815 -0.82057160405941776 0.14767711265565506 -0.035143327894914068 -0.12179169106828643 -0.060560799462276563
leaf_weight=119306 144520 210635 63428 179503 82608
leaf_count=119306 144520 210635 63428 179503 82608
internal_value=5.67023e-06 -0.171272 0.00375136 -0.0893753 -0.0495244
internal_weight=800000 680694 536174 325539 146036
internal_count=800000 680694 536174 325539 146036
cat_boundaries=0 1 2 3 4 5
cat_threshold=1 32 2 24 16
is_linear=0
shrinkage=0.05


Tree=105
num_leaves=6
num_cat=5
split_feature=0 0 0 0 0
split_gain=4.83368e+07 2.79257e+07 2.59447e+06 151789 8352.17
threshold=0 1 2 3 4
decision_type=1 1 1 1 1
left_child=-1 -2 -3 4 -4
right_child=1 2 3 -5 -6
leaf_value=0.9283046839795035 -0.77954296907190557 0.1402920744254923 -0.03338582147028029 -0.11570707237079728 -0.05753360665087786
leaf_weight=119306 144520 210635 63428 179503 82608
leaf_count=119306 144520 210635 63428 179503 82608
internal_value=4.89429e-06 -0.16271 0.00356157 -0.0849094 -0.0470485
internal_weight=800000 680694 536174 325539 146036
internal_count=800000 680694 536174 325539 146036
cat_boundaries=0 1 2 3 4 5
cat_threshold=1 32 2 24 16
is_linear=0
shrinkage=0.05


Tree=106
num_leaves=6
num_cat=5
split_feature=0 0 0 0 0
split_gain=4.36242e+07 2.52034e+07 2.34157e+06 136989 7540.56
threshold=0 1 2 3 4
decision_type=1 1 1 1 1
left_child=-1 -2 -3 4 -4
right_child=1 2 3 -5 -6
leaf_value=0.88189367333044855 -0.74057044391705329 0.13328234575218592 -0.031712566108623039 -0.10991993346969237 -0.054657093610387009
leaf_weight=119306 144520 210635 63428 179503 82608
leaf_count=119306 144520 210635 63428 179503 82608
internal_value=6.42555e-06 -0.154574 0.00338645 -0.0806622 -0.0446944
internal_weight=800000 680694 536174 325539 146036
internal_count=800000 680694 536174 325539 146036
cat_boundaries=0 1 2 3 4 5
cat_threshold=1 32 2 24 16
is_linear=0
shrinkage=0.05


Tree=107
num_leaves=6
num_cat=5
split_feature=0 0 0 0 0
split_gain=3.93712e+07 2.27462e+07 2.11322e+06 123604 6799.39
threshold=0 1 2 3 4
decision_type=1 1 1 1 1
left_child=-1 -2 -3 4 -4
right_child=1 2 3 -5 -6
leaf_value=0.83780241531548683 -0.70354542306952028 0.12661569889255767 -0.030136329608545499 -0.10442082479142163 -0.05192410471525416
leaf_weight=119306 144520 210635 63428 179503 82608
leaf_count=119306 144520 210635 63428 179503 82608
internal_value=5.284e-06 -0.146847 0.00321609 -0.0766292 -0.0424637
internal_weight=800000 680694 536174 325539 146036
internal_count=800000 680694 536174 325539 146036
cat_boundaries=0 1 2 3 4 5
cat_threshold=1 32 2 24 16
is_linear=0
shrinkage=0.05


Tree=108
num_leaves=6
num_cat=5
split_feature=0 0 0 0 0
split_gain=3.5533e+07 2.05284e+07 1.90723e+06 111572 6138.99
threshold=0 1 2 3 4
decision_type=1 1 1 1 1
left_child=-1 -2 -3 4 -4
right_child=1 2 3 -5 -6
leaf_value=0.79591678180145964 -0.66836921720729769 0.12028410121822922 -0.028627454012706596 -0.099205202218358157 -0.049330105052372591
leaf_weight=119306 144520 210635 63428 179503 82608
leaf_count=119306 144520 210635 63428 179503 82608
internal_value=4.0022e-06 -0.139506 0.00305305 -0.0728009 -0.0403409
internal_weight=800000 680694 536174 325539 146036
internal_count=800000 680694 536174 325539 146036
cat_boundaries=0 1 2 3 4 5
cat_threshold=1 32 2 24 16
is_linear=0
shrinkage=0.05


Tree=109
num_leaves=6
num_cat=5
split_feature=0 0 0 0 0
split_gain=3.20685e+07 1.8527e+07 1.72129e+06 100673 5542.75
threshold=0 1 2 3 4
decision_type=1 1 1 1 1
left_child=-1 -2 -3 4 -4
right_child=1 2 3 -5 -6
leaf_value=0.75612302437689927 -0.6349498336092293 0.11427406083284267 -0.02719368383966286 -0.094239106049480575 -0.046865310000364424
leaf_weight=119306 144520 210635 63428 179503 82608
leaf_count=119306 144520 210635 63428 179503 82608
internal_value=6.69891e-06 -0.132528 0.00290401 -0.0691576 -0.0383238
internal_weight=800000 680694 536174 325539 146036
internal_count=800000 680694 536174 325539 146036
cat_boundaries=0 1 2 3 4 5
cat_threshold=1 32 2 24 16
is_linear=0
shrinkage=0.05


Tree=110
num_leaves=6
num_cat=5
split_feature=0 0 0 0 0
split_gain=2.89422e+07 1.67209e+07 1.55338e+06 90863.6 5003.35
threshold=0 1 2 3 4
decision_type=1 1 1 1 1
left_child=-1 -2 -3 4 -4
right_child=1 2 3 -5 -6
leaf_value=0.71831895004648327 -0.60320878389343091 0.10855552522305759 -0.025832134882308389 -0.089528187246986121 -0.044522075624910819
leaf_weight=119306 144520 210635 63428 179503 82608
leaf_count=119306 144520 210635 63428 179503 82608
internal_value=4.14953e-06 -0.125904 0.00275678 -0.0656999 -0.0364068
internal_weight=800000 680694 536174 325539 146036
internal_count=800000 680694 536174 325539 146036
cat_boundaries=0 1 2 3 4 5
cat_threshold=1 32 2 24 16
is_linear=0
shrinkage=0.05


Tree=111
num_leaves=6
num_cat=5
split_feature=0 0 0 0 0
split_gain=2.61203e+07 1.50905e+07 1.40202e+06 82004.3 4513.02
threshold=0 1 2 3 4
decision_type=1 1 1 1 1
left_child=-1 -2 -3 4 -4
right_child=1 2 3 -5 -6
leaf_value=0.68240327080958074 -0.57304620996409372 0.10313146656811197 -0.024545081545197991 -0.085053524674540665 -0.042295613644755592
leaf_weight=119306 144520 210635 63428 179503 82608
leaf_count=119306 144520 210635 63428 179503 82608
internal_value=4.63055e-06 -0.119608 0.00261933 -0.0624167 -0.0345882
internal_weight=800000 680694 536174 325539 146036
internal_count=800000 680694 536174 325539 146036
cat_boundaries=0 1 2 3 4 5
cat_threshold=1 32 2 24 16
is_linear=0
shrinkage=0.05


Tree=112
num_leaves=6
num_cat=5
split_feature=0 0 0 0 0
split_gain=2.35741e+07 1.36194e+07 1.26529e+06 74026.5 4074.2
threshold=0 1 2 3 4
decision_type=1 1 1 1 1
left_child=-1 -2 -3 4 -4
right_child=1 2 3 -5 -6
leaf_value=0.6482906924143228 -0.54439960723021263 0.097972622170353574 -0.02331381733478621 -0.08080392853047727 -0.040179296331602568
leaf_weight=119306 144520 210635 63428 179503 82608
leaf_count=119306 144520 210635 63428 179503 82608
internal_value=3.68669e-06 -0.11363 0.00248715 -0.0592964 -0.0328562
internal_weight=800000 680694 536174 325539 146036
internal_count=800000 680694 536174 325539 146036
cat_boundaries=0 1 2 3 4 5
cat_threshold=1 32 2 24 16
is_linear=0
shrinkage=0.05


Tree=113
num_leaves=6
num_cat=5
split_feature=0 0 0 0 0
split_gain=2.12759e+07 1.22917e+07 1.14195e+06 66789.8 3675.72
threshold=0 1 2 3 4
decision_type=1 1 1 1 1
left_child=-1 -2 -3 4 -4
right_child=1 2 3 -5 -6
leaf_value=0.61588133375349507 -0.51718119295841192 0.093076857732287355 -0.022151910557024243 -0.07675947314431314 -0.038171408627702685
leaf_weight=119306 144520 210635 63428 179503 82608
leaf_count=119306 144520 210635 63428 179503 82608
internal_value=5.29057e-06 -0.107947 0.00236473 -0.0563302 -0.0312156
internal_weight=800000 680694 536174 325539 146036
internal_count=800000 680694 536174 325539 146036
cat_boundaries=0 1 2 3 4 5
cat_threshold=1 32 2 24 16
is_linear=0
shrinkage=0.05


Tree=114
num_leaves=6
num_cat=5
split_feature=0 0 0 0 0
split_gain=1.92016e+07 1.10933e+07 1.03057e+06 60276.9 3319.58
threshold=0 1 2 3 4
decision_type=1 1 1 1 1
left_child=-1 -2 -3 4 -4
right_child=1 2 3 -5 -6
leaf_value=0.58508629506430954 -0.4913259912208563 0.088419307358409971 -0.021042689584371083 -0.072922477699961449 -0.036266354737208732
leaf_weight=119306 144520 210635 63428 179503 82608
leaf_count=119306 144520 210635 63428 179503 82608
internal_value=2.75412e-06 -0.102553 0.00224436 -0.0535148 -0.0296561
internal_weight=800000 680694 536174 325539 146036
internal_count=800000 680694 536174 325539 146036
cat_boundaries=0 1 2 3 4 5
cat_threshold=1 32 2 24 16
is_linear=0
shrinkage=0.05


Tree=115
num_leaves=6
num_cat=5
split_feature=0 0 0 0 0
split_gain=1.73294e+07 1.00118e+07 930169 54419.4 2994.93
threshold=0 1 2 3 4
decision_type=1 1 1 1 1
left_child=-1 -2 -3 4 -4
right_child=1 2 3 -5 -6
leaf_value=0.55583282347885066 -0.46676064524594163 0.08400245919234732 -0.019989257353567352 -0.069281047225655243 -0.034449351773218971
leaf_weight=119306 144520 210635 63428 179503 82608
leaf_count=119306 144520 210635 63428 179503 82608
internal_value=3.0843e-06 -0.0974246 0.00213291 -0.0508405 -0.0281707
internal_weight=800000 680694 536174 325539 146036
internal_count=800000 680694 536174 325539 146036
cat_boundaries=0 1 2 3 4 5
cat_threshold=1 32 2 24 16
is_linear=0
shrinkage=0.05


Tree=116
num_leaves=6
num_cat=5
split_feature=0 0 0 0 0
split_gain=1.564e+07 9.0357e+06 839472 49104.3 2702.12
threshold=0 1 2 3 4
decision_type=1 1 1 1 1
left_child=-1 -2 -3 4 -4
right_child=1 2 3 -5 -6
leaf_value=0.5280457126198671 -0.44342280530998845 0.079803002809724966 -0.018991846057955949 -0.065814224960848974 -0.032726884157777851
leaf_weight=119306 144520 210635 63428 179503 82608
leaf_count=119306 144520 210635 63428 179503 82608
internal_value=4.20539e-06 -0.0925526 0.00202721 -0.0482973 -0.026763
internal_weight=800000 680694 536174 325539 146036
internal_count=800000 680694 536174 325539 146036
cat_boundaries=0 1 2 3 4 5
cat_threshold=1 32 2 24 16
is_linear=0
shrinkage=0.05


Tree=117
num_leaves=6
num_cat=5
split_feature=0 0 0 0 0
split_gain=1.41153e+07 8.15466e+06 757649 44314.6 2440
threshold=0 1 2 3 4
decision_type=1 1 1 1 1
left_child=-1 -2 -3 4 -4
right_child=1 2 3 -5 -6
leaf_value=0.50164809603852401 -0.42124958450469419 0.075814511783497268 -0.018041105212357703 -0.062523540345460593 -0.03109297349408012
leaf_weight=119306 144520 210635 63428 179503 82608
leaf_count=119306 144520 210635 63428 179503 82608
internal_value=5.338e-06 -0.0879242 0.00192626 -0.0458829 -0.0254258
internal_weight=800000 680694 536174 325539 146036
internal_count=800000 680694 536174 325539 146036
cat_boundaries=0 1 2 3 4 5
cat_threshold=1 32 2 24 16
is_linear=0
shrinkage=0.05


Tree=118
num_leaves=6
num_cat=5
split_feature=0 0 0 0 0
split_gain=1.2739e+07 7.35978e+06 683710 39997.5 2200.66
threshold=0 1 2 3 4
decision_type=1 1 1 1 1
left_child=-1 -2 -3 4 -4
right_child=1 2 3 -5 -6
leaf_value=0.47656113027651092 -0.40019507359511497 0.072017770211835683 -0.017140760427465537 -0.059398375842444999 -0.029535984119739508
leaf_weight=119306 144520 210635 63428 179503 82608
leaf_count=119306 144520 210635 63428 179503 82608
internal_value=1.24613e-06 -0.0835317 0.0018274 -0.043589 -0.0241539
internal_weight=800000 680694 536174 325539 146036
internal_count=800000 680694 536174 325539 146036
cat_boundaries=0 1 2 3 4 5
cat_threshold=1 32 2 24 16
is_linear=0
shrinkage=0.05


Tree=119
num_leaves=6
num_cat=5
split_feature=0 0 0 0 0
split_gain=1.1497e+07 6.64204e+06 617109 36104.3 1988.98
threshold=0 1 2 3 4
decision_type=1 1 1 1 1
left_child=-1 -2 -3 4 -4
right_child=1 2 3 -5 -6
leaf_value=0.45273500233683817 -0.38018168992586454 0.068419300229112121 -0.016280222520870642 -0.056432808518730476 -0.028064197826646375
leaf_weight=119306 144520 210635 63428 179503 82608
leaf_count=119306 144520 210635 63428 179503 82608
internal_value=1.54748e-06 -0.079355 0.00173517 -0.0414126 -0.0229475
internal_weight=800000 680694 536174 325539 146036
internal_count=800000 680694 536174 325539 146036
cat_boundaries=0 1 2 3 4 5
cat_threshold=1 32 2 24 16
is_linear=0
shrinkage=0.05


Tree=120
num_leaves=6
num_cat=5
split_feature=0 0 0 0 0
split_gain=1.03763e+07 5.99469e+06 556910 32578.7 1792.53
threshold=0 1 2 3 4
decision_type=1 1 1 1 1
left_child=-1 -2 -3 4 -4
right_child=1 2 3 -5 -6
leaf_value=0.43010423136043596 -0.3611785482900049 0.064998004550187269 -0.015469548395488131 -0.053607387954129573 -0.026656468610808105
leaf_weight=119306 144520 210635 63428 179503 82608
leaf_count=119306 144520 210635 63428 179503 82608
internal_value=2.25148e-06 -0.0753874 0.00164984 -0.0393393 -0.021799
internal_weight=800000 680694 536174 325539 146036
internal_count=800000 680694 536174 325539 146036
cat_boundaries=0 1 2 3 4 5
cat_threshold=1 32 2 24 16
is_linear=0
shrinkage=0.05


Tree=121
num_leaves=6
num_cat=5
split_feature=0 0 0 0 0
split_gain=9.36451e+06 5.4103e+06 502641 29400 1617.4
threshold=0 1 2 3 4
decision_type=1 1 1 1 1
left_child=-1 -2 -3 4 -4
right_child=1 2 3 -5 -6
leaf_value=0.40859782611365819 -0.3431198380320557 0.061752679539218029 -0.014695677376472958 -0.050924795737083285 -0.025322071005164582
leaf_weight=119306 144520 210635 63428 179503 82608
leaf_count=119306 144520 210635 63428 179503 82608
internal_value=3.81889e-06 -0.0716159 0.00157018 -0.0373707 -0.020708
internal_weight=800000 680694 536174 325539 146036
internal_count=800000 680694 536174 325539 146036
cat_boundaries=0 1 2 3 4 5
cat_threshold=1 32 2 24 16
is_linear=0
shrinkage=0.05


Tree=122
num_leaves=6
num_cat=5
split_feature=0 0 0 0 0
split_gain=8.45169e+06 4.88264e+06 453639 26535.3 1461.02
threshold=0 1 2 3 4
decision_type=1 1 1 1 1
left_child=-1 -2 -3 4 -4
right_child=1 2 3 -5 -6
leaf_value=0.38817127918700733 -0.32596226622124147 0.058661774640046072 -0.01396163497372065 -0.048382877819420432 -0.024061265710092247
leaf_weight=119306 144520 210635 63428 179503 82608
leaf_count=119306 144520 210635 63428 179503 82608
internal_value=1.97517e-06 -0.0680376 0.00148804 -0.035506 -0.0196759
internal_weight=800000 680694 536174 325539 146036
internal_count=800000 680694 536174 325539 146036
cat_boundaries=0 1 2 3 4 5
cat_threshold=1 32 2 24 16
is_linear=0
shrinkage=0.05


Tree=123
num_leaves=6
num_cat=5
split_feature=0 0 0 0 0
split_gain=7.62748e+06 4.40676e+06 409407 23955.7 1318.73
threshold=0 1 2 3 4
decision_type=1 1 1 1 1
left_child=-1 -2 -3 4 -4
right_child=1 2 3 -5 -6
leaf_value=0.36875877615280817 -0.30966813818439931 0.055730920543660245 -0.013258402273676662 -0.045963218349151999 -0.022853638203581734
leaf_weight=119306 144520 210635 63428 179503 82608
leaf_count=119306 144520 210635 63428 179503 82608
internal_value=2.15283e-06 -0.0646347 0.001416 -0.0337283 -0.0186873
internal_weight=800000 680694 536174 325539 146036
internal_count=800000 680694 536174 325539 146036
cat_boundaries=0 1 2 3 4 5
cat_threshold=1 32 2 24 16
is_linear=0
shrinkage=0.05


Tree=124
num_leaves=6
num_cat=5
split_feature=0 0 0 0 0
split_gain=6.88412e+06 3.977e+06 369505 21611.4 1190.72
threshold=0 1 2 3 4
decision_type=1 1 1 1 1
left_child=-1 -2 -3 4 -4
right_child=1 2 3 -5 -6
leaf_value=0.35032920030045056 -0.29418293486497299 0.052943359295227199 -0.012599805127575043 -0.043665436377713952 -0.021717435420360288
leaf_weight=119306 144520 210635 63428 179503 82608
leaf_count=119306 144520 210635 63428 179503 82608
internal_value=2.25276e-06 -0.0614042 0.00134316 -0.0320445 -0.0177585
internal_weight=800000 680694 536174 325539 146036
internal_count=800000 680694 536174 325539 146036
cat_boundaries=0 1 2 3 4 5
cat_threshold=1 32 2 24 16
is_linear=0
shrinkage=0.05


Tree=125
num_leaves=6
num_cat=5
split_feature=0 0 0 0 0
split_gain=6.21309e+06 3.5893e+06 333432 19498.3 1072.47
threshold=0 1 2 3 4
decision_type=1 1 1 1 1
left_child=-1 -2 -3 4 -4
right_child=1 2 3 -5 -6
leaf_value=0.33281713019926729 -0.27947664573432945 0.050292201664240144 -0.01197519594011686 -0.041478839609128133 -0.020628285079616594
leaf_weight=119306 144520 210635 63428 179503 82608
leaf_count=119306 144520 210635 63428 179503 82608
internal_value=1.88606e-06 -0.058335 0.00127542 -0.0304407 -0.0168711
internal_weight=800000 680694 536174 325539 146036
internal_count=800000 680694 536174 325539 146036
cat_boundaries=0 1 2 3 4 5
cat_threshold=1 32 2 24 16
is_linear=0
shrinkage=0.05


Tree=126
num_leaves=6
num_cat=5
split_feature=0 0 0 0 0
split_gain=5.6072e+06 3.23941e+06 300938 17600.2 968.272
threshold=0 1 2 3 4
decision_type=1 1 1 1 1
left_child=-1 -2 -3 4 -4
right_child=1 2 3 -5 -6
leaf_value=0.31617272304055472 -0.26550490291640066 0.047779693094296236 -0.011374402061988444 -0.039405777393640339 -0.019596387029326146
leaf_weight=119306 144520 210635 63428 179503 82608
leaf_count=119306 144520 210635 63428 179503 82608
internal_value=1.4519e-06 -0.0554181 0.0012125 -0.0289186 -0.0160263
internal_weight=800000 680694 536174 325539 146036
internal_count=800000 680694 536174 325539 146036
cat_boundaries=0 1 2 3 4 5
cat_threshold=1 32 2 24 16
is_linear=0
shrinkage=0.05


Tree=127
num_leaves=6
num_cat=5
split_feature=0 0 0 0 0
split_gain=5.0606e+06 2.9236e+06 271648 15892 873.883
threshold=0 1 2 3 4
decision_type=1 1 1 1 1
left_child=-1 -2 -3 4 -4
right_child=1 2 3 -5 -6
leaf_value=0.30036750328465273 -0.25223072583309336 0.045395022299710243 -0.010805220672945128 -0.037440511637689793 -0.018616184942077462
leaf_weight=119306 144520 210635 63428 179503 82608
leaf_count=119306 144520 210635 63428 179503 82608
internal_value=1.78071e-06 -0.0526473 0.001152 -0.0274753 -0.0152246
internal_weight=800000 680694 536174 325539 146036
internal_count=800000 680694 536174 325539 146036
cat_boundaries=0 1 2 3 4 5
cat_threshold=1 32 2 24 16
is_linear=0
shrinkage=0.05


Tree=128
num_leaves=6
num_cat=5
split_feature=0 0 0 0 0
split_gain=4.56736e+06 2.63846e+06 245143 14334.9 788.966
threshold=0 1 2 3 4
decision_type=1 1 1 1 1
left_child=-1 -2 -3 4 -4
right_child=1 2 3 -5 -6
leaf_value=0.28535609980881838 -0.23961527062280613 0.043123607927402212 -0.01026614839873799 -0.035564821142698044 -0.017687908499417891
leaf_weight=119306 144520 210635 63428 179503 82608
leaf_count=119306 144520 210635 63428 179503 82608
internal_value=3.46806e-06 -0.0500141 0.00109444 -0.0261004 -0.0144653
internal_weight=800000 680694 536174 325539 146036
internal_count=800000 680694 536174 325539 146036
cat_boundaries=0 1 2 3 4 5
cat_threshold=1 32 2 24 16
is_linear=0
shrinkage=0.05


Tree=129
num_leaves=6
num_cat=5
split_feature=0 0 0 0 0
split_gain=4.122e+06 2.38123e+06 221213 12940.8 711.51
threshold=0 1 2 3 4
decision_type=1 1 1 1 1
left_child=-1 -2 -3 4 -4
right_child=1 2 3 -5 -6
leaf_value=0.27108601713329211 -0.22763570814621636 0.040964460370774294 -0.009751619929311825 -0.033786620234070884 -0.016799661795694573
leaf_weight=119306 144520 210635 63428 179503 82608
leaf_count=119306 144520 210635 63428 179503 82608
internal_value=2.44224e-06 -0.047514 0.00103928 -0.0247942 -0.0137394
internal_weight=800000 680694 536174 325539 146036
internal_count=800000 680694 536174 325539 146036
cat_boundaries=0 1 2 3 4 5
cat_threshold=1 32 2 24 16
is_linear=0
shrinkage=0.05


Tree=130
num_leaves=6
num_cat=5
split_feature=0 0 0 0 0
split_gain=3.72014e+06 2.14912e+06 199639 11677 642.822
threshold=0 1 2 3 4
decision_type=1 1 1 1 1
left_child=-1 -2 -3 4 -4
right_child=1 2 3 -5 -6
leaf_value=0.25753174653705985 -0.21625808971378371 0.038914606068146701 -0.0092636291442330376 -0.032097181180778124 -0.01596283044034514
leaf_weight=119306 144520 210635 63428 179503 82608
leaf_count=119306 144520 210635 63428 179503 82608
internal_value=8.73553e-07 -0.04514 0.000986271 -0.0235551 -0.013054
internal_weight=800000 680694 536174 325539 146036
internal_count=800000 680694 536174 325539 146036
cat_boundaries=0 1 2 3 4 5
cat_threshold=1 32 2 24 16
is_linear=0
shrinkage=0.05


Tree=131
num_leaves=6
num_cat=5
split_feature=0 0 0 0 0
split_gain=3.35722e+06 1.93956e+06 180191 10540.4 579.448
threshold=0 1 2 3 4
decision_type=1 1 1 1 1
left_child=-1 -2 -3 4 -4
right_child=1 2 3 -5 -6
leaf_value=0.24464786581270712 -0.20544262295155957 0.036971930356229317 -0.0088014935134747702 -0.030492819314810155 -0.015161907198168867
leaf_weight=119306 144520 210635 63428 179503 82608
leaf_count=119306 144520 210635 63428 179503 82608
internal_value=1.10208e-06 -0.0428814 0.000938296 -0.0223771 -0.0124002
internal_weight=800000 680694 536174 325539 146036
internal_count=800000 680694 536174 325539 146036
cat_boundaries=0 1 2 3 4 5
cat_threshold=1 32 2 24 16
is_linear=0
shrinkage=0.05


Tree=132
num_leaves=6
num_cat=5
split_feature=0 0 0 0 0
split_gain=3.03005e+06 1.75055e+06 162641 9512.75 522.484
threshold=0 1 2 3 4
decision_type=1 1 1 1 1
left_child=-1 -2 -3 4 -4
right_child=1 2 3 -5 -6
leaf_value=0.23242236903616248 -0.19517483874290434 0.035126557498034915 -0.0083629496668299035 -0.028968257495729063 -0.014402645115424221
leaf_weight=119306 144520 210635 63428 179503 82608
leaf_count=119306 144520 210635 63428 179503 82608
internal_value=2.12038e-06 -0.0407373 0.00089262 -0.0212583 -0.0117802
internal_weight=800000 680694 536174 325539 146036
internal_count=800000 680694 536174 325539 146036
cat_boundaries=0 1 2 3 4 5
cat_threshold=1 32 2 24 16
is_linear=0
shrinkage=0.05


Tree=133
num_leaves=6
num_cat=5
split_feature=0 0 0 0 0
split_gain=2.73464e+06 1.57989e+06 146772 8585.18 473.271
threshold=0 1 2 3 4
decision_type=1 1 1 1 1
left_child=-1 -2 -3 4 -4
right_child=1 2 3 -5 -6
leaf_value=0.22080248252549964 -0.18541712934926483 0.03336915524505206 -0.0079378156253987042 -0.027518717466333553 -0.013686012729424164
leaf_weight=119306 144520 210635 63428 179503 82608
leaf_count=119306 144520 210635 63428 179503 82608
internal_value=2.17416e-06 -0.0387004 0.000848231 -0.0201943 -0.0111901
internal_weight=800000 680694 536174 325539 146036
internal_count=800000 680694 536174 325539 146036
cat_boundaries=0 1 2 3 4 5
cat_threshold=1 32 2 24 16
is_linear=0
shrinkage=0.05


Tree=134
num_leaves=6
num_cat=5
split_feature=0 0 0 0 0
split_gain=2.46805e+06 1.42579e+06 132451 7746.52 427.032
threshold=0 1 2 3 4
decision_type=1 1 1 1 1
left_child=-1 -2 -3 4 -4
right_child=1 2 3 -5 -6
leaf_value=0.2097640950655241 -0.17614278406005809 0.031698743611692309 -0.0075421071254747427 -0.026142014378330931 -0.01300228920177759
leaf_weight=119306 144520 210635 63428 179503 82608
leaf_count=119306 144520 210635 63428 179503 82608
internal_value=2.45911e-06 -0.0367652 0.00080508 -0.0191845 -0.0106314
internal_weight=800000 680694 536174 325539 146036
internal_count=800000 680694 536174 325539 146036
cat_boundaries=0 1 2 3 4 5
cat_threshold=1 32 2 24 16
is_linear=0
shrinkage=0.05


Tree=135
num_leaves=6
num_cat=5
split_feature=0 0 0 0 0
split_gain=2.22745e+06 1.28682e+06 119562 6990.44 384.437
threshold=0 1 2 3 4
decision_type=1 1 1 1 1
left_child=-1 -2 -3 4 -4
right_child=1 2 3 -5 -6
leaf_value=0.19927871331331248 -0.1673373013252718 0.030118135286714781 -0.0071697741725292282 -0.024835211023415467 -0.012350503820436719
leaf_weight=119306 144520 210635 63428 179503 82608
leaf_count=119306 144520 210635 63428 179503 82608
internal_value=3.32514e-06 -0.0349263 0.00076612 -0.018226 -0.010101
internal_weight=800000 680694 536174 325539 146036
internal_count=800000 680694 536174 325539 146036
cat_boundaries=0 1 2 3 4 5
cat_threshold=1 32 2 24 16
is_linear=0
shrinkage=0.05


Tree=136
num_leaves=6
num_cat=5
split_feature=0 0 0 0 0
split_gain=2.01037e+06 1.16133e+06 107887 6312.88 347.548
threshold=0 1 2 3 4
decision_type=1 1 1 1 1
left_child=-1 -2 -3 4 -4
right_child=1 2 3 -5 -6
leaf_value=0.18931756920865508 -0.1589714734519484 0.028607451163004012 -0.0068075543405459529 -0.023596532473926707 -0.011733442984010784
leaf_weight=119306 144520 210635 63428 179503 82608
leaf_count=119306 144520 210635 63428 179503 82608
internal_value=1.68628e-06 -0.0331822 0.000725275 -0.0173158 -0.00959459
internal_weight=800000 680694 536174 325539 146036
internal_count=800000 680694 536174 325539 146036
cat_boundaries=0 1 2 3 4 5
cat_threshold=1 32 2 24 16
is_linear=0
shrinkage=0.05


Tree=137
num_leaves=6
num_cat=5
split_feature=0 0 0 0 0
split_gain=1.81426e+06 1.04817e+06 97385.7 5692.16 313.704
threshold=0 1 2 3 4
decision_type=1 1 1 1 1
left_child=-1 -2 -3 4 -4
right_child=1 2 3 -5 -6
leaf_value=0.17984954316191881 -0.15102369375511956 0.027183748480913102 -0.0064675864342306141 -0.022411208388569154 -0.01114749093960595
leaf_weight=119306 144520 210635 63428 179503 82608
leaf_count=119306 144520 210635 63428 179503 82608
internal_value=4.02116e-06 -0.0315199 0.000693313 -0.0164472 -0.00911544
internal_weight=800000 680694 536174 325539 146036
internal_count=800000 680694 536174 325539 146036
cat_boundaries=0 1 2 3 4 5
cat_threshold=1 32 2 24 16
is_linear=0
shrinkage=0.05


Tree=138
num_leaves=6
num_cat=5
split_feature=0 0 0 0 0
split_gain=1.63735e+06 945979 87886.2 5137.96 283.167
threshold=0 1 2 3 4
decision_type=1 1 1 1 1
left_child=-1 -2 -3 4 -4
right_child=1 2 3 -5 -6
leaf_value=0.17085337277738236 -0.14347496914400046 0.02582179058126971 -0.0061451842773681889 -0.021292811300751988 -0.010591483446861965
leaf_weight=119306 144520 210635 63428 179503 82608
leaf_count=119306 144520 210635 63428 179503 82608
internal_value=1.39125e-06 -0.0299461 0.000656508 -0.0156266 -0.00866087
internal_weight=800000 680694 536174 325539 146036
internal_count=800000 680694 536174 325539 146036
cat_boundaries=0 1 2 3 4 5
cat_threshold=1 32 2 24 16
is_linear=0
shrinkage=0.05


Tree=139
num_leaves=6
num_cat=5
split_feature=0 0 0 0 0
split_gain=1.47786e+06 853718 79300.5 4640.53 255.33
threshold=0 1 2 3 4
decision_type=1 1 1 1 1
left_child=-1 -2 -3 4 -4
right_child=1 2 3 -5 -6
leaf_value=0.16231963033508939 -0.13630008496718862 0.024527027644484944 -0.0058359792724924954 -0.020229704849546531 -0.010058079436758672
leaf_weight=119306 144520 210635 63428 179503 82608
leaf_count=119306 144520 210635 63428 179503 82608
internal_value=2.09651e-06 -0.0284494 0.000622546 -0.0148448 -0.00822481
internal_weight=800000 680694 536174 325539 146036
internal_count=800000 680694 536174 325539 146036
cat_boundaries=0 1 2 3 4 5
cat_threshold=1 32 2 24 16
is_linear=0
shrinkage=0.05


Tree=140
num_leaves=6
num_cat=5
split_feature=0 0 0 0 0
split_gain=1.33375e+06 770484 71572.8 4186.03 231.095
threshold=0 1 2 3 4
decision_type=1 1 1 1 1
left_child=-1 -2 -3 4 -4
right_child=1 2 3 -5 -6
leaf_value=0.15420223821831652 -0.12948597642168377 0.023300729700166962 -0.0055435019328068874 -0.019217998589554697 -0.0095602236835492949
leaf_weight=119306 144520 210635 63428 179503 82608
leaf_count=119306 144520 210635 63428 179503 82608
internal_value=1.21559e-06 -0.0270276 0.000590817 -0.0141035 -0.00781613
internal_weight=800000 680694 536174 325539 146036
internal_count=800000 680694 536174 325539 146036
cat_boundaries=0 1 2 3 4 5
cat_threshold=1 32 2 24 16
is_linear=0
shrinkage=0.05


Tree=141
num_leaves=6
num_cat=5
split_feature=0 0 0 0 0
split_gain=1.20369e+06 695386 64607.6 3778.56 207.637
threshold=0 1 2 3 4
decision_type=1 1 1 1 1
left_child=-1 -2 -3 4 -4
right_child=1 2 3 -5 -6
leaf_value=0.1464910361108924 -0.12301293659744679 0.022138782903616077 -0.0052711044029380878 -0.018258047610434824 -0.0090785206462272155
leaf_weight=119306 144520 210635 63428 179503 82608
leaf_count=119306 144520 210635 63428 179503 82608
internal_value=1.36778e-06 -0.0256758 0.000562175 -0.0133989 -0.00742531
internal_weight=800000 680694 536174 325539 146036
internal_count=800000 680694 536174 325539 146036
cat_boundaries=0 1 2 3 4 5
cat_threshold=1 32 2 24 16
is_linear=0
shrinkage=0.05


Tree=142
num_leaves=6
num_cat=5
split_feature=0 0 0 0 0
split_gain=1.08635e+06 627625 58312 3412.32 187.82
threshold=0 1 2 3 4
decision_type=1 1 1 1 1
left_child=-1 -2 -3 4 -4
right_child=1 2 3 -5 -6
leaf_value=0.13916748524143771 -0.11686554835575605 0.021032875147972571 -0.0050034448686255353 -0.017346634069808475 -0.0086246066797694143
leaf_weight=119306 144520 210635 63428 179503 82608
leaf_count=119306 144520 210635 63428 179503 82608
internal_value=1.12167e-06 -0.0243924 0.000534457 -0.012729 -0.00705227
internal_weight=800000 680694 536174 325539 146036
internal_count=800000 680694 536174 325539 146036
cat_boundaries=0 1 2 3 4 5
cat_threshold=1 32 2 24 16
is_linear=0
shrinkage=0.05


Tree=143
num_leaves=6
num_cat=5
split_feature=0 0 0 0 0
split_gain=980397 566363 52622 3077.79 169.318
threshold=0 1 2 3 4
decision_type=1 1 1 1 1
left_child=-1 -2 -3 4 -4
right_child=1 2 3 -5 -6
leaf_value=0.13220672335345426 -0.1110166058111115 0.019979280025660379 -0.0047565133173471221 -0.016478554732441742 -0.0081947002296842066
leaf_weight=119306 144520 210635 63428 179503 82608
leaf_count=119306 144520 210635 63428 179503 82608
internal_value=9.9322e-07 -0.0231725 0.000506631 -0.0120931 -0.00670182
internal_weight=800000 680694 536174 325539 146036
internal_count=800000 680694 536174 325539 146036
cat_boundaries=0 1 2 3 4 5
cat_threshold=1 32 2 24 16
is_linear=0
shrinkage=0.05


Tree=144
num_leaves=6
num_cat=5
split_feature=0 0 0 0 0
split_gain=884890 511181 47494.8 2779.25 152.972
threshold=0 1 2 3 4
decision_type=1 1 1 1 1
left_child=-1 -2 -3 4 -4
right_child=1 2 3 -5 -6
leaf_value=0.12560393680068768 -0.10546822061672645 0.018982538880622544 -0.0045151724972164629 -0.015654667512620898 -0.0077831845607987046
leaf_weight=119306 144520 210635 63428 179503 82608
leaf_count=119306 144520 210635 63428 179503 82608
internal_value=2.66664e-06 -0.0220131 0.000482849 -0.0114873 -0.00636419
internal_weight=800000 680694 536174 325539 146036
internal_count=800000 680694 536174 325539 146036
cat_boundaries=0 1 2 3 4 5
cat_threshold=1 32 2 24 16
is_linear=0
shrinkage=0.05


Tree=145
num_leaves=6
num_cat=5
split_feature=0 0 0 0 0
split_gain=798547 461336 42856.2 2506.09 138.224
threshold=0 1 2 3 4
decision_type=1 1 1 1 1
left_child=-1 -2 -3 4 -4
right_child=1 2 3 -5 -6
leaf_value=0.11931719213914967 -0.10019514840242896 0.018030959868284516 -0.0042902834264577916 -0.014870022389447728 -0.0073967649623336452
leaf_weight=119306 144520 210635 63428 179503 82608
leaf_count=119306 144520 210635 63428 179503 82608
internal_value=9.26979e-07 -0.0209132 0.000457858 -0.0109128 -0.00604791
internal_weight=800000 680694 536174 325539 146036
internal_count=800000 680694 536174 325539 146036
cat_boundaries=0 1 2 3 4 5
cat_threshold=1 32 2 24 16
is_linear=0
shrinkage=0.05


Tree=146
num_leaves=6
num_cat=5
split_feature=0 0 0 0 0
split_gain=720708 416378 38687.1 2263.37 124.798
threshold=0 1 2 3 4
decision_type=1 1 1 1 1
left_child=-1 -2 -3 4 -4
right_child=1 2 3 -5 -6
leaf_value=0.11335265260540583 -0.095187888768010764 0.017131532691115826 -0.0040749617003865363 -0.014129067295513898 -0.0070267218142576904
leaf_weight=119306 144520 210635 63428 179503 82608
leaf_count=119306 144520 210635 63428 179503 82608
internal_value=6.98572e-07 -0.019868 0.000435073 -0.0103683 -0.00574505
internal_weight=800000 680694 536174 325539 146036
internal_count=800000 680694 536174 325539 146036
cat_boundaries=0 1 2 3 4 5
cat_threshold=1 32 2 24 16
is_linear=0
shrinkage=0.05


Tree=147
num_leaves=6
num_cat=5
split_feature=0 0 0 0 0
split_gain=650476 375761 34912.2 2043.08 111.943
threshold=0 1 2 3 4
decision_type=1 1 1 1 1
left_child=-1 -2 -3 4 -4
right_child=1 2 3 -5 -6
leaf_value=0.10768783455933451 -0.090427258730446075 0.016273017202911688 -0.0038764989452361462 -0.013423822118338794 -0.0066721179074441615
leaf_weight=119306 144520 210635 63428 179503 82608
leaf_count=119306 144520 210635 63428 179503 82608
internal_value=4.43394e-07 -0.0188754 0.000412032 -0.00985076 -0.00545824
internal_weight=800000 680694 536174 325539 146036
internal_count=800000 680694 536174 325539 146036
cat_boundaries=0 1 2 3 4 5
cat_threshold=1 32 2 24 16
is_linear=0
shrinkage=0.05


Tree=148
num_leaves=6
num_cat=5
split_feature=0 0 0 0 0
split_gain=587024 339130 31497.9 1840.17 101.4
threshold=0 1 2 3 4
decision_type=1 1 1 1 1
left_child=-1 -2 -3 4 -4
right_child=1 2 3 -5 -6
leaf_value=0.10230049036875098 -0.08590644601520879 0.015457139714171828 -0.0036822540409241233 -0.012747356213257491 -0.0063429675402010242
leaf_weight=119306 144520 210635 63428 179503 82608
leaf_count=119306 144520 210635 63428 179503 82608
internal_value=5.19767e-08 -0.0179315 0.000391684 -0.00935636 -0.00518767
internal_weight=800000 680694 536174 325539 146036
internal_count=800000 680694 536174 325539 146036
cat_boundaries=0 1 2 3 4 5
cat_threshold=1 32 2 24 16
is_linear=0
shrinkage=0.05


Tree=149
num_leaves=6
num_cat=5
split_feature=0 0 0 0 0
split_gain=529815 306108 28435.6 1662.17 91.7727
threshold=0 1 2 3 4
decision_type=1 1 1 1 1
left_child=-1 -2 -3 4 -4
right_child=1 2 3 -5 -6
leaf_value=0.097189891420275065 -0.081613992833434651 0.014689405131621293 -0.0034929334202195789 -0.012109845671927584 -0.0060241717272281085
leaf_weight=119306 144520 210635 63428 179503 82608
leaf_count=119306 144520 210635 63428 179503 82608
internal_value=2.15499e-06 -0.0170332 0.00037503 -0.00888703 -0.00492509
internal_weight=800000 680694 536174 325539 146036
internal_count=800000 680694 536174 325539 146036
cat_boundaries=0 1 2 3 4 5
cat_threshold=1 32 2 24 16
is_linear=0
shrinkage=0.05


Tree=150
num_leaves=6
num_cat=5
split_feature=0 0 0 0 0
split_gain=478124 276245 25656.3 1501.41 82.3385
threshold=0 1 2 3 4
decision_type=1 1 1 1 1
left_child=-1 -2 -3 4 -4
right_child=1 2 3 -5 -6
leaf_value=0.092326581721501044 -0.077531338585278387 0.01395260106773334 -0.0033200283339775323 -0.011505059185526289 -0.0057176460866912634
leaf_weight=119306 144520 210635 63428 179503 82608
leaf_count=119306 144520 210635 63428 179503 82608
internal_value=1.46947e-06 -0.0161816 0.000355739 -0.00844206 -0.00467658
internal_weight=800000 680694 536174 325539 146036
internal_count=800000 680694 536174 325539 146036
cat_boundaries=0 1 2 3 4 5
cat_threshold=1 32 2 24 16
is_linear=0
shrinkage=0.05


Tree=151
num_leaves=6
num_cat=5
split_feature=0 0 0 0 0
split_gain=431579 249301 23159.6 1355.14 74.7888
threshold=0 1 2 3 4
decision_type=1 1 1 1 1
left_child=-1 -2 -3 4 -4
right_child=1 2 3 -5 -6
leaf_value=0.08771674697368527 -0.073655626353347867 0.013253974108333906 -0.0031529453423950848 -0.010933137113590473 -0.0054379892671297843
leaf_weight=119306 144520 210635 63428 179503 82608
leaf_count=119306 144520 210635 63428 179503 82608
internal_value=6.43118e-07 -0.0153745 0.000335614 -0.00802316 -0.00444581
internal_weight=800000 680694 536174 325539 146036
internal_count=800000 680694 536174 325539 146036
cat_boundaries=0 1 2 3 4 5
cat_threshold=1 32 2 24 16
is_linear=0
shrinkage=0.05


Tree=152
num_leaves=6
num_cat=5
split_feature=0 0 0 0 0
split_gain=389466 224986 20901.7 1220.85 67.3348
threshold=0 1 2 3 4
decision_type=1 1 1 1 1
left_child=-1 -2 -3 4 -4
right_child=1 2 3 -5 -6
leaf_value=0.083327809930419217 -0.069970696208502256 0.012592162989334089 -0.0029989577372500544 -0.010383229019453108 -0.0051671494597047823
leaf_weight=119306 144520 210635 63428 179503 82608
leaf_count=119306 144520 210635 63428 179503 82608
internal_value=1.10049e-06 -0.0146047 0.000319674 -0.00762119 -0.00422571
internal_weight=800000 680694 536174 325539 146036
internal_count=800000 680694 536174 325539 146036
cat_boundaries=0 1 2 3 4 5
cat_threshold=1 32 2 24 16
is_linear=0
shrinkage=0.05


Tree=153
num_leaves=6
num_cat=5
split_feature=0 0 0 0 0
split_gain=351501 203054 18854.9 1101.7 60.6282
threshold=0 1 2 3 4
decision_type=1 1 1 1 1
left_child=-1 -2 -3 4 -4
right_child=1 2 3 -5 -6
leaf_value=0.07916083156836734 -0.066474293794779107 0.01195826830147831 -0.0028502738950471943 -0.0098636763852351563 -0.0049076619065489806
leaf_weight=119306 144520 210635 63428 179503 82608
leaf_count=119306 144520 210635 63428 179503 82608
internal_value=-4.51878e-07 -0.0138761 0.000302162 -0.00723988 -0.00401433
internal_weight=800000 680694 536174 325539 146036
internal_count=800000 680694 536174 325539 146036
cat_boundaries=0 1 2 3 4 5
cat_threshold=1 32 2 24 16
is_linear=0
shrinkage=0.05


Tree=154
num_leaves=6
num_cat=5
split_feature=0 0 0 0 0
split_gain=317241 183272 17029.8 995.638 54.8258
threshold=0 1 2 3 4
decision_type=1 1 1 1 1
left_child=-1 -2 -3 4 -4
right_child=1 2 3 -5 -6
leaf_value=0.0752048123993449 -0.063152306231463937 0.011365820560078642 -0.0027062427892732745 -0.009373839739722856 -0.004662699167145898
leaf_weight=119306 144520 210635 63428 179503 82608
leaf_count=119306 144520 210635 63428 179503 82608
internal_value=3.25307e-07 -0.0131818 0.000288195 -0.00687954 -0.00381319
internal_weight=800000 680694 536174 325539 146036
internal_count=800000 680694 536174 325539 146036
cat_boundaries=0 1 2 3 4 5
cat_threshold=1 32 2 24 16
is_linear=0
shrinkage=0.05


Tree=155
num_leaves=6
num_cat=5
split_feature=0 0 0 0 0
split_gain=286304 165366 15356.1 900.05 49.4987
threshold=0 1 2 3 4
decision_type=1 1 1 1 1
left_child=-1 -2 -3 4 -4
right_child=1 2 3 -5 -6
leaf_value=0.07144342661982965 -0.059989609714033769 0.010791196575754263 -0.0025671262526715845 -0.0089059031121968401 -0.0044261008503217207
leaf_weight=119306 144520 210635 63428 179503 82608
leaf_count=119306 144520 210635 63428 179503 82608
internal_value=-1.21424e-07 -0.012523 0.000272028 -0.00653436 -0.00361892
internal_weight=800000 680694 536174 325539 146036
internal_count=800000 680694 536174 325539 146036
cat_boundaries=0 1 2 3 4 5
cat_threshold=1 32 2 24 16
is_linear=0
shrinkage=0.05


Tree=156
num_leaves=6
num_cat=5
split_feature=0 0 0 0 0
split_gain=258387 149257 13863 811.997 44.5365
threshold=0 1 2 3 4
decision_type=1 1 1 1 1
left_child=-1 -2 -3 4 -4
right_child=1 2 3 -5 -6
leaf_value=0.067870913714359285 -0.056992194799207974 0.010253760343760486 -0.0024411306198121561 -0.0084605290234926623 -0.0042044727384817565
leaf_weight=119306 144520 210635 63428 179503 82608
leaf_count=119306 144520 210635 63428 179503 82608
internal_value=-1.16432e-07 -0.0118968 0.000259058 -0.00620798 -0.00343882
internal_weight=800000 680694 536174 325539 146036
internal_count=800000 680694 536174 325539 146036
cat_boundaries=0 1 2 3 4 5
cat_threshold=1 32 2 24 16
is_linear=0
shrinkage=0.05


Tree=157
num_leaves=6
num_cat=5
split_feature=0 0 0 0 0
split_gain=233211 134720 12512.2 731.285 40.5256
threshold=0 1 2 3 4
decision_type=1 1 1 1 1
left_child=-1 -2 -3 4 -4
right_child=1 2 3 -5 -6
leaf_value=0.064480509512295545 -0.054144787565033506 0.0097423923347509551 -0.0023171945584707677 -0.0080344934038442724 -0.0039992475247613403
leaf_weight=119306 144520 210635 63428 179503 82608
leaf_count=119306 144520 210635 63428 179503 82608
internal_value=6.15656e-07 -0.0113016 0.000247083 -0.00589682 -0.00326889
internal_weight=800000 680694 536174 325539 146036
internal_count=800000 680694 536174 325539 146036
cat_boundaries=0 1 2 3 4 5
cat_threshold=1 32 2 24 16
is_linear=0
shrinkage=0.05


Tree=158
num_leaves=6
num_cat=5
split_feature=0 0 0 0 0
split_gain=210493 121591 11295.1 660.873 36.5016
threshold=0 1 2 3 4
decision_type=1 1 1 1 1
left_child=-1 -2 -3 4 -4
right_child=1 2 3 -5 -6
leaf_value=0.061258097026489516 -0.05144038875730015 0.0092549419808278539 -0.0022027302639207572 -0.0076363116591581272 -0.0037990955887555571
leaf_weight=119306 144520 210635 63428 179503 82608
leaf_count=119306 144520 210635 63428 179503 82608
internal_value=-6.60907e-07 -0.0107383 0.000233277 -0.00560416 -0.00310594
internal_weight=800000 680694 536174 325539 146036
internal_count=800000 680694 536174 325539 146036
cat_boundaries=0 1 2 3 4 5
cat_threshold=1 32 2 24 16
is_linear=0
shrinkage=0.05


Tree=159
num_leaves=6
num_cat=5
split_feature=0 0 0 0 0
split_gain=189934 109712 10190 595.893 32.867
threshold=0 1 2 3 4
decision_type=1 1 1 1 1
left_child=-1 -2 -3 4 -4
right_child=1 2 3 -5 -6
leaf_value=0.058189697990416206 -0.048863227471821633 0.0087903192368202036 -0.0020938925877048583 -0.0072528440562770555 -0.0036086991068243869
leaf_weight=119306 144520 210635 63428 179503 82608
leaf_count=119306 144520 210635 63428 179503 82608
internal_value=-6.98902e-07 -0.0102005 0.000221344 -0.00532318 -0.00295096
internal_weight=800000 680694 536174 325539 146036
internal_count=800000 680694 536174 325539 146036
cat_boundaries=0 1 2 3 4 5
cat_threshold=1 32 2 24 16
is_linear=0
shrinkage=0.05


Tree=160
num_leaves=6
num_cat=5
split_feature=0 0 0 0 0
split_gain=171436 99021.8 9192.56 537.747 29.3892
threshold=0 1 2 3 4
decision_type=1 1 1 1 1
left_child=-1 -2 -3 4 -4
right_child=1 2 3 -5 -6
leaf_value=0.055284588249582781 -0.046420688542050823 0.0083500343765895886 -0.0019909499019958462 -0.0068880277736316359 -0.0034233854972977686
leaf_weight=119306 144520 210635 63428 179503 82608
leaf_count=119306 144520 210635 63428 179503 82608
internal_value=5.26419e-07 -0.00968984 0.000211247 -0.00505492 -0.00280141
internal_weight=800000 680694 536174 325539 146036
internal_count=800000 680694 536174 325539 146036
cat_boundaries=0 1 2 3 4 5
cat_threshold=1 32 2 24 16
is_linear=0
shrinkage=0.05


Tree=161
num_leaves=6
num_cat=5
split_feature=0 0 0 0 0
split_gain=154705 89381.3 8302.25 484.943 26.567
threshold=0 1 2 3 4
decision_type=1 1 1 1 1
left_child=-1 -2 -3 4 -4
right_child=1 2 3 -5 -6
leaf_value=0.052517682280149296 -0.044101920132157649 0.0079365426541201014 -0.0018921682748109345 -0.00654352257524314 -0.003254089183706255
leaf_weight=119306 144520 210635 63428 179503 82608
leaf_count=119306 144520 210635 63428 179503 82608
internal_value=5.16513e-07 -0.00920486 0.000201916 -0.00480275 -0.00266273
internal_weight=800000 680694 536174 325539 146036
internal_count=800000 680694 536174 325539 146036
cat_boundaries=0 1 2 3 4 5
cat_threshold=1 32 2 24 16
is_linear=0
shrinkage=0.05


Tree=162
num_leaves=6
num_cat=5
split_feature=0 0 0 0 0
split_gain=139615 80661.3 7496.21 438.634 24.0359
threshold=0 1 2 3 4
decision_type=1 1 1 1 1
left_child=-1 -2 -3 4 -4
right_child=1 2 3 -5 -6
leaf_value=0.049890607121667832 -0.04189574021447829 0.0075411108933494779 -0.00179577702407695 -0.006219558633263067 -0.0030911942874716648
leaf_weight=119306 144520 210635 63428 179503 82608
leaf_count=119306 144520 210635 63428 179503 82608
internal_value=3.16536e-07 -0.00874462 0.000191533 -0.00456398 -0.00252872
internal_weight=800000 680694 536174 325539 146036
internal_count=800000 680694 536174 325539 146036
cat_boundaries=0 1 2 3 4 5
cat_threshold=1 32 2 24 16
is_linear=0
shrinkage=0.05


Tree=163
num_leaves=6
num_cat=5
split_feature=0 0 0 0 0
split_gain=125989 72803.8 6765.57 395.769 21.7261
threshold=0 1 2 3 4
decision_type=1 1 1 1 1
left_child=-1 -2 -3 4 -4
right_child=1 2 3 -5 -6
leaf_value=0.047394704844302693 -0.039800793418073993 0.0071662561205694383 -0.0017036957775209652 -0.0059063890745551179 -0.002935291847033786
leaf_weight=119306 144520 210635 63428 179503 82608
leaf_count=119306 144520 210635 63428 179503 82608
internal_value=1.51667e-06 -0.00830571 0.000184033 -0.00433379 -0.00240052
internal_weight=800000 680694 536174 325539 146036
internal_count=800000 680694 536174 325539 146036
cat_boundaries=0 1 2 3 4 5
cat_threshold=1 32 2 24 16
is_linear=0
shrinkage=0.05


Tree=164
num_leaves=6
num_cat=5
split_feature=0 0 0 0 0
split_gain=113748 65701.6 6102.42 357.071 19.3632
threshold=0 1 2 3 4
decision_type=1 1 1 1 1
left_child=-1 -2 -3 4 -4
right_child=1 2 3 -5 -6
leaf_value=0.045031718917783251 -0.037813141022488658 0.0068025423525213281 -0.0016251794754990924 -0.0056130977095385027 -0.0027878945774581746
leaf_weight=119306 144520 210635 63428 179503 82608
leaf_count=119306 144520 210635 63428 179503 82608
internal_value=-3.24478e-07 -0.00789369 0.000171339 -0.00411936 -0.00228304
internal_weight=800000 680694 536174 325539 146036
internal_count=800000 680694 536174 325539 146036
cat_boundaries=0 1 2 3 4 5
cat_threshold=1 32 2 24 16
is_linear=0
shrinkage=0.05


Tree=165
num_leaves=6
num_cat=5
split_feature=0 0 0 0 0
split_gain=102625 59293.9 5508.39 321.454 17.8465
threshold=0 1 2 3 4
decision_type=1 1 1 1 1
left_child=-1 -2 -3 4 -4
right_child=1 2 3 -5 -6
leaf_value=0.042775923150164964 -0.035918136878565571 0.006466757766248981 -0.0015360706476911313 -0.0053272343254047918 -0.0026522925570194155
leaf_weight=119306 144520 210635 63428 179503 82608
leaf_count=119306 144520 210635 63428 179503 82608
internal_value=2.39218e-06 -0.00749509 0.000166566 -0.00390995 -0.00216762
internal_weight=800000 680694 536174 325539 146036
internal_count=800000 680694 536174 325539 146036
cat_boundaries=0 1 2 3 4 5
cat_threshold=1 32 2 24 16
is_linear=0
shrinkage=0.05


Tree=166
num_leaves=6
num_cat=5
split_feature=0 0 0 0 0
split_gain=92644.5 53516.9 4976.67 291.265 15.983
threshold=0 1 2 3 4
decision_type=1 1 1 1 1
left_child=-1 -2 -3 4 -4
right_child=1 2 3 -5 -6
leaf_value=0.040640530059833896 -0.034126504586492371 0.0061436767205633111 -0.0014633215752671408 -0.0050685874950142477 -0.0025196722827072787
leaf_weight=119306 144520 210635 63428 179503 82608
leaf_count=119306 144520 210635 63428 179503 82608
internal_value=2.34172e-08 -0.00712358 0.000155277 -0.00371949 -0.002061
internal_weight=800000 680694 536174 325539 146036
internal_count=800000 680694 536174 325539 146036
cat_boundaries=0 1 2 3 4 5
cat_threshold=1 32 2 24 16
is_linear=0
shrinkage=0.05


Tree=167
num_leaves=6
num_cat=5
split_feature=0 0 0 0 0
split_gain=83597.3 48292.8 4485.12 262.554 14.3871
threshold=0 1 2 3 4
decision_type=1 1 1 1 1
left_child=-1 -2 -3 4 -4
right_child=1 2 3 -5 -6
leaf_value=0.038605336979250865 -0.032417821905930171 0.0058327775934283611 -0.0013889500989510751 -0.0048115154674638599 -0.0023911762983238154
leaf_weight=119306 144520 210635 63428 179503 82608
leaf_count=119306 144520 210635 63428 179503 82608
internal_value=1.70034e-07 -0.00676667 0.000147803 -0.00353064 -0.001956
internal_weight=800000 680694 536174 325539 146036
internal_count=800000 680694 536174 325539 146036
cat_boundaries=0 1 2 3 4 5
cat_threshold=1 32 2 24 16
is_linear=0
shrinkage=0.05


Tree=168
num_leaves=6
num_cat=5
split_feature=0 0 0 0 0
split_gain=75460.6 43585.6 4049.42 236.806 13.0233
threshold=0 1 2 3 4
decision_type=1 1 1 1 1
left_child=-1 -2 -3 4 -4
right_child=1 2 3 -5 -6
leaf_value=0.036679624189952124 -0.030796778908586172 0.0055428274869268011 -0.0013192366657733933 -0.0045706236677160294 -0.0022727757931136541
leaf_weight=119306 144520 210635 63428 179503 82608
leaf_count=119306 144520 210635 63428 179503 82608
internal_value=1.28523e-06 -0.00642781 0.000141035 -0.00335417 -0.00185874
internal_weight=800000 680694 536174 325539 146036
internal_count=800000 680694 536174 325539 146036
cat_boundaries=0 1 2 3 4 5
cat_threshold=1 32 2 24 16
is_linear=0
shrinkage=0.05


Tree=169
num_leaves=6
num_cat=5
split_feature=0 0 0 0 0
split_gain=68098.2 39341.2 3655.86 214.003 11.9628
threshold=0 1 2 3 4
decision_type=1 1 1 1 1
left_child=-1 -2 -3 4 -4
right_child=1 2 3 -5 -6
leaf_value=0.034843372771916521 -0.029259212088487575 0.0052662341649986934 -0.0012487018141065067 -0.0043437713752290932 -0.0021625741859208313
leaf_weight=119306 144520 210635 63428 179503 82608
leaf_count=119306 144520 210635 63428 179503 82608
internal_value=2.47134e-07 -0.00610717 0.000133648 -0.00318737 -0.00176576
internal_weight=800000 680694 536174 325539 146036
internal_count=800000 680694 536174 325539 146036
cat_boundaries=0 1 2 3 4 5
cat_threshold=1 32 2 24 16
is_linear=0
shrinkage=0.05


Tree=170
num_leaves=6
num_cat=5
split_feature=0 0 0 0 0
split_gain=61466.6 35502.3 3299.68 193.218 10.5579
threshold=0 1 2 3 4
decision_type=1 1 1 1 1
left_child=-1 -2 -3 4 -4
right_child=1 2 3 -5 -6
leaf_value=0.03310394300057784 -0.027795086490285611 0.005003046432400857 -0.001191626010308963 -0.004127007896940699 -0.0020501840244165686
leaf_weight=119306 144520 210635 63428 179503 82608
leaf_count=119306 144520 210635 63428 179503 82608
internal_value=8.06106e-07 -0.00580162 0.000126894 -0.0030282 -0.00167739
internal_weight=800000 680694 536174 325539 146036
internal_count=800000 680694 536174 325539 146036
cat_boundaries=0 1 2 3 4 5
cat_threshold=1 32 2 24 16
is_linear=0
shrinkage=0.05


Tree=171
num_leaves=6
num_cat=5
split_feature=0 0 0 0 0
split_gain=55463.3 32035.7 2976.87 174.372 9.65734
threshold=0 1 2 3 4
decision_type=1 1 1 1 1
left_child=-1 -2 -3 4 -4
right_child=1 2 3 -5 -6
leaf_value=0.03144501517734901 -0.026403936913852618 0.0047513184357499856 -0.0011291491849646676 -0.00392081411818288 -0.0019502621116731453
leaf_weight=119306 144520 210635 63428 179503 82608
leaf_count=119306 144520 210635 63428 179503 82608
internal_value=-2.61566e-08 -0.00551181 0.000119822 -0.00287697 -0.00159373
internal_weight=800000 680694 536174 325539 146036
internal_count=800000 680694 536174 325539 146036
cat_boundaries=0 1 2 3 4 5
cat_threshold=1 32 2 24 16
is_linear=0
shrinkage=0.05


Tree=172
num_leaves=6
num_cat=5
split_feature=0 0 0 0 0
split_gain=50052.6 28912.8 2687.99 157.394 8.67705
threshold=0 1 2 3 4
decision_type=1 1 1 1 1
left_child=-1 -2 -3 4 -4
right_child=1 2 3 -5 -6
leaf_value=0.029871802848113319 -0.025083872163567108 0.004515006359751563 -0.0010741615728365487 -0.0037254282033285474 -0.0018524891832254677
leaf_weight=119306 144520 210635 63428 179503 82608
leaf_count=119306 144520 210635 63428 179503 82608
internal_value=-9.86335e-08 -0.00523614 0.00011397 -0.0027337 -0.00151453
internal_weight=800000 680694 536174 325539 146036
internal_count=800000 680694 536174 325539 146036
cat_boundaries=0 1 2 3 4 5
cat_threshold=1 32 2 24 16
is_linear=0
shrinkage=0.05


Tree=173
num_leaves=6
num_cat=5
split_feature=0 0 0 0 0
split_gain=45177.5 26099.2 2424.89 141.842 7.80682
threshold=0 1 2 3 4
decision_type=1 1 1 1 1
left_child=-1 -2 -3 4 -4
right_child=1 2 3 -5 -6
leaf_value=0.028380856526286032 -0.023830806410437201 0.0042897008779949931 -0.0010200589063726129 -0.0035365908684054006 -0.0017583271456848674
leaf_weight=119306 144520 210635 63428 179503 82608
leaf_count=119306 144520 210635 63428 179503 82608
internal_value=9.79828e-07 -0.00497354 0.000109589 -0.00259514 -0.00143777
internal_weight=800000 680694 536174 325539 146036
internal_count=800000 680694 536174 325539 146036
cat_boundaries=0 1 2 3 4 5
cat_threshold=1 32 2 24 16
is_linear=0
shrinkage=0.05


Tree=174
num_leaves=6
num_cat=5
split_feature=0 0 0 0 0
split_gain=40785.2 23547.8 2189.73 127.983 7.10119
threshold=0 1 2 3 4
decision_type=1 1 1 1 1
left_child=-1 -2 -3 4 -4
right_child=1 2 3 -5 -6
leaf_value=0.026965607319225385 -0.022637782444271309 0.0040746322234805543 -0.00097008820022654685 -0.0033621263919205203 -0.0016741987297329418
leaf_weight=119306 144520 210635 63428 179503 82608
leaf_count=119306 144520 210635 63428 179503 82608
internal_value=6.07263e-07 -0.00472591 0.000102383 -0.00246785 -0.00136847
internal_weight=800000 680694 536174 325539 146036
internal_count=800000 680694 536174 325539 146036
cat_boundaries=0 1 2 3 4 5
cat_threshold=1 32 2 24 16
is_linear=0
shrinkage=0.05


Tree=175
num_leaves=6
num_cat=5
split_feature=0 0 0 0 0
split_gain=36807.1 21262.9 1975.68 115.459 6.35174
threshold=0 1 2 3 4
decision_type=1 1 1 1 1
left_child=-1 -2 -3 4 -4
right_child=1 2 3 -5 -6
leaf_value=0.025616514738320051 -0.021510472141615059 0.0038713727441287132 -0.00092214263662977281 -0.0031925214522111225 -0.0015880671752362319
leaf_weight=119306 144520 210635 63428 179503 82608
leaf_count=119306 144520 210635 63428 179503 82608
internal_value=2.94905e-07 -0.0044898 9.8258e-05 -0.00234312 -0.00129892
internal_weight=800000 680694 536174 325539 146036
internal_count=800000 680694 536174 325539 146036
cat_boundaries=0 1 2 3 4 5
cat_threshold=1 32 2 24 16
is_linear=0
shrinkage=0.05


Tree=176
num_leaves=6
num_cat=5
split_feature=0 0 0 0 0
split_gain=33215.1 19190.8 1782.21 103.871 5.73888
threshold=0 1 2 3 4
decision_type=1 1 1 1 1
left_child=-1 -2 -3 4 -4
right_child=1 2 3 -5 -6
leaf_value=0.024333597876878617 -0.02043608108490947 0.0036764033191206166 -0.00087741382290636811 -0.0030316170750791741 -0.0015103981695697155
leaf_weight=119306 144520 210635 63428 179503 82608
leaf_count=119306 144520 210635 63428 179503 82608
internal_value=-6.06735e-07 -0.00426598 9.27925e-05 -0.00222597 -0.00123555
internal_weight=800000 680694 536174 325539 146036
internal_count=800000 680694 536174 325539 146036
cat_boundaries=0 1 2 3 4 5
cat_threshold=1 32 2 24 16
is_linear=0
shrinkage=0.05


Tree=177
num_leaves=6
num_cat=5
split_feature=0 0 0 0 0
split_gain=29983.1 17318.4 1607.96 93.8469 5.21552
threshold=0 1 2 3 4
decision_type=1 1 1 1 1
left_child=-1 -2 -3 4 -4
right_child=1 2 3 -5 -6
leaf_value=0.02312055438654035 -0.019412991770458812 0.0034925881538286074 -0.00083098740335513374 -0.0028796024515568347 -0.0014344128149723753
leaf_weight=119306 144520 210635 63428 179503 82608
leaf_count=119306 144520 210635 63428 179503 82608
internal_value=5.47533e-07 -0.004052 8.86741e-05 -0.00211382 -0.0011724
internal_weight=800000 680694 536174 325539 146036
internal_count=800000 680694 536174 325539 146036
cat_boundaries=0 1 2 3 4 5
cat_threshold=1 32 2 24 16
is_linear=0
shrinkage=0.05


Tree=178
num_leaves=6
num_cat=5
split_feature=0 0 0 0 0
split_gain=27048.8 15622 1450.97 84.3721 4.63272
threshold=0 1 2 3 4
decision_type=1 1 1 1 1
left_child=-1 -2 -3 4 -4
right_child=1 2 3 -5 -6
leaf_value=0.02195932097749756 -0.018438653492609175 0.0033167715641273365 -0.00079451115120328798 -0.0027350230488797323 -0.0013632361361189096
leaf_weight=119306 144520 210635 63428 179503 82608
leaf_count=119306 144520 210635 63428 179503 82608
internal_value=-2.26419e-07 -0.00384937 8.32906e-05 -0.00200892 -0.00111629
internal_weight=800000 680694 536174 325539 146036
internal_count=800000 680694 536174 325539 146036
cat_boundaries=0 1 2 3 4 5
cat_threshold=1 32 2 24 16
is_linear=0
shrinkage=0.05


Tree=179
num_leaves=6
num_cat=5
split_feature=0 0 0 0 0
split_gain=24413.2 14100.1 1311.04 76.5672 4.20139
threshold=0 1 2 3 4
decision_type=1 1 1 1 1
left_child=-1 -2 -3 4 -4
right_child=1 2 3 -5 -6
leaf_value=0.020861920289258904 -0.017517595678466846 0.0031526137685795002 -0.00075300525095345621 -0.0026014804274299818 -0.0012946040401381632
leaf_weight=119306 144520 210635 63428 179503 82608
leaf_count=119306 144520 210635 63428 179503 82608
internal_value=-3.76493e-07 -0.00365719 7.89953e-05 -0.00190978 -0.00105944
internal_weight=800000 680694 536174 325539 146036
internal_count=800000 680694 536174 325539 146036
cat_boundaries=0 1 2 3 4 5
cat_threshold=1 32 2 24 16
is_linear=0
shrinkage=0.05


Tree=180
num_leaves=6
num_cat=5
split_feature=0 0 0 0 0
split_gain=22025.4 12734.1 1180.77 69.2137 3.79208
threshold=0 1 2 3 4
decision_type=1 1 1 1 1
left_child=-1 -2 -3 4 -4
right_child=1 2 3 -5 -6
leaf_value=0.019815320820600439 -0.016645755515761387 0.0029936792324806575 -0.00071101784123580344 -0.0024682623239573008 -0.0012255543996895918
leaf_weight=119306 144520 210635 63428 179503 82608
leaf_count=119306 144520 210635 63428 179503 82608
internal_value=-4.57802e-07 -0.00347383 7.67647e-05 -0.00181061 -0.00100214
internal_weight=800000 680694 536174 325539 146036
internal_count=800000 680694 536174 325539 146036
cat_boundaries=0 1 2 3 4 5
cat_threshold=1 32 2 24 16
is_linear=0
shrinkage=0.05


Tree=181
num_leaves=6
num_cat=5
split_feature=0 0 0 0 0
split_gain=19883.6 11485.8 1067.5 62.1868 3.44977
threshold=0 1 2 3 4
decision_type=1 1 1 1 1
left_child=-1 -2 -3 4 -4
right_child=1 2 3 -5 -6
leaf_value=0.018829073412466563 -0.015808471075797144 0.0028467546742149586 -0.00067729340205746841 -0.0023446726616923098 -0.0011680560271410806
leaf_weight=119306 144520 210635 63428 179503 82608
leaf_count=119306 144520 210635 63428 179503 82608
internal_value=1.37278e-06 -0.00329881 7.32712e-05 -0.0017213 -0.000954963
internal_weight=800000 680694 536174 325539 146036
internal_count=800000 680694 536174 325539 146036
cat_boundaries=0 1 2 3 4 5
cat_threshold=1 32 2 24 16
is_linear=0
shrinkage=0.05


Tree=182
num_leaves=6
num_cat=5
split_feature=0 0 0 0 0
split_gain=17949.6 10365.7 962.166 56.1379 2.99749
threshold=0 1 2 3 4
decision_type=1 1 1 1 1
left_child=-1 -2 -3 4 -4
right_child=1 2 3 -5 -6
leaf_value=0.017888761879935891 -0.015019515329254199 0.0027011032551459823 -0.00064877091517247438 -0.0022280045925455586 -0.0011062524184159324
leaf_weight=119306 144520 210635 63428 179503 82608
leaf_count=119306 144520 210635 63428 179503 82608
internal_value=1.37471e-07 -0.00313544 6.80084e-05 -0.00163573 -0.000907612
internal_weight=800000 680694 536174 325539 146036
internal_count=800000 680694 536174 325539 146036
cat_boundaries=0 1 2 3 4 5
cat_threshold=1 32 2 24 16
is_linear=0
shrinkage=0.05


Tree=183
num_leaves=6
num_cat=5
split_feature=0 0 0 0 0
split_gain=16197.3 9357.08 868.596 51.0439 2.80157
threshold=0 1 2 3 4
decision_type=1 1 1 1 1
left_child=-1 -2 -3 4 -4
right_child=1 2 3 -5 -6
leaf_value=0.016993015763378274 -0.014269657603499884 0.0025668176767898463 -0.00060922373490817782 -0.0021185097227396027 -0.0010514819990555767
leaf_weight=119306 144520 210635 63428 179503 82608
leaf_count=119306 144520 210635 63428 179503 82608
internal_value=1.63175e-08 -0.00297857 6.50299e-05 -0.00155374 -0.00085945
internal_weight=800000 680694 536174 325539 146036
internal_count=800000 680694 536174 325539 146036
cat_boundaries=0 1 2 3 4 5
cat_threshold=1 32 2 24 16
is_linear=0
shrinkage=0.05


Tree=184
num_leaves=6
num_cat=5
split_feature=0 0 0 0 0
split_gain=14619.9 8444.12 782.803 45.4947 2.5541
threshold=0 1 2 3 4
decision_type=1 1 1 1 1
left_child=-1 -2 -3 4 -4
right_child=1 2 3 -5 -6
leaf_value=0.016145668057280543 -0.013554682778147507 0.0024377722926815434 -0.00057961343873317228 -0.0020071855171793821 -0.0010018847151379079
leaf_weight=119306 144520 210635 63428 179503 82608
leaf_count=119306 144520 210635 63428 179503 82608
internal_value=1.27956e-06 -0.00282856 6.27498e-05 -0.001474 -0.000818531
internal_weight=800000 680694 536174 325539 146036
internal_count=800000 680694 536174 325539 146036
cat_boundaries=0 1 2 3 4 5
cat_threshold=1 32 2 24 16
is_linear=0
shrinkage=0.05


Tree=185
num_leaves=6
num_cat=5
split_feature=0 0 0 0 0
split_gain=13192.2 7620.5 707.633 41.1373 2.28172
threshold=0 1 2 3 4
decision_type=1 1 1 1 1
left_child=-1 -2 -3 4 -4
right_child=1 2 3 -5 -6
leaf_value=0.015336191943146678 -0.012877382975106981 0.0023170171727054144 -0.00055308460591701461 -0.0019092060459992054 -0.00095221083530537857
leaf_weight=119306 144520 210635 63428 179503 82608
leaf_count=119306 144520 210635 63428 179503 82608
internal_value=3.36697e-07 -0.00268778 5.8906e-05 -0.0014022 -0.000778908
internal_weight=800000 680694 536174 325539 146036
internal_count=800000 680694 536174 325539 146036
cat_boundaries=0 1 2 3 4 5
cat_threshold=1 32 2 24 16
is_linear=0
shrinkage=0.05


Tree=186
num_leaves=6
num_cat=5
split_feature=0 0 0 0 0
split_gain=11907.5 6878.66 636.942 37.0129 2.05292
threshold=0 1 2 3 4
decision_type=1 1 1 1 1
left_child=-1 -2 -3 4 -4
right_child=1 2 3 -5 -6
leaf_value=0.01456957704730205 -0.012235252474333056 0.0021976178435869115 -0.00052551962380045596 -0.0018118624717396751 -0.00090410729408518103
leaf_weight=119306 144520 210635 63428 179503 82608
leaf_count=119306 144520 210635 63428 179503 82608
internal_value=-4.33116e-07 -0.00255431 5.52625e-05 -0.00133094 -0.000739722
internal_weight=800000 680694 536174 325539 146036
internal_count=800000 680694 536174 325539 146036
cat_boundaries=0 1 2 3 4 5
cat_threshold=1 32 2 24 16
is_linear=0
shrinkage=0.05


Tree=187
num_leaves=6
num_cat=5
split_feature=0 0 0 0 0
split_gain=10750 6207.6 577.863 33.8457 1.79883
threshold=0 1 2 3 4
decision_type=1 1 1 1 1
left_child=-1 -2 -3 4 -4
right_child=1 2 3 -5 -6
leaf_value=0.013844004338856032 -0.011622917863115641 0.0020932811600084043 -0.00050177896919901134 -0.0017275356437162605 -0.00085617434719052169
leaf_weight=119306 144520 210635 63428 179503 82608
leaf_count=119306 144520 210635 63428 179503 82608
internal_value=2.59676e-07 -0.00242632 5.26999e-05 -0.00126765 -0.000702294
internal_weight=800000 680694 536174 325539 146036
internal_count=800000 680694 536174 325539 146036
cat_boundaries=0 1 2 3 4 5
cat_threshold=1 32 2 24 16
is_linear=0
shrinkage=0.05


Tree=188
num_leaves=6
num_cat=5
split_feature=0 0 0 0 0
split_gain=9694.67 5603.94 521.497 30.341 1.63471
threshold=0 1 2 3 4
decision_type=1 1 1 1 1
left_child=-1 -2 -3 4 -4
right_child=1 2 3 -5 -6
leaf_value=0.013148012469458995 -0.011041057303992225 0.0019908492210150225 -0.00047552874614523519 -0.0016373864478655025 -0.00081336817833393179
leaf_weight=119306 144520 210635 63428 179503 82608
leaf_count=119306 144520 210635 63428 179503 82608
internal_value=1.33635e-06 -0.00230306 5.23418e-05 -0.00120196 -0.000666677
internal_weight=800000 680694 536174 325539 146036
internal_count=800000 680694 536174 325539 146036
cat_boundaries=0 1 2 3 4 5
cat_threshold=1 32 2 24 16
is_linear=0
shrinkage=0.05


Tree=189
num_leaves=6
num_cat=5
split_feature=0 0 0 0 0
split_gain=8750.04 5054.32 471.887 27.3755 1.4998
threshold=0 1 2 3 4
decision_type=1 1 1 1 1
left_child=-1 -2 -3 4 -4
right_child=1 2 3 -5 -6
leaf_value=0.012490195263131073 -0.010487265105495931 0.0018920891892576391 -0.00045351524957962155 -0.0015586586411002632 -0.00077711136420916059
leaf_weight=119306 144520 210635 63428 179503 82608
leaf_count=119306 144520 210635 63428 179503 82608
internal_value=4.2733e-07 -0.00218882 4.8092e-05 -0.00114506 -0.000636604
internal_weight=800000 680694 536174 325539 146036
internal_count=800000 680694 536174 325539 146036
cat_boundaries=0 1 2 3 4 5
cat_threshold=1 32 2 24 16
is_linear=0
shrinkage=0.05


Tree=190
num_leaves=6
num_cat=5
split_feature=0 0 0 0 0
split_gain=7895.45 4563.68 424.747 24.9427 1.33157
threshold=0 1 2 3 4
decision_type=1 1 1 1 1
left_child=-1 -2 -3 4 -4
right_child=1 2 3 -5 -6
leaf_value=0.011864597952694782 -0.0099645707728185928 0.001795860280193552 -0.00042774806035722907 -0.0014803914878292581 -0.00073265688487850807
leaf_weight=119306 144520 210635 63428 179503 82608
leaf_count=119306 144520 210635 63428 179503 82608
internal_value=4.12874e-07 -0.00207918 4.63896e-05 -0.0010856 -0.000600264
internal_weight=800000 680694 536174 325539 146036
internal_count=800000 680694 536174 325539 146036
cat_boundaries=0 1 2 3 4 5
cat_threshold=1 32 2 24 16
is_linear=0
shrinkage=0.05


Tree=191
num_leaves=6
num_cat=5
split_feature=0 0 0 0 0
split_gain=7125.23 4118.44 383.13 22.5507 1.2353
threshold=0 1 2 3 4
decision_type=1 1 1 1 1
left_child=-1 -2 -3 4 -4
right_child=1 2 3 -5 -6
leaf_value=0.011268718902294778 -0.0094683478406941621 0.0017032906732896724 -0.00040573122342096846 -0.0014087523389162639 -0.00069940396131387933
leaf_weight=119306 144520 210635 63428 179503 82608
leaf_count=119306 144520 210635 63428 179503 82608
internal_value=-1.9296e-06 -0.00197749 4.1736e-05 -0.00103337 -0.000571889
internal_weight=800000 680694 536174 325539 146036
internal_count=800000 680694 536174 325539 146036
cat_boundaries=0 1 2 3 4 5
cat_threshold=1 32 2 24 16
is_linear=0
shrinkage=0.05


Tree=192
num_leaves=6
num_cat=5
split_feature=0 0 0 0 0
split_gain=6433.01 3715.82 346.097 20.3119 1.12338
threshold=0 1 2 3 4
decision_type=1 1 1 1 1
left_child=-1 -2 -3 4 -4
right_child=1 2 3 -5 -6
leaf_value=0.010709502567586805 -0.008992126326012314 0.0016203670455416314 -0.00038424600151223411 -0.0013369324039787481 -0.00066429657072551024
leaf_weight=119306 144520 210635 63428 179503 82608
leaf_count=119306 144520 210635 63428 179503 82608
internal_value=3.1226e-07 -0.00187683 4.11553e-05 -0.000980668 -0.000542696
internal_weight=800000 680694 536174 325539 146036
internal_count=800000 680694 536174 325539 146036
cat_boundaries=0 1 2 3 4 5
cat_threshold=1 32 2 24 16
is_linear=0
shrinkage=0.05


Tree=193
num_leaves=6
num_cat=5
split_feature=0 0 0 0 0
split_gain=5808.46 3356.25 311.345 18.2553 1.0396
threshold=0 1 2 3 4
decision_type=1 1 1 1 1
left_child=-1 -2 -3 4 -4
right_child=1 2 3 -5 -6
leaf_value=0.010175141441286131 -0.0085468888921176149 0.0015360415381102189 -0.00036332339603673382 -0.001268700586511189 -0.00063272128192545438
leaf_weight=119306 144520 210635 63428 179503 82608
leaf_count=119306 144520 210635 63428 179503 82608
internal_value=-9.20163e-07 -0.00178461 3.82118e-05 -0.000930953 -0.000515746
internal_weight=800000 680694 536174 325539 146036
internal_count=800000 680694 536174 325539 146036
cat_boundaries=0 1 2 3 4 5
cat_threshold=1 32 2 24 16
is_linear=0
shrinkage=0.05


Tree=194
num_leaves=6
num_cat=5
split_feature=0 0 0 0 0
split_gain=5243.21 3028.16 281.049 16.387 0.923675
threshold=0 1 2 3 4
decision_type=1 1 1 1 1
left_child=-1 -2 -3 4 -4
right_child=1 2 3 -5 -6
leaf_value=0.0096685966823050612 -0.0081175933810968947 0.0014601878337311839 -0.00034664496147578859 -0.0012037072974840917 -0.00060058368334811423
leaf_weight=119306 144520 210635 63428 179503 82608
leaf_count=119306 144520 210635 63428 179503 82608
internal_value=3.41478e-07 -0.00169434 3.70967e-05 -0.000883709 -0.000490321
internal_weight=800000 680694 536174 325539 146036
internal_count=800000 680694 536174 325539 146036
cat_boundaries=0 1 2 3 4 5
cat_threshold=1 32 2 24 16
is_linear=0
shrinkage=0.05


Tree=195
num_leaves=6
num_cat=5
split_feature=0 0 0 0 0
split_gain=4730.14 2733.78 253.957 14.8275 0.797849
threshold=0 1 2 3 4
decision_type=1 1 1 1 1
left_child=-1 -2 -3 4 -4
right_child=1 2 3 -5 -6
leaf_value=0.0091838953269547472 -0.0077118374436468953 0.001389110954892879 -0.00033121210332363144 -0.001143342009345773 -0.00056723160388068056
leaf_weight=119306 144520 210635 63428 179503 82608
leaf_count=119306 144520 210635 63428 179503 82608
internal_value=8.54173e-07 -0.00160878 3.63486e-05 -0.000838951 -0.000464751
internal_weight=800000 680694 536174 325539 146036
internal_count=800000 680694 536174 325539 146036
cat_boundaries=0 1 2 3 4 5
cat_threshold=1 32 2 24 16
is_linear=0
shrinkage=0.05


Tree=196
num_leaves=6
num_cat=5
split_feature=0 0 0 0 0
split_gain=4270.63 2465.51 228.23 13.5506 0.719247
threshold=0 1 2 3 4
decision_type=1 1 1 1 1
left_child=-1 -2 -3 4 -4
right_child=1 2 3 -5 -6
leaf_value=0.0087246858724751228 -0.0073262388477076017 0.001314377209466155 -0.00031330353442738415 -0.0010888071540383331 -0.00053739427911299971
leaf_weight=119306 144520 210635 63428 179503 82608
leaf_count=119306 144520 210635 63428 179503 82608
internal_value=-9.10653e-07 -0.00153036 3.19632e-05 -0.000797818 -0.000440093
internal_weight=800000 680694 536174 325539 146036
internal_count=800000 680694 536174 325539 146036
cat_boundaries=0 1 2 3 4 5
cat_threshold=1 32 2 24 16
is_linear=0
shrinkage=0.05


Tree=197
num_leaves=6
num_cat=5
split_feature=0 0 0 0 0
split_gain=3851.4 2228.25 207.219 12.0019 0.673682
threshold=0 1 2 3 4
decision_type=1 1 1 1 1
left_child=-1 -2 -3 4 -4
right_child=1 2 3 -5 -6
leaf_value=0.0082877580005894236 -0.0069608997175258508 0.0012562586158834479 -0.00029699758877650933 -0.0010302208459843534 -0.00051386721753073311
leaf_weight=119306 144520 210635 63428 179503 82608
leaf_count=119306 144520 210635 63428 179503 82608
internal_value=1.49281e-06 -0.00145095 3.42997e-05 -0.000756364 -0.000419701
internal_weight=800000 680694 536174 325539 146036
internal_count=800000 680694 536174 325539 146036
cat_boundaries=0 1 2 3 4 5
cat_threshold=1 32 2 24 16
is_linear=0
shrinkage=0.05


Tree=198
num_leaves=6
num_cat=5
split_feature=0 0 0 0 0
split_gain=3478.03 2009.74 186.235 10.9336 0.604794
threshold=0 1 2 3 4
decision_type=1 1 1 1 1
left_child=-1 -2 -3 4 -4
right_child=1 2 3 -5 -6
leaf_value=0.007873992690687075 -0.0066134368174877627 0.0011883558365425398 -0.0002820507019373939 -0.00098102695732224868 -0.00048753398156592604
leaf_weight=119306 144520 210635 63428 179503 82608
leaf_count=119306 144520 210635 63428 179503 82608
internal_value=-3.80504e-07 -0.00138063 2.99194e-05 -0.000719643 -0.000398312
internal_weight=800000 680694 536174 325539 146036
internal_count=800000 680694 536174 325539 146036
cat_boundaries=0 1 2 3 4 5
cat_threshold=1 32 2 24 16
is_linear=0
shrinkage=0.05


Tree=199
num_leaves=6
num_cat=5
split_feature=0 0 0 0 0
split_gain=3133.71 1813.25 168.638 9.84792 0.556986
threshold=0 1 2 3 4
decision_type=1 1 1 1 1
left_child=-1 -2 -3 4 -4
right_child=1 2 3 -5 -6
leaf_value=0.007474728588797515 -0.0062802894775458203 0.0011323077837309221 -0.00026678156403982006 -0.00093137754869658431 -0.00046397190721481318
leaf_weight=119306 144520 210635 63428 179503 82608
leaf_count=119306 144520 210635 63428 179503 82608
internal_value=2.85692e-07 -0.00130986 2.996e-05 -0.00068331 -0.00037835
internal_weight=800000 680694 536174 325539 146036
internal_count=800000 680694 536174 325539 146036
cat_boundaries=0 1 2 3 4 5
cat_threshold=1 32 2 24 16
is_linear=0
shrinkage=0.05


end of trees

feature_importances:
PROP_TYPE=1000

parameters:
[boosting: gbdt]
[objective: regression]
[metric: l2]
[tree_learner: serial]
[device_type: cpu]
[data_sample_strategy: bagging]
[data: ]
[valid: ]
[num_iterations: 200]
[learning_rate: 0.05]
[num_leaves: 31]
[num_threads: 2]
[seed: 7]
[deterministic: 0]
[force_col_wise: 0]
[force_row_wise: 0]
[histogram_pool_size: -1]
[max_depth: -1]
[min_data_in_leaf: 200]
[min_sum_hessian_in_leaf: 0.001]
[bagging_fraction: 1]
[pos_bagging_fraction: 1]
[neg_bagging_fraction: 1]
[bagging_freq: 0]
[bagging_seed: 17422]
[bagging_by_query: 0]
[feature_fraction: 1]
[feature_fraction_bynode: 1]
[feature_fraction_seed: 7040]
[extra_trees: 0]
[extra_seed: 6516]
[early_stopping_round: 0]
[early_stopping_min_delta: 0]
[first_metric_only: 0]
[max_delta_step: 0]
[lambda_l1: 0]
[lambda_l2: 0]
[linear_lambda: 0]
[min_gain_to_split: 0]
[drop_rate: 0.1]
[max_drop: 50]
[skip_drop: 0.5]
[xgboost_dart_mode: 0]
[uniform_drop: 0]
[drop_seed: 15215]
[top_rate: 0.2]
[other_rate: 0.1]
[min_data_per_group: 100]
[max_cat_threshold: 32]
[cat_l2: 10]
[cat_smooth: 10]
[max_cat_to_onehot: 4]
[top_k: 20]
[monotone_constraints: ]
[monotone_constraints_method: basic]
[monotone_penalty: 0]
[feature_contri: ]
[forcedsplits_filename: ]
[refit_decay_rate: 0.9]
[cegb_tradeoff: 1]
[cegb_penalty_split: 0]
[cegb_penalty_feature_lazy: ]
[cegb_penalty_feature_coupled: ]
[path_smooth: 0]
[interaction_constraints: ]
[verbosity: -1]
[saved_feature_importance_type: 0]
[use_quantized_grad: 0]
[num_grad_quant_bins: 4]
[quant_train_renew_leaf: 0]
[stochastic_rounding: 1]
[linear_tree: 0]
[max_bin: 255]
[max_bin_by_feature: ]
[min_data_in_bin: 3]
[bin_construct_sample_cnt: 200000]
[data_random_seed: 61]
[is_enable_sparse: 1]
[enable_bundle: 1]
[use_missing: 1]
[zero_as_missing: 0]
[feature_pre_filter: 1]
[pre_partition: 0]
[two_round: 0]
[header: 0]
[label_column: ]
[weight_column: ]
[group_column: ]
[ignore_column: ]
[categorical_feature: 0]
[forcedbins_filename: ]
[precise_float_parser: 0]
[parser_config_file: ]
[objective_seed: 15521]
[num_class: 1]
[is_unbalance: 0]
[scale_pos_weight: 1]
[sigmoid: 1]
[boost_from_average: 1]
[reg_sqrt: 0]
[alpha: 0.9]
[fair_c: 1]
[poisson_max_delta_step: 0.7]
[tweedie_variance_power: 1.5]
[lambdarank_truncation_level: 30]
[lambdarank_norm: 1]
[label_gain: ]
[lambdarank_position_bias_regularization: 0]
[eval_at: ]
[multi_error_top_k: 1]
[auc_mu_weights: ]
[num_machines: 1]
[local_listen_port: 12400]
[time_out: 120]
[machine_list_filename: ]
[machines: ]
[gpu_platform_id: -1]
[gpu_device_id: -1]
[gpu_device_id_list: ]
[gpu_use_dp: 0]
[num_gpu: 1]

end of parameters

pandas_categorical:[["Detached", "Semi detached", "Mid terrace", "End terrace", "Bungalow", "Flat"]]
