tree
version=v4
num_class=1
num_tree_per_iteration=1
label_index=0
max_feature_idx=2
objective=regression
feature_names=PROP_TYPE FLOOR_AREA_BAND MAIN_HEAT_FUEL
feature_infos=-1:1:2:5:0:3:4 [1:5] none
tree_sizes=1614 1632 1631 1713 1714 1872 1872 1869 1868 1868 1867 1872 1953 1951 1952 1952 1949 1948 1952 1876 1951 2026 2023 2029 2030 2033 2021 2034 2103 2105 2108 2099 2101 2103 2106 2109 2107 2033 2107 2104 2106 2110 2107 2103 2108 2103 2104 2104 2103 2102 2104 2104 2099 2102 2099 2099 2092 2093 2076 2091 2075 2003 2074 2073 2075 2079 2074 2074 2083 2067 2078 2062 2067 2063 2072 2073 2072 2072 1925 2003 2074 2010 1933 2008 2010 1939 1935 2011 2005 2007 2000 1923 1998 1927 1994 1995 1996 1917 1999 1917 1992 1913 1989 1909 1991 1989 2125 2063 2143 1993 1922 1993 2066 1999 1998 2002 2004 1995 2005 2005 1924 1930 1932 1927 1928 1999 1858 1865 1863 1937 1861 1856 1859 1864 1865 1853 1927 1934 1930 2014 2016 1865 2013 2004 2014 2020 2088 2018 2021 2090 2017 2087 2098 2166 2108 2176 2093 2257 2185 2263 2263 2263 2342 2187 2284 2335 2345 2349 2287 2350 2349 2360 2356 2351 2364 2373 2293 2299 2295 2306 2210 2205 2371 2378 2374 2374 2310 2382 2379 2377 2388 2226 2231 2226 2231 2233 2228 2242 2319 2232

Tree=0
num_leaves=17
num_cat=12
split_feature=1 1 1 1 0 0 0 0 0 0 0 0 0 0 0 0
split_gain=4.55e+12 1.80077e+12 6.87589e+11 5.07735e+11 8.02327e+10 4.42997e+10 2.37355e+10 2.28455e+10 1.52237e+10 1.23939e+10 1.12473e+10 7.87849e+09 4.11104e+09 1.17993e+09 3.73096e+08 3.68417e+08
threshold=2.5000000000000004 3.5000000000000004 1.5000000000000002 4.5000000000000009 0 1 2 3 4 5 6 7 8 9 10 11
decision_type=2 2 2 2 1 1 1 1 1 1 1 1 1 1 1 1
left_child=2 5 14 6 8 7 -3 -2 -4 -6 -7 -11 -5 -13 -1 -12
right_child=1 3 4 12 9 10 -8 -9 -10 11 15 13 -14 -15 -16 -17
leaf_value=10400.716978720244 10781.765602964157 10977.432850073783 10508.785396271533 11306.014952884683 10590.936630052887 10678.963265314836 10881.250741339181 10701.567658095146 10475.657428802548 10549.535670954643 10656.286806184045 10536.963967140226 11209.873821671716 10526.280640450332 10379.485428186988 10648.107147347084
leaf_weight=4073 10333 8206 125425 2300 13255 72256 34321 65413 48172 129286 22117 48351 14631 57851 96675 47335
leaf_count=4073 10333 8206 125425 2300 13255 72256 34321 65413 48172 129286 22117 48351 14631 57851 96675 47335
internal_value=10584.4 10748.3 10497.7 10992.2 10525.7 10681.6 10900 10712.5 10499.6 10543.9 10665.1 10541.2 11223.7 10531.1 10380.3 10650.7
internal_weight=800000 276912 523088 59458 422340 217454 42527 75746 173597 248743 141708 235488 16931 106202 100748 69452
internal_count=800000 276912 523088 59458 422340 217454 42527 75746 173597 248743 141708 235488 16931 106202 100748 69452
cat_boundaries=0 1 2 3 4 5 6 7 8 9 10 11 12
cat_threshold=36 49 50 48 4 1 2 2 18 16 16 8
is_linear=0
shrinkage=1


Tree=1
num_leaves=17
num_cat=12
split_feature=1 1 1 1 0 0 0 0 0 0 0 0 0 0 0 0
split_gain=4.10656e+12 1.62537e+12 6.20563e+11 4.58325e+11 7.24109e+10 3.99827e+10 2.14307e+10 2.06228e+10 1.37401e+10 1.11858e+10 1.01505e+10 7.11064e+09 3.72949e+09 1.06489e+09 3.35359e+08 3.32584e+08
threshold=2.5000000000000004 3.5000000000000004 1.5000000000000002 4.5000000000000009 0 1 2 3 4 5 6 7 8 9 10 11
decision_type=2 2 2 2 1 1 1 1 1 1 1 1 1 1 1 1
left_child=2 5 14 6 8 7 -3 -2 -4 -6 -7 -11 -5 -13 -1 -12
right_child=1 3 4 12 9 10 -8 -9 -10 11 15 13 -14 -15 -16 -17
leaf_value=-174.55449304507479 187.47373012770288 373.37199471925464 -71.86729986262948 685.65725532963165 6.1769156144910431 89.802624891552085 281.97939479970444 111.27703771717096 -103.33969710231159 -33.15437806087354 68.260958372188412 -45.097849559257412 594.1883652650921 -55.247027004026613 -194.7030295588587 60.489332364181337
leaf_weight=4073 10333 8206 125425 2300 13255 72256 34321 65413 48172 129286 22117 48351 14631 57851 96675 47335
leaf_count=4073 10333 8206 125425 2300 13255 72256 34321 65413 48172 129286 22117 48351 14631 57851 96675 47335
internal_value=0.00117269 155.698 -82.4216 387.36 -55.8228 92.3555 299.769 121.695 -80.6061 -38.5218 76.659 -41.0379 607.37 -50.6311 -193.925 62.9737
internal_weight=800000 276912 523088 59458 422340 217454 42527 75746 173597 248743 141708 235488 16931 106202 100748 69452
internal_count=800000 276912 523088 59458 422340 217454 42527 75746 173597 248743 141708 235488 16931 106202 100748 69452
cat_boundaries=0 1 2 3 4 5 6 7 8 9 10 11 12
cat_threshold=36 49 50 48 4 1 2 2 18 16 16 8
is_linear=0
shrinkage=0.05


Tree=2
num_leaves=17
num_cat=12
split_feature=1 1 1 1 0 0 0 0 0 0 0 0 0 0 0 0
split_gain=3.70633e+12 1.46706e+12 5.60071e+11 4.13723e+11 6.53516e+10 3.60865e+10 1.93498e+10 1.86163e+10 1.24011e+10 1.00954e+10 9.16058e+09 6.41762e+09 3.38331e+09 9.61062e+08 3.01434e+08 3.00237e+08
threshold=2.5000000000000004 3.5000000000000004 1.5000000000000002 4.5000000000000009 0 1 2 3 4 5 6 7 8 9 10 11
decision_type=2 2 2 2 1 1 1 1 1 1 1 1 1 1 1 1
left_child=2 5 14 6 8 7 -3 -2 -4 -6 -7 -11 -5 -13 -1 -12
right_child=1 3 4 12 9 10 -8 -9 -10 11 15 13 -14 -15 -16 -17
leaf_value=-165.84815120771765 178.10910785544672 354.7261209089545 -68.274225292004346 651.5228223379969 5.8682982676594477 85.313114423067987 267.88452980662862 105.71403797830058 -98.173789142023395 -31.496787640559706 64.849451858888415 -42.84342871742448 564.49922786934053 -52.485150966588918 -184.96888341114686 57.465501442426913
leaf_weight=4073 10333 8206 125425 2300 13255 72256 34321 65413 48172 129286 22117 48351 14631 57851 96675 47335
leaf_count=4073 10333 8206 125425 2300 13255 72256 34321 65413 48172 129286 22117 48351 14631 57851 96675 47335
internal_value=0.00222567 147.918 -78.3012 368.008 -53.032 87.7389 284.788 115.612 -76.5763 -36.596 72.8268 -38.9863 577.039 -48.1 -184.231 59.8259
internal_weight=800000 276912 523088 59458 422340 217454 42527 75746 173597 248743 141708 235488 16931 106202 100748 69452
internal_count=800000 276912 523088 59458 422340 217454 42527 75746 173597 248743 141708 235488 16931 106202 100748 69452
cat_boundaries=0 1 2 3 4 5 6 7 8 9 10 11 12
cat_threshold=36 49 50 48 4 1 2 2 18 16 16 8
is_linear=0
shrinkage=0.05


Tree=3
num_leaves=18
num_cat=13
split_feature=1 1 1 1 0 0 0 0 0 0 0 0 0 0 0 0 0
split_gain=3.34512e+12 1.32416e+12 5.05475e+11 3.73462e+11 5.89806e+10 3.25699e+10 1.74709e+10 1.6805e+10 1.11926e+10 9.11129e+09 8.26722e+09 5.79214e+09 3.06919e+09 8.67362e+08 2.71036e+08 2.70938e+08 6.55743e+06
threshold=2.5000000000000004 3.5000000000000004 1.5000000000000002 4.5000000000000009 0 1 2 3 4 5 6 7 8 9 10 11 12
decision_type=2 2 2 2 1 1 1 1 1 1 1 1 1 1 1 1 1
left_child=2 5 15 6 8 7 -3 -2 -4 -6 -7 -11 -5 -13 -12 -1 -17
right_child=1 3 4 12 9 10 -8 -9 -10 11 14 13 -14 -15 -16 16 -18
leaf_value=-157.5760549847063 169.21226063610035 337.01139432947502 -64.860789041761322 619.0876856907106 5.5751047830261742 81.048047917950157 254.49420927822814 100.42914555155328 -93.266119824037332 -29.922067128085526 61.608449301877194 -40.701693883834231 536.2935578836931 -49.861347052217042 54.592836697290686 -203.8972395597664 -175.47068645873799
leaf_weight=4073 10333 8206 125425 2300 13255 72256 34321 65413 48172 129286 22117 48351 14631 57851 47335 781 95894
leaf_count=4073 10333 8206 125425 2300 13255 72256 34321 65413 48172 129286 22117 48351 14631 57851 47335 781 95894
internal_value=0.00317241 140.526 -74.3868 349.623 -50.3808 83.3531 270.556 109.833 -72.748 -34.7664 69.1862 -37.0373 548.223 -45.6954 56.8355 -175.021 -175.721
internal_weight=800000 276912 523088 59458 422340 217454 42527 75746 173597 248743 141708 235488 16931 106202 69452 100748 96675
internal_count=800000 276912 523088 59458 422340 217454 42527 75746 173597 248743 141708 235488 16931 106202 69452 100748 96675
cat_boundaries=0 1 2 3 4 5 6 7 8 9 10 11 12 13
cat_threshold=36 49 50 48 4 1 2 2 18 16 8 16 4
is_linear=0
shrinkage=0.05


Tree=4
num_leaves=18
num_cat=13
split_feature=1 1 1 1 0 0 0 0 0 0 0 0 0 0 0 0 0
split_gain=3.01911e+12 1.19518e+12 4.56209e+11 3.37119e+11 5.32307e+10 2.93959e+10 1.57744e+10 1.517e+10 1.01019e+10 8.22313e+09 7.46099e+09 5.22762e+09 2.7842e+09 7.82794e+08 2.44674e+08 2.43579e+08 8.0871e+06
threshold=2.5000000000000004 3.5000000000000004 1.5000000000000002 4.5000000000000009 0 1 2 3 4 5 6 7 8 9 10 11 12
decision_type=2 2 2 2 1 1 1 1 1 1 1 1 1 1 1 1 1
left_child=2 5 15 6 8 7 -3 -2 -4 -6 -7 -11 -5 -13 -12 -1 -17
right_child=1 3 4 12 9 10 -8 -9 -10 11 14 13 -14 -15 -16 16 -18
leaf_value=-149.71654444605062 160.75983187828444 320.18133618021432 -61.618010783920255 588.26729838846052 5.2965601702703431 76.996211412897665 241.77320702366038 95.408453445355278 -88.603783287031561 -28.42608223422862 58.529412655544412 -38.667032349633956 509.49718917503799 -47.368708096571446 51.863769328588425 -193.83126996380341 -166.69806624191642
leaf_weight=4073 10333 8206 125425 2300 13255 72256 34321 65413 48172 129286 22117 48351 14631 57851 47335 781 95894
leaf_count=4073 10333 8206 125425 2300 13255 72256 34321 65413 48172 129286 22117 48351 14631 57851 47335 781 95894
internal_value=0.00389035 133.504 -70.6682 332.157 -47.8621 79.1865 257.035 104.344 -69.1111 -33.0283 65.7276 -35.1857 520.846 -43.4111 53.9946 -166.273 -166.937
internal_weight=800000 276912 523088 59458 422340 217454 42527 75746 173597 248743 141708 235488 16931 106202 69452 100748 96675
internal_count=800000 276912 523088 59458 422340 217454 42527 75746 173597 248743 141708 235488 16931 106202 69452 100748 96675
cat_boundaries=0 1 2 3 4 5 6 7 8 9 10 11 12 13
cat_threshold=36 49 50 48 4 1 2 2 18 16 8 16 4
is_linear=0
shrinkage=0.05


Tree=5
num_leaves=20
num_cat=15
split_feature=1 1 1 1 0 0 0 0 0 0 0 0 0 0 0 0 0 0 0
split_gain=2.72487e+12 1.07877e+12 4.11745e+11 3.04313e+11 4.80413e+10 2.65313e+10 1.42427e+10 1.36941e+10 9.11741e+09 7.42154e+09 6.73338e+09 4.71813e+09 2.52562e+09 7.06473e+08 2.20877e+08 2.18979e+08 1.49609e+08 3.29129e+07 9.26659e+06
threshold=2.5000000000000004 3.5000000000000004 1.5000000000000002 4.5000000000000009 0 1 2 3 4 5 6 7 8 9 10 11 12 13 14
decision_type=2 2 2 2 1 1 1 1 1 1 1 1 1 1 1 1 1 1 1
left_child=2 5 15 6 8 7 17 -2 -4 -6 -7 -11 -5 -13 -12 -1 -14 -3 -17
right_child=1 3 4 12 9 10 -8 -9 -10 11 14 13 16 -15 -16 18 -18 -19 -20
leaf_value=-142.24905548245189 152.72961399495506 297.22634852788173 -58.537350732256925 558.98126947757999 5.0319323590167553 73.146934607365935 229.6880620010858 90.638758444428575 -84.174507777857457 -27.004884139324766 55.604265340532748 -36.734081796733008 489.15360155584085 -45.000681815237478 49.271129644113728 -184.26222250398283 420.27304750699454 339.44853021911149 -158.3640281446047
leaf_weight=4073 10333 6931 125425 2300 13255 72256 34321 65413 48172 129286 22117 48351 13483 57851 47335 781 1148 1275 95894
leaf_count=4073 10333 6931 125425 2300 13255 72256 34321 65413 48172 129286 22117 48351 13483 57851 47335 781 1148 1275 95894
internal_value=0.00453145 126.832 -67.1355 315.563 -45.4693 75.2282 244.19 99.128 -65.6559 -31.3771 62.4418 -33.4266 494.836 -41.2409 51.2956 -157.961 484.04 304.192 -158.592
internal_weight=800000 276912 523088 59458 422340 217454 42527 75746 173597 248743 141708 235488 16931 106202 69452 100748 14631 8206 96675
internal_count=800000 276912 523088 59458 422340 217454 42527 75746 173597 248743 141708 235488 16931 106202 69452 100748 14631 8206 96675
cat_boundaries=0 1 2 3 4 5 6 7 8 9 10 11 12 13 14 15
cat_threshold=36 49 50 48 4 1 2 2 18 16 8 16 9 2 4
is_linear=0
shrinkage=0.05


Tree=6
num_leaves=20
num_cat=15
split_feature=1 1 1 1 0 0 0 0 0 0 0 0 0 0 0 0 0 0 0
split_gain=2.45935e+12 9.73748e+11 3.71615e+11 2.74719e+11 4.33578e+10 2.39459e+10 1.28673e+10 1.23617e+10 8.2289e+09 6.6981e+09 6.07673e+09 4.25829e+09 2.28928e+09 6.37593e+08 1.99395e+08 1.96863e+08 1.25685e+08 3.33807e+07 1.01487e+07
threshold=2.5000000000000004 3.5000000000000004 1.5000000000000002 4.5000000000000009 0 1 2 3 4 5 6 7 8 9 10 11 12 13 14
decision_type=2 2 2 2 1 1 1 1 1 1 1 1 1 1 1 1 1 1 1
left_child=2 5 15 6 8 7 17 -2 -4 -6 -7 -11 -5 -13 -12 -1 -14 -3 -17
right_child=1 3 4 12 9 10 -8 -9 -10 11 14 13 16 -15 -16 18 -18 -19 -20
leaf_value=-135.15401416568815 145.10051187450532 282.38644589763646 -55.610720815753986 531.1532060402709 4.7805263916575766 69.490090975195145 218.20700377880172 86.107513571674005 -79.966660901994544 -25.654744026650622 52.825311628648457 -34.897759271554939 464.71404154051726 -42.751038923270336 46.80809433548211 -175.16558639367221 399.44086473280493 322.60819297515928 -150.44665885579892
leaf_weight=4073 10333 6931 125425 2300 13255 72256 34321 65413 48172 129286 22117 48351 13483 57851 47335 781 1148 1275 95894
leaf_count=4073 10333 6931 125425 2300 13255 72256 34321 65413 48172 129286 22117 48351 13483 57851 47335 781 1148 1275 95894
internal_value=0.0055683 120.496 -63.7794 299.804 -43.1961 71.4678 231.991 94.1732 -62.3735 -29.8085 59.3204 -31.7555 470.138 -39.1793 48.7316 -150.066 459.869 289.021 -150.664
internal_weight=800000 276912 523088 59458 422340 217454 42527 75746 173597 248743 141708 235488 16931 106202 69452 100748 14631 8206 96675
internal_count=800000 276912 523088 59458 422340 217454 42527 75746 173597 248743 141708 235488 16931 106202 69452 100748 14631 8206 96675
cat_boundaries=0 1 2 3 4 5 6 7 8 9 10 11 12 13 14 15
cat_threshold=36 49 50 48 4 1 2 2 18 16 8 16 9 2 4
is_linear=0
shrinkage=0.05


Tree=7
num_leaves=20
num_cat=15
split_feature=1 1 1 1 0 0 0 0 0 0 0 0 0 0 0 0 0 0 0
split_gain=2.2197e+12 8.78951e+11 3.35396e+11 2.48003e+11 3.91309e+10 2.16124e+10 1.16247e+10 1.1159e+10 7.42697e+09 6.04517e+09 5.48411e+09 3.84326e+09 2.07502e+09 5.7543e+08 1.80001e+08 1.76977e+08 1.05022e+08 3.34554e+07 1.07796e+07
threshold=2.5000000000000004 3.5000000000000004 1.5000000000000002 4.5000000000000009 0 1 2 3 4 5 6 7 8 9 10 11 12 13 14
decision_type=2 2 2 2 1 1 1 1 1 1 1 1 1 1 1 1 1 1 1
left_child=2 5 15 6 8 7 17 -2 -4 -6 -7 -11 -5 -13 -12 -1 -14 -3 -17
right_child=1 3 4 12 9 10 -8 -9 -10 11 14 13 16 -15 -16 18 -18 -19 -20
leaf_value=-128.4128682739385 137.85250031486837 268.28746312961266 -52.830404694464782 504.71052236177195 4.5416777320326922 66.01606493913124 207.29983105548231 81.802798889566802 -75.969152603792296 -24.372113927865794 50.18523592445721 -33.153230037926782 441.49555574172712 -40.613857760280801 44.468185639731395 -166.51803354294654 379.64127763639459 306.60330471721608 -142.92510650616947
leaf_weight=4073 10333 6931 125425 2300 13255 72256 34321 65413 48172 129286 22117 48351 13483 57851 47335 781 1148 1275 95894
leaf_count=4073 10333 6931 125425 2300 13255 72256 34321 65413 48172 129286 22117 48351 13483 57851 47335 781 1148 1275 95894
internal_value=0.00649199 114.476 -60.5911 284.833 -41.0366 67.8953 220.401 89.4661 -59.2553 -28.3183 56.355 -30.168 446.672 -37.2207 46.2957 -142.565 436.905 274.607 -143.133
internal_weight=800000 276912 523088 59458 422340 217454 42527 75746 173597 248743 141708 235488 16931 106202 69452 100748 14631 8206 96675
internal_count=800000 276912 523088 59458 422340 217454 42527 75746 173597 248743 141708 235488 16931 106202 69452 100748 14631 8206 96675
cat_boundaries=0 1 2 3 4 5 6 7 8 9 10 11 12 13 14 15
cat_threshold=36 49 50 48 4 1 2 2 18 16 8 16 9 2 4
is_linear=0
shrinkage=0.05


Tree=8
num_leaves=20
num_cat=15
split_feature=1 1 1 1 0 0 0 0 0 0 0 0 0 0 0 0 0 0 0
split_gain=2.0034e+12 7.93383e+11 3.02707e+11 2.23885e+11 3.53161e+10 1.95063e+10 1.05021e+10 1.00733e+10 6.7032e+09 5.45589e+09 4.94929e+09 3.46869e+09 1.8808e+09 5.19326e+08 1.62494e+08 1.59099e+08 8.72071e+07 3.32084e+07 1.11986e+07
threshold=2.5000000000000004 3.5000000000000004 1.5000000000000002 4.5000000000000009 0 1 2 3 4 5 6 7 8 9 10 11 12 13 14
decision_type=2 2 2 2 1 1 1 1 1 1 1 1 1 1 1 1 1 1 1
left_child=2 5 15 6 8 7 17 -2 -4 -6 -7 -11 -5 -13 -12 -1 -14 -3 -17
right_child=1 3 4 12 9 10 -8 -9 -10 11 14 13 16 -15 -16 18 -18 -19 -20
leaf_value=-122.00794634682391 130.96654267971743 254.89241912196303 -50.189091668251564 479.58424394880024 4.3147660939935193 62.715719922740384 196.9378623145511 77.713286026910822 -72.171485466474337 -23.153596175708273 47.677113101312898 -31.495908965073728 419.43714481620367 -38.58351299870602 42.245242486124447 -158.29738846765611 360.82314755731295 291.39244428998302 -135.77960439462603
leaf_weight=4073 10333 6931 125425 2300 13255 72256 34321 65413 48172 129286 22117 48351 13483 57851 47335 781 1148 1275 95894
leaf_count=4073 10333 6931 125425 2300 13255 72256 34321 65413 48172 129286 22117 48351 13483 57851 47335 781 1148 1275 95894
internal_value=0.00731139 108.756 -57.5622 270.609 -38.985 64.5014 209.39 84.9942 -56.2929 -26.9025 53.5378 -28.6598 424.378 -35.36 43.9816 -135.439 415.088 260.911 -135.978
internal_weight=800000 276912 523088 59458 422340 217454 42527 75746 173597 248743 141708 235488 16931 106202 69452 100748 14631 8206 96675
internal_count=800000 276912 523088 59458 422340 217454 42527 75746 173597 248743 141708 235488 16931 106202 69452 100748 14631 8206 96675
cat_boundaries=0 1 2 3 4 5 6 7 8 9 10 11 12 13 14 15
cat_threshold=36 49 50 48 4 1 2 2 18 16 8 16 9 2 4
is_linear=0
shrinkage=0.05


Tree=9
num_leaves=20
num_cat=15
split_feature=1 1 1 1 0 0 0 0 0 0 0 0 0 0 0 0 0 0 0
split_gain=1.80818e+12 7.16146e+11 2.73203e+11 2.02112e+11 3.18731e+10 1.76054e+10 9.48792e+09 9.0932e+09 6.04995e+09 4.92406e+09 4.46663e+09 3.13062e+09 1.70473e+09 4.68692e+08 1.4669e+08 1.43024e+08 7.18821e+07 3.27006e+07 1.14407e+07
threshold=2.5000000000000004 3.5000000000000004 1.5000000000000002 4.5000000000000009 0 1 2 3 4 5 6 7 8 9 10 11 12 13 14
decision_type=2 2 2 2 1 1 1 1 1 1 1 1 1 1 1 1 1 1 1
left_child=2 5 15 6 8 7 17 -2 -4 -6 -7 -11 -5 -13 -12 -1 -14 -3 -17
right_child=1 3 4 12 9 10 -8 -9 -10 11 14 13 16 -15 -16 18 -18 -19 -20
leaf_value=-115.92249105613722 124.42454434036807 242.16615573722029 -47.679839876316876 455.70882712310532 4.0991897413769269 59.580363519106029 187.09383889734684 73.828215739125099 -68.563658609889444 -21.996009244630869 45.29433196210644 -29.921443618204435 398.48083502500822 -36.65466894307778 40.133428974858639 -150.48258167464573 342.93777908628266 276.93620076517186 -128.99132823329947
leaf_weight=4073 10333 6931 125425 2300 13255 72256 34321 65413 48172 129286 22117 48351 13483 57851 47335 781 1148 1275 95894
leaf_count=4073 10333 6931 125425 2300 13255 72256 34321 65413 48172 129286 22117 48351 13483 57851 47335 781 1148 1275 95894
internal_value=0.0080306 103.323 -54.6847 257.095 -37.036 61.2772 198.929 80.7459 -53.4786 -25.5576 50.8614 -27.227 403.196 -33.5923 41.7832 -128.669 394.36 247.899 -129.18
internal_weight=800000 276912 523088 59458 422340 217454 42527 75746 173597 248743 141708 235488 16931 106202 69452 100748 14631 8206 96675
internal_count=800000 276912 523088 59458 422340 217454 42527 75746 173597 248743 141708 235488 16931 106202 69452 100748 14631 8206 96675
cat_boundaries=0 1 2 3 4 5 6 7 8 9 10 11 12 13 14 15
cat_threshold=36 49 50 48 4 1 2 2 18 16 8 16 9 2 4
is_linear=0
shrinkage=0.05


Tree=10
num_leaves=20
num_cat=15
split_feature=1 1 1 1 0 0 0 0 0 0 0 0 0 0 0 0 0 0 0
split_gain=1.63198e+12 6.46427e+11 2.46576e+11 1.82457e+11 2.87659e+10 1.58898e+10 8.57167e+09 8.20848e+09 5.46037e+09 4.44406e+09 4.03103e+09 2.8255e+09 1.54513e+09 4.22996e+08 1.32423e+08 1.28572e+08 5.87283e+07 3.19845e+07 1.15355e+07
threshold=2.5000000000000004 3.5000000000000004 1.5000000000000002 4.5000000000000009 0 1 2 3 4 5 6 7 8 9 10 11 12 13 14
decision_type=2 2 2 2 1 1 1 1 1 1 1 1 1 1 1 1 1 1 1
left_child=2 5 15 6 8 7 17 -2 -4 -6 -7 -11 -5 -13 -12 -1 -14 -3 -17
right_child=1 3 4 12 9 10 -8 -9 -10 11 14 13 16 -15 -16 18 -18 -19 -20
leaf_value=-110.14056618321682 118.20933063048454 230.07529524494845 -45.29603921742914 433.0220246222525 3.8943857614294433 56.601764763905024 177.7418690313805 70.137366808298012 -65.136190593683537 -20.896293381038333 43.030645410738828 -28.425681455673551 378.5715548521469 -34.822258098409705 38.127179605048617 -143.05357667558866 325.93895401007569 263.19715164109658 -122.54243556167788
leaf_weight=4073 10333 6931 125425 2300 13255 72256 34321 65413 48172 129286 22117 48351 13483 57851 47335 781 1148 1275 95894
leaf_count=4073 10333 6931 125425 2300 13255 72256 34321 65413 48172 129286 22117 48351 13483 57851 47335 781 1148 1275 95894
internal_value=0.00866 98.1608 -51.951 244.256 -35.1844 58.2141 188.991 76.7099 -50.805 -24.2799 48.3189 -25.8658 383.072 -31.913 39.6947 -122.237 374.667 235.536 -122.723
internal_weight=800000 276912 523088 59458 422340 217454 42527 75746 173597 248743 141708 235488 16931 106202 69452 100748 14631 8206 96675
internal_count=800000 276912 523088 59458 422340 217454 42527 75746 173597 248743 141708 235488 16931 106202 69452 100748 14631 8206 96675
cat_boundaries=0 1 2 3 4 5 6 7 8 9 10 11 12 13 14 15
cat_threshold=36 49 50 48 4 1 2 2 18 16 8 16 9 2 4
is_linear=0
shrinkage=0.05


Tree=11
num_leaves=20
num_cat=15
split_feature=1 1 1 1 0 0 0 0 0 0 0 0 0 0 0 0 0 0 0
split_gain=1.47296e+12 5.83496e+11 2.22544e+11 1.64714e+11 2.59615e+10 1.43413e+10 7.7439e+09 7.40984e+09 4.92825e+09 4.01086e+09 3.63792e+09 2.55012e+09 1.40045e+09 3.81755e+08 1.19543e+08 1.1558e+08 4.74666e+07 3.11045e+07 1.15087e+07
threshold=2.5000000000000004 3.5000000000000004 1.5000000000000002 4.5000000000000009 0 1 2 3 4 5 6 7 8 9 10 11 12 13 14
decision_type=2 2 2 2 1 1 1 1 1 1 1 1 1 1 1 1 1 1 1
left_child=2 5 15 6 8 7 17 -2 -4 -6 -7 -11 -5 -13 -12 -1 -14 -3 -17
right_child=1 3 4 12 9 10 -8 -9 -10 11 14 13 16 -15 -16 18 -18 -19 -20
leaf_value=-104.64702320022676 112.30458074571732 218.58810401411435 -43.031414042167313 411.46464229538327 3.6998150496872877 53.772064375839449 168.85736757779407 66.631031045755819 -61.880057617554229 -19.851557051673737 40.880078035357336 -27.004688226708073 359.65699979938239 -33.081445619392895 36.22122235339954 -135.99132212832964 309.78274343092005 250.13970269808047 -116.41595418325933
leaf_weight=4073 10333 6931 125425 2300 13255 72256 34321 65413 48172 129286 22117 48351 13483 57851 47335 781 1148 1275 95894
leaf_count=4073 10333 6931 125425 2300 13255 72256 34321 65413 48172 129286 22117 48351 13483 57851 47335 781 1148 1275 95894
internal_value=0.00920734 93.2566 -49.354 232.059 -33.4254 55.3041 179.549 72.8757 -48.265 -23.066 45.9034 -24.5727 363.952 -30.3177 37.7105 -116.127 355.958 223.789 -116.588
internal_weight=800000 276912 523088 59458 422340 217454 42527 75746 173597 248743 141708 235488 16931 106202 69452 100748 14631 8206 96675
internal_count=800000 276912 523088 59458 422340 217454 42527 75746 173597 248743 141708 235488 16931 106202 69452 100748 14631 8206 96675
cat_boundaries=0 1 2 3 4 5 6 7 8 9 10 11 12 13 14 15
cat_threshold=36 49 50 48 4 1 2 2 18 16 8 16 9 2 4
is_linear=0
shrinkage=0.05


Tree=12
num_leaves=21
num_cat=16
split_feature=1 1 1 1 0 0 0 0 0 0 0 0 0 0 0 0 0 0 0 0
split_gain=1.32943e+12 5.26691e+11 2.00854e+11 1.48696e+11 2.34306e+10 1.29438e+10 6.99607e+09 6.68891e+09 4.44797e+09 3.61988e+09 3.28314e+09 2.30158e+09 1.2693e+09 3.44534e+08 1.07916e+08 1.03898e+08 3.78528e+07 3.00988e+07 1.70328e+07 1.13829e+07
threshold=2.5000000000000004 3.5000000000000004 1.5000000000000002 4.5000000000000009 0 1 2 3 4 5 6 7 8 9 10 11 12 13 14 15
decision_type=2 2 2 2 1 1 1 1 1 1 1 1 1 1 1 1 1 1 1 1
left_child=2 5 15 6 8 7 17 -2 -4 -6 -7 -11 -5 -13 -12 -1 -14 -3 -8 -17
right_child=1 3 4 12 9 10 18 -9 -10 11 14 13 16 -15 -16 19 -18 -19 -20 -21
leaf_value=-99.427488986832131 106.69477739367993 207.67445046716563 -40.880017425765047 390.98048558734718 3.5149621428609388 51.083833762468636 170.32627467690628 63.299991715611988 -58.786690538464249 -18.85905571374072 38.836997999873212 -25.654732781042618 341.68748357613521 -31.427657906633868 34.410548343084372 -129.27771787914705 294.42736832070227 237.7300525178056 158.74036995834274 -110.59576157345003
leaf_weight=4073 10333 6931 125425 2300 13255 72256 4821 65413 48172 129286 22117 48351 13483 57851 47335 781 1148 1275 29500 95894
leaf_count=4073 10333 6931 125425 2300 13255 72256 4821 65413 48172 129286 22117 48351 13483 57851 47335 781 1148 1275 29500 95894
internal_value=0.00967927 88.5974 -46.8868 220.47 -31.7544 52.5397 170.579 69.2331 -45.8521 -21.9129 43.6087 -23.3443 345.786 -28.8021 35.8255 -110.323 338.183 212.628 160.417 -110.76
internal_weight=800000 276912 523088 59458 422340 217454 42527 75746 173597 248743 141708 235488 16931 106202 69452 100748 14631 8206 34321 96675
internal_count=800000 276912 523088 59458 422340 217454 42527 75746 173597 248743 141708 235488 16931 106202 69452 100748 14631 8206 34321 96675
cat_boundaries=0 1 2 3 4 5 6 7 8 9 10 11 12 13 14 15 16
cat_threshold=36 49 50 48 4 1 2 2 18 16 8 16 9 2 4 4
is_linear=0
shrinkage=0.05


Tree=13
num_leaves=21
num_cat=16
split_feature=1 1 1 1 0 0 0 0 0 0 0 0 0 0 0 0 0 0 0 0
split_gain=1.19989e+12 4.75425e+11 1.81278e+11 1.34232e+11 2.11463e+10 1.16824e+10 6.3198e+09 6.03811e+09 4.01451e+09 3.26702e+09 2.96296e+09 2.07726e+09 1.15043e+09 3.10943e+08 9.74203e+07 9.33968e+07 2.96712e+07 2.89996e+07 1.59068e+07 1.11768e+07
threshold=2.5000000000000004 3.5000000000000004 1.5000000000000002 4.5000000000000009 0 1 2 3 4 5 6 7 8 9 10 11 12 13 14 15
decision_type=2 2 2 2 1 1 1 1 1 1 1 1 1 1 1 1 1 1 1 1
left_child=2 5 15 6 8 7 17 -2 -4 -6 -7 -11 -5 -13 -12 -1 -14 -3 -8 -17
right_child=1 3 4 12 9 10 18 -9 -10 11 14 13 16 -15 -16 19 -18 -19 -20 -21
leaf_value=-94.468286651645897 101.36519812864964 197.30568297891381 -38.836180184516721 371.51608952972282 3.3393464558123647 48.529993057042475 161.82758608253275 60.135477643068185 -55.84796905583292 -17.916175811083626 36.89602498199622 -24.372258865304545 324.61577040050787 -29.856544386835573 32.690378881702834 -122.8955495243579 279.83313467605541 225.93604684065292 150.80604016783278 -105.06655172127105
leaf_weight=4073 10333 6931 125425 2300 13255 72256 4821 65413 48172 129286 22117 48351 13483 57851 47335 781 1148 1275 29500 95894
leaf_count=4073 10333 6931 125425 2300 13255 72256 4821 65413 48172 129286 22117 48351 13483 57851 47335 781 1148 1275 29500 95894
internal_value=0.010185 84.1713 -44.543 209.462 -30.1669 49.9133 162.059 65.7725 -43.5598 -20.8174 41.4287 -22.1772 328.527 -27.3622 34.0348 -104.808 321.295 202.024 152.401 -105.223
internal_weight=800000 276912 523088 59458 422340 217454 42527 75746 173597 248743 141708 235488 16931 106202 69452 100748 14631 8206 34321 96675
internal_count=800000 276912 523088 59458 422340 217454 42527 75746 173597 248743 141708 235488 16931 106202 69452 100748 14631 8206 34321 96675
cat_boundaries=0 1 2 3 4 5 6 7 8 9 10 11 12 13 14 15 16
cat_threshold=36 49 50 48 4 1 2 2 18 16 8 16 9 2 4 4
is_linear=0
shrinkage=0.05


Tree=14
num_leaves=21
num_cat=16
split_feature=1 1 1 1 0 0 0 0 0 0 0 0 0 0 0 0 0 0 0 0
split_gain=1.08297e+12 4.29149e+11 1.63609e+11 1.21175e+11 1.90848e+10 1.0544e+10 5.7089e+09 5.45064e+09 3.62329e+09 2.94855e+09 2.67401e+09 1.87481e+09 1.04267e+09 2.80627e+08 8.79451e+07 8.39553e+07 2.78345e+07 2.27336e+07 1.48393e+07 1.09071e+07
threshold=2.5000000000000004 3.5000000000000004 1.5000000000000002 4.5000000000000009 0 1 2 3 4 5 6 7 8 9 10 11 12 13 14 15
decision_type=2 2 2 2 1 1 1 1 1 1 1 1 1 1 1 1 1 1 1 1
left_child=2 5 15 6 8 7 16 -2 -4 -6 -7 -11 -5 -13 -12 -1 -3 -14 -8 -17
right_child=1 3 4 12 9 10 18 -9 -10 11 14 13 17 -15 -16 19 -18 -19 -20 -21
leaf_value=-89.756441315986677 96.301839462848449 187.4546068420982 -36.894522646483814 353.02069106593279 3.1725027610327317 46.103829641162427 153.7529636668113 57.129161514913825 -53.056152728267875 -17.020441896382749 35.052060027343821 -23.153899961871804 308.39700683079775 -28.363978719461599 31.056207595117769 -116.82845641279644 214.72716541772689 265.96229688557116 143.26829784821186 -99.813763919642241
leaf_weight=4073 10333 6931 125425 2300 13255 72256 4821 65413 48172 129286 22117 48351 13483 57851 47335 781 1275 1148 29500 95894
leaf_count=4073 10333 6931 125425 2300 13255 72256 4821 65413 48172 129286 22117 48351 13483 57851 47335 781 1275 1148 29500 95894
internal_value=0.0106169 79.9663 -42.3163 199.003 -28.6587 47.4183 153.965 62.485 -41.3821 -19.7767 39.3577 -21.0685 312.129 -25.9944 32.3336 -99.5695 191.948 305.251 144.785 -99.9633
internal_weight=800000 276912 523088 59458 422340 217454 42527 75746 173597 248743 141708 235488 16931 106202 69452 100748 8206 14631 34321 96675
internal_count=800000 276912 523088 59458 422340 217454 42527 75746 173597 248743 141708 235488 16931 106202 69452 100748 8206 14631 34321 96675
cat_boundaries=0 1 2 3 4 5 6 7 8 9 10 11 12 13 14 15 16
cat_threshold=36 49 50 48 4 1 2 2 18 16 8 16 2 9 4 4
is_linear=0
shrinkage=0.05


Tree=15
num_leaves=21
num_cat=16
split_feature=1 1 1 1 0 0 0 0 0 0 0 0 0 0 0 0 0 0 0 0
split_gain=9.77445e+11 3.87377e+11 1.47663e+11 1.09389e+11 1.72243e+10 9.51646e+09 5.15705e+09 4.92032e+09 3.27019e+09 2.66113e+09 2.41324e+09 1.69208e+09 9.44998e+08 2.53266e+08 7.93913e+07 7.54677e+07 2.66254e+07 1.68737e+07 1.38294e+07 1.05875e+07
threshold=2.5000000000000004 3.5000000000000004 1.5000000000000002 4.5000000000000009 0 1 2 3 4 5 6 7 8 9 10 11 12 13 14 15
decision_type=2 2 2 2 1 1 1 1 1 1 1 1 1 1 1 1 1 1 1 1
left_child=2 5 15 6 8 7 16 -2 -4 -6 -7 -11 -5 -13 -12 -1 -3 -14 -8 -17
right_child=1 3 4 12 9 10 18 -9 -10 11 14 13 17 -15 -16 19 -18 -19 -20 -21
leaf_value=-85.279610343403363 91.491404549820587 178.09538414697795 -35.049943375106388 335.44606982474721 3.0140001686806506 43.798956974253684 146.08122728470568 54.273140394697307 -50.403896775553847 -16.169483444769554 33.300244939794332 -21.996446276414076 292.98858231895275 -26.946021253706103 29.503724212324194 -111.06087773572631 204.07435129926364 252.77902310724289 136.10730761016438 -94.823601869512373
leaf_weight=4073 10333 6931 125425 2300 13255 72256 4821 65413 48172 129286 22117 48351 13483 57851 47335 781 1275 1148 29500 95894
leaf_count=4073 10333 6931 125425 2300 13255 72256 4821 65413 48172 129286 22117 48351 13483 57851 47335 781 1275 1148 29500 95894
internal_value=0.0109797 75.9714 -40.2009 189.067 -27.226 45.048 146.275 59.3617 -39.3132 -18.788 37.3902 -20.0152 296.55 -24.6949 30.7173 -94.5925 182.375 290.008 137.55 -94.9662
internal_weight=800000 276912 523088 59458 422340 217454 42527 75746 173597 248743 141708 235488 16931 106202 69452 100748 8206 14631 34321 96675
internal_count=800000 276912 523088 59458 422340 217454 42527 75746 173597 248743 141708 235488 16931 106202 69452 100748 8206 14631 34321 96675
cat_boundaries=0 1 2 3 4 5 6 7 8 9 10 11 12 13 14 15 16
cat_threshold=36 49 50 48 4 1 2 2 18 16 8 16 2 9 4 4
is_linear=0
shrinkage=0.05


Tree=16
num_leaves=21
num_cat=16
split_feature=1 1 1 1 0 0 0 0 0 0 0 0 0 0 0 0 0 0 0 0
split_gain=8.82203e+11 3.49672e+11 1.33271e+11 9.87484e+10 1.55451e+10 8.58908e+09 4.65855e+09 4.4416e+09 2.9515e+09 2.40173e+09 2.17789e+09 1.52717e+09 8.56464e+08 2.28573e+08 7.167e+07 6.78369e+07 2.53922e+07 1.28759e+07 1.19472e+07 1.04318e+07
threshold=2.5000000000000004 3.5000000000000004 1.5000000000000002 4.5000000000000009 0 1 2 3 4 5 6 7 8 9 10 11 12 13 14 15
decision_type=2 2 2 2 1 1 1 1 1 1 1 1 1 1 1 1 1 1 1 1
left_child=2 5 15 6 8 7 16 -2 -4 -6 -7 -11 -5 -13 -12 -1 -3 -8 -14 -17
right_child=1 3 4 12 9 10 17 -9 -10 11 14 13 18 -15 -16 19 -18 -19 -20 -21
leaf_value=-81.02607826178722 86.92125234318739 169.2034433378883 -33.297588329670241 318.74637049224987 2.863410585434357 41.609313884879533 138.79228229589825 51.55989693823318 -47.884218159951473 -15.361072057587002 31.635993138972424 -20.896848391502552 278.35001435471742 -25.598956362004248 28.028848040311136 -103.34134139706444 193.95004303806024 129.30424723216376 240.24922147068952 -90.060925229960844
leaf_weight=4073 10333 6931 125425 2300 13255 72256 4821 65413 48172 129286 22117 48351 13483 57851 47335 1073 1275 29500 1148 95602
leaf_count=4073 10333 6931 125425 2300 13255 72256 4821 65413 48172 129286 22117 48351 13483 57851 47335 1073 1275 29500 1148 95602
internal_value=0.0112806 72.1761 -38.1913 179.626 -25.8648 42.7962 138.969 56.3946 -37.3478 -17.8487 35.5211 -19.0146 281.749 -23.4604 29.1819 -89.8643 173.28 130.677 275.527 -90.219
internal_weight=800000 276912 523088 59458 422340 217454 42527 75746 173597 248743 141708 235488 16931 106202 69452 100748 8206 34321 14631 96675
internal_count=800000 276912 523088 59458 422340 217454 42527 75746 173597 248743 141708 235488 16931 106202 69452 100748 8206 34321 14631 96675
cat_boundaries=0 1 2 3 4 5 6 7 8 9 10 11 12 13 14 15 16
cat_threshold=36 49 50 48 4 1 2 2 18 16 8 16 2 4 9 12
is_linear=0
shrinkage=0.05


Tree=17
num_leaves=21
num_cat=16
split_feature=1 1 1 1 0 0 0 0 0 0 0 0 0 0 0 0 0 0 0 0
split_gain=7.96241e+11 3.15636e+11 1.20282e+11 8.91431e+10 1.40296e+10 7.75208e+09 4.20823e+09 4.00946e+09 2.66387e+09 2.16761e+09 1.9655e+09 1.37833e+09 7.76989e+08 2.06287e+08 6.46991e+07 6.0977e+07 2.41503e+07 1.19773e+07 1.08821e+07 2.45104e+06
threshold=2.5000000000000004 3.5000000000000004 1.5000000000000002 4.5000000000000009 0 1 2 3 4 5 6 7 8 9 10 11 12 13 14 15
decision_type=2 2 2 2 1 1 1 1 1 1 1 1 1 1 1 1 1 1 1 1
left_child=2 5 15 6 8 7 16 -2 -4 -6 -7 -11 -5 -13 -12 -1 -3 -8 -17 -14
right_child=1 3 4 12 9 10 17 -9 -10 11 14 13 19 -15 -16 18 -18 -19 -20 -21
leaf_value=-76.984692442513506 82.579392604446156 160.75546101028749 -31.632838464807193 305.50194650935754 2.7203486616621366 39.529134299551671 131.86703068159352 48.98229651006438 -45.490511989070967 -14.593075703235122 30.054905301758357 -19.852223037308292 228.70419852081119 -24.31922526008076 26.627705404330165 -100.4762924640429 184.32800791610541 122.84122681091294 -85.578314041164774 264.75602772148426
leaf_weight=4073 10333 6931 125425 2031 13255 72256 4821 65413 48172 129286 22117 48351 1141 57851 47335 781 1275 29500 95894 13759
leaf_count=4073 10333 6931 125425 2031 13255 72256 4821 65413 48172 129286 22117 48351 1141 57851 47335 781 1275 29500 95894 13759
internal_value=0.011526 68.5704 -36.2821 170.657 -24.5718 40.6569 132.028 53.5758 -35.4806 -16.9564 33.7454 -18.064 267.686 -22.2876 27.7233 -85.3725 164.638 124.147 -85.709 262.151
internal_weight=800000 276912 523088 59458 422340 217454 42527 75746 173597 248743 141708 235488 16931 106202 69452 100748 8206 34321 96675 14900
internal_count=800000 276912 523088 59458 422340 217454 42527 75746 173597 248743 141708 235488 16931 106202 69452 100748 8206 34321 96675 14900
cat_boundaries=0 1 2 3 4 5 6 7 8 9 10 11 12 13 14 15 16
cat_threshold=36 49 50 48 4 1 2 2 2 16 8 16 2 4 4 4
is_linear=0
shrinkage=0.05


Tree=18
num_leaves=21
num_cat=16
split_feature=1 1 1 1 0 0 0 0 0 0 0 0 0 0 0 0 0 0 0 0
split_gain=7.18655e+11 2.84913e+11 1.08559e+11 8.04723e+10 1.26619e+10 6.99665e+09 3.80144e+09 3.61936e+09 2.40427e+09 1.95631e+09 1.77382e+09 1.24399e+09 7.11188e+08 1.86175e+08 5.84064e+07 5.48102e+07 2.29128e+07 1.1132e+07 1.03813e+07 4.8562e+06
threshold=2.5000000000000004 3.5000000000000004 1.5000000000000002 4.5000000000000009 0 1 2 3 4 5 6 7 8 9 10 11 12 13 14 15
decision_type=2 2 2 2 1 1 1 1 1 1 1 1 1 1 1 1 1 1 1 1
left_child=2 5 15 6 8 7 16 -2 -4 -6 -7 -11 -5 -13 -12 -1 -3 -8 -17 -14
right_child=1 3 4 12 9 10 17 -9 -10 11 14 13 19 -15 -16 18 -18 -19 -20 -21
leaf_value=-73.144890321390093 78.454417376798105 152.72927056015646 -30.05132361558595 287.90631338073962 2.5844362071986655 37.552948051242865 125.28732393620498 46.533554854909291 -43.216455745693068 -13.863478574298748 28.552838785463987 -18.859817695302159 251.21483924406027 -23.10347437246352 25.296600354752908 -95.515993144117331 175.18332611558969 116.70124669205896 -81.299847227796761 216.99313333660416
leaf_weight=4073 10333 6931 125425 2300 13255 72256 4821 65413 48172 129286 22117 48351 13483 57851 47335 781 1275 29500 95894 1148
leaf_count=4073 10333 6931 125425 2300 13255 72256 4821 65413 48172 129286 22117 48351 13483 57851 47335 781 1275 29500 95894 1148
internal_value=0.0117178 65.1448 -34.4684 162.136 -23.3433 38.6246 125.434 50.8979 -33.7068 -16.1087 32.0584 -17.1609 254.325 -21.1734 26.3375 -81.1052 156.427 117.943 -81.4246 248.68
internal_weight=800000 276912 523088 59458 422340 217454 42527 75746 173597 248743 141708 235488 16931 106202 69452 100748 8206 34321 96675 14631
internal_count=800000 276912 523088 59458 422340 217454 42527 75746 173597 248743 141708 235488 16931 106202 69452 100748 8206 34321 96675 14631
cat_boundaries=0 1 2 3 4 5 6 7 8 9 10 11 12 13 14 15 16
cat_threshold=36 49 50 48 4 1 2 2 18 16 8 16 2 4 4 9
is_linear=0
shrinkage=0.05


Tree=19
num_leaves=20
num_cat=15
split_feature=1 1 1 1 0 0 0 0 0 0 0 0 0 0 0 0 0 0 0
split_gain=6.48629e+11 2.57181e+11 9.79784e+10 7.26448e+10 1.14275e+10 6.31483e+09 3.43397e+09 3.26722e+09 2.16997e+09 1.76561e+09 1.60084e+09 1.12275e+09 6.46578e+08 1.68023e+08 5.27256e+07 4.92665e+07 2.16906e+07 1.06672e+07 1.03383e+07
threshold=2.5000000000000004 3.5000000000000004 1.5000000000000002 4.5000000000000009 0 1 2 3 4 5 6 7 8 9 10 11 12 13 14
decision_type=2 2 2 2 1 1 1 1 1 1 1 1 1 1 1 1 1 1 1
left_child=2 5 15 6 8 7 16 -2 -4 -6 -7 -11 -5 -13 -12 -1 -3 -17 -8
right_child=1 3 4 12 9 10 18 -9 -10 11 14 13 -14 -15 -16 17 -18 -19 -20
leaf_value=-69.496603098670093 74.535485436023578 145.10379975760915 -28.548877410897799 275.97690764599605 2.4553112801020882 35.675564837298047 119.03593042859676 44.207234382142524 -41.056082203945294 -13.170356864709987 27.125837926963325 -17.917021686162478 236.60586633182072 -21.948506294786227 24.032035868422437 -88.905347795565717 166.49232351221463 -77.215318239159615 110.86816447672624
leaf_weight=4073 10333 6931 125425 2031 13255 72256 4821 65413 48172 129286 22117 48351 14900 57851 47335 1073 1275 95602 29500
leaf_count=4073 10333 6931 125425 2031 13255 72256 4821 65413 48172 129286 22117 48351 14900 57851 47335 1073 1275 95602 29500
internal_value=0.0118605 61.8904 -32.7453 154.041 -22.1763 36.6939 119.169 48.3538 -32.0217 -15.3033 30.4558 -16.303 241.631 -20.1149 25.021 -77.0512 148.626 -77.3542 112.05
internal_weight=800000 276912 523088 59458 422340 217454 42527 75746 173597 248743 141708 235488 16931 106202 69452 100748 8206 96675 34321
internal_count=800000 276912 523088 59458 422340 217454 42527 75746 173597 248743 141708 235488 16931 106202 69452 100748 8206 96675 34321
cat_boundaries=0 1 2 3 4 5 6 7 8 9 10 11 12 13 14 15
cat_threshold=36 49 50 48 4 1 2 2 2 16 8 16 2 12 4
is_linear=0
shrinkage=0.05


Tree=20
num_leaves=21
num_cat=16
split_feature=1 1 1 1 0 0 0 0 0 0 0 0 0 0 0 0 0 0 0 0
split_gain=5.85422e+11 2.32141e+11 8.8429e+10 6.55718e+10 1.03134e+10 5.69946e+09 3.10203e+09 2.94934e+09 1.9585e+09 1.5935e+09 1.44472e+09 1.01332e+09 5.91714e+08 1.51641e+08 4.75976e+07 4.42828e+07 4.29769e+07 2.04916e+07 1.01445e+07 9.59388e+06
threshold=2.5000000000000004 3.5000000000000004 1.5000000000000002 4.5000000000000009 0 1 2 3 4 5 6 7 8 9 10 11 12 13 14 15
decision_type=2 2 2 2 1 1 1 1 1 1 1 1 1 1 1 1 1 1 1 1
left_child=2 5 15 6 8 7 17 -2 -4 -6 -7 -11 -5 -13 -12 -1 -14 -3 -17 -8
right_child=1 3 4 12 9 10 19 -9 -10 11 14 13 16 -15 -16 18 -18 -19 -20 -21
leaf_value=-66.030280154375589 70.812315697002887 158.23248858555746 -27.121545855121141 260.06345252429253 2.3326420621731758 33.892028942925826 113.09645109703713 41.997212068962021 -39.003703046518993 -12.511890165923241 25.770162781990457 -17.021356507067036 226.84188600366434 -20.85126520953839 22.830688056109864 -86.411499275660844 194.50903896173668 137.8590712010766 -73.373136302493677 105.32663241700212
leaf_weight=4073 10333 1275 125425 2300 13255 72256 4821 65413 48172 129286 22117 48351 13483 57851 47335 781 1148 6931 95894 29500
leaf_count=4073 10333 1275 125425 2300 13255 72256 4821 65413 48172 129286 22117 48351 13483 57851 47335 781 1148 6931 95894 29500
internal_value=0.0118331 58.7981 -31.1084 146.348 -21.0676 34.8597 113.217 45.9369 -30.4208 -14.5383 28.9334 -15.488 229.565 -19.1094 23.7703 -73.1998 224.44 141.213 -73.4874 106.451
internal_weight=800000 276912 523088 59458 422340 217454 42527 75746 173597 248743 141708 235488 16931 106202 69452 100748 14631 8206 96675 34321
internal_count=800000 276912 523088 59458 422340 217454 42527 75746 173597 248743 141708 235488 16931 106202 69452 100748 14631 8206 96675 34321
cat_boundaries=0 1 2 3 4 5 6 7 8 9 10 11 12 13 14 15 16
cat_threshold=36 49 50 48 4 1 2 2 18 16 8 16 9 48 4 4
is_linear=0
shrinkage=0.05


Tree=21
num_leaves=22
num_cat=17
split_feature=1 1 1 1 0 0 0 0 0 0 0 0 0 0 0 0 0 0 0 0 0
split_gain=5.28378e+11 2.09545e+11 7.98104e+10 5.91937e+10 9.308e+09 5.14405e+09 2.80217e+09 2.66238e+09 1.76764e+09 1.43817e+09 1.30383e+09 9.14562e+08 5.38313e+08 1.36857e+08 4.29681e+07 3.9803e+07 3.06881e+07 1.93231e+07 1.01372e+07 8.89677e+06 3.91852e+06
threshold=2.5000000000000004 3.5000000000000004 1.5000000000000002 4.5000000000000009 0 1 2 3 4 5 6 7 8 9 10 11 12 13 14 15 16
decision_type=2 2 2 2 1 1 1 1 1 1 1 1 1 1 1 1 1 1 1 1 1
left_child=2 5 15 6 8 7 17 20 -4 -6 -7 -11 -5 -13 -12 -1 -14 -3 -17 -8 -2
right_child=1 3 4 12 9 10 19 -9 -10 11 14 13 16 -15 -16 18 -18 -19 -20 -21 -22
leaf_value=-62.736852279539761 77.760874216979332 150.38243371644373 -25.765580278769836 249.30620531496143 2.2160937321271441 32.197669774993159 107.45333213632435 39.89767493873677 -37.053921356595453 -11.88634588952673 24.482235489239851 -16.170463938441038 185.24448359445529 -19.808885879827784 21.689394743098845 -80.396217801630343 215.7540494275791 130.97604570727137 -69.686685387220351 100.06208108315424 66.291768000086833
leaf_weight=4073 819 1275 125425 2031 13255 72256 4821 65413 48172 129286 22117 48351 1141 57851 47335 1073 13759 6931 95602 29500 9514
leaf_count=4073 819 1275 125425 2031 13255 72256 4821 65413 48172 129286 22117 48351 1141 57851 47335 1073 13759 6931 95602 29500 9514
internal_value=0.0118975 55.8607 -29.5533 139.04 -20.0144 33.1171 107.562 43.6408 -28.9 -13.8115 27.487 -14.7137 218.107 -18.1541 22.5822 -69.5409 213.544 134.171 -69.8139 101.131 67.2751
internal_weight=800000 276912 523088 59458 422340 217454 42527 75746 173597 248743 141708 235488 16931 106202 69452 100748 14900 8206 96675 34321 10333
internal_count=800000 276912 523088 59458 422340 217454 42527 75746 173597 248743 141708 235488 16931 106202 69452 100748 14900 8206 96675 34321 10333
cat_boundaries=0 1 2 3 4 5 6 7 8 9 10 11 12 13 14 15 16 17
cat_threshold=36 49 50 48 4 1 2 2 2 16 8 16 4 48 12 4 32
is_linear=0
shrinkage=0.05


Tree=22
num_leaves=22
num_cat=17
split_feature=1 1 1 1 0 0 0 0 0 0 0 0 0 0 0 0 0 0 0 0 0
split_gain=4.76895e+11 1.89148e+11 7.20317e+10 5.3436e+10 8.40057e+09 4.64307e+09 2.5313e+09 2.40404e+09 1.59538e+09 1.29798e+09 1.17668e+09 8.25426e+08 4.91065e+08 1.23513e+08 3.8789e+07 3.57755e+07 3.17801e+07 1.819e+07 9.67696e+06 8.24453e+06 3.81856e+06
threshold=2.5000000000000004 3.5000000000000004 1.5000000000000002 4.5000000000000009 0 1 2 3 4 5 6 7 8 9 10 11 12 13 14 15 16
decision_type=2 2 2 2 1 1 1 1 1 1 1 1 1 1 1 1 1 1 1 1 1
left_child=2 5 15 6 8 7 17 20 -4 -6 -7 -11 -5 -13 -12 -1 -14 -3 -17 -8 -2
right_child=1 3 4 12 9 10 19 -9 -10 11 14 13 16 -15 -16 18 -18 -19 -20 -21 -22
leaf_value=-59.607694146211557 73.919737221794918 142.92182396484256 -24.477402186880138 234.90057701457633 2.1053740917310777 30.588006951898468 102.09178532616393 37.903092005031887 -35.20161200501169 -11.292076659272647 23.258680906333275 -15.362108761505874 204.72848410018688 -18.818611616799551 20.605159187381354 -78.176557319535021 175.67610399315396 124.43668110359302 -66.219257499378529 95.060675552081193 62.980663538439742
leaf_weight=4073 819 1275 125425 2300 13255 72256 4821 65413 48172 129286 22117 48351 13483 57851 47335 781 1148 6931 95894 29500 9514
leaf_count=4073 819 1275 125425 2300 13255 72256 4821 65413 48172 129286 22117 48351 13483 57851 47335 781 1148 6931 95894 29500 9514
internal_value=0.0119784 53.0702 -28.076 132.098 -19.0138 31.4619 102.19 41.46 -27.4552 -13.121 26.1129 -13.9781 207.221 -17.2466 21.4534 -66.0649 202.57 127.479 -66.3239 96.0778 63.9183
internal_weight=800000 276912 523088 59458 422340 217454 42527 75746 173597 248743 141708 235488 16931 106202 69452 100748 14631 8206 96675 34321 10333
internal_count=800000 276912 523088 59458 422340 217454 42527 75746 173597 248743 141708 235488 16931 106202 69452 100748 14631 8206 96675 34321 10333
cat_boundaries=0 1 2 3 4 5 6 7 8 9 10 11 12 13 14 15 16 17
cat_threshold=36 49 50 48 4 1 2 2 18 16 8 16 9 48 4 4 32
is_linear=0
shrinkage=0.05


Tree=23
num_leaves=22
num_cat=17
split_feature=1 1 1 1 0 0 0 0 0 0 0 0 0 0 0 0 0 0 0 0 0
split_gain=4.30428e+11 1.70737e+11 6.50112e+10 4.82383e+10 7.58161e+09 4.19089e+09 2.28661e+09 2.17076e+09 1.4399e+09 1.17145e+09 1.06193e+09 7.44977e+08 4.47822e+08 1.1147e+08 3.50165e+07 3.21554e+07 3.0054e+07 1.70966e+07 9.46111e+06 7.63534e+06 3.70208e+06
threshold=2.5000000000000004 3.5000000000000004 1.5000000000000002 4.5000000000000009 0 1 2 3 4 5 6 7 8 9 10 11 12 13 14 15 16
decision_type=2 2 2 2 1 1 1 1 1 1 1 1 1 1 1 1 1 1 1 1 1
left_child=2 5 15 6 8 7 17 20 -4 -6 -7 -11 -5 -13 -12 -1 -14 -3 -17 -8 -2
right_child=1 3 4 12 9 10 19 -9 -10 11 14 13 16 -15 -16 18 -18 -19 -20 -21 -22
leaf_value=-56.634605806282039 70.268335431217437 135.83135255984297 -23.2536332686701 225.21449357181834 2.0001853986295091 29.058819137869165 96.997761667078265 36.008230784991717 -33.441895682766905 -10.727516114656904 22.096269848714464 -14.594163125774234 195.10962759024605 -17.877838246109217 19.575111717057339 -72.70198773730165 170.70804692937378 118.22381088639901 -62.892093399605066 90.309250065374684 59.834933254519513
leaf_weight=4073 819 1275 125425 2031 13255 72256 4821 65413 48172 129286 22117 48351 13379 57851 47335 1073 1521 6931 95602 29500 9514
leaf_count=4073 819 1275 125425 2031 13255 72256 4821 65413 48172 129286 22117 48351 13379 57851 47335 1073 1521 6931 95602 29500 9514
internal_value=0.0120179 50.4191 -26.6725 125.502 -18.0632 29.8894 97.0855 39.3881 -26.0826 -12.465 24.8075 -13.2793 196.878 -16.3844 20.381 -62.7627 192.735 121.122 -63.0085 91.2768 60.729
internal_weight=800000 276912 523088 59458 422340 217454 42527 75746 173597 248743 141708 235488 16931 106202 69452 100748 14900 8206 96675 34321 10333
internal_count=800000 276912 523088 59458 422340 217454 42527 75746 173597 248743 141708 235488 16931 106202 69452 100748 14900 8206 96675 34321 10333
cat_boundaries=0 1 2 3 4 5 6 7 8 9 10 11 12 13 14 15 16 17
cat_threshold=36 49 50 48 4 1 2 2 2 16 8 16 17 48 12 4 32
is_linear=0
shrinkage=0.05


Tree=24
num_leaves=22
num_cat=17
split_feature=1 1 1 1 0 0 0 0 0 0 0 0 0 0 0 0 0 0 0 0 0
split_gain=3.88488e+11 1.54117e+11 5.86749e+10 4.35463e+10 6.84248e+09 3.78274e+09 2.06557e+09 1.96012e+09 1.29958e+09 1.05726e+09 9.58364e+08 6.72371e+08 4.07293e+08 1.00602e+08 3.16107e+07 2.89011e+07 2.71659e+07 1.60454e+07 9.0663e+06 7.06698e+06 3.573e+06
threshold=2.5000000000000004 3.5000000000000004 1.5000000000000002 4.5000000000000009 0 1 2 3 4 5 6 7 8 9 10 11 12 13 14 15 16
decision_type=2 2 2 2 1 1 1 1 1 1 1 1 1 1 1 1 1 1 1 1 1
left_child=2 5 15 6 8 7 17 20 -4 -6 -7 -11 -5 -13 -12 -1 -14 -3 -17 -8 -2
right_child=1 3 4 12 9 10 19 -9 -10 11 14 13 16 -15 -16 18 -18 -19 -20 -21 -22
leaf_value=-53.809810805455044 66.79729112370886 129.09263229695739 -22.091039376895409 212.16970886213954 1.9002534337049157 27.606076338213768 92.157922250245875 34.208090218590556 -31.770147165263076 -10.191181178009462 20.991955838283381 -13.864607826174225 184.78512373408793 -16.984105939395867 18.59656322412776 -70.728001597768596 158.50645840089763 112.32112909956464 -59.762870789777452 85.795317887513363 56.846332447071227
leaf_weight=4073 819 1275 125425 2300 13255 72256 4821 65413 48172 129286 22117 48351 13483 57851 47335 781 1148 6931 95894 29500 9514
leaf_count=4073 819 1275 125425 2300 13255 72256 4821 65413 48172 129286 22117 48351 13483 57851 47335 781 1148 6931 95894 29500 9514
internal_value=0.0120288 47.9004 -25.3391 119.236 -17.1602 28.3954 92.2365 37.4198 -24.7786 -11.8419 23.5674 -12.6154 187.051 -15.5653 19.3623 -59.6255 182.833 115.081 -59.8588 86.7156 57.6989
internal_weight=800000 276912 523088 59458 422340 217454 42527 75746 173597 248743 141708 235488 16931 106202 69452 100748 14631 8206 96675 34321 10333
internal_count=800000 276912 523088 59458 422340 217454 42527 75746 173597 248743 141708 235488 16931 106202 69452 100748 14631 8206 96675 34321 10333
cat_boundaries=0 1 2 3 4 5 6 7 8 9 10 11 12 13 14 15 16 17
cat_threshold=36 49 50 48 4 1 2 2 18 16 8 16 9 48 4 4 32
is_linear=0
shrinkage=0.05


Tree=25
num_leaves=22
num_cat=17
split_feature=1 1 1 1 0 0 0 0 0 0 0 0 0 0 0 0 0 0 0 0 0
split_gain=3.50635e+11 1.39116e+11 5.29562e+10 3.93105e+10 6.17542e+09 3.41434e+09 1.8659e+09 1.76992e+09 1.17293e+09 9.54198e+08 8.64902e+08 6.0684e+08 3.72506e+08 9.07939e+07 2.85362e+07 2.5976e+07 2.55261e+07 1.50383e+07 8.70672e+06 6.53681e+06 3.43497e+06
threshold=2.5000000000000004 3.5000000000000004 1.5000000000000002 4.5000000000000009 0 1 2 3 4 5 6 7 8 9 10 11 12 13 14 15 16
decision_type=2 2 2 2 1 1 1 1 1 1 1 1 1 1 1 1 1 1 1 1 1
left_child=2 5 15 6 8 7 17 20 -4 -6 -7 -11 -5 -13 -12 -1 -14 -3 -17 -8 -2
right_child=1 3 4 12 9 10 19 -9 -10 11 14 13 16 -15 -16 18 -18 -19 -20 -21 -22
leaf_value=-51.125912123546279 63.49771929880103 122.68823251241841 -20.986578562839114 203.45243894043418 1.8053114004814532 26.225965351604842 87.559562882565729 32.497948720349015 -30.181972157082789 -9.6816575875495907 19.942833002359141 -13.171517585897583 176.10156812891773 -16.135044681055728 17.666934175377019 -65.744529760577336 154.03471938468988 106.71317227381037 -56.75998861899123 81.507010206780336 54.007002331318347
leaf_weight=4073 819 1275 125425 2031 13255 72256 4821 65413 48172 129286 22117 48351 13379 57851 47335 1073 1521 6931 95602 29500 9514
leaf_count=4073 819 1275 125425 2031 13255 72256 4821 65413 48172 129286 22117 48351 13379 57851 47335 1073 1521 6931 95602 29500 9514
internal_value=0.0120049 45.5076 -24.0724 113.282 -16.3023 26.9762 87.6296 35.5499 -23.5398 -11.2498 22.3893 -11.9847 177.715 -14.7872 18.3945 -56.6451 173.954 109.342 -56.8665 82.3825 54.8199
internal_weight=800000 276912 523088 59458 422340 217454 42527 75746 173597 248743 141708 235488 16931 106202 69452 100748 14900 8206 96675 34321 10333
internal_count=800000 276912 523088 59458 422340 217454 42527 75746 173597 248743 141708 235488 16931 106202 69452 100748 14900 8206 96675 34321 10333
cat_boundaries=0 1 2 3 4 5 6 7 8 9 10 11 12 13 14 15 16 17
cat_threshold=36 49 50 48 4 1 2 2 2 16 8 16 17 48 12 4 32
is_linear=0
shrinkage=0.05


Tree=26
num_leaves=22
num_cat=17
split_feature=1 1 1 1 0 0 0 0 0 0 0 0 0 0 0 0 0 0 0 0 0
split_gain=3.1647e+11 1.25574e+11 4.77949e+10 3.54869e+10 5.57339e+09 3.08182e+09 1.68553e+09 1.59817e+09 1.05863e+09 8.61184e+08 7.80555e+08 5.47697e+08 3.37709e+08 8.19417e+07 2.57606e+07 2.33465e+07 2.31857e+07 1.4077e+07 8.37666e+06 7.11133e+06 3.2908e+06
threshold=2.5000000000000004 3.5000000000000004 1.5000000000000002 4.5000000000000009 0 1 2 3 4 5 6 7 8 9 10 11 12 13 14 15 16
decision_type=2 2 2 2 1 1 1 1 1 1 1 1 1 1 1 1 1 1 1 1 1
left_child=2 5 15 6 8 7 17 20 -4 -6 -7 -11 -5 -13 -12 -1 -14 -3 -17 -8 -2
right_child=1 3 4 12 9 10 19 -9 -10 11 14 13 16 -15 -16 18 -18 -19 -20 -21 -22
leaf_value=-48.575875617930507 60.361128836747973 116.60156586999561 -19.937330404657128 191.63779696014538 1.7151134342433729 24.914846988876775 78.743620204117946 30.873296596046117 -28.67318567547801 -9.197612884625574 18.946137746042957 -12.51308063653323 166.78466175955487 -15.32843497389819 16.783773450062839 -63.990641060791795 143.01435289403523 101.38519769076947 -53.935970684114324 70.082767730443848 51.309482493674949
leaf_weight=4073 819 1275 125425 2300 13255 72256 32346 65413 48172 129286 22117 48351 13483 57851 47335 781 1148 6931 95894 1975 9514
leaf_count=4073 819 1275 125425 2300 13255 72256 32346 65413 48172 129286 22117 48351 13483 57851 47335 781 1148 6931 95894 1975 9514
internal_value=0.011956 43.2343 -22.869 107.626 -15.4873 25.6279 83.2528 33.7734 -22.363 -10.6874 21.27 -11.3856 168.845 -14.048 17.475 -53.8137 165.019 103.888 -54.0238 78.2658 52.0846
internal_weight=800000 276912 523088 59458 422340 217454 42527 75746 173597 248743 141708 235488 16931 106202 69452 100748 14631 8206 96675 34321 10333
internal_count=800000 276912 523088 59458 422340 217454 42527 75746 173597 248743 141708 235488 16931 106202 69452 100748 14631 8206 96675 34321 10333
cat_boundaries=0 1 2 3 4 5 6 7 8 9 10 11 12 13 14 15 16 17
cat_threshold=36 49 50 48 4 1 2 2 18 16 8 16 9 48 4 5 32
is_linear=0
shrinkage=0.05


Tree=27
num_leaves=22
num_cat=17
split_feature=1 1 1 1 0 0 0 0 0 0 0 0 0 0 0 0 0 0 0 0 0
split_gain=2.85634e+11 1.13351e+11 4.31366e+10 3.20352e+10 5.03005e+09 2.78168e+09 1.52262e+09 1.4431e+09 9.55461e+08 7.77236e+08 7.04433e+08 4.94316e+08 3.09836e+08 7.39525e+07 2.32551e+07 2.16453e+07 2.09829e+07 1.31614e+07 1.03954e+07 7.92264e+06 3.14288e+06
threshold=2.5000000000000004 3.5000000000000004 1.5000000000000002 4.5000000000000009 0 1 2 3 4 5 6 7 8 9 10 11 12 13 14 15 16
decision_type=2 2 2 2 1 1 1 1 1 1 1 1 1 1 1 1 1 1 1 1 1
left_child=2 5 16 6 8 7 17 20 -4 -6 -7 -11 -5 -13 -12 -14 -1 -3 -8 -18 -2
right_child=1 3 4 12 9 10 18 -9 -10 11 14 13 15 -15 -16 -17 19 -19 -20 -21 -22
leaf_value=-46.153032482940432 57.379483249398859 110.81685548774927 -18.940548631205299 183.79470795402921 1.6294210778044793 23.669274559368862 79.261610681150444 29.329865685172241 -27.239820426358843 -8.737768069919774 17.999262291837624 -11.887554645792719 158.94509837080557 -14.562144420839235 15.944765791792793 138.98971754303952 -59.453212661084926 96.323240597697023 73.526175515274403 -51.225770615114008 48.746706712831724
leaf_weight=4073 819 1275 125425 2031 13255 72256 4821 65413 48172 129286 22117 48351 13379 57851 47335 1521 1073 6931 29500 95602 9514
leaf_count=4073 819 1275 125425 2031 13255 72256 4821 65413 48172 129286 22117 48351 13379 57851 47335 1521 1073 6931 29500 95602 9514
internal_value=0.0118712 41.0745 -21.7258 102.252 -14.713 24.3469 79.0944 32.0856 -21.245 -10.1531 20.2067 -10.8164 160.418 -13.3457 16.6015 157.003 -51.1239 98.7073 74.3547 -51.3232 49.4858
internal_weight=800000 276912 523088 59458 422340 217454 42527 75746 173597 248743 141708 235488 16931 106202 69452 14900 100748 8206 34321 96675 10333
internal_count=800000 276912 523088 59458 422340 217454 42527 75746 173597 248743 141708 235488 16931 106202 69452 14900 100748 8206 34321 96675 10333
cat_boundaries=0 1 2 3 4 5 6 7 8 9 10 11 12 13 14 15 16 17
cat_threshold=36 49 50 48 4 1 2 2 2 16 8 17 16 48 4 12 32
is_linear=0
shrinkage=0.05


Tree=28
num_leaves=23
num_cat=18
split_feature=1 1 1 1 0 0 0 0 0 0 0 0 0 0 0 0 0 0 0 0 0 0
split_gain=2.57803e+11 1.02317e+11 3.89323e+10 2.89193e+10 4.53967e+09 2.51077e+09 1.37543e+09 1.30306e+09 8.6235e+08 7.01471e+08 6.35737e+08 4.46139e+08 2.80874e+08 6.67423e+07 2.09932e+07 1.88583e+07 1.86897e+07 1.22919e+07 9.78714e+06 7.65414e+06 2.99326e+06 384628
threshold=2.5000000000000004 3.5000000000000004 1.5000000000000002 4.5000000000000009 0 1 2 3 4 5 6 7 8 9 10 11 12 13 14 15 16 17
decision_type=2 2 2 2 1 1 1 1 1 1 1 1 1 1 1 1 1 1 1 1 1 1
left_child=2 5 15 6 8 7 17 20 -4 -6 -7 -11 -5 -13 -12 -1 -14 -3 21 -17 -2 -8
right_child=1 3 4 12 9 10 18 -9 -10 11 14 13 16 -15 -16 19 -18 -19 -20 -21 -22 -23
leaf_value=-43.851031924029826 54.54511583256923 105.31912921593812 -17.99359253318654 174.65000586614838 1.5480110569050571 22.485982074800365 75.306731794310323 27.863600098849702 -25.878112601188811 -8.3009109173297837 17.099702540597757 -11.293298358045222 151.00377883163949 -13.834162504677003 15.147692886362208 -57.896479120266577 132.08562597870284 91.514020131386914 62.93849970829578 -48.677176613555673 46.311929574577512 70.324068620001015
leaf_weight=4073 819 1275 125425 2031 13255 72256 4821 65413 48172 129286 22117 48351 13379 57851 47335 781 1521 6931 1975 95894 9514 27525
leaf_count=4073 819 1275 125425 2031 13255 72256 4821 65413 48172 129286 22117 48351 13379 57851 47335 781 1521 6931 1975 95894 9514 27525
internal_value=0.0117783 39.0226 -20.6398 97.1462 -13.9775 23.13 75.144 30.4822 -20.1829 -9.64553 19.1966 -10.2756 152.411 -12.6785 15.7717 -48.5685 149.162 93.7846 70.6392 -48.7576 47.0166 71.0898
internal_weight=800000 276912 523088 59458 422340 217454 42527 75746 173597 248743 141708 235488 16931 106202 69452 100748 14900 8206 34321 96675 10333 32346
internal_count=800000 276912 523088 59458 422340 217454 42527 75746 173597 248743 141708 235488 16931 106202 69452 100748 14900 8206 34321 96675 10333 32346
cat_boundaries=0 1 2 3 4 5 6 7 8 9 10 11 12 13 14 15 16 17 18
cat_threshold=36 49 50 48 4 1 2 2 2 16 8 16 17 48 5 4 32 4
is_linear=0
shrinkage=0.05


Tree=29
num_leaves=23
num_cat=18
split_feature=1 1 1 1 0 0 0 0 0 0 0 0 0 0 0 0 0 0 0 0 0 0
split_gain=2.32685e+11 9.23594e+10 3.51378e+10 2.61059e+10 4.0971e+09 2.26625e+09 1.24237e+09 1.17662e+09 7.78314e+08 6.33093e+08 5.73738e+08 4.02657e+08 2.56176e+08 6.02349e+07 1.96491e+07 1.89516e+07 1.69487e+07 1.1468e+07 8.67214e+06 7.14285e+06 2.84361e+06 446177
threshold=2.5000000000000004 3.5000000000000004 1.5000000000000002 4.5000000000000009 0 1 2 3 4 5 6 7 8 9 10 11 12 13 14 15 16 17
decision_type=2 2 2 2 1 1 1 1 1 1 1 1 1 1 1 1 1 1 1 1 1 1
left_child=2 5 16 6 8 7 17 20 -4 -6 -7 -11 -5 -13 -14 -12 -1 -3 21 -18 -2 -8
right_child=1 3 4 12 9 10 18 -9 -10 11 15 13 14 -15 -16 -17 19 -19 -20 -21 -22 -23
leaf_value=-41.663848905075191 51.850763445740306 100.09415190607658 -17.093982454715732 164.5351153214979 1.4706693607162091 21.361829397182376 71.549190249834908 26.470633123237423 -24.58447961717458 -7.8858983867431895 16.24510675557249 -10.728751551010742 143.01938125761887 -13.142572730926032 122.48865924663906 14.390464816071791 -53.764193969508177 86.944915180456363 59.807431483905319 -46.231141597558945 43.998767117600842 66.809144129672589
leaf_weight=4073 819 1275 125425 2300 13255 72256 4821 65413 48172 129286 22117 48351 13483 57851 1148 47335 1073 6931 1975 95602 9514 27525
leaf_count=4073 819 1275 125425 2300 13255 72256 4821 65413 48172 129286 22117 48351 13483 57851 1148 47335 1073 6931 1975 95602 9514 27525
internal_value=0.0117015 37.0734 -19.608 92.2962 -13.2787 21.9739 71.3915 28.959 -19.1738 -9.16332 18.237 -9.76191 144.804 -12.0447 141.493 14.9833 -46.1408 89.1073 67.1102 -46.3203 44.6707 67.5375
internal_weight=800000 276912 523088 59458 422340 217454 42527 75746 173597 248743 141708 235488 16931 106202 14631 69452 100748 8206 34321 96675 10333 32346
internal_count=800000 276912 523088 59458 422340 217454 42527 75746 173597 248743 141708 235488 16931 106202 14631 69452 100748 8206 34321 96675 10333 32346
cat_boundaries=0 1 2 3 4 5 6 7 8 9 10 11 12 13 14 15 16 17 18
cat_threshold=36 49 50 48 4 1 2 2 18 16 9 8 16 48 5 12 32 4
is_linear=0
shrinkage=0.05


Tree=30
num_leaves=23
num_cat=18
split_feature=1 1 1 1 0 0 0 0 0 0 0 0 0 0 0 0 0 0 0 0 0 0
split_gain=2.10013e+11 8.33705e+10 3.17131e+10 2.35661e+10 3.69768e+09 2.04554e+09 1.12217e+09 1.06245e+09 7.02464e+08 5.71379e+08 5.17786e+08 3.63412e+08 2.33491e+08 5.43623e+07 1.71082e+07 1.57387e+07 1.52322e+07 1.06891e+07 7.90844e+06 6.93104e+06 2.69526e+06 834116
threshold=2.5000000000000004 3.5000000000000004 1.5000000000000002 4.5000000000000009 0 1 2 3 4 5 6 7 8 9 10 11 12 13 14 15 16 17
decision_type=2 2 2 2 1 1 1 1 1 1 1 1 1 1 1 1 1 1 1 1 1 1
left_child=2 5 16 6 8 7 17 20 -4 -6 -7 -11 -5 -13 -12 -14 -1 -3 -8 -18 -2 -20
right_child=1 3 4 12 9 10 18 -9 -10 11 14 13 15 -15 -16 -17 19 -19 21 -21 -22 -23
leaf_value=-39.585762411462547 49.28949431590781 95.128394902745114 -16.239354718114381 157.77383393133931 1.3971907977504276 20.293889686793616 67.979140247604761 25.147301604237104 -23.355511288054828 -7.4916389551069491 15.433219022535788 -10.192421723196963 136.29199251135324 -12.48555737271743 13.671098290380071 119.18995803322066 -52.384028067992702 82.603928920876115 63.469907428941646 -43.931108310179525 41.801138586819746 56.832119765918264
leaf_weight=4073 819 1275 125425 2031 13255 72256 4821 65413 48172 129286 22117 48351 13379 57851 47335 1521 781 6931 27525 95894 9514 1975
leaf_count=4073 819 1275 125425 2031 13255 72256 4821 65413 48172 129286 22117 48351 13379 57851 47335 1521 781 6931 27525 95894 9514 1975
internal_value=0.0116009 35.2215 -18.6278 87.6882 -12.6148 20.8757 67.8265 27.5118 -18.2153 -8.70521 17.3253 -9.27389 137.577 -11.4426 14.2344 134.627 -43.8345 84.6633 63.7576 -44.0048 42.4418 63.0449
internal_weight=800000 276912 523088 59458 422340 217454 42527 75746 173597 248743 141708 235488 16931 106202 69452 14900 100748 8206 34321 96675 10333 29500
internal_count=800000 276912 523088 59458 422340 217454 42527 75746 173597 248743 141708 235488 16931 106202 69452 14900 100748 8206 34321 96675 10333 29500
cat_boundaries=0 1 2 3 4 5 6 7 8 9 10 11 12 13 14 15 16 17 18
cat_threshold=36 49 50 48 4 1 2 2 2 16 8 17 16 48 4 4 32 1
is_linear=0
shrinkage=0.05


Tree=31
num_leaves=23
num_cat=18
split_feature=1 1 1 1 0 0 0 0 0 0 0 0 0 0 0 0 0 0 0 0 0 0
split_gain=1.89551e+11 7.52565e+10 2.86222e+10 2.12735e+10 3.3372e+09 1.84633e+09 1.01361e+09 9.59354e+08 6.34007e+08 5.15682e+08 4.67291e+08 3.27993e+08 2.12357e+08 4.90621e+07 1.67736e+07 1.54443e+07 1.36894e+07 9.95407e+06 7.21261e+06 6.421e+06 2.54936e+06 627981
threshold=2.5000000000000004 3.5000000000000004 1.5000000000000002 4.5000000000000009 0 1 2 3 4 5 6 7 8 9 10 11 12 13 14 15 16 17
decision_type=2 2 2 2 1 1 1 1 1 1 1 1 1 1 1 1 1 1 1 1 1 1
left_child=2 5 16 6 8 7 17 20 -4 -6 -7 -11 -5 -13 -14 -12 -1 -3 -8 -18 -2 -20
right_child=1 3 4 12 9 10 18 -9 -10 11 15 13 14 -15 -16 -17 19 -19 21 -21 -22 -23
leaf_value=-37.611317524009557 46.854741639711314 90.40898257452227 -15.427455083123474 148.61451394758183 1.3273823865925731 19.27934047136306 64.587217706874952 23.890127052918317 -22.187976516223898 -7.1170855644344915 14.661907527035897 -9.6829071400156241 129.08780378993194 -11.861390119246606 110.50908204508569 12.9876848647214 -49.797936637603527 78.479675839919736 60.297559232478015 -41.734780846305959 39.713271388753235 54.004828299515196
leaf_weight=4073 819 1275 125425 2300 13255 72256 4821 65413 48172 129286 22117 48351 13483 57851 1148 47335 781 6931 27525 95894 9514 1975
leaf_count=4073 819 1275 125425 2300 13255 72256 4821 65413 48172 129286 22117 48351 13483 57851 1148 47335 781 6931 27525 95894 9514 1975
internal_value=0.011483 33.4621 -17.6966 83.3104 -11.9842 19.8323 64.4395 26.137 -17.3046 -8.27001 16.4592 -8.81026 130.71 -10.8706 127.707 13.5229 -41.6434 80.441 60.5725 -41.8051 40.3241 59.8947
internal_weight=800000 276912 523088 59458 422340 217454 42527 75746 173597 248743 141708 235488 16931 106202 14631 69452 100748 8206 34321 96675 10333 29500
internal_count=800000 276912 523088 59458 422340 217454 42527 75746 173597 248743 141708 235488 16931 106202 14631 69452 100748 8206 34321 96675 10333 29500
cat_boundaries=0 1 2 3 4 5 6 7 8 9 10 11 12 13 14 15 16 17 18
cat_threshold=36 49 50 48 4 1 2 2 18 16 9 8 16 48 4 4 32 1
is_linear=0
shrinkage=0.05


Tree=32
num_leaves=23
num_cat=18
split_feature=1 1 1 1 0 0 0 0 0 0 0 0 0 0 0 0 0 0 0 0 0 0
split_gain=1.71083e+11 6.79321e+10 2.58326e+10 1.92038e+10 3.01186e+09 1.66652e+09 9.15543e+08 8.66262e+08 5.72222e+08 4.65413e+08 4.21719e+08 2.96027e+08 1.94088e+08 4.42788e+07 1.39421e+07 1.32298e+07 1.23027e+07 9.26166e+06 6.57725e+06 6.1795e+06 2.4068e+06 454378
threshold=2.5000000000000004 3.5000000000000004 1.5000000000000002 4.5000000000000009 0 1 2 3 4 5 6 7 8 9 10 11 12 13 14 15 16 17
decision_type=2 2 2 2 1 1 1 1 1 1 1 1 1 1 1 1 1 1 1 1 1 1
left_child=2 5 16 6 8 7 17 20 -4 -6 -7 -11 -5 -13 -12 -14 -1 -3 -8 -18 -2 -20
right_child=1 3 4 12 9 10 18 -9 -10 11 14 13 15 -15 -16 -17 19 -19 21 -21 -22 -23
leaf_value=-35.735357137208709 44.540268719469537 85.923720226213632 -14.656137970827707 142.52946931763293 1.2610635103785763 18.315500654689409 61.364540699527176 22.695812515448409 -21.078806577380611 -6.7612556786337139 13.929142347815002 -9.1988605065863513 123.0132880133024 -11.26842460088413 12.338439458713498 107.5536982054807 -46.261535414830469 74.561347206743903 57.28378003141377 -39.636981756388032 37.729693103006838 51.318189991006925
leaf_weight=4073 819 1275 125425 2031 13255 72256 4821 65413 48172 129286 22117 48351 13379 57851 47335 1521 1073 6931 27525 95602 9514 1975
leaf_count=4073 819 1275 125425 2031 13255 72256 4821 65413 48172 129286 22117 48351 13379 57851 47335 1521 1073 6931 27525 95602 9514 1975
internal_value=0.0113476 31.7907 -16.812 79.151 -11.385 18.841 61.2216 24.8309 -16.4395 -7.85656 15.6364 -8.3698 124.186 -10.3272 12.8469 121.508 -39.5619 76.4292 57.5465 -39.7153 38.312 56.9019
internal_weight=800000 276912 523088 59458 422340 217454 42527 75746 173597 248743 141708 235488 16931 106202 69452 14900 100748 8206 34321 96675 10333 29500
internal_count=800000 276912 523088 59458 422340 217454 42527 75746 173597 248743 141708 235488 16931 106202 69452 14900 100748 8206 34321 96675 10333 29500
cat_boundaries=0 1 2 3 4 5 6 7 8 9 10 11 12 13 14 15 16 17 18
cat_threshold=36 49 50 48 4 1 2 2 2 16 8 17 16 48 4 12 32 1
is_linear=0
shrinkage=0.05


Tree=33
num_leaves=23
num_cat=18
split_feature=1 1 1 1 0 0 0 0 0 0 0 0 0 0 0 0 0 0 0 0 0 0
split_gain=1.54413e+11 6.13207e+10 2.33149e+10 1.73356e+10 2.71824e+09 1.50421e+09 8.26968e+08 7.82206e+08 5.16457e+08 4.20045e+08 3.80593e+08 2.67175e+08 1.75983e+08 3.99616e+07 1.43071e+07 1.25861e+07 1.10563e+07 8.61043e+06 5.99736e+06 5.74983e+06 2.26823e+06 308824
threshold=2.5000000000000004 3.5000000000000004 1.5000000000000002 4.5000000000000009 0 1 2 3 4 5 6 7 8 9 10 11 12 13 14 15 16 17
decision_type=2 2 2 2 1 1 1 1 1 1 1 1 1 1 1 1 1 1 1 1 1 1
left_child=2 5 16 6 8 7 17 20 -4 -6 -7 -11 -5 -13 -14 -12 -1 -3 -8 -18 -2 -20
right_child=1 3 4 12 9 10 18 -9 -10 11 15 13 14 -15 -16 -17 19 -19 21 -21 -22 -23
leaf_value=-33.952965693248423 42.340122286747103 81.660970389815162 -13.923393528048331 134.23395577961233 1.198058057692291 17.399855435788972 58.302663695434688 21.561186124644991 -20.025084393277105 -6.4232181867873397 13.232997182033291 -8.7390117710290056 116.51346008845294 -10.705096844719819 99.700100859623916 11.72164476201884 -45.055681165943554 70.838649307475833 54.420629352152574 -37.665612791880868 35.845192103779453 48.765203600290143
leaf_weight=4073 819 1275 125425 2300 13255 72256 4821 65413 48172 129286 22117 48351 13483 57851 1148 47335 781 6931 27525 95894 9514 1975
leaf_count=4073 819 1275 125425 2300 13255 72256 4821 65413 48172 129286 22117 48351 13483 57851 1148 47335 781 6931 27525 95894 9514 1975
internal_value=0.0111976 30.2027 -15.9715 75.1994 -10.8159 17.8993 58.1644 23.59 -15.6176 -7.46379 14.8548 -7.95137 117.988 -9.8109 115.263 12.2048 -37.5844 72.6175 54.6716 -37.73 36.4004 54.0587
internal_weight=800000 276912 523088 59458 422340 217454 42527 75746 173597 248743 141708 235488 16931 106202 14631 69452 100748 8206 34321 96675 10333 29500
internal_count=800000 276912 523088 59458 422340 217454 42527 75746 173597 248743 141708 235488 16931 106202 14631 69452 100748 8206 34321 96675 10333 29500
cat_boundaries=0 1 2 3 4 5 6 7 8 9 10 11 12 13 14 15 16 17 18
cat_threshold=36 49 50 48 4 1 2 2 18 16 9 8 16 48 4 4 32 1
is_linear=0
shrinkage=0.05


Tree=34
num_leaves=23
num_cat=18
split_feature=1 1 1 1 0 0 0 0 0 0 0 0 0 0 0 0 0 0 0 0 0 0
split_gain=1.39368e+11 5.53526e+10 2.10425e+10 1.5649e+10 2.45324e+09 1.35772e+09 7.46962e+08 7.06304e+08 4.66128e+08 3.79099e+08 3.43476e+08 2.41136e+08 1.61326e+08 3.60653e+07 1.1362e+07 1.11012e+07 9.93609e+06 7.99876e+06 5.47922e+06 5.46816e+06 2.1342e+06 187424
threshold=2.5000000000000004 3.5000000000000004 1.5000000000000002 4.5000000000000009 0 1 2 3 4 5 6 7 8 9 10 11 12 13 14 15 16 17
decision_type=2 2 2 2 1 1 1 1 1 1 1 1 1 1 1 1 1 1 1 1 1 1
left_child=2 5 16 6 8 7 17 20 -4 -6 -7 -11 -5 -13 -12 -14 -1 -3 -18 -8 -2 -21
right_child=1 3 4 12 9 10 19 -9 -10 11 14 13 15 -15 -16 -17 18 -19 -20 21 -22 -23
leaf_value=-32.259474409908286 40.248649319693612 77.609690199083857 -13.22727486961098 128.75910580741137 1.1381979664451349 16.529978337827782 55.393569236886449 20.483295138870595 -19.024039630922356 -6.1020829045717981 12.571650214183832 -8.3021547275208771 111.02809842913706 -10.169935267095328 11.135686899729649 97.053882512541719 -41.837459819402724 67.301822572275881 -35.772259162585769 51.70058471674146 34.054812383551599 46.339233053577338
leaf_weight=4073 819 1275 125425 2031 13255 72256 4821 65413 48172 129286 22117 48351 13379 57851 47335 1521 1073 6931 95602 27525 9514 1975
leaf_count=4073 819 1275 125425 2031 13255 72256 4821 65413 48172 129286 22117 48351 13379 57851 47335 1521 1073 6931 95602 27525 9514 1975
internal_value=0.0110324 28.694 -15.1731 71.445 -10.2751 17.0047 55.2599 22.4112 -14.8368 -7.09065 14.1122 -7.55386 112.099 -9.32045 11.5947 109.668 -35.7057 68.9959 -35.8439 51.9404 34.5842 51.3575
internal_weight=800000 276912 523088 59458 422340 217454 42527 75746 173597 248743 141708 235488 16931 106202 69452 14900 100748 8206 96675 34321 10333 29500
internal_count=800000 276912 523088 59458 422340 217454 42527 75746 173597 248743 141708 235488 16931 106202 69452 14900 100748 8206 96675 34321 10333 29500
cat_boundaries=0 1 2 3 4 5 6 7 8 9 10 11 12 13 14 15 16 17 18
cat_threshold=36 49 50 48 4 1 2 2 2 16 8 17 16 48 12 4 32 1
is_linear=0
shrinkage=0.05


Tree=35
num_leaves=23
num_cat=18
split_feature=1 1 1 1 0 0 0 0 0 0 0 0 0 0 0 0 0 0 0 0 0 0
split_gain=1.25789e+11 4.99654e+10 1.89916e+10 1.41266e+10 2.21408e+09 1.22549e+09 6.74697e+08 6.37768e+08 4.20702e+08 3.42145e+08 3.09981e+08 2.17634e+08 1.4622e+08 3.25489e+07 1.02569e+07 9.60559e+06 8.93317e+06 7.4252e+06 5.10714e+06 4.98519e+06 2.00513e+06 86941.7
threshold=2.5000000000000004 3.5000000000000004 1.5000000000000002 4.5000000000000009 0 1 2 3 4 5 6 7 8 9 10 11 12 13 14 15 16 17
decision_type=2 2 2 2 1 1 1 1 1 1 1 1 1 1 1 1 1 1 1 1 1 1
left_child=2 5 16 6 8 7 17 20 -4 -6 -7 -11 -5 -13 -12 -14 18 -3 -1 -8 -2 -21
right_child=1 3 4 12 9 10 19 -9 -10 11 14 13 15 -15 -16 -17 -18 -19 -20 21 -22 -23
leaf_value=-33.995468797538329 38.260495565826268 73.759405951444279 -12.565966460892881 122.35269599383747 1.0813328042301735 15.703600846266491 52.629627001001779 19.459287595007659 -18.073034543921022 -5.7970015095019241 11.943346859363931 -7.8871346553110842 105.48084025458587 -9.6615268376297117 10.579019656469885 92.232888663694951 -30.704595147689886 63.941584522218186 -40.765952204633152 49.116492188015371 32.353856610871325 44.033944513047075
leaf_weight=95760 819 1275 125425 2031 13255 72256 4821 65413 48172 129286 22117 48351 13379 57851 47335 1521 4207 6931 781 27525 9514 1975
leaf_count=95760 819 1275 125425 2031 13255 72256 4821 65413 48172 129286 22117 48351 13379 57851 47335 1521 4207 6931 781 27525 9514 1975
internal_value=0.0108592 27.2607 -14.4146 67.8781 -9.76144 16.1547 52.5004 21.2913 -14.0951 -6.73616 13.4067 -7.17622 106.504 -8.85451 11.0151 104.191 -33.921 65.5549 -34.0545 49.3456 32.8586 48.7913
internal_weight=800000 276912 523088 59458 422340 217454 42527 75746 173597 248743 141708 235488 16931 106202 69452 14900 100748 8206 96541 34321 10333 29500
internal_count=800000 276912 523088 59458 422340 217454 42527 75746 173597 248743 141708 235488 16931 106202 69452 14900 100748 8206 96541 34321 10333 29500
cat_boundaries=0 1 2 3 4 5 6 7 8 9 10 11 12 13 14 15 16 17 18
cat_threshold=36 49 50 48 4 1 2 2 2 16 8 17 44 48 40 4 32 1
is_linear=0
shrinkage=0.05


Tree=36
num_leaves=23
num_cat=18
split_feature=1 1 1 1 0 0 0 0 0 0 0 0 0 0 0 0 0 0 0 0 0 0
split_gain=1.13533e+11 4.51026e+10 1.71406e+10 1.27523e+10 1.99823e+09 1.10614e+09 6.09421e+08 5.75882e+08 3.79703e+08 3.08793e+08 2.7975e+08 1.96423e+08 1.33381e+08 2.93754e+07 1.20056e+07 9.2592e+06 8.05268e+06 6.88815e+06 4.83264e+06 4.54429e+06 1.88122e+06 4447.04
threshold=2.5000000000000004 3.5000000000000004 1.5000000000000002 4.5000000000000009 0 1 2 3 4 5 6 7 8 9 10 11 12 13 14 15 16 17
decision_type=2 2 2 2 1 1 1 1 1 1 1 1 1 1 1 1 1 1 1 1 1 1
left_child=2 5 16 6 8 7 17 20 -4 -6 -7 -11 -5 -13 -14 -12 -1 -3 -18 -8 -2 -21
right_child=1 3 4 12 9 10 19 -9 -10 11 15 13 14 -15 -16 -17 18 -19 -20 21 -22 -23
leaf_value=-29.118982572529848 36.370543445177617 70.100137685374989 -11.937718728775948 115.25155274282803 1.0273089361424452 14.918526530730993 50.003587315408765 18.486473646904894 -17.169568803767518 -5.5071746974637676 11.346449136445239 -7.4928583537380362 99.912300597125636 -9.1785323305437068 85.375533514072245 10.050183861527326 -37.836700484539115 60.749104550724297 -32.284465784211243 46.661565045366622 30.737866215150007 41.843340627948947
leaf_weight=4073 819 1275 125425 2300 13255 72256 4821 65413 48172 129286 22117 48351 13483 57851 1148 47335 1073 6931 95602 27525 9514 1975
leaf_count=4073 819 1275 125425 2300 13255 72256 4821 65413 48172 129286 22117 48351 13483 57851 1148 47335 1073 6931 95602 27525 9514 1975
internal_value=0.0106748 25.899 -13.6941 64.4893 -9.27343 15.3473 49.8787 20.2273 -13.3904 -6.3994 12.7365 -6.81745 101.188 -8.41187 98.8308 10.4646 -32.2255 62.2856 -32.35 46.8804 31.219 46.3533
internal_weight=800000 276912 523088 59458 422340 217454 42527 75746 173597 248743 141708 235488 16931 106202 14631 69452 100748 8206 96675 34321 10333 29500
internal_count=800000 276912 523088 59458 422340 217454 42527 75746 173597 248743 141708 235488 16931 106202 14631 69452 100748 8206 96675 34321 10333 29500
cat_boundaries=0 1 2 3 4 5 6 7 8 9 10 11 12 13 14 15 16 17 18
cat_threshold=36 49 50 48 4 1 2 2 18 16 9 8 16 48 12 4 32 1
is_linear=0
shrinkage=0.05


Tree=37
num_leaves=22
num_cat=17
split_feature=1 1 1 1 0 0 0 0 0 0 0 0 0 0 0 0 0 0 0 0 0
split_gain=1.02471e+11 4.07129e+10 1.547e+10 1.15116e+10 1.80342e+09 9.98417e+08 5.50462e+08 5.20002e+08 3.42701e+08 2.78692e+08 2.52468e+08 1.77279e+08 1.21474e+08 2.65115e+07 8.35867e+06 7.99662e+06 7.23902e+06 6.38564e+06 4.52331e+06 4.14222e+06 1.76274e+06
threshold=2.5000000000000004 3.5000000000000004 1.5000000000000002 4.5000000000000009 0 1 2 3 4 5 6 7 8 9 10 11 12 13 14 15 16
decision_type=2 2 2 2 1 1 1 1 1 1 1 1 1 1 1 1 1 1 1 1 1
left_child=2 5 16 6 8 7 17 20 -4 -6 -7 -11 -5 -13 -12 -14 18 -3 -1 -8 -2
right_child=1 3 4 12 9 10 19 -9 -10 11 14 13 15 -15 -16 -17 -18 -19 -20 -21 -22
leaf_value=-30.680972096662227 34.573954954711034 66.622399570598688 -11.340876270035567 110.53069193726483 0.97598164247468966 14.172701906250623 47.508583113540652 17.562285783177419 -16.311270782203419 -5.2318377364937172 10.779386743301242 -7.1182937838062434 95.203443640310695 -8.7196893253681775 9.5477823267195543 83.233386880287867 -27.715479926054361 57.716025901984601 -36.885503948804853 44.037106515651075 29.202586901903853
leaf_weight=95760 819 1275 125425 2031 13255 72256 4821 65413 48172 129286 22117 48351 13379 57851 47335 1521 4207 6931 781 29500 9514
leaf_count=95760 819 1275 125425 2031 13255 72256 4821 65413 48172 129286 22117 48351 13379 57851 47335 1521 4207 6931 781 29500 9514
internal_value=0.0104795 24.6053 -13.0095 61.2696 -8.80982 14.5802 47.3879 19.2165 -12.721 -6.07947 12.0998 -6.47663 96.1374 -7.99135 9.94148 94.0382 -30.6147 59.1793 -30.735 44.5384 29.6613
internal_weight=800000 276912 523088 59458 422340 217454 42527 75746 173597 248743 141708 235488 16931 106202 69452 14900 100748 8206 96541 34321 10333
internal_count=800000 276912 523088 59458 422340 217454 42527 75746 173597 248743 141708 235488 16931 106202 69452 14900 100748 8206 96541 34321 10333
cat_boundaries=0 1 2 3 4 5 6 7 8 9 10 11 12 13 14 15 16 17
cat_threshold=36 49 50 48 4 1 2 2 2 16 8 17 44 48 40 4 32
is_linear=0
shrinkage=0.05


Tree=38
num_leaves=23
num_cat=18
split_feature=1 1 1 1 0 0 0 0 0 0 0 0 0 0 0 0 0 0 0 0 0 0
split_gain=9.2487e+10 3.675e+10 1.39623e+10 1.03919e+10 1.62761e+09 9.01183e+08 4.97251e+08 4.69544e+08 3.09303e+08 2.51526e+08 2.27847e+08 1.60001e+08 1.10512e+08 2.39268e+07 1.02517e+07 7.54571e+06 6.52617e+06 5.91622e+06 4.52749e+06 4.24328e+06 1.64974e+06 380811
threshold=2.5000000000000004 3.5000000000000004 1.5000000000000002 4.5000000000000009 0 1 2 3 4 5 6 7 8 9 10 11 12 13 14 15 16 17
decision_type=2 2 2 2 1 1 1 1 1 1 1 1 1 1 1 1 1 1 1 1 1 1
left_child=2 5 16 6 8 7 17 20 -4 -6 -7 -11 -5 -13 -14 -12 -1 -3 21 -18 -2 -8
right_child=1 3 4 12 9 10 18 -9 -10 11 15 13 14 -15 -16 -17 19 -19 -20 -21 -22 -23
leaf_value=-26.284219666891403 32.86611097934594 63.317207913825484 -10.77387963183866 104.10056013458218 0.92721711371019566 13.464166227333363 45.138072440373037 16.684309169657688 -15.495872862631664 -4.9702687970830173 10.240660962654625 -6.7624499820410193 90.180299454467601 -8.2837797941869589 77.01789519601536 9.0704927471208023 -34.218731998714823 54.834383014656424 37.570948055228904 -29.136729513575972 27.743992409852314 42.128271061052359
leaf_weight=4073 819 1275 125425 2300 13255 72256 4821 65413 48172 129286 22117 48351 13483 57851 1148 47335 1073 6931 1975 95602 9514 27525
leaf_count=4073 819 1275 125425 2300 13255 72256 4821 65413 48172 129286 22117 48351 13483 57851 1148 47335 1073 6931 1975 95602 9514 27525
internal_value=0.0102544 23.3761 -12.3592 58.2104 -8.36939 13.8515 45.0211 18.2562 -12.085 -5.77554 11.4949 -6.15284 91.3391 -7.59186 89.2008 9.44455 -29.0844 56.2279 42.3128 -29.1967 28.1814 42.5907
internal_weight=800000 276912 523088 59458 422340 217454 42527 75746 173597 248743 141708 235488 16931 106202 14631 69452 100748 8206 34321 96675 10333 32346
internal_count=800000 276912 523088 59458 422340 217454 42527 75746 173597 248743 141708 235488 16931 106202 14631 69452 100748 8206 34321 96675 10333 32346
cat_boundaries=0 1 2 3 4 5 6 7 8 9 10 11 12 13 14 15 16 17 18
cat_threshold=36 49 50 48 4 1 2 2 18 16 9 8 16 48 5 12 32 4
is_linear=0
shrinkage=0.05


Tree=39
num_leaves=23
num_cat=18
split_feature=1 1 1 1 0 0 0 0 0 0 0 0 0 0 0 0 0 0 0 0 0 0
split_gain=8.34757e+10 3.31733e+10 1.26014e+10 9.38093e+09 1.46894e+09 8.13417e+08 4.49144e+08 4.23982e+08 2.79161e+08 2.27007e+08 2.05627e+08 1.44407e+08 1.00909e+08 2.15937e+07 6.81178e+06 6.64207e+06 5.86595e+06 5.47797e+06 4.02706e+06 3.98858e+06 1.54227e+06 379504
threshold=2.5000000000000004 3.5000000000000004 1.5000000000000002 4.5000000000000009 0 1 2 3 4 5 6 7 8 9 10 11 12 13 14 15 16 17
decision_type=2 2 2 2 1 1 1 1 1 1 1 1 1 1 1 1 1 1 1 1 1 1
left_child=2 5 16 6 8 7 17 20 -4 -6 -7 -11 -5 -13 -12 -14 19 -3 21 -1 -2 -8
right_child=1 3 4 12 9 10 18 -9 -10 11 14 13 15 -15 -16 -17 -18 -19 -20 -21 -22 -23
leaf_value=-27.689623465576364 31.242627114639927 60.175983005813123 -10.23522825979258 99.851700861835994 0.88089231870150153 12.79105156317922 42.88583609317061 15.850219606045286 -14.721243486078675 -4.7217705685702045 9.728861221564836 -6.4243997733938727 85.927199130758467 -7.8696566602048579 8.6170668862439825 75.112820920813405 -25.01736573937778 52.096619956381055 35.701862765967995 -33.37523921069544 26.358246894795975 40.022624196470474
leaf_weight=95760 819 1275 125425 2031 13255 72256 4821 65413 48172 129286 22117 48351 13379 57851 47335 1521 4207 6931 1975 781 9514 27525
leaf_count=95760 819 1275 125425 2031 13255 72256 4821 65413 48172 129286 22117 48351 13379 57851 47335 1521 4207 6931 1975 781 9514 27525
internal_value=0.0100484 22.2084 -11.7413 55.3042 -7.95097 13.1591 42.7729 17.3439 -11.4808 -5.4868 10.9203 -5.84524 86.7801 -7.21234 8.97247 84.8744 -27.6307 53.4237 40.199 -27.7391 26.7752 40.4625
internal_weight=800000 276912 523088 59458 422340 217454 42527 75746 173597 248743 141708 235488 16931 106202 69452 14900 100748 8206 34321 96541 10333 32346
internal_count=800000 276912 523088 59458 422340 217454 42527 75746 173597 248743 141708 235488 16931 106202 69452 14900 100748 8206 34321 96541 10333 32346
cat_boundaries=0 1 2 3 4 5 6 7 8 9 10 11 12 13 14 15 16 17 18
cat_threshold=36 49 50 48 4 1 2 2 2 16 8 17 44 48 5 40 32 4
is_linear=0
shrinkage=0.05


Tree=40
num_leaves=23
num_cat=18
split_feature=1 1 1 1 0 0 0 0 0 0 0 0 0 0 0 0 0 0 0 0 0 0
split_gain=7.53424e+10 2.99447e+10 1.13733e+10 8.46831e+09 1.32573e+09 7.34199e+08 4.0569e+08 3.82841e+08 2.51956e+08 2.04879e+08 1.85574e+08 1.30332e+08 9.15398e+07 1.94884e+07 8.75198e+06 6.14926e+06 5.28897e+06 5.06937e+06 3.71101e+06 3.58122e+06 1.44031e+06 374883
threshold=2.5000000000000004 3.5000000000000004 1.5000000000000002 4.5000000000000009 0 1 2 3 4 5 6 7 8 9 10 11 12 13 14 15 16 17
decision_type=2 2 2 2 1 1 1 1 1 1 1 1 1 1 1 1 1 1 1 1 1 1
left_child=2 5 16 6 8 7 17 20 -4 -6 -7 -11 -5 -13 -14 -12 -1 -3 -18 21 -2 -8
right_child=1 3 4 12 9 10 19 -9 -10 11 15 13 14 -15 -16 -17 18 -19 -20 -21 -22 -23
leaf_value=-23.725422284137728 29.699345288201897 57.190596160888674 -9.7235114788557677 94.028166167204517 0.83688139748851897 12.151588851346578 40.745981893122902 15.057828631936841 -13.985334271628743 -4.4857025308075587 9.2426368439004118 -6.103247417792999 81.3963995479631 -7.4762437812523137 69.4770468341666 8.1863033028501988 -30.94688705446978 49.495542368513071 -26.295898388036846 33.925766723978732 25.041716620327293 38.022224061992617
leaf_weight=4073 819 1275 125425 2300 13255 72256 4821 65413 48172 129286 22117 48351 13483 57851 1148 47335 1073 6931 95602 1975 9514 27525
leaf_count=4073 819 1275 125425 2300 13255 72256 4821 65413 48172 129286 22117 48351 13483 57851 1148 47335 1073 6931 95602 1975 9514 27525
internal_value=0.0098367 21.0991 -11.1544 52.5431 -7.55347 12.5014 40.6369 16.4772 -10.9069 -5.2125 10.3744 -5.55302 82.4488 -6.85179 80.5093 8.52398 -26.2496 50.7593 -26.3507 38.1908 25.4392 38.4407
internal_weight=800000 276912 523088 59458 422340 217454 42527 75746 173597 248743 141708 235488 16931 106202 14631 69452 100748 8206 96675 34321 10333 32346
internal_count=800000 276912 523088 59458 422340 217454 42527 75746 173597 248743 141708 235488 16931 106202 14631 69452 100748 8206 96675 34321 10333 32346
cat_boundaries=0 1 2 3 4 5 6 7 8 9 10 11 12 13 14 15 16 17 18
cat_threshold=36 49 50 48 4 1 2 2 18 16 9 8 16 48 12 5 32 4
is_linear=0
shrinkage=0.05


Tree=41
num_leaves=23
num_cat=18
split_feature=1 1 1 1 0 0 0 0 0 0 0 0 0 0 0 0 0 0 0 0 0 0
split_gain=6.80016e+10 2.70303e+10 1.02648e+10 7.64444e+09 1.19649e+09 6.62698e+08 3.66441e+08 3.45692e+08 2.27403e+08 1.84907e+08 1.67477e+08 1.1763e+08 8.38227e+07 1.75884e+07 5.55117e+06 5.50397e+06 4.75315e+06 4.68883e+06 3.50353e+06 3.18409e+06 1.34373e+06 367667
threshold=2.5000000000000004 3.5000000000000004 1.5000000000000002 4.5000000000000009 0 1 2 3 4 5 6 7 8 9 10 11 12 13 14 15 16 17
decision_type=2 2 2 2 1 1 1 1 1 1 1 1 1 1 1 1 1 1 1 1 1 1
left_child=2 5 16 6 8 7 17 20 -4 -6 -7 -11 -5 -13 -12 -14 18 -3 -1 21 -2 -8
right_child=1 3 4 12 9 10 19 -9 -10 11 14 13 15 -15 -16 -17 -18 -19 -20 -21 -22 -23
leaf_value=-24.989921352828709 28.23228311216587 54.353322810644308 -9.2373738066713997 90.205211126728429 0.79506887720883057 11.544091108291159 38.712897927922462 14.305058473900997 -13.286214800737234 -4.2614368522599433 8.7807098667529058 -5.7981455859967168 77.554579274547905 -7.1024968438534106 7.7770711467505027 67.785352840897005 -22.581925222976587 47.024322909275611 -30.199793039531684 32.238023449263586 23.790944787325454 36.121799049453635
leaf_weight=95760 819 1275 125425 2031 13255 72256 4821 65413 48172 129286 22117 48351 13379 57851 47335 1521 4207 6931 781 1975 9514 27525
leaf_count=95760 819 1275 125425 2031 13255 72256 4821 65413 48172 129286 22117 48351 13379 57851 47335 1521 4207 6931 781 1975 9514 27525
internal_value=0.00962048 20.0452 -10.5968 49.9199 -7.17585 11.8766 38.6077 15.6538 -10.3616 -4.95191 9.85578 -5.27541 78.3336 -6.50926 8.0979 76.6035 -24.9375 48.2278 -25.0352 36.2829 24.1699 36.5198
internal_weight=800000 276912 523088 59458 422340 217454 42527 75746 173597 248743 141708 235488 16931 106202 69452 14900 100748 8206 96541 34321 10333 32346
internal_count=800000 276912 523088 59458 422340 217454 42527 75746 173597 248743 141708 235488 16931 106202 69452 14900 100748 8206 96541 34321 10333 32346
cat_boundaries=0 1 2 3 4 5 6 7 8 9 10 11 12 13 14 15 16 17 18
cat_threshold=36 49 50 48 4 1 2 2 2 16 8 17 44 48 40 5 32 4
is_linear=0
shrinkage=0.05


Tree=42
num_leaves=23
num_cat=18
split_feature=1 1 1 1 0 0 0 0 0 0 0 0 0 0 0 0 0 0 0 0 0 0
split_gain=6.1376e+10 2.43996e+10 9.26433e+09 6.90076e+09 1.07985e+09 5.98156e+08 3.30989e+08 3.12148e+08 2.05241e+08 1.66883e+08 1.51144e+08 1.06165e+08 7.59616e+07 1.58735e+07 5.01128e+06 4.76563e+06 4.33456e+06 4.28621e+06 3.23407e+06 2.83042e+06 1.25251e+06 358333
threshold=2.5000000000000004 3.5000000000000004 1.5000000000000002 4.5000000000000009 0 1 2 3 4 5 6 7 8 9 10 11 12 13 14 15 16 17
decision_type=2 2 2 2 1 1 1 1 1 1 1 1 1 1 1 1 1 1 1 1 1 1
left_child=2 5 17 6 8 7 16 20 -4 -6 -7 -11 -5 -13 -12 -14 -3 -1 -19 21 -2 -8
right_child=1 3 4 12 9 10 19 -9 -10 11 14 13 15 -15 -16 -17 -18 18 -20 -21 -22 -23
leaf_value=-21.415727335350383 26.837703547920626 51.65680646399116 -8.7755440134357219 85.717052714489427 0.75534618133066112 10.966970963932452 36.781260026135421 13.589908637975416 -12.622041530715222 -4.0483791944547214 8.3418760276581008 -5.508298782377345 73.67974866326729 -6.7474320446245217 7.3883008301241722 64.418220506813853 44.676493338029957 -27.988018393230352 -23.732043555187531 30.634242666134003 22.602644176995838 34.316363285841213
leaf_weight=4073 819 1275 125425 2031 13255 72256 4821 65413 48172 129286 22117 48351 13379 57851 47335 1521 6931 1073 95602 1975 9514 27525
leaf_count=4073 819 1275 125425 2031 13255 72256 4821 65413 48172 129286 22117 48351 13379 57851 47335 1521 6931 1073 95602 1975 9514 27525
internal_value=0.00940327 19.0439 -10.0671 47.4276 -6.8171 11.283 36.6797 14.8715 -9.84359 -4.70434 9.36309 -5.01167 74.4239 -6.18386 7.69312 72.7782 45.8226 -23.691 -23.7822 34.4703 22.9639 34.695
internal_weight=800000 276912 523088 59458 422340 217454 42527 75746 173597 248743 141708 235488 16931 106202 69452 14900 8206 100748 96675 34321 10333 32346
internal_count=800000 276912 523088 59458 422340 217454 42527 75746 173597 248743 141708 235488 16931 106202 69452 14900 8206 100748 96675 34321 10333 32346
cat_boundaries=0 1 2 3 4 5 6 7 8 9 10 11 12 13 14 15 16 17 18
cat_threshold=36 49 50 48 4 1 2 2 2 16 8 17 48 16 12 5 32 4
is_linear=0
shrinkage=0.05


Tree=43
num_leaves=23
num_cat=18
split_feature=1 1 1 1 0 0 0 0 0 0 0 0 0 0 0 0 0 0 0 0 0 0
split_gain=5.5396e+10 2.2025e+10 8.36139e+09 6.22942e+09 9.74571e+08 5.39903e+08 2.98967e+08 2.81859e+08 1.85241e+08 1.50615e+08 1.36404e+08 9.58183e+07 6.93276e+07 1.43259e+07 7.30755e+06 4.52384e+06 4.00504e+06 3.85158e+06 3.0722e+06 2.51558e+06 1.16642e+06 347292
threshold=2.5000000000000004 3.5000000000000004 1.5000000000000002 4.5000000000000009 0 1 2 3 4 5 6 7 8 9 10 11 12 13 14 15 16 17
decision_type=2 2 2 2 1 1 1 1 1 1 1 1 1 1 1 1 1 1 1 1 1 1
left_child=2 5 17 6 8 7 16 20 -4 -6 -7 -11 -5 -13 -14 -12 -3 -1 -19 21 -2 -8
right_child=1 3 4 12 9 10 19 -9 -10 11 15 13 14 -15 -16 -17 -18 18 -20 -21 -22 -23
leaf_value=-20.347564224492618 25.512000585033753 49.094067632771655 -8.336796176647491 80.732818285190703 0.71760864923034484 10.418693634688607 34.946004139910677 12.910518984031292 -11.991069411546603 -3.8459749730915855 7.924971249109257 -5.2329415733870794 69.799784166263549 -6.4101195421968988 59.480090673517488 7.0189672754170687 42.445895635145682 -27.327183212974735 -22.5519294910026 29.110241837585605 21.473703509146105 32.601174994670089
leaf_weight=4073 819 1275 125425 2300 13255 72256 4821 65413 48172 129286 22117 48351 13483 57851 1148 47335 6931 781 95894 1975 9514 27525
leaf_count=4073 819 1275 125425 2300 13255 72256 4821 65413 48172 129286 22117 48351 13483 57851 1148 47335 6931 781 95894 1975 9514 27525
internal_value=0.00918531 18.0926 -9.5638 45.0598 -6.47629 10.719 34.8481 14.1284 -9.35146 -4.46916 8.89503 -4.76112 70.7093 -5.87472 69.0312 7.30858 43.5373 -22.5068 -22.5933 32.7483 21.8181 32.9614
internal_weight=800000 276912 523088 59458 422340 217454 42527 75746 173597 248743 141708 235488 16931 106202 14631 69452 8206 100748 96675 34321 10333 32346
internal_count=800000 276912 523088 59458 422340 217454 42527 75746 173597 248743 141708 235488 16931 106202 14631 69452 8206 100748 96675 34321 10333 32346
cat_boundaries=0 1 2 3 4 5 6 7 8 9 10 11 12 13 14 15 16 17 18
cat_threshold=36 49 50 48 4 1 2 2 18 16 9 8 48 16 4 5 32 4
is_linear=0
shrinkage=0.05


Tree=44
num_leaves=23
num_cat=18
split_feature=1 1 1 1 0 0 0 0 0 0 0 0 0 0 0 0 0 0 0 0 0 0
split_gain=4.99986e+10 1.98814e+10 7.54646e+09 5.62336e+09 8.79561e+08 4.87323e+08 2.70043e+08 2.54509e+08 1.67188e+08 1.35933e+08 1.23102e+08 8.64794e+07 6.30671e+07 1.29292e+07 4.08391e+06 3.91028e+06 3.69888e+06 3.47316e+06 2.8166e+06 2.23517e+06 1.08537e+06 335181
threshold=2.5000000000000004 3.5000000000000004 1.5000000000000002 4.5000000000000009 0 1 2 3 4 5 6 7 8 9 10 11 12 13 14 15 16 17
decision_type=2 2 2 2 1 1 1 1 1 1 1 1 1 1 1 1 1 1 1 1 1 1
left_child=2 5 17 6 8 7 16 20 -4 -6 -7 -11 -5 -13 -12 -14 -3 18 -1 21 -2 -8
right_child=1 3 4 12 9 10 19 -9 -10 11 14 13 15 -15 -16 -17 -18 -19 -20 -21 -22 -23
leaf_value=-21.425952032480978 24.251784037738428 46.658458694428326 -7.9199929149300914 77.435323590405261 0.68175361504565535 9.8978323834860849 33.202333447158871 12.265090299313355 -11.391639656070694 -3.6536966991991031 7.5289023551151333 -4.9713485845085152 66.500137088898711 -6.0896747038475301 6.6680872400263471 58.138055648903382 40.326649702627506 -19.365110553178795 -25.978095191649331 27.662070427229185 20.40114385176987 30.971706716496954
leaf_weight=95760 819 1275 125425 2031 13255 72256 4821 65413 48172 129286 22117 48351 13379 57851 47335 1521 6931 4207 781 1975 9514 27525
leaf_count=95760 819 1275 125425 2031 13255 72256 4821 65413 48172 129286 22117 48351 13379 57851 47335 1521 6931 4207 781 1975 9514 27525
internal_value=0.00895973 17.1888 -9.08572 42.8101 -6.15252 10.1833 33.1079 13.4224 -8.88395 -4.24573 8.45037 -4.52311 67.18 -5.58105 6.94326 65.6861 41.366 -21.3818 -21.4655 31.1123 20.7295 31.3143
internal_weight=800000 276912 523088 59458 422340 217454 42527 75746 173597 248743 141708 235488 16931 106202 69452 14900 8206 100748 96541 34321 10333 32346
internal_count=800000 276912 523088 59458 422340 217454 42527 75746 173597 248743 141708 235488 16931 106202 69452 14900 8206 100748 96541 34321 10333 32346
cat_boundaries=0 1 2 3 4 5 6 7 8 9 10 11 12 13 14 15 16 17 18
cat_threshold=36 49 50 48 4 1 2 2 2 16 8 17 48 44 40 5 32 4
is_linear=0
shrinkage=0.05


Tree=45
num_leaves=23
num_cat=18
split_feature=1 1 1 1 0 0 0 0 0 0 0 0 0 0 0 0 0 0 0 0 0 0
split_gain=4.51271e+10 1.79464e+10 6.81095e+09 5.0763e+09 7.93814e+08 4.39863e+08 2.43917e+08 2.29813e+08 1.50895e+08 1.22683e+08 1.11097e+08 7.80509e+07 5.74166e+07 1.16686e+07 6.24972e+06 3.68677e+06 3.41458e+06 3.12119e+06 2.659e+06 1.98562e+06 1.00919e+06 321982
threshold=2.5000000000000004 3.5000000000000004 1.5000000000000002 4.5000000000000009 0 1 2 3 4 5 6 7 8 9 10 11 12 13 14 15 16 17
decision_type=2 2 2 2 1 1 1 1 1 1 1 1 1 1 1 1 1 1 1 1 1 1
left_child=2 5 17 6 8 7 16 20 -4 -6 -7 -11 -5 -13 -14 -12 -3 18 -1 21 -2 -8
right_child=1 3 4 12 9 10 19 -9 -10 11 15 13 14 -15 -16 -17 -18 -19 -20 -21 -22 -23
leaf_value=-20.348394145934662 23.053829846307366 44.343698634618917 -7.5240267372868832 72.92232143873261 0.64769164003968205 9.4030093819245266 31.545644170767623 11.651930679713821 -10.822175855170666 -3.4710242374980975 7.1526304383518609 -4.7228314590548761 63.001394602516115 -5.7852412398477382 53.649972698066726 6.3347496085469581 38.313229112140114 -18.399148622892298 -24.086627806983167 26.28593320966668 19.38216117442731 29.423686836323032
leaf_weight=95468 819 1275 125425 2300 13255 72256 4821 65413 48172 129286 22117 48351 13483 57851 1148 47335 6931 4207 1073 1975 9514 27525
leaf_count=95468 819 1275 125425 2300 13255 72256 4821 65413 48172 129286 22117 48351 13483 57851 1148 47335 6931 4207 1073 1975 9514 27525
internal_value=0.00873884 16.3302 -8.63153 40.6728 -5.84493 9.6743 31.4546 12.7516 -8.43981 -4.03347 8.02793 -4.29698 63.827 -5.30204 62.3048 6.5962 39.303 -20.313 -20.3924 29.558 19.6952 29.7496
internal_weight=800000 276912 523088 59458 422340 217454 42527 75746 173597 248743 141708 235488 16931 106202 14631 69452 8206 100748 96541 34321 10333 32346
internal_count=800000 276912 523088 59458 422340 217454 42527 75746 173597 248743 141708 235488 16931 106202 14631 69452 8206 100748 96541 34321 10333 32346
cat_boundaries=0 1 2 3 4 5 6 7 8 9 10 11 12 13 14 15 16 17 18
cat_threshold=36 49 50 48 4 1 2 2 18 16 9 8 48 44 32 5 32 4
is_linear=0
shrinkage=0.05


Tree=46
num_leaves=23
num_cat=18
split_feature=1 1 1 1 0 0 0 0 0 0 0 0 0 0 0 0 0 0 0 0 0 0
split_gain=4.07302e+10 1.61998e+10 6.14713e+09 4.58243e+09 7.16426e+08 3.97025e+08 2.20319e+08 2.07513e+08 1.3619e+08 1.10724e+08 1.00262e+08 7.04442e+07 5.23587e+07 1.0531e+07 3.32813e+06 3.19759e+06 3.15078e+06 2.81429e+06 2.45692e+06 1.79615e+06 937669 387846
threshold=2.5000000000000004 3.5000000000000004 1.5000000000000002 4.5000000000000009 0 1 2 3 4 5 6 7 8 9 10 11 12 13 14 15 16 17
decision_type=2 2 2 2 1 1 1 1 1 1 1 1 1 1 1 1 1 1 1 1 1 1
left_child=2 5 17 6 8 7 16 20 -4 -6 -7 -11 -5 -13 -12 -14 -3 -1 -19 -8 -2 -21
right_child=1 3 4 12 9 10 19 -9 -10 11 14 13 15 -15 -16 -17 -18 18 -20 21 -22 -23
leaf_value=-17.449089812298137 21.915042991776232 42.143765655398838 -7.1478508832848426 69.954277345936774 0.61533484281165352 8.9329256321828776 29.971633353536358 11.069424215769857 -10.281177855976928 -3.2974822622702096 6.7951594433901068 -4.486738436795088 60.019933921839041 -5.4960292431995903 6.0180835015968412 52.471246610475788 36.400325040181109 -23.506507614077872 -19.335663816136922 27.953031260384957 18.414063771999668 24.978258426387605
leaf_weight=4073 819 1275 125425 2031 13255 72256 4821 65413 48172 129286 22117 48351 13379 57851 47335 1521 6931 781 95894 27525 9514 1975
leaf_count=4073 819 1275 125425 2031 13255 72256 4821 65413 48172 129286 22117 48351 13379 57851 47335 1521 6931 781 95894 27525 9514 1975
internal_value=0.00851695 15.5145 -8.20004 38.6422 -5.55272 9.19076 29.8839 12.1144 -8.01787 -3.83182 7.62662 -4.08216 60.6413 -5.03699 6.26649 59.2851 37.3429 -19.2977 -19.3718 28.0814 18.7125 27.7624
internal_weight=800000 276912 523088 59458 422340 217454 42527 75746 173597 248743 141708 235488 16931 106202 69452 14900 8206 100748 96675 34321 10333 29500
internal_count=800000 276912 523088 59458 422340 217454 42527 75746 173597 248743 141708 235488 16931 106202 69452 14900 8206 100748 96675 34321 10333 29500
cat_boundaries=0 1 2 3 4 5 6 7 8 9 10 11 12 13 14 15 16 17 18
cat_threshold=36 49 50 48 4 1 2 2 2 16 8 17 48 16 4 4 32 1
is_linear=0
shrinkage=0.05


Tree=47
num_leaves=23
num_cat=18
split_feature=1 1 1 1 0 0 0 0 0 0 0 0 0 0 0 0 0 0 0 0 0 0
split_gain=3.67617e+10 1.46231e+10 5.54801e+09 4.13663e+09 6.46583e+08 3.5836e+08 1.99004e+08 1.87377e+08 1.22918e+08 9.99303e+07 9.04844e+07 6.35783e+07 4.75406e+07 9.50427e+06 5.34633e+06 3.00441e+06 2.90618e+06 2.54108e+06 2.44919e+06 1.63587e+06 870602 325479
threshold=2.5000000000000004 3.5000000000000004 1.5000000000000002 4.5000000000000009 0 1 2 3 4 5 6 7 8 9 10 11 12 13 14 15 16 17
decision_type=2 2 2 2 1 1 1 1 1 1 1 1 1 1 1 1 1 1 1 1 1 1
left_child=2 5 17 6 8 7 16 20 -4 -6 -7 -11 -5 -13 -14 -12 -3 -1 -19 -8 -2 -21
right_child=1 3 4 12 9 10 19 -9 -10 11 15 13 14 -15 -16 -17 -18 18 -20 21 -22 -23
leaf_value=-21.785173200570316 20.832511139836328 40.052979468380897 -6.7904914414363295 65.867254099420151 0.58458763920582335 8.4863394350157417 28.47614944030029 10.516040292417454 -9.7672237299501141 -3.1326235672637184 6.4555546824691934 -4.2624462666689702 56.86531603295164 -5.2212761166031418 48.389731241466677 5.7172450006371989 34.582928619362782 -18.364227897395793 -16.555823315794537 26.555886523730095 17.49432736991184 23.735633209958788
leaf_weight=1073 819 1275 125425 2300 13255 72256 4821 65413 48172 129286 22117 48351 13483 57851 1148 47335 6931 95599 4076 27525 9514 1975
leaf_count=1073 819 1275 125425 2300 13255 72256 4821 65413 48172 129286 22117 48351 13483 57851 1148 47335 6931 95599 4076 27525 9514 1975
internal_value=0.00829392 14.7395 -7.79013 36.713 -5.27512 8.73139 28.3916 11.509 -7.61703 -3.64026 7.24537 -3.87808 57.6146 -4.78519 56.2338 5.95326 35.4805 -18.3331 -18.2919 26.6785 17.7788 26.3752
internal_weight=800000 276912 523088 59458 422340 217454 42527 75746 173597 248743 141708 235488 16931 106202 14631 69452 8206 100748 99675 34321 10333 29500
internal_count=800000 276912 523088 59458 422340 217454 42527 75746 173597 248743 141708 235488 16931 106202 14631 69452 8206 100748 99675 34321 10333 29500
cat_boundaries=0 1 2 3 4 5 6 7 8 9 10 11 12 13 14 15 16 17 18
cat_threshold=36 49 50 48 4 1 2 2 18 16 9 8 48 12 34 4 32 1
is_linear=0
shrinkage=0.05


Tree=48
num_leaves=23
num_cat=18
split_feature=1 1 1 1 0 0 0 0 0 0 0 0 0 0 0 0 0 0 0 0 0 0
split_gain=3.31799e+10 1.31999e+10 5.00728e+09 3.73419e+09 5.83549e+08 3.2346e+08 1.7975e+08 1.69195e+08 1.10939e+08 9.01891e+07 8.16604e+07 5.73821e+07 4.34668e+07 8.57754e+06 2.71224e+06 2.67947e+06 2.60497e+06 2.3214e+06 2.19998e+06 1.48978e+06 807774 271628
threshold=2.5000000000000004 3.5000000000000004 1.5000000000000002 4.5000000000000009 0 1 2 3 4 5 6 7 8 9 10 11 12 13 14 15 16 17
decision_type=2 2 2 2 1 1 1 1 1 1 1 1 1 1 1 1 1 1 1 1 1 1
left_child=2 5 17 6 8 7 15 20 -4 -6 -7 -11 -5 -13 -12 -3 -14 -1 -19 -8 -2 -21
right_child=1 3 4 12 9 10 19 -9 -10 11 14 13 16 -15 -16 -17 -18 18 -20 21 -22 -23
leaf_value=-20.70597166768512 19.803445138229534 38.065914651002402 -6.4509928140393358 63.196476334511573 0.55537897531643843 8.0620815499913068 27.055289444492065 9.9903186252914065 -9.2789666604641425 -2.9760016281848767 6.1329237239995029 -4.0493712014101497 54.170992439230702 -4.9602559858273265 5.4314391172124843 32.856272904616304 47.357894628114906 -17.446111172747695 -15.730053633751965 25.228578135014359 16.620533022746375 22.554829705740403
leaf_weight=1073 819 1275 125425 2031 13255 72256 4821 65413 48172 129286 22117 48351 13379 57851 47335 6931 1521 95599 4076 27525 9514 1975
leaf_count=1073 819 1275 125425 2031 13255 72256 4821 65413 48172 129286 22117 48351 13379 57851 47335 6931 1521 95599 4076 27525 9514 1975
internal_value=0.00807277 14.0033 -7.4007 34.8801 -5.0114 8.29498 26.9738 10.9339 -7.23623 -3.45827 6.88317 -3.6842 54.7389 -4.54597 5.65568 33.7111 53.5077 -17.4168 -17.3775 25.3457 16.8917 25.0573
internal_weight=800000 276912 523088 59458 422340 217454 42527 75746 173597 248743 141708 235488 16931 106202 69452 8206 14900 100748 99675 34321 10333 29500
internal_count=800000 276912 523088 59458 422340 217454 42527 75746 173597 248743 141708 235488 16931 106202 69452 8206 14900 100748 99675 34321 10333 29500
cat_boundaries=0 1 2 3 4 5 6 7 8 9 10 11 12 13 14 15 16 17 18
cat_threshold=36 49 50 48 4 1 2 2 2 16 8 48 17 12 34 4 32 1
is_linear=0
shrinkage=0.05


Tree=49
num_leaves=23
num_cat=18
split_feature=1 1 1 1 0 0 0 0 0 0 0 0 0 0 0 0 0 0 0 0 0 0
split_gain=2.99471e+10 1.19153e+10 4.51925e+09 3.37091e+09 5.26659e+08 2.91958e+08 1.6236e+08 1.52778e+08 1.00128e+08 8.13976e+07 7.36966e+07 5.17895e+07 3.93845e+07 7.74116e+06 2.46951e+06 2.4484e+06 2.25277e+06 2.18887e+06 1.88655e+06 1.35663e+06 749017 225194
threshold=2.5000000000000004 3.5000000000000004 1.5000000000000002 4.5000000000000009 0 1 2 3 4 5 6 7 8 9 10 11 12 13 14 15 16 17
decision_type=2 2 2 2 1 1 1 1 1 1 1 1 1 1 1 1 1 1 1 1 1 1
left_child=2 5 17 6 8 7 14 20 -4 -6 -7 -11 -5 -13 -3 -12 -14 -1 -19 -8 -2 -21
right_child=1 3 4 12 9 10 19 -9 -10 11 15 13 16 -15 -16 -17 -18 18 -20 21 -22 -23
leaf_value=-20.248341880827276 18.825213285292016 36.177429325682645 -6.1284684821711348 60.052142024285537 0.52763234450508867 7.6590319352578469 25.705320190184114 9.4908766545168213 -8.8151170285007066 -2.8272127513616425 5.8264126743739979 -3.8469473354090895 51.4644736259065 -4.7122846402624354 31.215823803880927 5.1599264954327158 45.005460971916989 -16.578851757506634 -14.992048732652634 23.96760761738949 15.790379741507223 21.432772456440578
leaf_weight=781 819 1275 125425 2031 13255 72256 4821 65413 48172 129286 22117 48351 13379 57851 6931 47335 1521 95760 4207 27525 9514 1975
leaf_count=781 819 1275 125425 2031 13255 72256 4821 65413 48172 129286 22117 48351 13379 57851 6931 47335 1521 95760 4207 27525 9514 1975
internal_value=0.00785363 13.3038 -7.03074 33.1387 -4.76086 7.88038 25.6268 10.3875 -6.87446 -3.28538 6.53908 -3.50002 52.0068 -4.31872 32.0298 5.37298 50.8358 -16.5462 -16.5136 24.0795 16.0489 23.8052
internal_weight=800000 276912 523088 59458 422340 217454 42527 75746 173597 248743 141708 235488 16931 106202 8206 69452 14900 100748 99967 34321 10333 29500
internal_count=800000 276912 523088 59458 422340 217454 42527 75746 173597 248743 141708 235488 16931 106202 8206 69452 14900 100748 99967 34321 10333 29500
cat_boundaries=0 1 2 3 4 5 6 7 8 9 10 11 12 13 14 15 16 17 18
cat_threshold=36 49 50 48 4 1 2 2 2 16 48 8 17 4 40 4 32 1
is_linear=0
shrinkage=0.05


Tree=50
num_leaves=23
num_cat=18
split_feature=1 1 1 1 0 0 0 0 0 0 0 0 0 0 0 0 0 0 0 0 0 0
split_gain=2.70293e+10 1.07556e+10 4.07879e+09 3.04297e+09 4.75315e+08 2.63525e+08 1.46652e+08 1.37953e+08 9.037e+07 7.3463e+07 6.65094e+07 4.67417e+07 3.59821e+07 6.98652e+06 4.45805e+06 2.27517e+06 2.21024e+06 2.00361e+06 1.69432e+06 1.23533e+06 694142 185292
threshold=2.5000000000000004 3.5000000000000004 1.5000000000000002 4.5000000000000009 0 1 2 3 4 5 6 7 8 9 10 11 12 13 14 15 16 17
decision_type=2 2 2 2 1 1 1 1 1 1 1 1 1 1 1 1 1 1 1 1 1 1
left_child=2 5 17 6 8 7 15 20 -4 -6 -7 -11 -5 -13 -14 -3 -12 -1 -19 -8 -2 -21
right_child=1 3 4 12 9 10 19 -9 -10 11 16 13 14 -15 -16 -17 -18 18 -20 21 -22 -23
leaf_value=-19.248725738718296 17.895309822078101 34.382634957161393 -5.8220700542510624 56.554948684594457 0.50126891128980033 7.2761317470264864 24.422714228897554 9.0164089595878121 -8.3744464598271673 -2.6858650916609017 5.5352235470709426 -3.6546348003045432 48.764649085345468 -4.4767120705104793 41.412850817579887 29.657278867215112 4.9019866805056962 -15.749992718484243 -14.244225882997666 22.769660349191806 15.001685023708337 20.366525534814794
leaf_weight=781 819 1275 125425 2300 13255 72256 4821 65413 48172 129286 22117 48351 13483 57851 1148 6931 47335 95760 4207 27525 9514 1975
leaf_count=781 819 1275 125425 2300 13255 72256 4821 65413 48172 129286 22117 48351 13483 57851 1148 6931 47335 95760 4207 27525 9514 1975
internal_value=0.00763655 12.6392 -6.67928 31.4842 -4.52285 7.48651 24.3471 9.86842 -6.53078 -3.12113 6.21219 -3.32504 49.4111 -4.10282 48.2165 30.4324 5.10441 -15.7191 -15.6881 22.8766 15.2481 22.6157
internal_weight=800000 276912 523088 59458 422340 217454 42527 75746 173597 248743 141708 235488 16931 106202 14631 8206 69452 100748 99967 34321 10333 29500
internal_count=800000 276912 523088 59458 422340 217454 42527 75746 173597 248743 141708 235488 16931 106202 14631 8206 69452 100748 99967 34321 10333 29500
cat_boundaries=0 1 2 3 4 5 6 7 8 9 10 11 12 13 14 15 16 17 18
cat_threshold=36 49 50 48 4 1 2 2 18 16 9 48 8 4 40 4 32 1
is_linear=0
shrinkage=0.05


Tree=51
num_leaves=23
num_cat=18
split_feature=1 1 1 1 0 0 0 0 0 0 0 0 0 0 0 0 0 0 0 0 0 0
split_gain=2.43957e+10 9.70882e+09 3.68125e+09 2.74692e+09 4.28977e+08 2.37861e+08 1.32464e+08 1.24567e+08 8.15636e+07 6.63021e+07 6.00234e+07 4.2186e+07 3.26797e+07 6.30533e+06 2.09536e+06 1.99526e+06 1.87323e+06 1.81021e+06 1.6139e+06 1.12481e+06 642876 151043
threshold=2.5000000000000004 3.5000000000000004 1.5000000000000002 4.5000000000000009 0 1 2 3 4 5 6 7 8 9 10 11 12 13 14 15 16 17
decision_type=2 2 2 2 1 1 1 1 1 1 1 1 1 1 1 1 1 1 1 1 1 1
left_child=2 5 16 6 8 7 14 20 -4 -6 -7 -11 -5 -13 -3 -12 -1 -14 -18 -8 -2 -21
right_child=1 3 4 12 9 10 19 -9 -10 11 15 13 17 -15 -16 -17 18 -19 -20 21 -22 -23
leaf_value=-17.820248482299974 17.011329347175629 32.676885037403629 -5.5309865353110972 54.25034761153151 0.47623014337918557 6.9123775285493796 23.204111199368111 8.5656552818963885 -7.9558137377708507 -2.5515847494129851 5.2585865451450537 -3.4719406846690641 46.448924345944874 -4.2529141124359873 28.17655616697601 4.656939377659338 -14.957831525910841 40.623221554299107 -13.487240354838585 21.631593276827918 14.252396458109505 19.353331051401288
leaf_weight=1073 819 1275 125425 2031 13255 72256 4821 65413 48172 129286 22117 48351 13379 57851 6931 47335 95599 1521 4076 27525 9514 1975
leaf_count=1073 819 1275 125425 2031 13255 72256 4821 65413 48172 129286 22117 48351 13379 57851 6931 47335 95599 1521 4076 27525 9514 1975
internal_value=0.00742019 12.0079 -6.34538 29.9123 -4.29674 7.11232 23.1313 9.37527 -6.20428 -2.9651 5.90165 -3.15881 46.9449 -3.89772 28.9147 4.84926 -14.9334 45.8819 -14.8991 21.7337 14.4873 21.4857
internal_weight=800000 276912 523088 59458 422340 217454 42527 75746 173597 248743 141708 235488 16931 106202 8206 69452 100748 14900 99675 34321 10333 29500
internal_count=800000 276912 523088 59458 422340 217454 42527 75746 173597 248743 141708 235488 16931 106202 8206 69452 100748 14900 99675 34321 10333 29500
cat_boundaries=0 1 2 3 4 5 6 7 8 9 10 11 12 13 14 15 16 17 18
cat_threshold=36 49 50 48 4 1 2 2 2 16 48 8 12 17 34 4 32 1
is_linear=0
shrinkage=0.05


Tree=52
num_leaves=23
num_cat=18
split_feature=1 1 1 1 0 0 0 0 0 0 0 0 0 0 0 0 0 0 0 0 0 0
split_gain=2.20188e+10 8.76392e+09 3.32247e+09 2.47969e+09 3.87157e+08 2.14695e+08 1.19648e+08 1.1248e+08 7.36151e+07 5.98388e+07 5.41698e+07 3.80746e+07 2.97895e+07 5.69057e+06 3.82258e+06 1.92908e+06 1.80123e+06 1.72662e+06 1.36562e+06 1.0241e+06 595120 121712
threshold=2.5000000000000004 3.5000000000000004 1.5000000000000002 4.5000000000000009 0 1 2 3 4 5 6 7 8 9 10 11 12 13 14 15 16 17
decision_type=2 2 2 2 1 1 1 1 1 1 1 1 1 1 1 1 1 1 1 1 1 1
left_child=2 5 17 6 8 7 15 20 -4 -6 -7 -11 -5 -13 -14 -3 -12 -1 -19 -8 -2 -21
right_child=1 3 4 12 9 10 19 -9 -10 11 16 13 14 -15 -16 -17 -18 18 -20 21 -22 -23
leaf_value=-17.418707926204021 16.171029507553047 31.055747125825992 -5.2544614051328917 51.084100327734312 0.45243047790800539 6.5668049470706551 22.046304799093519 8.1374338684069212 -7.5581083944015948 -2.4240140555179615 4.9957787009807388 -3.2983808920134665 44.01554594318393 -4.0403067317514934 37.346472623228827 26.769756988269286 4.4241397604668879 -14.2143288328026 -12.858655851634161 20.550401562690215 13.540519770750826 18.390542288811442
leaf_weight=781 819 1275 125425 2300 13255 72256 4821 65413 48172 129286 22117 48351 13483 57851 1148 6931 47335 95760 4207 27525 9514 1975
leaf_count=781 819 1275 125425 2300 13255 72256 4821 65413 48172 129286 22117 48351 13483 57851 1148 6931 47335 95760 4207 27525 9514 1975
internal_value=0.00720583 11.4081 -6.02818 28.419 -4.08193 6.75683 21.9762 8.90677 -5.89411 -2.81686 5.60662 -3.00089 44.6018 -3.70287 43.5181 27.4727 4.60687 -14.187 -14.1586 20.648 13.7644 20.4121
internal_weight=800000 276912 523088 59458 422340 217454 42527 75746 173597 248743 141708 235488 16931 106202 14631 8206 69452 100748 99967 34321 10333 29500
internal_count=800000 276912 523088 59458 422340 217454 42527 75746 173597 248743 141708 235488 16931 106202 14631 8206 69452 100748 99967 34321 10333 29500
cat_boundaries=0 1 2 3 4 5 6 7 8 9 10 11 12 13 14 15 16 17 18
cat_threshold=36 49 50 48 4 1 2 2 18 16 9 48 8 4 40 4 32 1
is_linear=0
shrinkage=0.05


Tree=53
num_leaves=23
num_cat=18
split_feature=1 1 1 1 0 0 0 0 0 0 0 0 0 0 0 0 0 0 0 0 0 0
split_gain=1.98734e+10 7.91097e+09 2.99865e+09 2.23845e+09 3.49414e+08 1.93787e+08 1.08073e+08 1.01566e+08 6.6441e+07 5.40059e+07 4.88869e+07 3.43635e+07 2.71151e+07 5.13568e+06 1.77546e+06 1.62604e+06 1.6051e+06 1.44591e+06 1.31075e+06 932324 550602 96731.6
threshold=2.5000000000000004 3.5000000000000004 1.5000000000000002 4.5000000000000009 0 1 2 3 4 5 6 7 8 9 10 11 12 13 14 15 16 17
decision_type=2 2 2 2 1 1 1 1 1 1 1 1 1 1 1 1 1 1 1 1 1 1
left_child=2 5 16 6 8 7 14 20 -4 -6 -7 -11 -5 -13 -3 -12 -1 -14 -18 -8 -2 -21
right_child=1 3 4 12 9 10 19 -9 -10 11 15 13 17 -15 -16 -17 18 -19 -20 21 -22 -23
leaf_value=-16.117768260734785 15.372232590365901 29.51504780234994 -4.9917599565326025 49.009439663323981 0.42983060570065135 6.2385107228300205 20.946275395662042 7.7306268038221351 -7.1802802614393588 -2.3028249989079894 4.7461049160319675 -3.1334967400518856 41.921981948025156 -3.8383221153727884 25.433196589844044 4.2029814241251984 -13.499473190870191 36.668956896123511 -12.173170010738962 19.523262241346902 12.864208305267566 17.475646973304844
leaf_weight=1073 819 1275 125425 2031 13255 72256 4821 65413 48172 129286 22117 48351 13379 57851 6931 47335 95599 1521 4076 27525 9514 1975
leaf_count=1073 819 1275 125425 2031 13255 72256 4821 65413 48172 129286 22117 48351 13379 57851 6931 47335 95599 1521 4076 27525 9514 1975
internal_value=0.00699527 10.8382 -5.72684 27.0001 -3.87786 6.41912 20.8788 8.46168 -5.59944 -2.67604 5.32635 -2.85087 42.3756 -3.51776 26.1026 4.3766 -13.4778 41.4107 -13.4465 19.6165 13.0777 19.3921
internal_weight=800000 276912 523088 59458 422340 217454 42527 75746 173597 248743 141708 235488 16931 106202 8206 69452 100748 14900 99675 34321 10333 29500
internal_count=800000 276912 523088 59458 422340 217454 42527 75746 173597 248743 141708 235488 16931 106202 8206 69452 100748 14900 99675 34321 10333 29500
cat_boundaries=0 1 2 3 4 5 6 7 8 9 10 11 12 13 14 15 16 17 18
cat_threshold=36 49 50 48 4 1 2 2 2 16 48 8 12 17 34 4 32 1
is_linear=0
shrinkage=0.05


Tree=54
num_leaves=23
num_cat=18
split_feature=1 1 1 1 0 0 0 0 0 0 0 0 0 0 0 0 0 0 0 0 0 0
split_gain=1.79371e+10 7.14104e+09 2.70639e+09 2.02068e+09 3.1535e+08 1.74914e+08 9.7617e+07 9.17102e+07 5.99662e+07 4.87414e+07 4.41194e+07 3.10147e+07 2.46572e+07 4.63504e+06 3.27989e+06 1.63351e+06 1.48556e+06 1.46791e+06 1.10011e+06 848758 509173 75460.9
threshold=2.5000000000000004 3.5000000000000004 1.5000000000000002 4.5000000000000009 0 1 2 3 4 5 6 7 8 9 10 11 12 13 14 15 16 17
decision_type=2 2 2 2 1 1 1 1 1 1 1 1 1 1 1 1 1 1 1 1 1 1
left_child=2 5 16 6 8 7 15 20 -4 -6 -7 -11 -5 -13 -14 -3 -1 -12 -18 -8 -2 -21
right_child=1 3 4 12 9 10 19 -9 -10 11 17 13 14 -15 -16 -17 18 -19 -20 21 -22 -23
leaf_value=-15.763084141795161 14.612894125410387 28.050782240336972 -4.742191867844336 46.142352341310293 0.40835335403310097 5.9266274196720943 19.901131207926678 7.3441573163180012 -6.8213418575079592 -2.1876887077285634 4.5089074519106509 -2.9768539645348882 39.729115783877575 -3.6464449394849634 33.677658430694095 24.163375454116601 -12.828383078716039 3.9928745811382633 -11.607971473098623 18.547449854083084 12.221670061637754 16.606264804364454
leaf_weight=781 819 1275 125425 2300 13255 72256 4821 65413 48172 129286 22117 48351 13483 57851 1148 6931 95760 47335 4207 27525 9514 1975
leaf_count=781 819 1275 125425 2300 13255 72256 4821 65413 48172 129286 22117 48351 13483 57851 1148 6931 95760 47335 4207 27525 9514 1975
internal_value=0.00678876 10.2968 -5.44056 25.6522 -3.68399 6.09828 19.8362 8.03884 -5.3195 -2.54225 5.06008 -2.70835 40.2606 -3.34191 39.2776 24.8008 -12.8042 4.15783 -12.7782 18.6365 12.4251 18.4232
internal_weight=800000 276912 523088 59458 422340 217454 42527 75746 173597 248743 141708 235488 16931 106202 14631 8206 100748 69452 99967 34321 10333 29500
internal_count=800000 276912 523088 59458 422340 217454 42527 75746 173597 248743 141708 235488 16931 106202 14631 8206 100748 69452 99967 34321 10333 29500
cat_boundaries=0 1 2 3 4 5 6 7 8 9 10 11 12 13 14 15 16 17 18
cat_threshold=36 49 50 48 4 1 2 2 18 16 9 48 4 8 40 4 32 1
is_linear=0
shrinkage=0.05


Tree=55
num_leaves=23
num_cat=18
split_feature=1 1 1 1 0 0 0 0 0 0 0 0 0 0 0 0 0 0 0 0 0 0
split_gain=1.61895e+10 6.44603e+09 2.44261e+09 1.82409e+09 2.84607e+08 1.5788e+08 8.81729e+07 8.28114e+07 5.41224e+07 4.39902e+07 3.98168e+07 2.79918e+07 2.24969e+07 4.18313e+06 1.50247e+06 1.37316e+06 1.32514e+06 1.14677e+06 1.06492e+06 772596 470618 57413.1
threshold=2.5000000000000004 3.5000000000000004 1.5000000000000002 4.5000000000000009 0 1 2 3 4 5 6 7 8 9 10 11 12 13 14 15 16 17
decision_type=2 2 2 2 1 1 1 1 1 1 1 1 1 1 1 1 1 1 1 1 1 1
left_child=2 5 15 6 8 7 14 20 -4 -6 -7 -11 -5 -13 -3 -1 -12 -14 -17 -8 -2 -21
right_child=1 3 4 12 9 10 19 -9 -10 11 16 13 17 -15 -16 18 -18 -19 -20 21 -22 -23
leaf_value=-14.578007366078275 13.891058705770497 26.659157892368185 -4.5051013285944483 44.27514679388694 0.38795246849318876 5.6303375215503735 18.908129611417046 6.9770031709310834 -6.4803473382140453 -2.0783150871973377 4.2835642257395969 -2.8280418883284804 37.836033981326658 -3.4641535280371425 22.956946562566568 -12.183297949073982 3.7932729194247119 33.100885259116261 -10.987024277048956 17.620411258653871 11.61123176151742 15.780142314920496
leaf_weight=1073 819 1275 125425 2031 13255 72256 4821 65413 48172 129286 22117 48351 13379 57851 6931 95599 47335 1521 4076 27525 9514 1975
leaf_count=1073 819 1275 125425 2031 13255 72256 4821 65413 48172 129286 22117 48351 13379 57851 6931 95599 47335 1521 4076 27525 9514 1975
internal_value=0.00658345 9.7825 -5.16859 24.3714 -3.49981 5.79348 18.8456 7.63712 -5.05356 -2.41516 4.80713 -2.57295 38.2511 -3.17484 23.5639 -12.1642 3.95 37.3752 -12.1355 17.7055 11.8052 17.5026
internal_weight=800000 276912 523088 59458 422340 217454 42527 75746 173597 248743 141708 235488 16931 106202 8206 100748 69452 14900 99675 34321 10333 29500
internal_count=800000 276912 523088 59458 422340 217454 42527 75746 173597 248743 141708 235488 16931 106202 8206 100748 69452 14900 99675 34321 10333 29500
cat_boundaries=0 1 2 3 4 5 6 7 8 9 10 11 12 13 14 15 16 17 18
cat_threshold=36 49 50 48 4 1 2 2 2 16 48 12 8 17 34 4 32 1
is_linear=0
shrinkage=0.05


Tree=56
num_leaves=23
num_cat=18
split_feature=1 1 1 1 0 0 0 0 0 0 0 0 0 0 0 0 0 0 0 0 0 0
split_gain=1.46121e+10 5.81868e+09 2.20455e+09 1.64664e+09 2.5686e+08 1.42504e+08 7.96421e+07 7.47758e+07 4.88482e+07 3.97019e+07 3.59338e+07 2.52636e+07 2.04044e+07 3.77526e+06 2.81638e+06 1.38154e+06 1.27628e+06 1.19622e+06 885724 703197 434808 42237.2
threshold=2.5000000000000004 3.5000000000000004 1.5000000000000002 4.5000000000000009 0 1 2 3 4 5 6 7 8 9 10 11 12 13 14 15 16 17
decision_type=2 2 2 2 1 1 1 1 1 1 1 1 1 1 1 1 1 1 1 1 1 1
left_child=2 5 16 6 8 7 15 20 -4 -6 -7 -11 -5 -13 -14 -3 -1 -12 -18 -8 -2 -21
right_child=1 3 4 12 9 10 19 -9 -10 11 17 13 14 -15 -16 -17 18 -19 -20 21 -22 -23
leaf_value=-14.265206779451047 13.20488982821834 25.336570031503761 -4.2798615804275295 41.678531995789832 0.36856381151750772 5.3488594041873485 17.964677455178013 6.6282064888384511 -6.1563965861435417 -1.9744067707756283 4.0694788714498653 -2.6866693345274957 35.860283902888924 -3.2909742190549793 30.367560288490207 21.810749849759954 -11.577564567324451 3.6036507832733329 -10.479043857062459 16.739717088085957 11.03127638349409 14.995105424203562
leaf_weight=781 819 1275 125425 2300 13255 72256 4821 65413 48172 129286 22117 48351 13483 57851 1148 6931 95760 47335 4207 27525 9514 1975
leaf_count=781 819 1275 125425 2300 13255 72256 4821 65413 48172 129286 22117 48351 13483 57851 1148 6931 95760 47335 4207 27525 9514 1975
internal_value=0.00638387 9.29385 -4.91021 23.1547 -3.32484 5.50391 17.9045 7.25548 -4.80091 -2.29442 4.56682 -2.44432 36.342 -3.01613 35.4503 22.3887 -11.5561 3.75256 -11.5324 16.821 11.2162 16.628
internal_weight=800000 276912 523088 59458 422340 217454 42527 75746 173597 248743 141708 235488 16931 106202 14631 8206 100748 69452 99967 34321 10333 29500
internal_count=800000 276912 523088 59458 422340 217454 42527 75746 173597 248743 141708 235488 16931 106202 14631 8206 100748 69452 99967 34321 10333 29500
cat_boundaries=0 1 2 3 4 5 6 7 8 9 10 11 12 13 14 15 16 17 18
cat_threshold=36 49 50 48 4 1 2 2 18 16 9 48 4 8 40 4 32 1
is_linear=0
shrinkage=0.05


Tree=57
num_leaves=23
num_cat=18
split_feature=1 1 1 1 0 0 0 0 0 0 0 0 0 0 0 0 0 0 0 0 0 0
split_gain=1.31884e+10 5.25237e+09 1.98968e+09 1.48644e+09 2.31819e+08 1.28625e+08 7.1937e+07 6.75201e+07 4.40875e+07 3.58319e+07 3.24296e+07 2.28014e+07 1.8665e+07 3.40715e+06 1.26997e+06 1.17295e+06 1.07988e+06 902041 865570 640064 401528 29449.1
threshold=2.5000000000000004 3.5000000000000004 1.5000000000000002 4.5000000000000009 0 1 2 3 4 5 6 7 8 9 10 11 12 13 14 15 16 17
decision_type=2 2 2 2 1 1 1 1 1 1 1 1 1 1 1 1 1 1 1 1 1 1
left_child=2 5 15 6 8 7 14 20 -4 -6 -7 -11 -5 -13 -3 -1 -12 -14 -17 -8 -2 -21
right_child=1 3 4 12 9 10 19 -9 -10 11 16 13 17 -15 -16 18 -18 -19 -20 21 -22 -23
leaf_value=-13.185394966789453 12.552604958979444 24.079598965477853 -4.0658858306242474 39.998533093304331 0.35015505815154424 5.0814576958288997 17.068305912789686 6.2968465800993094 -5.8486344507724191 -1.8756941714612525 3.8661002042360679 -2.5523653125948309 34.148131855131219 -3.1264530087013451 20.721783574990113 -10.99545359409872 3.4235083639580193 29.881274529386395 -9.9163502293317514 15.903029031776052 10.480292685699784 14.249128467742381
leaf_weight=1073 819 1275 125425 2031 13255 72256 4821 65413 48172 129286 22117 48351 13379 57851 6931 95599 47335 1521 4076 27525 9514 1975
leaf_count=1073 819 1275 125425 2031 13255 72256 4821 65413 48172 129286 22117 48351 13379 57851 6931 95599 47335 1521 4076 27525 9514 1975
internal_value=0.00618727 8.82961 -4.66475 21.9987 -3.15862 5.22882 17.0105 6.89291 -4.56089 -2.17971 4.33853 -2.32212 34.5281 -2.86535 21.2722 -10.9785 3.56499 33.7329 -10.9523 15.9806 10.6565 15.7972
internal_weight=800000 276912 523088 59458 422340 217454 42527 75746 173597 248743 141708 235488 16931 106202 8206 100748 69452 14900 99675 34321 10333 29500
internal_count=800000 276912 523088 59458 422340 217454 42527 75746 173597 248743 141708 235488 16931 106202 8206 100748 69452 14900 99675 34321 10333 29500
cat_boundaries=0 1 2 3 4 5 6 7 8 9 10 11 12 13 14 15 16 17 18
cat_threshold=36 49 50 48 4 1 2 2 2 16 48 12 8 17 34 4 32 1
is_linear=0
shrinkage=0.05


Tree=58
num_leaves=23
num_cat=18
split_feature=1 1 1 1 0 0 0 0 0 0 0 0 0 0 0 0 0 0 0 0 0 0
split_gain=1.19034e+10 4.74119e+09 1.79576e+09 1.34183e+09 2.09219e+08 1.16099e+08 6.49771e+07 6.09686e+07 3.9791e+07 3.23391e+07 2.92671e+07 2.0579e+07 1.6909e+07 3.07496e+06 1.1671e+06 1.09504e+06 974836 799864 712670 582504 370643 18792
threshold=2.5000000000000004 3.5000000000000004 1.5000000000000002 4.5000000000000009 0 1 2 3 4 5 6 7 8 9 10 11 12 13 14 15 16 17
decision_type=2 2 2 2 1 1 1 1 1 1 1 1 1 1 1 1 1 1 1 1 1 1
left_child=2 5 15 6 8 7 14 20 -4 -6 -7 -11 -5 -13 -3 -1 -12 -14 -17 -8 -2 -21
right_child=1 3 4 12 9 10 19 -9 -10 11 16 13 17 -15 -16 18 -18 -19 -20 21 -22 -23
leaf_value=-12.910027126355661 11.932547132126242 22.884993180004077 -3.8626081823602259 38.008400120751524 0.33266039110694884 4.8274196092030586 16.216655382747806 5.9820513310458026 -5.5562628813923283 -1.7819177640884352 3.6728775496445567 -2.424771288335009 27.775617977808498 -2.9701552885236882 19.687186555652211 -10.448694980058209 3.252366903862816 32.382304021439289 -9.460014531124477 15.108171068064763 9.9568321771153094 13.540261268903988
leaf_weight=781 819 1275 125425 2031 13255 72256 4821 65413 48172 129286 22117 48351 1141 57851 6931 95760 47335 13759 4207 27525 9514 1975
leaf_count=781 819 1275 125425 2031 13255 72256 4821 65413 48172 129286 22117 48351 1141 57851 6931 95760 47335 13759 4207 27525 9514 1975
internal_value=0.00599435 8.38856 -4.43156 20.9004 -3.00071 4.96747 16.161 6.54845 -4.33288 -2.07074 4.12165 -2.20603 32.8047 -2.72211 20.2113 -10.4297 3.38679 32.0484 -10.408 15.1823 10.1248 15.0078
internal_weight=800000 276912 523088 59458 422340 217454 42527 75746 173597 248743 141708 235488 16931 106202 8206 100748 69452 14900 99967 34321 10333 29500
internal_count=800000 276912 523088 59458 422340 217454 42527 75746 173597 248743 141708 235488 16931 106202 8206 100748 69452 14900 99967 34321 10333 29500
cat_boundaries=0 1 2 3 4 5 6 7 8 9 10 11 12 13 14 15 16 17 18
cat_threshold=36 49 50 48 4 1 2 2 2 16 48 4 8 4 40 4 32 1
is_linear=0
shrinkage=0.05


Tree=59
num_leaves=23
num_cat=18
split_feature=1 1 1 1 0 0 0 0 0 0 0 0 0 0 0 0 0 0 0 0 0 0
split_gain=1.07436e+10 4.27976e+09 1.62074e+09 1.21129e+09 1.88823e+08 1.04792e+08 5.86907e+07 5.50525e+07 3.59135e+07 2.91866e+07 2.64127e+07 1.85736e+07 1.54329e+07 2.7752e+06 2.22336e+06 1.07227e+06 1.0005e+06 880043 703903 530145 342009 9938.91
threshold=2.5000000000000004 3.5000000000000004 1.5000000000000002 4.5000000000000009 0 1 2 3 4 5 6 7 8 9 10 11 12 13 14 15 16 17
decision_type=2 2 2 2 1 1 1 1 1 1 1 1 1 1 1 1 1 1 1 1 1 1
left_child=2 5 16 6 8 7 15 20 -4 -6 -7 -11 -5 -13 -14 -3 -1 -12 -18 -8 -2 -21
right_child=1 3 4 12 9 10 19 -9 -10 11 17 13 14 -15 -16 -17 18 -19 -20 21 -22 -23
leaf_value=-11.925856223771227 11.343118511609491 21.749647484716277 -3.6694921238831912 35.786984931318273 0.31603974817925207 4.5860756525770192 15.407507393962725 5.6829923404720253 -5.2785107910734528 -1.6928228295523553 3.4893187710244007 -2.3035562039654125 30.750428750889053 -2.8216755434528977 26.002958847039309 18.704243062377543 -9.9234299132265082 3.0897804241883415 -8.9499001543135606 14.353034482990223 9.4595064272153575 12.866655714433799
leaf_weight=1073 819 1275 125425 2300 13255 72256 4821 65413 48172 129286 22117 48351 13483 57851 1148 6931 95599 47335 4076 27525 9514 1975
leaf_count=1073 819 1275 125425 2300 13255 72256 4821 65413 48172 129286 22117 48351 13483 57851 1148 6931 95599 47335 4076 27525 9514 1975
internal_value=0.00580389 7.96953 -4.21003 19.8569 -2.85069 4.71918 15.354 6.22121 -4.11626 -1.96721 3.9156 -2.09574 31.1674 -2.58603 30.3959 19.2033 -9.90843 3.2175 -9.88452 14.4238 9.61963 14.2579
internal_weight=800000 276912 523088 59458 422340 217454 42527 75746 173597 248743 141708 235488 16931 106202 14631 8206 100748 69452 99675 34321 10333 29500
internal_count=800000 276912 523088 59458 422340 217454 42527 75746 173597 248743 141708 235488 16931 106202 14631 8206 100748 69452 99675 34321 10333 29500
cat_boundaries=0 1 2 3 4 5 6 7 8 9 10 11 12 13 14 15 16 17 18
cat_threshold=36 49 50 48 4 1 2 2 18 16 9 48 12 8 34 4 32 1
is_linear=0
shrinkage=0.05


Tree=60
num_leaves=23
num_cat=18
split_feature=1 1 1 1 0 0 0 0 0 0 0 0 0 0 0 0 0 0 0 0 0 0
split_gain=9.69683e+09 3.86323e+09 1.46278e+09 1.09344e+09 1.70415e+08 9.45869e+07 5.30125e+07 4.97106e+07 3.24137e+07 2.63415e+07 2.3837e+07 1.67633e+07 1.40223e+07 2.50462e+06 984875 938388 794461 716865 573028 482415 315450 2633.7
threshold=2.5000000000000004 3.5000000000000004 1.5000000000000002 4.5000000000000009 0 1 2 3 4 5 6 7 8 9 10 11 12 13 14 15 16 17
decision_type=2 2 2 2 1 1 1 1 1 1 1 1 1 1 1 1 1 1 1 1 1 1
left_child=2 5 15 6 8 7 14 20 -4 -6 -7 -11 -5 -13 -3 -1 -12 -14 -17 -8 -2 -21
right_child=1 3 4 12 9 10 19 -9 -10 11 16 13 17 -15 -16 18 -18 -19 -20 21 -22 -23
leaf_value=-11.683933454096394 10.782804636845974 20.670625996496895 -3.486032088568598 34.336706941259784 0.30024817304614804 4.3568055240308157 14.638720758280579 5.3988874153752482 -5.0146427494983472 -1.6081910826991415 3.3149325230066986 -2.1884052921511379 29.282656288930486 -2.6806195574628728 17.770378852951961 -9.4298923058075168 2.9353221139944097 25.610607800103733 -8.5401915933612624 13.635642096299712 8.9870327019080651 12.226567121380825
leaf_weight=781 819 1275 125425 2031 13255 72256 4821 65413 48172 129286 22117 48351 13379 57851 6931 95760 47335 1521 4207 27525 9514 1975
leaf_count=781 819 1275 125425 2031 13255 72256 4821 65413 48172 129286 22117 48351 13379 57851 6931 95760 47335 1521 4207 27525 9514 1975
internal_value=0.00561751 7.57144 -3.99957 18.8656 -2.70818 4.48331 14.5873 5.91033 -3.91048 -1.86887 3.71986 -1.99097 29.6118 -2.45675 18.2456 -9.41316 3.05667 28.9252 -9.39331 13.7033 9.13965 13.5455
internal_weight=800000 276912 523088 59458 422340 217454 42527 75746 173597 248743 141708 235488 16931 106202 8206 100748 69452 14900 99967 34321 10333 29500
internal_count=800000 276912 523088 59458 422340 217454 42527 75746 173597 248743 141708 235488 16931 106202 8206 100748 69452 14900 99967 34321 10333 29500
cat_boundaries=0 1 2 3 4 5 6 7 8 9 10 11 12 13 14 15 16 17 18
cat_threshold=36 49 50 48 4 1 2 2 2 16 48 4 8 17 40 4 32 1
is_linear=0
shrinkage=0.05


Tree=61
num_leaves=22
num_cat=17
split_feature=1 1 1 1 0 0 0 0 0 0 0 0 0 0 0 0 0 0 0 0 0
split_gain=8.75205e+09 3.48724e+09 1.32021e+09 9.87069e+08 1.53801e+08 8.53753e+07 4.78837e+07 4.48869e+07 2.92548e+07 2.37738e+07 2.15123e+07 1.51293e+07 1.277e+07 2.2604e+06 1.90895e+06 904370 856860 717192 514517 438992 290844
threshold=2.5000000000000004 3.5000000000000004 1.5000000000000002 4.5000000000000009 0 1 2 3 4 5 6 7 8 9 10 11 12 13 14 15 16
decision_type=2 2 2 2 1 1 1 1 1 1 1 1 1 1 1 1 1 1 1 1 1
left_child=2 5 16 6 8 7 15 20 -4 -6 -7 -11 -5 -13 -14 -3 -1 -12 -18 -8 -2
right_child=1 3 4 12 9 10 19 -9 -10 11 17 13 14 -15 -16 -17 18 -19 -20 -21 -22
leaf_value=-11.107123375240379 10.250162674750868 19.645132207462296 -3.3117463956343181 32.325418877415842 0.28524673743019724 4.1389966662991826 13.908302005806513 5.1289884007181348 -4.7639618393097303 -1.5277923960258519 3.1492639678942669 -2.0790081449843787 27.756084536304559 -2.5466096044252198 23.444561931382808 16.883140019967907 -8.9584469577705264 2.7885897670193529 -8.1141940840449074 12.868642034785944 8.5381529793224633
leaf_weight=781 819 1275 125425 2300 13255 72256 4821 65413 48172 129286 22117 48351 13483 57851 1148 6931 95760 47335 4207 29500 9514
leaf_count=781 819 1275 125425 2300 13255 72256 4821 65413 48172 129286 22117 48351 13483 57851 1148 6931 95760 47335 4207 29500 9514
internal_value=0.00543613 7.19324 -3.79964 17.9237 -2.57279 4.25923 13.8588 5.61498 -3.71498 -1.77544 3.53391 -1.89144 28.1338 -2.33394 27.434 17.3357 -8.94265 2.90388 -8.92373 13.0187 8.68363
internal_weight=800000 276912 523088 59458 422340 217454 42527 75746 173597 248743 141708 235488 16931 106202 14631 8206 100748 69452 99967 34321 10333
internal_count=800000 276912 523088 59458 422340 217454 42527 75746 173597 248743 141708 235488 16931 106202 14631 8206 100748 69452 99967 34321 10333
cat_boundaries=0 1 2 3 4 5 6 7 8 9 10 11 12 13 14 15 16 17
cat_threshold=36 49 50 48 4 1 2 2 18 16 9 48 4 8 40 4 32
is_linear=0
shrinkage=0.05


Tree=62
num_leaves=23
num_cat=18
split_feature=1 1 1 1 0 0 0 0 0 0 0 0 0 0 0 0 0 0 0 0 0 0
split_gain=7.89927e+09 3.1478e+09 1.19154e+09 8.91055e+08 1.38807e+08 7.70603e+07 4.32548e+07 4.05316e+07 2.64039e+07 2.14563e+07 1.94144e+07 1.36548e+07 1.16278e+07 2.04002e+06 830269 796832 647411 557418 519024 400101 268067 119872
threshold=2.5000000000000004 3.5000000000000004 1.5000000000000002 4.5000000000000009 0 1 2 3 4 5 6 7 8 9 10 11 12 13 14 15 16 17
decision_type=2 2 2 2 1 1 1 1 1 1 1 1 1 1 1 1 1 1 1 1 1 1
left_child=2 5 15 6 8 7 14 20 -4 -6 -7 -11 -5 -13 -3 -1 -12 -14 -17 -8 -2 -21
right_child=1 3 4 12 9 10 19 -9 -10 11 16 13 17 -15 -16 18 -18 -19 -20 21 -22 -23
leaf_value=-10.265391146201067 9.7438407755300709 18.670528698264395 -3.1461689511615911 31.019932248018819 0.27099547934361418 3.9320775622009516 13.2143225030064 4.8725730812615371 -4.5258108939968542 -1.4514058858543439 2.9918691044575256 -1.9750766745808872 26.42825377647921 -2.4192994023096248 16.040202120892374 -8.508105511789978 2.6491929699141092 23.121346341263305 -7.6728188145469929 12.310909125468509 8.1116967690486668 10.978121446758434
leaf_weight=1073 819 1275 125425 2031 13255 72256 4821 65413 48172 129286 22117 48351 13379 57851 6931 95599 47335 1521 4076 27525 9514 1975
leaf_count=1073 819 1275 125425 2031 13255 72256 4821 65413 48172 129286 22117 48351 13379 57851 6931 95599 47335 1521 4076 27525 9514 1975
internal_value=0.00525248 6.83391 -3.6097 17.0288 -2.44416 4.04635 13.1666 5.33439 -3.52925 -1.68668 3.35725 -1.79688 26.7296 -2.21726 16.4711 -8.49565 2.75873 26.1064 -8.47472 12.3681 8.25036 12.2254
internal_weight=800000 276912 523088 59458 422340 217454 42527 75746 173597 248743 141708 235488 16931 106202 8206 100748 69452 14900 99675 34321 10333 29500
internal_count=800000 276912 523088 59458 422340 217454 42527 75746 173597 248743 141708 235488 16931 106202 8206 100748 69452 14900 99675 34321 10333 29500
cat_boundaries=0 1 2 3 4 5 6 7 8 9 10 11 12 13 14 15 16 17 18
cat_threshold=36 49 50 48 4 1 2 2 2 16 48 12 8 17 34 4 32 1
is_linear=0
shrinkage=0.05


Tree=63
num_leaves=23
num_cat=18
split_feature=1 1 1 1 0 0 0 0 0 0 0 0 0 0 0 0 0 0 0 0 0 0
split_gain=7.12962e+09 2.84144e+09 1.07541e+09 8.0437e+08 1.25276e+08 6.95558e+07 3.90699e+07 3.65986e+07 2.38306e+07 1.93648e+07 1.75212e+07 1.23241e+07 1.05644e+07 1.8411e+06 1.6406e+06 762032 732498 584464 413141 364037 246990 103335
threshold=2.5000000000000004 3.5000000000000004 1.5000000000000002 4.5000000000000009 0 1 2 3 4 5 6 7 8 9 10 11 12 13 14 15 16 17
decision_type=2 2 2 2 1 1 1 1 1 1 1 1 1 1 1 1 1 1 1 1 1 1
left_child=2 5 16 6 8 7 15 20 -4 -6 -7 -11 -5 -13 -14 -3 -1 -12 -18 -8 -2 -21
right_child=1 3 4 12 9 10 19 -9 -10 11 17 13 14 -15 -16 -17 18 -19 -20 21 -22 -23
leaf_value=-10.052006274198009 9.2625225783832388 17.744262299890185 -2.9888754795580974 29.198588236111068 0.25745727936636492 3.7355014095705137 12.554978106634337 4.6289844328743852 -4.2995645921547299 -1.3788378620115251 2.8423444087459977 -1.8763439448037897 25.053450470285934 -2.298353732535249 21.13637696696069 15.239349576771183 -8.0849412056268779 2.5167568837064209 -7.3254157488567166 11.695587932308898 7.7065332747967688 10.431988739859248
leaf_weight=781 819 1275 125425 2300 13255 72256 4821 65413 48172 129286 22117 48351 13483 57851 1148 6931 95760 47335 4207 27525 9514 1975
leaf_count=781 819 1275 125425 2300 13255 72256 4821 65413 48172 129286 22117 48351 13483 57851 1148 6931 95760 47335 4207 27525 9514 1975
internal_value=0.00508078 6.49254 -3.42925 16.1786 -2.32197 3.8441 12.5091 5.06782 -3.35281 -1.60235 3.18942 -1.70704 25.3955 -2.10642 24.7607 15.6497 -8.071 2.62083 -8.05371 11.7503 7.8387 11.6146
internal_weight=800000 276912 523088 59458 422340 217454 42527 75746 173597 248743 141708 235488 16931 106202 14631 8206 100748 69452 99967 34321 10333 29500
internal_count=800000 276912 523088 59458 422340 217454 42527 75746 173597 248743 141708 235488 16931 106202 14631 8206 100748 69452 99967 34321 10333 29500
cat_boundaries=0 1 2 3 4 5 6 7 8 9 10 11 12 13 14 15 16 17 18
cat_threshold=36 49 50 48 4 1 2 2 18 16 9 48 4 8 40 4 32 1
is_linear=0
shrinkage=0.05


Tree=64
num_leaves=23
num_cat=18
split_feature=1 1 1 1 0 0 0 0 0 0 0 0 0 0 0 0 0 0 0 0 0 0
split_gain=6.43497e+09 2.5649e+09 9.70595e+08 7.26114e+08 1.13063e+08 6.27818e+07 3.52901e+07 3.30473e+07 2.15083e+07 1.74772e+07 1.58126e+07 1.11228e+07 9.64192e+06 1.66163e+06 699249 678090 527596 428185 422761 331195 227489 88914.5
threshold=2.5000000000000004 3.5000000000000004 1.5000000000000002 4.5000000000000009 0 1 2 3 4 5 6 7 8 9 10 11 12 13 14 15 16 17
decision_type=2 2 2 2 1 1 1 1 1 1 1 1 1 1 1 1 1 1 1 1 1 1
left_child=2 5 15 6 8 7 14 20 -4 -6 -7 -11 -5 -13 -3 -1 -12 -14 -17 -8 -2 -21
right_child=1 3 4 12 9 10 19 -9 -10 11 16 13 17 -15 -16 18 -18 -19 -20 21 -22 -23
leaf_value=-9.2854175601089217 8.8049822624399816 16.863956189433889 -2.8394460161123725 28.023756572044931 0.24459405936432749 3.5487548718381059 11.928525444331612 4.3975705415896469 -4.0846348533188594 -1.309906938918052 2.7002871409452531 -1.7825441709535668 23.851934468910901 -2.1834575734168404 14.478485794243253 -7.678596134844323 2.3909473290596006 20.875194877086319 -6.9247429902333 11.111019304509993 7.3216139046297712 9.9130094032383695
leaf_weight=1073 819 1275 125425 2031 13255 72256 4821 65413 48172 129286 22117 48351 13379 57851 6931 95599 47335 1521 4076 27525 9514 1975
leaf_count=1073 819 1275 125425 2031 13255 72256 4821 65413 48172 129286 22117 48351 13379 57851 6931 95599 47335 1521 4076 27525 9514 1975
internal_value=0.00490967 6.16823 -3.25782 15.3709 -2.20589 3.65197 11.8845 4.81457 -3.18519 -1.52225 3.02998 -1.62171 24.1279 -2.00112 14.8692 -7.66758 2.48983 23.5623 -7.64847 11.1633 7.44759 11.0342
internal_weight=800000 276912 523088 59458 422340 217454 42527 75746 173597 248743 141708 235488 16931 106202 8206 100748 69452 14900 99675 34321 10333 29500
internal_count=800000 276912 523088 59458 422340 217454 42527 75746 173597 248743 141708 235488 16931 106202 8206 100748 69452 14900 99675 34321 10333 29500
cat_boundaries=0 1 2 3 4 5 6 7 8 9 10 11 12 13 14 15 16 17 18
cat_threshold=36 49 50 48 4 1 2 2 2 16 48 12 8 17 34 4 32 1
is_linear=0
shrinkage=0.05


Tree=65
num_leaves=23
num_cat=18
split_feature=1 1 1 1 0 0 0 0 0 0 0 0 0 0 0 0 0 0 0 0 0 0
split_gain=5.80799e+09 2.31527e+09 8.75996e+08 6.55474e+08 1.0204e+08 5.66676e+07 3.18758e+07 2.98406e+07 1.94124e+07 1.57735e+07 1.42704e+07 1.00388e+07 8.73801e+06 1.49962e+06 1.41147e+06 641495 625539 476283 331424 301315 209467 76326.2
threshold=2.5000000000000004 3.5000000000000004 1.5000000000000002 4.5000000000000009 0 1 2 3 4 5 6 7 8 9 10 11 12 13 14 15 16 17
decision_type=2 2 2 2 1 1 1 1 1 1 1 1 1 1 1 1 1 1 1 1 1 1
left_child=2 5 16 6 8 7 15 20 -4 -6 -7 -11 -5 -13 -14 -3 -1 -12 -18 -8 -2 -21
right_child=1 3 4 12 9 10 19 -9 -10 11 17 13 14 -15 -16 -17 18 -19 -20 21 -22 -23
leaf_value=-9.0973591371673717 8.3700456658951197 16.027314938274341 -2.6974837556240563 26.374142487560324 0.23237313969019355 3.3713393841442243 11.333340999773696 4.1777249684677891 -3.8804471949732156 -1.2444162576767408 2.5653350753101476 -1.6934388003892886 22.614100825296255 -2.0743062319241061 19.053933688890133 13.755603201288672 -7.2966027721756745 2.271425680993842 -6.6134269812052242 10.555672746204261 6.9559145726060123 9.4198547911944264
leaf_weight=781 819 1275 125425 2300 13255 72256 4821 65413 48172 129286 22117 48351 13483 57851 1148 6931 95760 47335 4207 27525 9514 1975
leaf_count=781 819 1275 125425 2300 13255 72256 4821 65413 48172 129286 22117 48351 13483 57851 1148 6931 95760 47335 4207 27525 9514 1975
internal_value=0.00474561 5.86012 -3.09497 14.6035 -2.09561 3.46944 11.291 4.57398 -3.02595 -1.44615 2.87851 -1.54063 22.9237 -1.90108 22.348 14.1276 -7.28432 2.36538 -7.26852 10.6056 7.07598 10.4828
internal_weight=800000 276912 523088 59458 422340 217454 42527 75746 173597 248743 141708 235488 16931 106202 14631 8206 100748 69452 99967 34321 10333 29500
internal_count=800000 276912 523088 59458 422340 217454 42527 75746 173597 248743 141708 235488 16931 106202 14631 8206 100748 69452 99967 34321 10333 29500
cat_boundaries=0 1 2 3 4 5 6 7 8 9 10 11 12 13 14 15 16 17 18
cat_threshold=36 49 50 48 4 1 2 2 18 16 9 48 4 8 40 4 32 1
is_linear=0
shrinkage=0.05


Tree=66
num_leaves=23
num_cat=18
split_feature=1 1 1 1 0 0 0 0 0 0 0 0 0 0 0 0 0 0 0 0 0 0
split_gain=5.2421e+09 2.08994e+09 7.9062e+08 5.91704e+08 9.20924e+07 5.1149e+07 2.87917e+07 2.69451e+07 1.75204e+07 1.42359e+07 1.28787e+07 9.06032e+06 7.99509e+06 1.35341e+06 588406 576411 429960 344581 323841 274073 192811 65334.9
threshold=2.5000000000000004 3.5000000000000004 1.5000000000000002 4.5000000000000009 0 1 2 3 4 5 6 7 8 9 10 11 12 13 14 15 16 17
decision_type=2 2 2 2 1 1 1 1 1 1 1 1 1 1 1 1 1 1 1 1 1 1
left_child=2 5 15 6 8 7 14 20 -4 -6 -7 -11 -5 -13 -3 -1 -12 -17 -14 -8 -2 -21
right_child=1 3 4 12 9 10 19 -9 -10 11 16 13 18 -15 -16 17 -18 -19 -20 21 -22 -23
leaf_value=-8.399043133120129 7.9565921940619466 15.232184247840705 -2.5626197531313868 25.317186955830913 0.22076493198899472 3.2027934572604511 10.767835744442444 3.9688704745045715 -3.6864600659267861 -1.1821985632398757 2.4371248809418624 -1.6087795860721368 21.526593307583724 -1.9706042347207182 13.06880584695363 -6.9299581031566708 2.1578765527191628 -6.2494919915089584 18.84841351723998 10.028080566514312 6.6084834795346641 8.9512427771061436
leaf_weight=1073 819 1275 125425 2031 13255 72256 4821 65413 48172 129286 22117 48351 13379 57851 6931 95599 47335 4076 1521 27525 9514 1975
leaf_count=1073 819 1275 125425 2031 13255 72256 4821 65413 48172 129286 22117 48351 13379 57851 6931 95599 47335 4076 1521 27525 9514 1975
internal_value=0.00458581 5.56739 -2.94025 13.8744 -1.99084 3.29603 10.7272 4.34541 -2.87467 -1.37385 2.73461 -1.46361 21.7795 -1.80604 13.4231 -6.92022 2.24714 -6.90276 21.266 10.0758 6.72292 9.95904
internal_weight=800000 276912 523088 59458 422340 217454 42527 75746 173597 248743 141708 235488 16931 106202 8206 100748 69452 99675 14900 34321 10333 29500
internal_count=800000 276912 523088 59458 422340 217454 42527 75746 173597 248743 141708 235488 16931 106202 8206 100748 69452 99675 14900 34321 10333 29500
cat_boundaries=0 1 2 3 4 5 6 7 8 9 10 11 12 13 14 15 16 17 18
cat_threshold=36 49 50 48 4 1 2 2 2 16 48 12 8 34 17 4 32 1
is_linear=0
shrinkage=0.05


Tree=67
num_leaves=23
num_cat=18
split_feature=1 1 1 1 0 0 0 0 0 0 0 0 0 0 0 0 0 0 0 0 0 0
split_gain=4.73135e+09 1.88653e+09 7.13563e+08 5.34141e+08 8.31146e+07 4.61677e+07 2.60063e+07 2.43305e+07 1.58132e+07 1.28482e+07 1.16228e+07 8.17746e+06 7.24178e+06 1.22146e+06 539573 533691 388142 276860 265590 249331 177431 55790
threshold=2.5000000000000004 3.5000000000000004 1.5000000000000002 4.5000000000000009 0 1 2 3 4 5 6 7 8 9 10 11 12 13 14 15 16 17
decision_type=2 2 2 2 1 1 1 1 1 1 1 1 1 1 1 1 1 1 1 1 1 1
left_child=2 5 15 6 8 7 14 20 -4 -6 -7 -11 -5 -13 -3 -1 -12 -14 -17 -8 -2 -21
right_child=1 3 4 12 9 10 19 -9 -10 11 16 13 17 -15 -16 18 -18 -19 -20 21 -22 -23
leaf_value=-8.2335983852671006 7.5635687818860831 14.476502768149173 -2.4344993372625336 24.057533203416568 0.20973367575290652 3.0426782609536653 10.230566428596498 3.7704583394221864 -3.5021799835943606 -1.1230903414780957 2.3153234256570778 -1.5283602405705146 20.451063299343794 -1.8720954549718258 12.416312970676815 -5.9607514399860877 2.0500049674376251 17.912151494515168 -6.5846922919487305 9.5268582848583012 6.2784051066083801 8.5059275483484527
leaf_weight=781 819 1275 125425 2031 13255 72256 4821 65413 48172 129286 22117 48351 13379 57851 6931 4073 47335 1521 95894 27525 9514 1975
leaf_count=781 819 1275 125425 2031 13255 72256 4821 65413 48172 129286 22117 48351 13379 57851 6931 4073 47335 1521 95894 27525 9514 1975
internal_value=0.00442994 5.2893 -2.79327 13.1817 -1.89131 3.13129 10.1915 4.12826 -2.73096 -1.30516 2.59791 -1.39044 20.6925 -1.71576 12.7536 -6.57431 2.13482 20.2041 -6.55987 9.5724 6.38748 9.46141
internal_weight=800000 276912 523088 59458 422340 217454 42527 75746 173597 248743 141708 235488 16931 106202 8206 100748 69452 14900 99967 34321 10333 29500
internal_count=800000 276912 523088 59458 422340 217454 42527 75746 173597 248743 141708 235488 16931 106202 8206 100748 69452 14900 99967 34321 10333 29500
cat_boundaries=0 1 2 3 4 5 6 7 8 9 10 11 12 13 14 15 16 17 18
cat_threshold=36 49 50 48 4 1 2 2 2 16 48 4 8 17 16 4 32 1
is_linear=0
shrinkage=0.05


Tree=68
num_leaves=23
num_cat=18
split_feature=1 1 1 1 0 0 0 0 0 0 0 0 0 0 0 0 0 0 0 0 0 0
split_gain=4.27036e+09 1.70293e+09 6.44017e+08 4.82177e+08 7.50114e+07 4.16715e+07 2.34902e+07 2.19697e+07 1.42721e+07 1.15957e+07 1.04893e+07 7.38044e+06 6.60196e+06 1.18019e+06 1.10237e+06 494703 489460 350376 280133 226803 163212 47474
threshold=2.5000000000000004 3.5000000000000004 1.5000000000000002 4.5000000000000009 0 1 2 3 4 5 6 7 8 9 10 11 12 13 14 15 16 17
decision_type=2 2 2 2 1 1 1 1 1 1 1 1 1 1 1 1 1 1 1 1 1 1
left_child=2 5 16 6 8 7 15 20 -4 -6 -7 -11 -5 -14 -13 -3 -1 -12 -18 -8 -2 -21
right_child=1 3 4 12 9 10 19 -9 -10 11 17 14 13 -15 -16 -17 18 -19 -20 21 -22 -23
leaf_value=-7.5973201142343685 7.1899394997066413 13.758308441666779 -2.3127816554591196 22.646178383682713 0.19925175141623189 2.8905657911592311 9.7201006815512958 3.5819643607268667 -3.3271035881101074 -1.0669418876934667 2.1996078290882006 -1.4519592141910862 19.394116287475995 16.287310317637388 -1.7785073427075151 11.796388884900095 -6.2542966643615534 1.9475292727113562 -5.6404504847421526 9.0506866729248667 5.9648184964232271 8.0827763376308024
leaf_weight=1073 819 1275 125425 2300 13255 72256 4821 65413 48172 129286 22117 48351 13483 1148 57851 6931 95599 47335 4076 27525 9514 1975
leaf_count=1073 819 1275 125425 2300 13255 72256 4821 65413 48172 129286 22117 48351 13483 1148 57851 6931 95599 47335 4076 27525 9514 1975
internal_value=0.00427842 5.02509 -2.65364 12.5236 -1.79676 2.97478 9.68258 3.92196 -2.59442 -1.23992 2.46804 -1.32093 19.6597 19.1616 -1.62999 12.1176 -6.2457 2.02811 -6.22976 9.09419 6.06878 8.98865
internal_weight=800000 276912 523088 59458 422340 217454 42527 75746 173597 248743 141708 235488 16931 14631 106202 8206 100748 69452 99675 34321 10333 29500
internal_count=800000 276912 523088 59458 422340 217454 42527 75746 173597 248743 141708 235488 16931 14631 106202 8206 100748 69452 99675 34321 10333 29500
cat_boundaries=0 1 2 3 4 5 6 7 8 9 10 11 12 13 14 15 16 17 18
cat_threshold=36 49 50 48 4 1 2 2 18 9 16 48 12 8 34 4 32 1
is_linear=0
shrinkage=0.05


Tree=69
num_leaves=23
num_cat=18
split_feature=1 1 1 1 0 0 0 0 0 0 0 0 0 0 0 0 0 0 0 0 0 0
split_gain=3.85429e+09 1.53719e+09 5.81248e+08 4.35267e+08 6.76991e+07 3.76131e+07 2.12176e+07 1.98379e+07 1.28811e+07 1.04654e+07 9.46629e+06 6.66111e+06 6.00221e+06 994882 454932 453476 316322 213528 206264 200476 150108 40254.3
threshold=2.5000000000000004 3.5000000000000004 1.5000000000000002 4.5000000000000009 0 1 2 3 4 5 6 7 8 9 10 11 12 13 14 15 16 17
decision_type=2 2 2 2 1 1 1 1 1 1 1 1 1 1 1 1 1 1 1 1 1 1
left_child=2 5 14 6 8 7 15 20 -4 -6 -7 -11 -5 -13 -1 -3 -12 -16 -8 -14 -2 -20
right_child=1 3 4 12 9 10 18 -9 -10 11 16 13 19 -15 17 -17 -18 -19 21 -21 -22 -23
leaf_value=-7.4520587258031483 6.8347868959636244 13.075753841325932 -2.1971568948147606 21.733787942843833 0.1892971544377183 2.7460549666708491 9.2350900055039045 3.402891703367565 -3.1607826817204412 -1.0135986948102553 2.0896844249199003 -1.3793762907008993 18.457023784800707 -1.6895960565627903 -5.9430358571778186 11.20742423875482 1.8501722257136544 -5.3901221037419846 8.5983156041231403 16.175504594219813 5.6668897484541443 7.6806759989111484
leaf_weight=781 819 1275 125425 2031 13255 72256 4821 65413 48172 129286 22117 48351 13379 57851 95760 6931 47335 4207 27525 1521 9514 1975
leaf_count=781 819 1275 125425 2031 13255 72256 4821 65413 48172 129286 22117 48351 13379 57851 95760 6931 47335 4207 27525 1521 9514 1975
internal_value=0.00412964 4.77408 -2.52098 11.8984 -1.70693 2.8261 9.19906 3.72597 -2.46472 -1.17793 2.34467 -1.25489 18.6784 -1.5485 -5.93351 11.5133 1.92673 -5.92031 8.63987 18.2351 5.76598 8.5395
internal_weight=800000 276912 523088 59458 422340 217454 42527 75746 173597 248743 141708 235488 16931 106202 100748 8206 69452 99967 34321 14900 10333 29500
internal_count=800000 276912 523088 59458 422340 217454 42527 75746 173597 248743 141708 235488 16931 106202 100748 8206 69452 99967 34321 14900 10333 29500
cat_boundaries=0 1 2 3 4 5 6 7 8 9 10 11 12 13 14 15 16 17 18
cat_threshold=36 49 50 48 4 1 2 2 2 16 4 48 8 40 4 17 32 1
is_linear=0
shrinkage=0.05


Tree=70
num_leaves=23
num_cat=18
split_feature=1 1 1 1 0 0 0 0 0 0 0 0 0 0 0 0 0 0 0 0 0 0
split_gain=3.47876e+09 1.38759e+09 5.24598e+08 3.92922e+08 6.10993e+07 3.39503e+07 1.91647e+07 1.79129e+07 1.16259e+07 9.4452e+06 8.54313e+06 6.01186e+06 5.46024e+06 1.01875e+06 897887 415606 415199 285551 228623 187615 138012 34003.6
threshold=2.5000000000000004 3.5000000000000004 1.5000000000000002 4.5000000000000009 0 1 2 3 4 5 6 7 8 9 10 11 12 13 14 15 16 17
decision_type=2 2 2 2 1 1 1 1 1 1 1 1 1 1 1 1 1 1 1 1 1 1
left_child=2 5 16 6 8 7 15 20 -4 -6 -7 -11 -5 -14 -13 -3 -1 -12 -18 -8 -2 -21
right_child=1 3 4 12 9 10 19 -9 -10 11 17 14 13 -15 -16 -17 18 -19 -20 21 -22 -23
leaf_value=-6.8721422075234635 6.4971659922628549 12.427049521212448 -2.0873077609132564 20.455862468124987 0.17983851389304406 2.6087704082788106 8.7743051076078498 3.2327777606021915 -3.0027787159509667 -0.96292291041014144 1.9852450804374855 -1.3104197262204149 17.506117820914678 14.678183327046495 -1.6051295870270677 10.647853816165274 -5.6445300929660496 1.7576827420633414 -5.0902722116433932 8.1685616372452898 5.3838408534014146 7.2985788204988244
leaf_weight=1073 819 1275 125425 2300 13255 72256 4821 65413 48172 129286 22117 48351 13483 1148 57851 6931 95599 47335 4076 27525 9514 1975
leaf_count=1073 819 1275 125425 2300 13255 72256 4821 65413 48172 129286 22117 48351 13483 1148 57851 6931 95599 47335 4076 27525 9514 1975
internal_value=0.00398648 4.53561 -2.39496 11.3043 -1.6216 2.68484 8.7397 3.53978 -2.3415 -1.11904 2.22745 -1.19215 17.7462 17.2944 -1.47109 10.9391 -5.63693 1.83043 -5.62238 8.20826 5.47828 8.11281
internal_weight=800000 276912 523088 59458 422340 217454 42527 75746 173597 248743 141708 235488 16931 14631 106202 8206 100748 69452 99675 34321 10333 29500
internal_count=800000 276912 523088 59458 422340 217454 42527 75746 173597 248743 141708 235488 16931 14631 106202 8206 100748 69452 99675 34321 10333 29500
cat_boundaries=0 1 2 3 4 5 6 7 8 9 10 11 12 13 14 15 16 17 18
cat_threshold=36 49 50 48 4 1 2 2 18 9 16 48 12 8 34 4 32 1
is_linear=0
shrinkage=0.05


Tree=71
num_leaves=23
num_cat=18
split_feature=1 1 1 1 0 0 0 0 0 0 0 0 0 0 0 0 0 0 0 0 0 0
split_gain=3.13981e+09 1.25254e+09 4.73469e+08 3.54695e+08 5.51423e+07 3.06439e+07 1.73106e+07 1.61748e+07 1.04929e+07 8.52452e+06 7.71006e+06 5.42592e+06 4.9747e+06 810364 387483 380824 257775 170630 169155 139892 126858 28579.1
threshold=2.5000000000000004 3.5000000000000004 1.5000000000000002 4.5000000000000009 0 1 2 3 4 5 6 7 8 9 10 11 12 13 14 15 16 17
decision_type=2 2 2 2 1 1 1 1 1 1 1 1 1 1 1 1 1 1 1 1 1 1
left_child=2 5 14 6 8 7 15 20 -4 -6 -7 -11 -5 -13 -1 -3 -12 -8 -16 -14 -2 -19
right_child=1 3 4 12 9 10 17 -9 -10 11 16 13 19 -15 18 -17 -18 21 -20 -21 -22 -23
leaf_value=-6.744903622053366 6.176227239187722 11.810534542692311 -1.9829465004763618 19.634641796207383 0.17085411572878739 2.4783514356229137 8.336491491009399 3.071161903910903 -2.8526690003425683 -0.91478173646865235 1.8860250324866117 -1.2449115710184437 16.65724518642957 -1.5248895081583553 -4.8593761767880927 10.116229540510664 1.669815423183701 7.7602737855538937 -5.3631396713289057 14.608440651136782 5.1149319207052484 6.9354890875011606
leaf_weight=781 819 1275 125425 2031 13255 72256 4821 65413 48172 129286 22117 48351 13379 57851 4073 6931 47335 27525 95894 1521 9514 1975
leaf_count=781 819 1275 125425 2031 13255 72256 4821 65413 48172 129286 22117 48351 13379 57851 4073 6931 47335 27525 95894 1521 9514 1975
internal_value=0.00384647 4.30904 -2.27524 10.74 -1.54053 2.55065 8.30327 3.36289 -2.22444 -1.06309 2.1161 -1.13255 16.8604 -1.39755 -5.35517 10.3935 1.73893 7.79819 -5.3431 16.458 5.20494 7.70742
internal_weight=800000 276912 523088 59458 422340 217454 42527 75746 173597 248743 141708 235488 16931 106202 100748 8206 69452 34321 99967 14900 10333 29500
internal_count=800000 276912 523088 59458 422340 217454 42527 75746 173597 248743 141708 235488 16931 106202 100748 8206 69452 34321 99967 14900 10333 29500
cat_boundaries=0 1 2 3 4 5 6 7 8 9 10 11 12 13 14 15 16 17 18
cat_threshold=36 49 50 48 4 1 2 2 2 16 4 48 8 4 16 17 32 1
is_linear=0
shrinkage=0.05


Tree=72
num_leaves=23
num_cat=18
split_feature=1 1 1 1 0 0 0 0 0 0 0 0 0 0 0 0 0 0 0 0 0 0
split_gain=2.83389e+09 1.13064e+09 4.27323e+08 3.20189e+08 4.97667e+07 2.76594e+07 1.56358e+07 1.46054e+07 9.47034e+06 7.69356e+06 6.95803e+06 4.89702e+06 4.51514e+06 880627 731341 353223 348890 232707 155156 151808 116579 23910.5
threshold=2.5000000000000004 3.5000000000000004 1.5000000000000002 4.5000000000000009 0 1 2 3 4 5 6 7 8 9 10 11 12 13 14 15 16 17
decision_type=2 2 2 2 1 1 1 1 1 1 1 1 1 1 1 1 1 1 1 1 1 1
left_child=2 5 15 6 8 7 16 20 -4 -6 -7 -11 -5 -14 -13 -1 -3 -12 -8 -17 -2 -20
right_child=1 3 4 12 9 10 18 -9 -10 11 17 14 13 -15 -16 19 -18 -19 21 -21 -22 -23
leaf_value=-6.4119211996306209 5.8711475395322275 11.224602762660165 -1.8838098999561268 18.477352026324251 0.16231730981273917 2.3544493458568154 7.920527145478129 2.9176251263233128 -2.7100663329807673 -0.86904890060391615 1.7917721734473842 -1.1826794716045892 15.802050134952417 13.226487556187394 -1.4486563420374419 -4.6170025000874686 9.6111451065037112 1.5863466670956554 7.372407361112491 -5.0950106599055855 4.8594559004005395 6.5904594555910059
leaf_weight=781 819 1275 125425 2300 13255 72256 4821 65413 48172 129286 22117 48351 13483 1148 57851 4073 6931 47335 27525 95894 9514 1975
leaf_count=781 819 1275 125425 2300 13255 72256 4821 65413 48172 129286 22117 48351 13483 1148 57851 4073 6931 47335 27525 95894 9514 1975
internal_value=0.00371051 4.0938 -2.1615 10.2038 -1.46351 2.42317 7.88863 3.19484 -2.11323 -1.00995 2.01032 -1.07594 16.0189 15.6091 -1.32769 -5.0875 9.87519 1.65201 7.40862 -5.076 4.94524 7.32231
internal_weight=800000 276912 523088 59458 422340 217454 42527 75746 173597 248743 141708 235488 16931 14631 106202 100748 8206 69452 34321 99967 10333 29500
internal_count=800000 276912 523088 59458 422340 217454 42527 75746 173597 248743 141708 235488 16931 14631 106202 100748 8206 69452 34321 99967 10333 29500
cat_boundaries=0 1 2 3 4 5 6 7 8 9 10 11 12 13 14 15 16 17 18
cat_threshold=36 49 50 48 4 1 2 2 18 9 16 4 48 8 4 16 32 1
is_linear=0
shrinkage=0.05


Tree=73
num_leaves=23
num_cat=18
split_feature=1 1 1 1 0 0 0 0 0 0 0 0 0 0 0 0 0 0 0 0 0 0
split_gain=2.55778e+09 1.0206e+09 3.85675e+08 2.89038e+08 4.49151e+07 2.49658e+07 1.4123e+07 1.31882e+07 8.54744e+06 6.94366e+06 6.27943e+06 4.41984e+06 4.123e+06 660035 327795 319578 210062 168944 141107 107097 92184 19874.3
threshold=2.5000000000000004 3.5000000000000004 1.5000000000000002 4.5000000000000009 0 1 2 3 4 5 6 7 8 9 10 11 12 13 14 15 16 17
decision_type=2 2 2 2 1 1 1 1 1 1 1 1 1 1 1 1 1 1 1 1 1 1
left_child=2 5 14 6 8 7 15 19 -4 -6 -7 -11 -5 -13 -1 -3 -12 -16 -8 -2 -14 -20
right_child=1 3 4 12 9 10 18 -9 -10 11 16 13 20 -15 17 -17 -18 -19 21 -21 -22 -23
leaf_value=-5.9163202178555299 5.5811201327960083 10.66774210473443 -1.7896273959535021 17.738379053576562 0.1542131831086091 2.2367405257579898 7.5253246707714911 2.771766758345549 -2.5745916121656514 -0.82559717064309623 1.702220321336247 -1.123559658973192 15.032809559639526 -1.3762376938595384 -4.8394834333261665 9.1312796484031189 1.507047051024772 -4.3636839823225699 7.0039176591520249 4.6167387115309486 13.194414183394262 6.2625946443207026
leaf_weight=1073 819 1275 125425 2031 13255 72256 4821 65413 48172 129286 22117 48351 13379 57851 95599 6931 47335 4076 27525 9514 1521 1975
leaf_count=1073 819 1275 125425 2031 13255 72256 4821 65413 48172 129286 22117 48351 13379 57851 95599 6931 47335 4076 27525 9514 1521 1975
internal_value=0.00357793 3.88931 -2.05345 9.69434 -1.39035 2.30205 7.4947 3.03519 -2.00759 -0.959457 1.90982 -1.02215 15.2194 -1.26132 -4.8332 9.3827 1.56944 -4.82047 7.03851 4.6985 14.8541 6.95643
internal_weight=800000 276912 523088 59458 422340 217454 42527 75746 173597 248743 141708 235488 16931 106202 100748 8206 69452 99675 34321 10333 14900 29500
internal_count=800000 276912 523088 59458 422340 217454 42527 75746 173597 248743 141708 235488 16931 106202 100748 8206 69452 99675 34321 10333 14900 29500
cat_boundaries=0 1 2 3 4 5 6 7 8 9 10 11 12 13 14 15 16 17 18
cat_threshold=36 49 50 48 4 1 2 2 2 16 12 48 8 34 4 32 17 1
is_linear=0
shrinkage=0.05


Tree=74
num_leaves=23
num_cat=18
split_feature=1 1 1 1 0 0 0 0 0 0 0 0 0 0 0 0 0 0 0 0 0 0
split_gain=2.30857e+09 9.21267e+08 3.48086e+08 2.60919e+08 4.05363e+07 2.25341e+07 1.27566e+07 1.19085e+07 7.71452e+06 6.26676e+06 5.66722e+06 3.98908e+06 3.73407e+06 595664 300284 292674 189639 128321 120558 98370 75796.9 16405.8
threshold=2.5000000000000004 3.5000000000000004 1.5000000000000002 4.5000000000000009 0 1 2 3 4 5 6 7 8 9 10 11 12 13 14 15 16 17
decision_type=2 2 2 2 1 1 1 1 1 1 1 1 1 1 1 1 1 1 1 1 1 1
left_child=2 5 14 6 8 7 15 19 -4 -6 -7 -11 -5 -13 -1 -3 -12 -8 -16 -2 -14 -19
right_child=1 3 4 12 9 10 17 -9 -10 11 16 13 20 -15 18 -17 -18 21 -20 -21 -22 -23
leaf_value=-5.8033039592762208 5.3054293882142218 10.138504851337537 -1.7001508464407238 16.855798153320052 0.14650584273728343 2.1249281781017939 7.1498425759876332 2.6331971934877298 -2.4458888239949803 -0.78431945437547701 1.6171498179365693 -1.067394933576129 14.281724438221055 -1.3074356577489148 -4.169065208234187 8.6753736719379599 1.4317090946140707 6.6538495102884641 -4.5981763836181599 4.3861409921698193 12.538996814887248 5.9510387262108946
leaf_weight=781 819 1275 125425 2031 13255 72256 4821 65413 48172 129286 22117 48351 13379 57851 4073 6931 47335 27525 95894 9514 1521 1975
leaf_count=781 819 1275 125425 2031 13255 72256 4821 65413 48172 129286 22117 48351 13379 57851 4073 6931 47335 27525 95894 9514 1521 1975
internal_value=0.00345165 3.69504 -1.9508 9.21035 -1.32084 2.18699 7.12045 2.88351 -1.90722 -0.91149 1.81436 -0.971045 14.4597 -1.19826 -4.59162 8.91477 1.49099 6.68688 -4.58111 4.46406 14.1124 6.60883
internal_weight=800000 276912 523088 59458 422340 217454 42527 75746 173597 248743 141708 235488 16931 106202 100748 8206 69452 34321 99967 10333 14900 29500
internal_count=800000 276912 523088 59458 422340 217454 42527 75746 173597 248743 141708 235488 16931 106202 100748 8206 69452 34321 99967 10333 14900 29500
cat_boundaries=0 1 2 3 4 5 6 7 8 9 10 11 12 13 14 15 16 17 18
cat_threshold=36 49 50 48 4 1 2 2 2 16 4 48 8 4 16 32 17 1
is_linear=0
shrinkage=0.05


Tree=75
num_leaves=23
num_cat=18
split_feature=1 1 1 1 0 0 0 0 0 0 0 0 0 0 0 0 0 0 0 0 0 0
split_gain=2.08364e+09 8.31606e+08 3.14161e+08 2.35536e+08 3.65845e+07 2.03398e+07 1.15224e+07 1.0753e+07 6.96271e+06 5.6559e+06 5.11452e+06 3.6003e+06 3.4102e+06 741072 537591 277650 267998 171193 137830 116654 90335.5 13422.4
threshold=2.5000000000000004 3.5000000000000004 1.5000000000000002 4.5000000000000009 0 1 2 3 4 5 6 7 8 9 10 11 12 13 14 15 16 17
decision_type=2 2 2 2 1 1 1 1 1 1 1 1 1 1 1 1 1 1 1 1 1 1
left_child=2 5 15 6 8 7 16 20 -4 -6 -7 -11 -5 -14 -13 -1 -3 -12 -17 -8 -2 -21
right_child=1 3 4 12 9 10 19 -9 -10 11 17 14 13 -15 -16 18 -18 -19 -20 21 -22 -23
leaf_value=-5.3519962620757191 5.043367438782254 9.6355315250738123 -1.6151519733788309 15.865999356265711 0.13918702330087834 2.0186941732679471 6.7930812214551528 2.5015595865259108 -2.3236213741482215 -0.74510741317772644 1.5363273266991291 -1.0140371729847872 13.552829496220681 11.295331856459121 -1.2420767498697072 -4.3676506258912244 8.2422303126810128 1.3601377374099344 -3.9380746111354004 6.3212833646985915 4.1670671156102603 5.6549915242615514
leaf_weight=1073 819 1275 125425 2300 13255 72256 4821 65413 48172 129286 22117 48351 13483 1148 57851 95599 6931 47335 4076 27525 9514 1975
leaf_count=1073 819 1275 125425 2300 13255 72256 4821 65413 48172 129286 22117 48351 13483 1148 57851 95599 6931 47335 4076 27525 9514 1975
internal_value=0.00332687 3.51046 -1.85328 8.75053 -1.2548 2.07768 6.76488 2.73942 -1.81187 -0.865922 1.72366 -0.922501 13.738 13.3835 -1.13836 -4.36211 8.47018 1.41646 -4.35048 6.35283 4.24133 6.27861
internal_weight=800000 276912 523088 59458 422340 217454 42527 75746 173597 248743 141708 235488 16931 14631 106202 100748 8206 69452 99675 34321 10333 29500
internal_count=800000 276912 523088 59458 422340 217454 42527 75746 173597 248743 141708 235488 16931 14631 106202 100748 8206 69452 99675 34321 10333 29500
cat_boundaries=0 1 2 3 4 5 6 7 8 9 10 11 12 13 14 15 16 17 18
cat_threshold=36 49 50 48 4 1 2 2 18 9 16 12 48 8 34 4 32 1
is_linear=0
shrinkage=0.05


Tree=76
num_leaves=23
num_cat=18
split_feature=1 1 1 1 0 0 0 0 0 0 0 0 0 0 0 0 0 0 0 0 0 0
split_gain=1.88062e+09 7.5067e+08 2.83541e+08 2.1262e+08 3.30178e+07 1.83588e+07 1.04076e+07 9.70965e+06 6.2842e+06 5.10455e+06 4.61562e+06 3.24939e+06 3.09344e+06 485185 255096 245346 154538 106058 95541.9 82934 41504.5 10867.6
threshold=2.5000000000000004 3.5000000000000004 1.5000000000000002 4.5000000000000009 0 1 2 3 4 5 6 7 8 9 10 11 12 13 14 15 16 17
decision_type=2 2 2 2 1 1 1 1 1 1 1 1 1 1 1 1 1 1 1 1 1 1
left_child=2 5 14 6 8 7 15 19 -4 -6 -7 -11 -5 -13 -1 -3 -12 -8 -16 -2 -14 -19
right_child=1 3 4 12 9 10 17 -9 -10 11 16 13 20 -15 18 -17 -18 21 -20 -21 -22 -23
leaf_value=-5.2525910331687493 4.7942391647504525 9.1574955915755343 -1.534398666454273 15.227733666075615 0.13223172295286753 1.9177696930963941 6.4541269106638897 2.3764982477617873 -2.2074631744301794 -0.70785498182343354 1.4595482652733749 -0.96334411623617899 12.888708771177043 -1.1799836759939264 -3.7647026681911706 7.8307121781378175 1.2921497084802631 6.0053354950879392 -4.1497832293068129 3.9589332424758212 11.327567564421118 5.3736678656282599
leaf_weight=781 819 1275 125425 2031 13255 72256 4821 65413 48172 129286 22117 48351 13379 57851 4073 6931 47335 27525 95894 9514 1521 1975
leaf_count=781 819 1275 125425 2031 13255 72256 4821 65413 48172 129286 22117 48351 13379 57851 4073 6931 47335 27525 95894 9514 1521 1975
internal_value=0.003207 3.33511 -1.76063 8.31365 -1.19207 1.97384 6.42707 2.60253 -1.72129 -0.822632 1.63749 -0.876382 13.0523 -1.08145 -4.14407 8.04775 1.34566 6.03546 -4.13447 4.02971 12.7371 5.96488
internal_weight=800000 276912 523088 59458 422340 217454 42527 75746 173597 248743 141708 235488 16931 106202 100748 8206 69452 34321 99967 10333 14900 29500
internal_count=800000 276912 523088 59458 422340 217454 42527 75746 173597 248743 141708 235488 16931 106202 100748 8206 69452 34321 99967 10333 14900 29500
cat_boundaries=0 1 2 3 4 5 6 7 8 9 10 11 12 13 14 15 16 17 18
cat_threshold=36 49 50 48 4 1 2 2 2 16 4 48 8 4 16 32 17 1
is_linear=0
shrinkage=0.05


Tree=77
num_leaves=23
num_cat=18
split_feature=1 1 1 1 0 0 0 0 0 0 0 0 0 0 0 0 0 0 0 0 0 0
split_gain=1.69739e+09 6.77612e+08 2.55907e+08 1.91936e+08 2.97992e+07 1.6571e+07 9.40069e+06 8.76748e+06 5.67171e+06 4.60695e+06 4.16565e+06 2.9327e+06 2.81989e+06 642894 437874 236257 224586 139505 111870 96443.4 76124 8686.45
threshold=2.5000000000000004 3.5000000000000004 1.5000000000000002 4.5000000000000009 0 1 2 3 4 5 6 7 8 9 10 11 12 13 14 15 16 17
decision_type=2 2 2 2 1 1 1 1 1 1 1 1 1 1 1 1 1 1 1 1 1 1
left_child=2 5 15 6 8 7 16 20 -4 -6 -7 -11 -5 -14 -13 -1 -3 -12 -17 -8 -2 -21
right_child=1 3 4 12 9 10 19 -9 -10 11 17 14 13 -15 -16 18 -18 -19 -20 21 -22 -23
leaf_value=-4.7922388926762141 4.5574180821601677 8.70318356821973 -1.4576877632340977 14.331662005882761 0.12562455913861473 1.8218979319782358 6.1320914343138266 2.2576913901372291 -2.0971118497450667 -0.67246363197996484 1.3865963941034831 -0.91518641165592962 12.2338941519497 10.173950667537762 -1.1209929406928261 -3.9412154994249349 7.4397368353187066 1.227549799037768 -3.5538673891953496 5.7051707467258748 3.7611929508579323 5.1063306650887208
leaf_weight=1204 819 1275 125425 2300 13255 72256 4821 65413 48172 129286 22117 48351 13483 1148 57851 95468 6931 47335 4076 27525 9514 1975
leaf_count=1204 819 1275 125425 2300 13255 72256 4821 65413 48172 129286 22117 48351 13483 1148 57851 95468 6931 47335 4076 27525 9514 1975
internal_value=0.00308995 3.16852 -1.67262 7.89859 -1.13248 1.87518 6.10612 2.47247 -1.63523 -0.781504 1.55563 -0.832567 12.4009 12.0793 -1.02739 -3.93693 7.6464 1.27839 -3.92571 5.73395 3.82865 5.66682
internal_weight=800000 276912 523088 59458 422340 217454 42527 75746 173597 248743 141708 235488 16931 14631 106202 100748 8206 69452 99544 34321 10333 29500
internal_count=800000 276912 523088 59458 422340 217454 42527 75746 173597 248743 141708 235488 16931 14631 106202 100748 8206 69452 99544 34321 10333 29500
cat_boundaries=0 1 2 3 4 5 6 7 8 9 10 11 12 13 14 15 16 17 18
cat_threshold=36 49 50 48 4 1 2 2 18 9 16 14 48 8 32 4 32 1
is_linear=0
shrinkage=0.05


Tree=78
num_leaves=21
num_cat=16
split_feature=1 1 1 1 0 0 0 0 0 0 0 0 0 0 0 0 0 0 0 0
split_gain=1.53201e+09 6.11662e+08 2.30965e+08 1.73263e+08 2.68938e+07 1.49572e+07 8.49121e+06 7.91669e+06 5.11901e+06 4.15787e+06 3.75937e+06 2.64691e+06 2.56254e+06 395193 218143 125940 87696 75521 69858.2 6823.56
threshold=2.5000000000000004 3.5000000000000004 1.5000000000000002 4.5000000000000009 0 1 2 3 4 5 6 7 8 9 10 11 12 13 14 15
decision_type=2 2 2 2 1 1 1 1 1 1 1 1 1 1 1 1 1 1 1 1
left_child=2 5 14 6 8 7 -3 18 -4 -6 -7 -11 -5 -13 -1 -12 -8 -16 -2 -18
right_child=1 3 4 12 9 10 16 -9 -10 11 15 13 -14 -15 17 -17 19 -19 -20 -21
leaf_value=-4.756697125923167 4.3322933582402543 7.2650614527555621 -1.3848056977294474 13.756993474591193 0.11934678357725004 1.7308150727858469 5.8261272554983883 2.1448276100641483 -1.9922753398531545 -0.63884367362146977 1.3173015453674632 -0.86943821608779892 11.495771083046654 -1.0649572382523607 -3.3996672736585305 1.1661868731858978 5.4200115770000892 -3.7450846380796841 3.5733277239553169 4.8523020613163483
leaf_weight=781 819 8206 125425 2031 13255 72256 4821 65413 48172 129286 22117 48351 14900 57851 4073 47335 27525 95894 9514 1975
leaf_count=781 819 8206 125425 2031 13255 72256 4821 65413 48172 129286 22117 48351 14900 57851 4073 47335 27525 95894 9514 1975
internal_value=0.00297815 3.01024 -1.58901 7.50425 -1.07586 1.78146 5.8012 2.34892 -1.55348 -0.742436 1.47787 -0.790947 11.7819 -0.976033 -3.74014 1.21449 5.44749 -3.73135 3.63761 5.38366
internal_weight=800000 276912 523088 59458 422340 217454 42527 75746 173597 248743 141708 235488 16931 106202 100748 69452 34321 99967 10333 29500
internal_count=800000 276912 523088 59458 422340 217454 42527 75746 173597 248743 141708 235488 16931 106202 100748 69452 34321 99967 10333 29500
cat_boundaries=0 1 2 3 4 5 6 7 8 9 10 11 12 13 14 15 16
cat_threshold=36 49 50 48 4 1 2 2 2 16 4 8 4 16 32 1
is_linear=0
shrinkage=0.05


Tree=79
num_leaves=22
num_cat=17
split_feature=1 1 1 1 0 0 0 0 0 0 0 0 0 0 0 0 0 0 0 0 0
split_gain=1.38272e+09 5.52102e+08 2.08455e+08 1.56396e+08 2.42722e+07 1.35006e+07 7.66521e+06 7.14853e+06 4.62018e+06 3.75253e+06 3.39274e+06 2.38888e+06 2.33559e+06 668788 356645 201025 113693 91480.4 79721.6 64095 5242.93
threshold=2.5000000000000004 3.5000000000000004 1.5000000000000002 4.5000000000000009 0 1 2 3 4 5 6 7 8 9 10 11 12 13 14 15 16
decision_type=2 2 2 2 1 1 1 1 1 1 1 1 1 1 1 1 1 1 1 1 1
left_child=2 5 15 6 8 7 -3 19 -4 -6 -7 -11 -5 -14 -13 -1 -12 -17 -8 -2 -20
right_child=1 3 4 12 9 10 18 -9 -10 11 16 14 13 -15 -16 17 -18 -19 20 -21 -22
leaf_value=-4.3363510279521913 4.1182939150940241 6.9022527263134341 -1.3155714520792434 12.946478981331831 0.11338358008093175 1.6442859690066567 5.5354223853138711 2.0376018127980293 -1.89268509971809 -0.60690234420566835 1.2514670562748451 -0.82597210473663862 11.048295520656522 9.099819661669164 -1.0117108156063763 -3.5569387641195087 1.1078892632147139 -3.2070280259926416 5.1491102016584742 3.394850106782044 4.6109152024699105
leaf_weight=1204 819 8206 125425 2300 13255 72256 4821 65413 48172 129286 22117 48351 13483 1148 57851 95468 47335 4076 27525 9514 1975
leaf_count=1204 819 8206 125425 2300 13255 72256 4821 65413 48172 129286 22117 48351 13483 1148 57851 95468 47335 4076 27525 9514 1975
internal_value=0.00285781 2.85985 -1.50957 7.12945 -1.02207 1.69242 5.51142 2.23154 -1.47582 -0.705316 1.40399 -0.751401 11.1936 10.9017 -0.927235 -3.5532 1.15379 -3.54293 5.17535 3.45612 5.11465
internal_weight=800000 276912 523088 59458 422340 217454 42527 75746 173597 248743 141708 235488 16931 14631 106202 100748 69452 99544 34321 10333 29500
internal_count=800000 276912 523088 59458 422340 217454 42527 75746 173597 248743 141708 235488 16931 14631 106202 100748 69452 99544 34321 10333 29500
cat_boundaries=0 1 2 3 4 5 6 7 8 9 10 11 12 13 14 15 16 17
cat_threshold=36 49 50 48 4 1 2 2 18 9 16 14 8 32 4 32 1
is_linear=0
shrinkage=0.05


Tree=80
num_leaves=23
num_cat=18
split_feature=1 1 1 1 0 0 0 0 0 0 0 0 0 0 0 0 0 0 0 0 0 0
split_gain=1.24799e+09 4.98356e+08 1.88138e+08 1.41185e+08 2.19061e+07 1.21858e+07 6.91955e+06 6.45488e+06 4.16994e+06 3.38672e+06 3.0618e+06 2.15607e+06 2.12366e+06 321874 288471 186385 102637 72469.1 59536.4 58797.8 11460.9 3916
threshold=2.5000000000000004 3.5000000000000004 1.5000000000000002 4.5000000000000009 0 1 2 3 4 5 6 7 8 9 10 11 12 13 14 15 16 17
decision_type=2 2 2 2 1 1 1 1 1 1 1 1 1 1 1 1 1 1 1 1 1 1
left_child=2 5 15 6 8 7 14 19 -4 -6 -7 -11 -5 -13 -3 -1 -12 -8 -17 -2 -14 -19
right_child=1 3 4 12 9 10 17 -9 -10 11 16 13 20 -15 -16 18 -18 21 -20 -21 -22 -23
leaf_value=-4.30779238868453 3.9148688125380278 7.5685578885802034 -1.2498001176846119 12.428368272599142 0.10771818277479073 1.5620787723690013 5.2592243839509498 1.9357387074014156 -1.7980725028467259 -0.57655749765658437 1.1889244459586628 -0.78468122949464358 9.0456238180735546 -0.96113364656986711 6.360948118526677 -3.0701441744043638 1.0525079834938351 4.8917512848543048 -3.3798534890393799 3.2252851104896543 10.478717281514676 4.381527026870689
leaf_weight=781 819 1275 125425 2031 13255 72256 4821 65413 48172 129286 22117 48351 1141 57851 6931 4073 47335 27525 95894 9514 13759 1975
leaf_count=781 819 1275 125425 2031 13255 72256 4821 65413 48172 129286 22117 48351 1141 57851 6931 4073 47335 27525 95894 9514 13759 1975
internal_value=0.00274756 2.71698 -1.43411 6.77344 -0.970974 1.60783 5.23611 2.12003 -1.40204 -0.670054 1.3338 -0.713835 10.6349 -0.880881 6.55756 -3.37559 1.09611 4.91681 -3.36754 3.28367 10.3751 4.85909
internal_weight=800000 276912 523088 59458 422340 217454 42527 75746 173597 248743 141708 235488 16931 106202 8206 100748 69452 34321 99967 10333 14900 29500
internal_count=800000 276912 523088 59458 422340 217454 42527 75746 173597 248743 141708 235488 16931 106202 8206 100748 69452 34321 99967 10333 14900 29500
cat_boundaries=0 1 2 3 4 5 6 7 8 9 10 11 12 13 14 15 16 17 18
cat_threshold=36 49 50 48 4 1 2 2 2 16 48 4 8 4 16 32 4 1
is_linear=0
shrinkage=0.05


Tree=81
num_leaves=22
num_cat=17
split_feature=1 1 1 1 0 0 0 0 0 0 0 0 0 0 0 0 0 0 0 0 0
split_gain=1.12639e+09 4.49854e+08 1.69801e+08 1.27449e+08 1.97702e+07 1.09991e+07 6.2501e+06 5.82856e+06 3.76358e+06 3.05666e+06 2.76329e+06 1.94588e+06 1.93116e+06 566184 290504 170880 92652.9 74924.3 65863.4 53922 2795.29
threshold=2.5000000000000004 3.5000000000000004 1.5000000000000002 4.5000000000000009 0 1 2 3 4 5 6 7 8 9 10 11 12 13 14 15 16
decision_type=2 2 2 2 1 1 1 1 1 1 1 1 1 1 1 1 1 1 1 1 1
left_child=2 5 15 6 8 7 -3 19 -4 -6 -7 -11 -5 -14 -13 -1 -12 -17 -8 -2 -20
right_child=1 3 4 12 9 10 18 -9 -10 11 16 14 13 -15 -16 17 -18 -19 20 -21 -22
leaf_value=-3.9238680610153978 3.7214787790944985 6.2305288187049506 -1.1873113462599647 11.694576725268263 0.10234277633914309 1.4839882113847587 4.9967985331851787 1.8389653247445328 -1.7081851225099998 -0.54773697801309573 1.1295005446225412 -0.74545429001222074 9.9727375403915755 8.1999433609693977 -0.91308775985672153 -3.210135073407999 0.99988989384955651 -2.8939247665367933 4.6472540972543239 3.0641905383270664 4.1635549534718397
leaf_weight=1204 819 8206 125425 2300 13255 72256 4821 65413 48172 129286 22117 48351 13483 1148 57851 95468 47335 4076 27525 9514 1975
leaf_count=1204 819 8206 125425 2300 13255 72256 4821 65413 48172 129286 22117 48351 13483 1148 57851 95468 47335 4076 27525 9514 1975
internal_value=0.00264553 2.58126 -1.36242 6.43527 -0.922432 1.52746 4.97464 2.01409 -1.33194 -0.636558 1.26712 -0.678151 10.1041 9.83933 -0.836846 -3.20687 1.04132 -3.19748 4.67118 3.11984 4.61629
internal_weight=800000 276912 523088 59458 422340 217454 42527 75746 173597 248743 141708 235488 16931 14631 106202 100748 69452 99544 34321 10333 29500
internal_count=800000 276912 523088 59458 422340 217454 42527 75746 173597 248743 141708 235488 16931 14631 106202 100748 69452 99544 34321 10333 29500
cat_boundaries=0 1 2 3 4 5 6 7 8 9 10 11 12 13 14 15 16 17
cat_threshold=36 49 50 48 4 1 2 2 18 9 16 14 8 32 4 32 1
is_linear=0
shrinkage=0.05


Tree=82
num_leaves=21
num_cat=16
split_feature=1 1 1 1 0 0 0 0 0 0 0 0 0 0 0 0 0 0 0 0
split_gain=1.01664e+09 4.06061e+08 1.53252e+08 1.15054e+08 1.78429e+07 9.92927e+06 6.21606e+06 5.64211e+06 3.39677e+06 2.75869e+06 1.75906e+06 1.75625e+06 1.54225e+06 262169 159131 83641.6 59889 49443.1 46788.6 1852.04
threshold=2.5000000000000004 3.5000000000000004 1.5000000000000002 4.5000000000000009 0 1 2 3 4 5 6 7 8 9 10 11 12 13 14 15
decision_type=2 2 2 2 1 1 1 1 1 1 1 1 1 1 1 1 1 1 1 1
left_child=2 5 14 7 8 17 12 -3 -4 -6 -5 -11 -7 -13 -1 -8 -9 -2 -16 -18
right_child=1 3 4 10 9 6 15 16 -10 11 -12 13 -14 -15 18 -17 19 -19 -20 -21
leaf_value=-3.9014133573934795 3.5376472468542968 5.9193833294563083 -1.1279546981097912 11.228126470602243 0.097226576936321363 1.7470275275445553 1.0730553683518298 4.7474891695959478 -1.6227949145068754 -0.52035234074031433 9.3639773958053958 -0.70819332856935358 1.4097990506685032 -0.86744175669964041 -2.772671649119097 0.9499100280626358 4.4149723774148182 2.9111425522344048 -3.0502310063666331 3.9564295463658099
leaf_weight=781 819 8206 125425 2031 13255 65413 22117 4821 48172 129286 14900 48351 72256 57851 4073 47335 27525 9514 95894 1975
leaf_count=781 819 8206 125425 2031 13255 65413 22117 4821 48172 129286 14900 48351 72256 57851 4073 47335 27525 9514 95894 1975
internal_value=0.00254169 2.45231 -1.29431 6.11393 -0.876318 1.45112 1.37543 4.72614 -1.26536 -0.604735 9.59976 -0.644249 1.57015 -0.795014 -3.04657 0.989275 4.43782 2.96417 -3.0392 4.38562
internal_weight=800000 276912 523088 59458 422340 217454 207121 42527 173597 248743 16931 235488 137669 106202 100748 69452 34321 10333 99967 29500
internal_count=800000 276912 523088 59458 422340 217454 207121 42527 173597 248743 16931 235488 137669 106202 100748 69452 34321 10333 99967 29500
cat_boundaries=0 1 2 3 4 5 6 7 8 9 10 11 12 13 14 15 16
cat_threshold=36 48 3 50 4 1 2 2 1 16 4 8 4 32 16 1
is_linear=0
shrinkage=0.05


Tree=83
num_leaves=22
num_cat=17
split_feature=1 1 1 1 0 0 0 0 0 0 0 0 0 0 0 0 0 0 0 0 0
split_gain=9.17572e+08 3.66521e+08 1.38316e+08 1.03853e+08 1.61036e+07 8.96474e+06 5.61e+06 5.09325e+06 3.06577e+06 2.48976e+06 1.59897e+06 1.58516e+06 1.39197e+06 569277 236623 145447 75504.1 61857.9 54420.7 45331.2 1079.38
threshold=2.5000000000000004 3.5000000000000004 1.5000000000000002 4.5000000000000009 0 1 2 3 4 5 6 7 8 9 10 11 12 13 14 15 16
decision_type=2 2 2 2 1 1 1 1 1 1 1 1 1 1 1 1 1 1 1 1 1
left_child=2 5 15 7 8 19 12 -3 -4 -6 -5 -11 -7 -12 -13 -1 -8 -17 -9 -2 -20
right_child=1 3 4 10 9 6 16 18 -10 11 13 14 -14 -15 -16 17 -18 -19 20 -21 -22
leaf_value=-3.5902464782101959 3.3629067169023799 5.6237757824644259 -1.0715627664074587 10.56425807325355 0.092369377971639105 1.6596945249871979 1.0194235349213829 4.5105963176142181 -1.541674590089996 -0.49433190207082495 9.0066225490656304 -0.67278981967524609 1.3393172751137348 7.3293293275981375 -0.8240809614812753 -2.8975989669874656 0.90242287910051311 -2.6112770724751702 4.1943084996509015 2.7657397211724497 3.759596317781309
leaf_weight=1073 819 8206 125425 2300 13255 65413 22117 4821 48172 129286 13483 48351 72256 1148 57851 95599 47335 4076 27525 9514 1975
leaf_count=1073 819 8206 125425 2300 13255 65413 22117 4821 48172 129286 13483 48351 72256 1148 57851 95599 47335 4076 27525 9514 1975
internal_value=0.00243779 2.32979 -1.22961 5.80857 -0.832508 1.37859 1.30667 4.49006 -1.2021 -0.574501 9.12038 -0.612039 1.49165 8.88011 -0.755272 -2.8943 0.939823 -2.88615 4.21612 2.81628 4.16649
internal_weight=800000 276912 523088 59458 422340 217454 207121 42527 173597 248743 16931 235488 137669 14631 106202 100748 69452 99675 34321 10333 29500
internal_count=800000 276912 523088 59458 422340 217454 207121 42527 173597 248743 16931 235488 137669 14631 106202 100748 69452 99675 34321 10333 29500
cat_boundaries=0 1 2 3 4 5 6 7 8 9 10 11 12 13 14 15 16 17
cat_threshold=36 48 3 50 4 1 18 2 1 9 16 12 8 34 4 32 1
is_linear=0
shrinkage=0.05


Tree=84
num_leaves=22
num_cat=17
split_feature=1 1 1 1 0 0 0 0 0 0 0 0 0 0 0 0 0 0 0 0 0
split_gain=8.28164e+08 3.30841e+08 1.24835e+08 9.37523e+07 1.45334e+07 8.09385e+06 5.06294e+06 4.59777e+06 2.76698e+06 2.24708e+06 1.45762e+06 1.43059e+06 1.25621e+06 213556 134790 68155.8 49460.7 41551.5 36651.4 12729.5 431.564
threshold=2.5000000000000004 3.5000000000000004 1.5000000000000002 4.5000000000000009 0 1 2 3 4 5 6 7 8 9 10 11 12 13 14 15 16
decision_type=2 2 2 2 1 1 1 1 1 1 1 1 1 1 1 1 1 1 1 1 1
left_child=2 5 14 7 8 17 12 -3 -4 -6 -5 -11 -7 -13 -1 -8 -9 -2 -16 -12 -18
right_child=1 3 4 10 9 6 15 16 -10 11 19 13 -14 -15 18 -17 20 -19 -20 -21 -22
leaf_value=-3.5315646869644959 3.1967857286352013 5.3429281419533021 -1.0179843422234374 10.143848968778739 0.087754217191682513 1.5767181508159154 0.96847460606485325 4.2855319988651077 -1.464600987113936 -0.46962229810298306 7.3634162707291511 -0.63915533857471196 1.272364673723243 -0.78288316088330479 -2.5041300405277624 0.85731386718685543 3.9846704571489981 2.6275945703906203 -2.7527626726591157 8.5359075197320546 3.5725677007872152
leaf_weight=781 819 8206 125425 2031 13255 65413 22117 4821 48172 129286 1141 48351 72256 57851 4073 47335 27525 9514 95894 13759 1975
leaf_count=781 819 8206 125425 2031 13255 65413 22117 4821 48172 129286 1141 48351 72256 57851 4073 47335 27525 9514 95894 13759 1975
internal_value=0.00234365 2.2134 -1.16814 5.51852 -0.790887 1.30969 1.24135 4.26577 -1.14199 -0.545782 8.66516 -0.581444 1.41708 -0.717514 -2.74962 0.892847 4.0055 2.67576 -2.74288 8.45112 3.9583
internal_weight=800000 276912 523088 59458 422340 217454 207121 42527 173597 248743 16931 235488 137669 106202 100748 69452 34321 10333 99967 14900 29500
internal_count=800000 276912 523088 59458 422340 217454 207121 42527 173597 248743 16931 235488 137669 106202 100748 69452 34321 10333 99967 14900 29500
cat_boundaries=0 1 2 3 4 5 6 7 8 9 10 11 12 13 14 15 16 17
cat_threshold=36 48 3 50 4 1 2 2 1 16 4 8 4 32 16 4 1
is_linear=0
shrinkage=0.05


Tree=85
num_leaves=21
num_cat=16
split_feature=1 1 1 1 0 0 0 0 0 0 0 0 0 0 0 0 0 0 0 0
split_gain=7.47468e+08 2.98635e+08 1.12669e+08 8.46343e+07 1.31167e+07 7.30766e+06 4.56927e+06 4.15053e+06 2.49738e+06 2.02801e+06 1.32169e+06 1.29116e+06 1.13378e+06 484018 192723 124225 61532.8 50500.8 44960.7 38075.9
threshold=2.5000000000000004 3.5000000000000004 1.5000000000000002 4.5000000000000009 0 1 2 3 4 5 6 7 8 9 10 11 12 13 14 15
decision_type=2 2 2 2 1 1 1 1 1 1 1 1 1 1 1 1 1 1 1 1
left_child=2 5 15 7 8 19 12 -3 -4 -6 -5 -11 -7 -12 -13 -1 -8 -17 -9 -2
right_child=1 3 4 10 9 6 16 18 -10 11 13 14 -14 -15 -16 17 -18 -19 -20 -21
leaf_value=-3.2148045143931863 3.0388668094095479 5.0761108140866504 -0.9670881880471548 9.5426941099208147 0.083369770970292426 1.4978944721088983 0.92007388449363869 4.0717049283039692 -1.3913892481178707 -0.4461399510847639 8.1301472609032341 -0.60720279312062797 1.2087527329587913 6.6006812881311605 -0.74374006492256228 -2.6146626001639031 0.81445362134170662 -2.3561278195224786 3.7605126800782722 2.4963578199148682
leaf_weight=1204 819 8206 125425 2300 13255 65413 22117 4821 48172 129286 13483 48351 72256 1148 57851 95468 47335 4076 29500 9514
leaf_count=1204 819 8206 125425 2300 13255 65413 22117 4821 48172 129286 13483 48351 72256 1148 57851 95468 47335 4076 29500 9514
internal_value=0.00225195 2.10283 -1.10975 5.24296 -0.751346 1.24423 1.17929 4.05268 -1.0849 -0.518493 8.23267 -0.552372 1.34624 8.01473 -0.681641 -2.61219 0.848216 -2.60431 3.8054 2.54225
internal_weight=800000 276912 523088 59458 422340 217454 207121 42527 173597 248743 16931 235488 137669 14631 106202 100748 69452 99544 34321 10333
internal_count=800000 276912 523088 59458 422340 217454 207121 42527 173597 248743 16931 235488 137669 14631 106202 100748 69452 99544 34321 10333
cat_boundaries=0 1 2 3 4 5 6 7 8 9 10 11 12 13 14 15 16
cat_threshold=36 48 3 50 4 1 18 2 1 9 16 14 8 32 4 32
is_linear=0
shrinkage=0.05


Tree=86
num_leaves=21
num_cat=16
split_feature=1 1 1 1 0 0 0 0 0 0 0 0 0 0 0 0 0 0 0 0
split_gain=6.74633e+08 2.69559e+08 1.01687e+08 7.64042e+07 1.18381e+07 6.59779e+06 4.12368e+06 3.74708e+06 2.25394e+06 1.83032e+06 1.20725e+06 1.16536e+06 1.02332e+06 173935 114863 55551.4 40916.7 34891.9 28582.4 10418.9
threshold=2.5000000000000004 3.5000000000000004 1.5000000000000002 4.5000000000000009 0 1 2 3 4 5 6 7 8 9 10 11 12 13 14 15
decision_type=2 2 2 2 1 1 1 1 1 1 1 1 1 1 1 1 1 1 1 1
left_child=2 5 14 7 8 17 12 -3 -4 -6 -5 -11 -7 -13 -1 -8 -9 -2 -16 -18
right_child=1 3 4 10 9 6 15 16 -10 11 -12 13 -14 -15 18 -17 19 -19 -20 -21
leaf_value=-3.1985099001569783 2.888763994934763 4.8226137733854131 -0.91874311771104678 9.1643394459000653 0.079202577279641237 1.4230135663523649 0.87409371640111466 3.8685373197700437 -1.3218339265246435 -0.42383361406040704 7.6274770012204076 -0.57685171814242497 1.1483182224094945 -0.70656322932771198 -2.2617138156521825 0.77373943640269505 3.597552318417141 2.3716701333736085 -2.4842901222668852 3.207764915062739
leaf_weight=781 819 8206 125425 2031 13255 65413 22117 4821 48172 129286 14900 48351 72256 57851 4073 47335 27525 9514 95894 1975
leaf_count=781 819 8206 125425 2031 13255 65413 22117 4821 48172 129286 14900 48351 72256 57851 4073 47335 27525 9514 95894 1975
internal_value=0.0021601 1.99777 -1.05427 4.98112 -0.713785 1.18204 1.12033 3.8502 -1.03067 -0.492573 7.82175 -0.524758 1.27893 -0.647569 -2.48162 0.805819 3.61524 2.41541 -2.47545 3.57255
internal_weight=800000 276912 523088 59458 422340 217454 207121 42527 173597 248743 16931 235488 137669 106202 100748 69452 34321 10333 99967 29500
internal_count=800000 276912 523088 59458 422340 217454 207121 42527 173597 248743 16931 235488 137669 106202 100748 69452 34321 10333 99967 29500
cat_boundaries=0 1 2 3 4 5 6 7 8 9 10 11 12 13 14 15 16
cat_threshold=36 48 3 50 4 1 2 2 1 16 4 8 4 32 16 1
is_linear=0
shrinkage=0.05


Tree=87
num_leaves=22
num_cat=17
split_feature=1 1 1 1 0 0 0 0 0 0 0 0 0 0 0 0 0 0 0 0 0
split_gain=6.08893e+08 2.43311e+08 9.17767e+07 6.89663e+07 1.06839e+07 5.95687e+06 3.72161e+06 3.3826e+06 2.03432e+06 1.65189e+06 1.09398e+06 1.05177e+06 923522 475161 156980 105374 50139.6 41591.8 37189.1 31966.8 8988.39
threshold=2.5000000000000004 3.5000000000000004 1.5000000000000002 4.5000000000000009 0 1 2 3 4 5 6 7 8 9 10 11 12 13 14 15 16
decision_type=2 2 2 2 1 1 1 1 1 1 1 1 1 1 1 1 1 1 1 1 1
left_child=2 5 15 7 8 19 12 -3 -4 -6 -5 -11 -7 -12 -13 -1 -8 -17 -9 -2 -20
right_child=1 3 4 10 9 6 16 18 -10 11 13 14 -14 -15 -16 17 -18 -19 20 -21 -22
leaf_value=-2.9092236773333404 2.7460696747564723 4.5817786170421817 -0.87280642384582219 8.6203410857993301 0.075245024662758342 1.3518718616969778 0.83040249921348142 3.675511287246227 -1.2557557063225242 -0.40264372625108735 7.3428491015629689 -0.54801286299952734 1.0909141437698486 5.8954122036026346 -0.67124037062313557 -2.3597419666892865 0.73506192171783891 -2.1257891002847353 3.4177361607105654 2.2532109112561325 3.0481837789117541
leaf_weight=1204 819 8206 125425 2300 13255 65413 22117 4821 48172 129286 13483 48351 72256 1148 57851 95468 47335 4076 27525 9514 1975
leaf_count=1204 819 8206 125425 2300 13255 65413 22117 4821 48172 129286 13483 48351 72256 1148 57851 95468 47335 4076 27525 9514 1975
internal_value=0.00207119 1.89796 -1.00157 4.73234 -0.678099 1.12296 1.06433 3.65787 -0.979138 -0.467947 7.43116 -0.498524 1.215 7.23338 -0.615195 -2.35758 0.765538 -2.35038 3.43463 2.29489 3.39404
internal_weight=800000 276912 523088 59458 422340 217454 207121 42527 173597 248743 16931 235488 137669 14631 106202 100748 69452 99544 34321 10333 29500
internal_count=800000 276912 523088 59458 422340 217454 207121 42527 173597 248743 16931 235488 137669 14631 106202 100748 69452 99544 34321 10333 29500
cat_boundaries=0 1 2 3 4 5 6 7 8 9 10 11 12 13 14 15 16 17
cat_threshold=36 48 3 50 4 1 18 2 1 9 16 14 8 32 4 32 1
is_linear=0
shrinkage=0.05


Tree=88
num_leaves=22
num_cat=17
split_feature=1 1 1 1 0 0 0 0 0 0 0 0 0 0 0 0 0 0 0 0 0
split_gain=5.49563e+08 2.19624e+08 8.28316e+07 6.22584e+07 9.64214e+06 5.37817e+06 3.35875e+06 3.05354e+06 1.83607e+06 1.49089e+06 1.00032e+06 949257 833494 141683 97823.8 45268.5 33794.5 29281.7 22177.1 7743.7 5698.42
threshold=2.5000000000000004 3.5000000000000004 1.5000000000000002 4.5000000000000009 0 1 2 3 4 5 6 7 8 9 10 11 12 13 14 15 16
decision_type=2 2 2 2 1 1 1 1 1 1 1 1 1 1 1 1 1 1 1 1 1
left_child=2 5 14 7 8 17 12 -3 -4 -6 -5 -11 -7 -13 -1 -8 -9 -2 -16 -18 -12
right_child=1 3 4 10 9 6 15 16 -10 11 20 13 -14 -15 18 -17 19 -19 -20 -21 -22
leaf_value=-2.8969868040265689 2.6104212965694931 4.3529682703961887 -0.8291663183857847 8.2794680949112536 0.07148704859521135 1.2842920699461473 0.7889066456433862 3.4921157641086094 -1.1929777739299476 -0.38251567486857535 6.0010161591239024 -0.52061843790824314 1.0363798767558381 -0.63768774091829661 -2.0428786450380674 0.69831696907838703 3.2469133156173258 2.1406674532267487 -2.2419923171045526 2.8965365329617518 6.9526799164554962
leaf_weight=781 819 8206 125425 2031 13255 65413 22117 4821 48172 129286 1141 48351 72256 57851 4073 47335 27525 9514 95894 1975 13759
leaf_count=781 819 8206 125425 2031 13255 65413 22117 4821 48172 129286 1141 48351 72256 57851 4073 47335 27525 9514 95894 1975 13759
internal_value=0.00199034 1.80314 -0.951502 4.49603 -0.644199 1.06683 1.01112 3.47515 -0.930184 -0.444555 7.06025 -0.473603 1.15426 -0.584443 -2.23973 0.727275 3.26305 2.18039 -2.23408 3.22445 6.88388
internal_weight=800000 276912 523088 59458 422340 217454 207121 42527 173597 248743 16931 235488 137669 106202 100748 69452 34321 10333 99967 29500 14900
internal_count=800000 276912 523088 59458 422340 217454 207121 42527 173597 248743 16931 235488 137669 106202 100748 69452 34321 10333 99967 29500 14900
cat_boundaries=0 1 2 3 4 5 6 7 8 9 10 11 12 13 14 15 16 17
cat_threshold=36 48 3 50 4 1 2 2 1 16 4 8 4 32 16 1 4
is_linear=0
shrinkage=0.05


Tree=89
num_leaves=22
num_cat=17
split_feature=1 1 1 1 0 0 0 0 0 0 0 0 0 0 0 0 0 0 0 0 0
split_gain=4.96014e+08 1.98245e+08 7.47588e+07 5.62036e+07 8.70225e+06 4.85574e+06 3.03119e+06 2.75646e+06 1.65717e+06 1.34553e+06 905757 856770 752244 127864 89313.5 40861.5 34326.4 30710.8 26819.8 6651.74 3294.43
threshold=2.5000000000000004 3.5000000000000004 1.5000000000000002 4.5000000000000009 0 1 2 3 4 5 6 7 8 9 10 11 12 13 14 15 16
decision_type=2 2 2 2 1 1 1 1 1 1 1 1 1 1 1 1 1 1 1 1 1
left_child=2 5 14 7 8 18 12 -3 -4 -6 -5 -11 -7 -13 -1 -8 -16 -9 -2 -19 -12
right_child=1 3 4 10 9 6 15 17 -10 11 20 13 -14 -15 16 -17 -18 19 -20 -21 -22
leaf_value=-2.6327161284215763 2.4814805844149341 4.1355771817694977 -0.78771255642143601 7.8675236705236147 0.067911630250173743 1.2200840322834647 0.74947637127931321 3.3178704434116302 -1.1333455557564089 -0.36338894230837637 5.7035685110879299 -0.49459493540102467 0.98456503465048739 -0.60580884416228509 -2.1296795083214985 0.66340961505045093 -1.9178595034561494 3.0846246002069808 2.0337453351908001 2.7524405768656313 6.6052993107936393
leaf_weight=1204 819 8206 125425 2031 13255 65413 22117 4821 48172 129286 1141 48351 72256 57851 95468 47335 4076 27525 9514 1975 13759
leaf_count=1204 819 8206 125425 2031 13255 65413 22117 4821 48172 129286 1141 48351 72256 57851 95468 47335 4076 27525 9514 1975 13759
internal_value=0.00191026 1.71306 -0.903938 4.27152 -0.611993 1.01351 0.960575 3.30156 -0.883683 -0.422329 6.70786 -0.449925 1.09655 -0.555227 -2.12778 0.690922 -2.1212 3.10004 2.0716 3.06333 6.54012
internal_weight=800000 276912 523088 59458 422340 217454 207121 42527 173597 248743 16931 235488 137669 106202 100748 69452 99544 34321 10333 29500 14900
internal_count=800000 276912 523088 59458 422340 217454 207121 42527 173597 248743 16931 235488 137669 106202 100748 69452 99544 34321 10333 29500 14900
cat_boundaries=0 1 2 3 4 5 6 7 8 9 10 11 12 13 14 15 16 17
cat_threshold=36 48 3 50 4 1 2 2 1 16 14 8 32 4 32 1 4
is_linear=0
shrinkage=0.05


Tree=90
num_leaves=22
num_cat=17
split_feature=1 1 1 1 0 0 0 0 0 0 0 0 0 0 0 0 0 0 0 0 0
split_gain=4.47684e+08 1.78946e+08 6.74724e+07 5.07375e+07 7.85395e+06 4.38401e+06 2.7357e+06 2.4883e+06 1.49567e+06 1.21438e+06 825567 773258 678908 386984 115395 83261.8 36892 27910.6 24555.9 17110.8 5699.48
threshold=2.5000000000000004 3.5000000000000004 1.5000000000000002 4.5000000000000009 0 1 2 3 4 5 6 7 8 9 10 11 12 13 14 15 16
decision_type=2 2 2 2 1 1 1 1 1 1 1 1 1 1 1 1 1 1 1 1 1
left_child=2 5 15 7 8 18 12 -3 -4 -6 -5 -11 -7 -12 -13 -1 -8 -9 -2 -17 -19
right_child=1 3 4 10 9 6 16 17 -10 11 13 14 -14 -15 -16 19 -18 20 -20 -21 -22
leaf_value=-2.6239957971006218 2.3588883149753292 3.9290479010825266 -0.74833159792459847 7.4024074394671944 0.064520548070281389 1.1590924194830916 0.71202053845308566 3.1523253109015386 -1.0766909110353624 -0.34522081928491566 6.2985817765797307 -0.46986981870291911 0.93534799562925675 5.0224573525740084 -0.57552193228471304 -1.8453222283656008 0.6302422935041887 2.9304492316619228 1.932163090647794 -2.0233220090617885 2.6155149656339018
leaf_weight=781 819 8206 125425 2300 13255 65413 22117 4821 48172 129286 13483 48351 72256 1148 57851 4073 47335 27525 9514 95894 1975
leaf_count=781 819 8206 125425 2300 13255 65413 22117 4821 48172 129286 13483 48351 72256 1148 57851 4073 47335 27525 9514 95894 1975
internal_value=0.00183504 1.62749 -0.858751 4.05823 -0.581398 0.962853 0.912557 3.13663 -0.839506 -0.401215 6.37306 -0.427432 1.04174 6.20195 -0.52747 -2.02143 0.656383 2.94517 1.96823 -2.01625 2.91026
internal_weight=800000 276912 523088 59458 422340 217454 207121 42527 173597 248743 16931 235488 137669 14631 106202 100748 69452 34321 10333 99967 29500
internal_count=800000 276912 523088 59458 422340 217454 207121 42527 173597 248743 16931 235488 137669 14631 106202 100748 69452 34321 10333 99967 29500
cat_boundaries=0 1 2 3 4 5 6 7 8 9 10 11 12 13 14 15 16 17
cat_threshold=36 48 3 50 4 1 18 2 1 9 16 4 8 4 32 16 1
is_linear=0
shrinkage=0.05


Tree=91
num_leaves=21
num_cat=16
split_feature=1 1 1 1 0 0 0 0 0 0 0 0 0 0 0 0 0 0 0 0
split_gain=4.04062e+08 1.61526e+08 6.08961e+07 4.58026e+07 7.08834e+06 3.95815e+06 2.46885e+06 2.24624e+06 1.34988e+06 1.096e+06 749802 697868 612745 104131 75738.5 33297.6 25359.3 22484.6 15325.5 4872.9
threshold=2.5000000000000004 3.5000000000000004 1.5000000000000002 4.5000000000000009 0 1 2 3 4 5 6 7 8 9 10 11 12 13 14 15
decision_type=2 2 2 2 1 1 1 1 1 1 1 1 1 1 1 1 1 1 1 1
left_child=2 5 14 7 8 17 12 -3 -4 -6 -5 -11 -7 -13 -1 -8 -9 -2 -16 -18
right_child=1 3 4 10 9 6 15 16 -10 11 -12 13 -14 -15 18 -17 19 -19 -20 -21
leaf_value=-2.4944537897025594 2.2423719216313382 3.732836428798278 -0.71092139321059333 7.1077592185990941 0.061296107733964114 1.1011447467273061 0.67643491345931972 2.9950345476229874 -1.0228668706987425 -0.3279627734239024 5.9027268121531957 -0.44638278859663577 0.88858235274759267 -0.5467464755369752 -1.7532840531625031 0.59874273830538305 2.7839817792117674 1.8356546993768301 -1.9221637704897849 2.485396541984616
leaf_weight=781 819 8206 125425 2031 13255 65413 22117 4821 48172 129286 14900 48351 72256 57851 4073 47335 27525 9514 95894 1975
leaf_count=781 819 8206 125425 2031 13255 65413 22117 4821 48172 129286 14900 48351 72256 57851 4073 47335 27525 9514 95894 1975
internal_value=0.00176127 1.54618 -0.815823 3.85558 -0.552333 0.914727 0.866937 2.97995 -0.797538 -0.381157 6.05496 -0.406063 0.989653 -0.5011 -1.92039 0.623578 2.79804 1.87003 -1.91546 2.76484
internal_weight=800000 276912 523088 59458 422340 217454 207121 42527 173597 248743 16931 235488 137669 106202 100748 69452 34321 10333 99967 29500
internal_count=800000 276912 523088 59458 422340 217454 207121 42527 173597 248743 16931 235488 137669 106202 100748 69452 34321 10333 99967 29500
cat_boundaries=0 1 2 3 4 5 6 7 8 9 10 11 12 13 14 15 16
cat_threshold=36 48 3 50 4 1 2 2 1 16 4 8 4 32 16 1
is_linear=0
shrinkage=0.05


Tree=92
num_leaves=22
num_cat=17
split_feature=1 1 1 1 0 0 0 0 0 0 0 0 0 0 0 0 0 0 0 0 0
split_gain=3.64688e+08 1.45798e+08 5.49614e+07 4.13436e+07 6.39735e+06 3.57371e+06 2.22814e+06 2.02773e+06 1.21832e+06 989169 683357 629843 553055 371918 93986.6 70600.4 30067.1 26174.5 23037.9 20582.5 4152.63
threshold=2.5000000000000004 3.5000000000000004 1.5000000000000002 4.5000000000000009 0 1 2 3 4 5 6 7 8 9 10 11 12 13 14 15 16
decision_type=2 2 2 2 1 1 1 1 1 1 1 1 1 1 1 1 1 1 1 1 1
left_child=2 5 15 7 8 19 12 -3 -4 -6 -5 -11 -7 -12 -13 -1 -8 -17 -9 -2 -20
right_child=1 3 4 10 9 6 16 18 -10 11 13 14 -14 -15 -16 17 -18 -19 20 -21 -22
leaf_value=-2.2687834623421632 2.1316107751089355 3.5464249726860064 -0.67537744907563602 6.6870638279532972 0.05823711587220734 1.0461001879874858 0.64263240096852126 2.8455919048204308 -0.97173274291872491 -0.31156450018642595 5.6889662130528542 -0.42406364734034635 0.8441563572663352 4.4809175642043204 -0.51941312795619821 -1.8259516939644129 0.56880680746935985 -1.6426988230111026 2.6448379002410576 1.7439760244378322 2.3617566080717958
leaf_weight=1204 819 8206 125425 2300 13255 65413 22117 4821 48172 129286 13483 48351 72256 1148 57851 95468 47335 4076 27525 9514 1975
leaf_count=1204 819 8206 125425 2300 13255 65413 22117 4821 48172 129286 13483 48351 72256 1148 57851 95468 47335 4076 27525 9514 1975
internal_value=0.0016883 1.46893 -0.77504 3.66301 -0.524718 0.869008 0.823597 2.8311 -0.757665 -0.3621 5.7526 -0.385761 0.940178 5.5973 -0.476047 -1.8244 0.592406 -1.81861 2.65826 1.77673 2.62669
internal_weight=800000 276912 523088 59458 422340 217454 207121 42527 173597 248743 16931 235488 137669 14631 106202 100748 69452 99544 34321 10333 29500
internal_count=800000 276912 523088 59458 422340 217454 207121 42527 173597 248743 16931 235488 137669 14631 106202 100748 69452 99544 34321 10333 29500
cat_boundaries=0 1 2 3 4 5 6 7 8 9 10 11 12 13 14 15 16 17
cat_threshold=36 48 3 50 4 1 18 2 1 9 16 14 8 32 4 32 1
is_linear=0
shrinkage=0.05


Tree=93
num_leaves=21
num_cat=16
split_feature=1 1 1 1 0 0 0 0 0 0 0 0 0 0 0 0 0 0 0 0
split_gain=3.29152e+08 1.31604e+08 4.96045e+07 3.73225e+07 5.77358e+06 3.22653e+06 2.01087e+06 1.83049e+06 1.09963e+06 892733 620953 568471 499102 84827.6 64353.8 27134.8 20934.6 18839.1 11707.2 3525.93
threshold=2.5000000000000004 3.5000000000000004 1.5000000000000002 4.5000000000000009 0 1 2 3 4 5 6 7 8 9 10 11 12 13 14 15
decision_type=2 2 2 2 1 1 1 1 1 1 1 1 1 1 1 1 1 1 1 1
left_child=2 5 14 7 8 17 12 -3 -4 -6 -5 -11 -7 -13 -1 -8 -9 -2 -16 -18
right_child=1 3 4 10 9 6 15 16 -10 11 -12 13 -14 -15 18 -17 19 -19 -20 -21
leaf_value=-2.2593041819658053 2.0263118741595703 3.3693148262660948 -0.64160847322621606 6.4213994936403367 0.055323141804740787 0.99379895774485394 0.61050968655687832 2.7036024913262739 -0.92315770551388499 -0.29598796692701163 5.3272770593399814 -0.4028659449664671 0.80195812835769376 -0.4934504503516573 -1.5839010151291548 0.54037610088561505 2.5126360668918717 1.6568660774535364 -1.7346818139444082 2.2442585309746885
leaf_weight=781 819 8206 125425 2031 13255 65413 22117 4821 48172 129286 14900 48351 72256 57851 4073 47335 27525 9514 95894 1975
leaf_count=781 819 8206 125425 2031 13255 65413 22117 4821 48172 129286 14900 48351 72256 57851 4073 47335 27525 9514 95894 1975
internal_value=0.00162019 1.39555 -0.736296 3.48009 -0.498486 0.825574 0.782425 2.68967 -0.719785 -0.343999 5.46546 -0.366477 0.893176 -0.452252 -1.73321 0.562795 2.52545 1.68808 -1.7287 2.49544
internal_weight=800000 276912 523088 59458 422340 217454 207121 42527 173597 248743 16931 235488 137669 106202 100748 69452 34321 10333 99967 29500
internal_count=800000 276912 523088 59458 422340 217454 207121 42527 173597 248743 16931 235488 137669 106202 100748 69452 34321 10333 99967 29500
cat_boundaries=0 1 2 3 4 5 6 7 8 9 10 11 12 13 14 15 16
cat_threshold=36 48 3 50 4 1 2 2 1 16 4 8 4 32 16 1
is_linear=0
shrinkage=0.05


Tree=94
num_leaves=22
num_cat=17
split_feature=1 1 1 1 0 0 0 0 0 0 0 0 0 0 0 0 0 0 0 0 0
split_gain=2.97078e+08 1.18789e+08 4.477e+07 3.36891e+07 5.21068e+06 2.9131e+06 1.81476e+06 1.65241e+06 992469 805723 565557 513070 450465 353963 76550.3 59790.1 24498.5 21733.2 19021.4 17241.7 2983.76
threshold=2.5000000000000004 3.5000000000000004 1.5000000000000002 4.5000000000000009 0 1 2 3 4 5 6 7 8 9 10 11 12 13 14 15 16
decision_type=2 2 2 2 1 1 1 1 1 1 1 1 1 1 1 1 1 1 1 1 1
left_child=2 5 15 7 8 19 12 -3 -4 -6 -5 -11 -7 -12 -13 -1 -8 -17 -9 -2 -20
right_child=1 3 4 10 9 6 16 18 -10 11 13 14 -14 -15 -16 17 -18 -19 20 -21 -22
leaf_value=-2.0533853130246307 1.9262193515303627 3.2010581710670567 -0.60952949689745828 6.0408440919355915 0.052561465291045911 0.94411671752495874 0.58000174862803922 2.568708881179977 -0.87700849211006671 -0.28119011069934363 5.138560331402279 -0.38272976608593468 0.76186284173802821 3.9947448552581317 -0.46878144372063968 -1.6479371359587072 0.51336310383938399 -1.481755730362424 2.3870546640812083 1.5741083884829987 2.1326133163029364
leaf_weight=1204 819 8206 125425 2300 13255 65413 22117 4821 48172 129286 13483 48351 72256 1148 57851 95468 47335 4076 27525 9514 1975
leaf_count=1204 819 8206 125425 2300 13255 65413 22117 4821 48172 129286 13483 48351 72256 1148 57851 95468 47335 4076 27525 9514 1975
internal_value=0.00155247 1.32582 -0.699489 3.30628 -0.473565 0.78431 0.74331 2.55532 -0.683799 -0.326802 5.19254 -0.348156 0.848522 5.0516 -0.429644 -1.64657 0.534665 -1.64128 2.3993 1.60385 2.37075
internal_weight=800000 276912 523088 59458 422340 217454 207121 42527 173597 248743 16931 235488 137669 14631 106202 100748 69452 99544 34321 10333 29500
internal_count=800000 276912 523088 59458 422340 217454 207121 42527 173597 248743 16931 235488 137669 14631 106202 100748 69452 99544 34321 10333 29500
cat_boundaries=0 1 2 3 4 5 6 7 8 9 10 11 12 13 14 15 16 17
cat_threshold=36 48 3 50 4 1 18 2 1 9 16 14 8 32 4 32 1
is_linear=0
shrinkage=0.05


Tree=95
num_leaves=22
num_cat=17
split_feature=1 1 1 1 0 0 0 0 0 0 0 0 0 0 0 0 0 0 0 0 0
split_gain=2.68131e+08 1.07225e+08 4.04065e+07 3.04124e+07 4.70272e+06 2.63011e+06 1.63787e+06 1.49168e+06 895731 727176 514206 463050 406555 69093.2 54651.4 22120 17285.6 15778 8858.99 2512.94 407.434
threshold=2.5000000000000004 3.5000000000000004 1.5000000000000002 4.5000000000000009 0 1 2 3 4 5 6 7 8 9 10 11 12 13 14 15 16
decision_type=2 2 2 2 1 1 1 1 1 1 1 1 1 1 1 1 1 1 1 1 1
left_child=2 5 14 7 8 17 12 -3 -4 -6 -5 -11 -7 -13 -1 -8 -9 -2 -16 -18 -12
right_child=1 3 4 10 9 6 15 16 -10 11 20 13 -14 -15 18 -17 19 -19 -20 -21 -22
leaf_value=-2.0463956038358089 1.8310724838220023 3.0411967782686378 -0.57905708077449314 5.8013404085494793 0.049933918558603137 0.89692058246181594 0.55101460032399074 2.4405385987059325 -0.83316604439009123 -0.26713273042706687 4.1951909089274864 -0.36359393035667176 0.72377721782909521 -0.44534681881605798 -1.4309952525919687 0.48769459779920465 2.2677380036381254 1.4954838457802473 -1.5654782383033026 2.0265147010745568 4.8556499683516714
leaf_weight=781 819 8206 125425 2031 13255 65413 22117 4821 48172 129286 1141 48351 72256 57851 4073 47335 27525 9514 95894 1975 13759
leaf_count=781 819 8206 125425 2031 13255 65413 22117 4821 48172 129286 1141 48351 72256 57851 4073 47335 27525 9514 95894 1975 13759
internal_value=0.0014894 1.25959 -0.664522 3.14118 -0.44989 0.745109 0.706152 2.42767 -0.649615 -0.310464 4.93336 -0.330751 0.806105 -0.408165 -1.56427 0.507935 2.27943 1.52383 -1.56014 2.25228 4.80792
internal_weight=800000 276912 523088 59458 422340 217454 207121 42527 173597 248743 16931 235488 137669 106202 100748 69452 34321 10333 99967 29500 14900
internal_count=800000 276912 523088 59458 422340 217454 207121 42527 173597 248743 16931 235488 137669 106202 100748 69452 34321 10333 99967 29500 14900
cat_boundaries=0 1 2 3 4 5 6 7 8 9 10 11 12 13 14 15 16 17
cat_threshold=36 48 3 50 4 1 2 2 1 16 4 8 4 32 16 1 4
is_linear=0
shrinkage=0.05


Tree=96
num_leaves=22
num_cat=17
split_feature=1 1 1 1 0 0 0 0 0 0 0 0 0 0 0 0 0 0 0 0 0
split_gain=2.42005e+08 9.67869e+07 3.64684e+07 2.74547e+07 4.2443e+06 2.3746e+06 1.47811e+06 1.34658e+06 808452 656287 470046 417945 366941 295263 62358.7 50602.2 19963.1 18093.8 15698 14436.3 2106.96
threshold=2.5000000000000004 3.5000000000000004 1.5000000000000002 4.5000000000000009 0 1 2 3 4 5 6 7 8 9 10 11 12 13 14 15 16
decision_type=2 2 2 2 1 1 1 1 1 1 1 1 1 1 1 1 1 1 1 1 1
left_child=2 5 15 7 8 19 12 -3 -4 -6 -5 -11 -7 -12 -13 -1 -8 -17 -9 -2 -20
right_child=1 3 4 10 9 6 16 18 -10 11 13 14 -14 -15 -16 17 -18 -19 20 -21 -22
leaf_value=-1.8584630980326668 1.740624782806139 2.8893274973755108 -0.55010625215564535 5.3931790752460653 0.047439352575446632 0.85208307117578608 0.5234757158034008 2.3187586006380907 -0.79151788543860158 -0.25377380719516496 4.6289890616986815 -0.34541809480531088 0.68759132672467371 3.5885843471336041 -0.42308462857314161 -1.4872825868593342 0.46332195153469552 -1.3364732940233168 2.1543962122797859 1.4207868365868959 1.9257010608356007
leaf_weight=1204 819 8206 125425 2673 13255 65413 22117 4821 48172 129286 13110 48351 72256 1148 57851 95468 47335 4076 27525 9514 1975
leaf_count=1204 819 8206 125425 2673 13255 65413 22117 4821 48172 129286 13110 48351 72256 1148 57851 95468 47335 4076 27525 9514 1975
internal_value=0.00143034 1.19667 -0.631303 2.98433 -0.427397 0.707868 0.670852 2.3064 -0.617138 -0.294941 4.68713 -0.314214 0.765805 4.54779 -0.387761 -1.48608 0.482551 -1.48124 2.16556 1.4478 2.13974
internal_weight=800000 276912 523088 59458 422340 217454 207121 42527 173597 248743 16931 235488 137669 14258 106202 100748 69452 99544 34321 10333 29500
internal_count=800000 276912 523088 59458 422340 217454 207121 42527 173597 248743 16931 235488 137669 14258 106202 100748 69452 99544 34321 10333 29500
cat_boundaries=0 1 2 3 4 5 6 7 8 9 10 11 12 13 14 15 16 17
cat_threshold=36 48 3 50 4 1 26 2 1 1 16 14 8 32 4 32 1
is_linear=0
shrinkage=0.05


Tree=97
num_leaves=21
num_cat=16
split_feature=1 1 1 1 0 0 0 0 0 0 0 0 0 0 0 0 0 0 0 0
split_gain=2.18424e+08 8.7365e+07 3.2914e+07 2.47843e+07 3.83058e+06 2.14394e+06 1.33399e+06 1.21558e+06 729663 592316 430286 377231 331164 56282.6 46387.8 18021.8 14261.1 13205.3 6627.33 1757.4
threshold=2.5000000000000004 3.5000000000000004 1.5000000000000002 4.5000000000000009 0 1 2 3 4 5 6 7 8 9 10 11 12 13 14 15
decision_type=2 2 2 2 1 1 1 1 1 1 1 1 1 1 1 1 1 1 1 1
left_child=2 5 14 7 8 17 12 -3 -4 -6 -5 -11 -7 -13 -1 -8 -9 -2 -16 -18
right_child=1 3 4 10 9 6 15 16 -10 11 -12 13 -14 -15 18 -17 19 -19 -20 -21
leaf_value=-1.8536200129428193 1.6546367953568517 2.7450369342508658 -0.52260588780925199 5.244368566431759 0.045069704102517261 0.80948386388164451 0.49731253287221888 2.203064595796731 -0.75195245266376354 -0.24108507281821373 4.3389045188220692 -0.32815176203268587 0.65321671963067951 -0.40193750569663039 -1.2929619559989443 0.44015902914131239 2.0467192951546664 1.3498220908396488 -1.4127752433250378 1.8298998919662361
leaf_weight=781 819 8206 125425 2031 13255 65413 22117 4821 48172 129286 14900 48351 72256 57851 4073 47335 27525 9514 95894 1975
leaf_count=781 819 8206 125425 2031 13255 65413 22117 4821 48172 129286 14900 48351 72256 57851 4073 47335 27525 9514 95894 1975
internal_value=0.00137156 1.13688 -0.599745 2.83531 -0.406032 0.672487 0.637314 2.1912 -0.586288 -0.280197 4.45318 -0.298506 0.72752 -0.368379 -1.4118 0.458429 2.05738 1.37556 -1.40802 2.03283
internal_weight=800000 276912 523088 59458 422340 217454 207121 42527 173597 248743 16931 235488 137669 106202 100748 69452 34321 10333 99967 29500
internal_count=800000 276912 523088 59458 422340 217454 207121 42527 173597 248743 16931 235488 137669 106202 100748 69452 34321 10333 99967 29500
cat_boundaries=0 1 2 3 4 5 6 7 8 9 10 11 12 13 14 15 16
cat_threshold=36 48 3 50 4 1 2 2 1 16 4 8 4 32 16 1
is_linear=0
shrinkage=0.05


Tree=98
num_leaves=22
num_cat=17
split_feature=1 1 1 1 0 0 0 0 0 0 0 0 0 0 0 0 0 0 0 0 0
split_gain=1.97139e+08 7.88577e+07 2.97063e+07 2.23716e+07 3.45703e+06 1.9357e+06 1.20392e+06 1.09732e+06 658587 534585 392880 340428 298886 278479 50784.2 42798.8 16267.9 15110.7 12960.6 12078.6 1452.89
threshold=2.5000000000000004 3.5000000000000004 1.5000000000000002 4.5000000000000009 0 1 2 3 4 5 6 7 8 9 10 11 12 13 14 15 16
decision_type=2 2 2 2 1 1 1 1 1 1 1 1 1 1 1 1 1 1 1 1 1
left_child=2 5 15 7 8 19 12 -3 -4 -6 -5 -11 -7 -12 -13 -1 -8 -17 -9 -2 -20
right_child=1 3 4 10 9 6 16 18 -10 11 13 14 -14 -15 -16 17 -18 -19 20 -21 -22
leaf_value=-1.6820658985040531 1.5729057253341767 2.6079475642643515 -0.49647224994360939 4.8741299790941515 0.042819470701422557 0.7690152923948177 0.47245473023829798 2.0931442958379329 -0.71436249630363424 -0.22903542141854771 4.1809361375468539 -0.31174868173919301 0.62055885945058498 3.1956311132006081 -0.38183775695915761 -1.3422963089076836 0.41815393579813176 -1.2053195188282404 1.9444148598597015 1.2824050741704358 1.7388671943222545
leaf_weight=1204 819 8206 125425 2673 13255 65413 22117 4821 48172 129286 13110 48351 72256 1148 57851 95468 47335 4076 27525 9514 1975
leaf_count=1204 819 8206 125425 2673 13255 65413 22117 4821 48172 129286 13110 48351 72256 1148 57851 95468 47335 4076 27525 9514 1975
internal_value=0.00131359 1.08008 -0.569764 2.69369 -0.385731 0.638874 0.605453 2.08174 -0.556973 -0.266189 4.2308 -0.283584 0.691148 4.1039 -0.34996 -1.34123 0.435512 -1.33681 1.95459 1.30693 1.93125
internal_weight=800000 276912 523088 59458 422340 217454 207121 42527 173597 248743 16931 235488 137669 14258 106202 100748 69452 99544 34321 10333 29500
internal_count=800000 276912 523088 59458 422340 217454 207121 42527 173597 248743 16931 235488 137669 14258 106202 100748 69452 99544 34321 10333 29500
cat_boundaries=0 1 2 3 4 5 6 7 8 9 10 11 12 13 14 15 16 17
cat_threshold=36 48 3 50 4 1 26 2 1 1 16 14 8 32 4 32 1
is_linear=0
shrinkage=0.05


Tree=99
num_leaves=21
num_cat=16
split_feature=1 1 1 1 0 0 0 0 0 0 0 0 0 0 0 0 0 0 0 0
split_gain=1.77931e+08 7.11807e+07 2.68109e+07 2.01956e+07 3.11997e+06 1.74766e+06 1.08658e+06 990598 594394 482475 360129 307247 269720 45829 39355.9 14689.4 11767.9 11045.1 4886.44 1192.71
threshold=2.5000000000000004 3.5000000000000004 1.5000000000000002 4.5000000000000009 0 1 2 3 4 5 6 7 8 9 10 11 12 13 14 15
decision_type=2 2 2 2 1 1 1 1 1 1 1 1 1 1 1 1 1 1 1 1
left_child=2 5 14 7 8 17 12 -3 -4 -6 -5 -11 -7 -13 -1 -8 -9 -2 -16 -18
right_child=1 3 4 10 9 6 15 16 -10 11 -12 13 -14 -15 18 -17 19 -19 -20 -21
leaf_value=-1.6790715054374581 1.4952036005165092 2.4777147899700118 -0.4716512991964173 4.7409068025834769 0.040678490251583557 0.73057133643266348 0.44884675679293268 1.9886941458221008 -0.67865036041896643 -0.21758667328484271 3.9155027519753123 -0.29616766422607993 0.58954414361816443 -0.36274966060949415 -1.1683514792400045 0.39724854999767434 1.8472304283185037 1.2183564067687973 -1.2749619192606934 1.6523639114917978
leaf_weight=781 819 8206 125425 2031 13255 65413 22117 4821 48172 129286 14900 48351 72256 57851 4073 47335 27525 9514 95894 1975
leaf_count=781 819 8206 125425 2031 13255 65413 22117 4821 48172 129286 14900 48351 72256 57851 4073 47335 27525 9514 95894 1975
internal_value=0.00126055 1.02613 -0.541282 2.55919 -0.366448 0.606945 0.575189 1.97775 -0.529128 -0.252883 4.01963 -0.269408 0.656601 -0.332467 -1.27419 0.413742 1.85695 1.24172 -1.27074 1.83475
internal_weight=800000 276912 523088 59458 422340 217454 207121 42527 173597 248743 16931 235488 137669 106202 100748 69452 34321 10333 99967 29500
internal_count=800000 276912 523088 59458 422340 217454 207121 42527 173597 248743 16931 235488 137669 106202 100748 69452 34321 10333 99967 29500
cat_boundaries=0 1 2 3 4 5 6 7 8 9 10 11 12 13 14 15 16
cat_threshold=36 48 3 50 4 1 2 2 1 16 4 8 4 32 16 1
is_linear=0
shrinkage=0.05


Tree=100
num_leaves=22
num_cat=17
split_feature=1 1 1 1 0 0 0 0 0 0 0 0 0 0 0 0 0 0 0 0 0
split_gain=1.60592e+08 6.42495e+07 2.41979e+07 1.82295e+07 2.81595e+06 1.57787e+06 980585 894226 536428 435437 328283 277308 261007 243454 41366.8 36178.3 13258.2 12659.8 10691.5 10102.6 969.756
threshold=2.5000000000000004 3.5000000000000004 1.5000000000000002 4.5000000000000009 0 1 2 3 4 5 6 7 8 9 10 11 12 13 14 15 16
decision_type=2 2 2 2 1 1 1 1 1 1 1 1 1 1 1 1 1 1 1 1 1
left_child=2 5 15 7 8 19 13 -3 -4 -6 -5 -11 -12 -7 -13 -1 -8 -17 -9 -2 -20
right_child=1 3 4 10 9 6 16 18 -10 11 12 14 -14 -15 -16 17 -18 -19 20 -21 -22
leaf_value=-1.5224347732507024 1.4213492923824003 2.353978529621819 -0.44807712591273674 4.4050457255590603 0.038645947956382848 0.69404886399748644 0.42641293107668637 1.8894697050948588 -0.64472393607159029 -0.20670534626872006 3.7764193753498354 -0.28135820993287908 2.843148347133182 0.56006442221162578 -0.34461572018498071 -1.2114481462881252 0.37739293095931825 -1.0869220284113277 1.754902610190014 1.1574939516125384 1.5701627490142132
leaf_weight=1204 819 8206 125425 2673 13255 65413 22117 4821 48172 129286 13110 48351 1148 72256 57851 95468 47335 4076 27525 9514 1975
leaf_count=1204 819 8206 125425 2673 13255 65413 22117 4821 48172 129286 13110 48351 1148 72256 57851 95468 47335 4076 27525 9514 1975
internal_value=0.00120601 0.974857 -0.514225 2.43136 -0.348129 0.576607 0.546433 1.87896 -0.502679 -0.240239 3.8189 -0.255937 3.70332 0.623773 -0.315845 -1.21051 0.393062 -1.20646 1.76418 1.17976 1.74307
internal_weight=800000 276912 523088 59458 422340 217454 207121 42527 173597 248743 16931 235488 14258 137669 106202 100748 69452 99544 34321 10333 29500
internal_count=800000 276912 523088 59458 422340 217454 207121 42527 173597 248743 16931 235488 14258 137669 106202 100748 69452 99544 34321 10333 29500
cat_boundaries=0 1 2 3 4 5 6 7 8 9 10 11 12 13 14 15 16 17
cat_threshold=36 48 3 50 4 1 26 2 1 1 16 14 8 32 4 32 1
is_linear=0
shrinkage=0.05


Tree=101
num_leaves=21
num_cat=16
split_feature=1 1 1 1 0 0 0 0 0 0 0 0 0 0 0 0 0 0 0 0
split_gain=1.44944e+08 5.79949e+07 2.18396e+07 1.64564e+07 2.54139e+06 1.42463e+06 884985 807225 484178 393003 301401 250286 219691 37337.9 33374.8 11970.7 9710.68 9237.27 3533.39 778.592
threshold=2.5000000000000004 3.5000000000000004 1.5000000000000002 4.5000000000000009 0 1 2 3 4 5 6 7 8 9 10 11 12 13 14 15
decision_type=2 2 2 2 1 1 1 1 1 1 1 1 1 1 1 1 1 1 1 1
left_child=2 5 14 7 8 17 12 -3 -4 -6 -5 -11 -7 -13 -1 -8 -9 -2 -16 -18
right_child=1 3 4 10 9 6 15 16 -10 11 -12 13 -14 -15 18 -17 19 -19 -20 -21
leaf_value=-1.5210194393540304 1.3511448674955471 2.2364178411800419 -0.42567261395279732 4.2858647485272314 0.036718423162547323 0.65934600491453266 0.40510116049733402 1.7951895286222097 -0.61249708817591131 -0.19637146661399896 3.5333988109360916 -0.26729305456092911 0.53206809280395928 -0.32739110718443276 -1.0558657322214891 0.35852286814686518 1.6671884616472903 1.0996857399952507 -1.1505881374006397 1.4920519521794933
leaf_weight=781 819 8206 125425 2031 13255 65413 22117 4821 48172 129286 14900 48351 72256 57851 4073 47335 27525 9514 95894 1975
leaf_count=781 819 8206 125425 2031 13255 65413 22117 4821 48172 129286 14900 48351 72256 57851 4073 47335 27525 9514 95894 1975
internal_value=0.00115613 0.926155 -0.488519 2.30995 -0.330725 0.547786 0.519115 1.78509 -0.477547 -0.228229 3.62828 -0.243143 0.592587 -0.300058 -1.15 0.373412 1.67605 1.1209 -1.14683 1.65597
internal_weight=800000 276912 523088 59458 422340 217454 207121 42527 173597 248743 16931 235488 137669 106202 100748 69452 34321 10333 99967 29500
internal_count=800000 276912 523088 59458 422340 217454 207121 42527 173597 248743 16931 235488 137669 106202 100748 69452 34321 10333 99967 29500
cat_boundaries=0 1 2 3 4 5 6 7 8 9 10 11 12 13 14 15 16
cat_threshold=36 48 3 50 4 1 2 2 1 16 4 8 4 32 16 1
is_linear=0
shrinkage=0.05


Tree=102
num_leaves=22
num_cat=17
split_feature=1 1 1 1 0 0 0 0 0 0 0 0 0 0 0 0 0 0 0 0 0
split_gain=1.30819e+08 5.23476e+07 1.97109e+07 1.48544e+07 2.29355e+06 1.28624e+06 798697 728703 436982 354685 274214 243377 225874 198302 33694 30565.3 10805.3 10642.1 8822.24 8443.98 616.653
threshold=2.5000000000000004 3.5000000000000004 1.5000000000000002 4.5000000000000009 0 1 2 3 4 5 6 7 8 9 10 11 12 13 14 15 16
decision_type=2 2 2 2 1 1 1 1 1 1 1 1 1 1 1 1 1 1 1 1 1
left_child=2 5 15 7 8 19 13 -3 -4 -6 -5 -12 -11 -7 -14 -1 -8 -17 -9 -2 -20
right_child=1 3 4 10 9 6 16 18 -10 12 11 -13 14 -15 -16 17 -18 -19 20 -21 -22
leaf_value=-1.3779705012698935 1.2843949680305362 2.1247339612901386 -0.4043881740373152 3.9811136879496196 0.034879989171091051 0.62638843358915963 0.38485342631226027 1.7056192701979715 -0.58187361084792888 -0.18655639113861799 3.4112107556622209 2.5270681611820414 -0.2539314963529144 0.50546524878030963 -0.31102185014210587 -1.0933568907761924 0.34060081793748537 -0.98003818985299052 1.5838581830203609 1.044759648384942 1.4178225854061715
leaf_weight=1204 819 8206 125425 2673 13255 65413 22117 4821 48172 129286 13110 1148 48351 72256 57851 95468 47335 4076 27525 9514 1975
leaf_count=1204 819 8206 125425 2673 13255 65413 22117 4821 48172 129286 13110 1148 48351 72256 57851 95468 47335 4076 27525 9514 1975
internal_value=0.00110766 0.879882 -0.464097 2.19458 -0.31419 0.520407 0.493164 1.69592 -0.45367 -0.21682 3.44709 3.34184 -0.230989 0.562963 -0.285056 -1.09252 0.354746 -1.08882 1.59231 1.06498 1.57323
internal_weight=800000 276912 523088 59458 422340 217454 207121 42527 173597 248743 16931 14258 235488 137669 106202 100748 69452 99544 34321 10333 29500
internal_count=800000 276912 523088 59458 422340 217454 207121 42527 173597 248743 16931 14258 235488 137669 106202 100748 69452 99544 34321 10333 29500
cat_boundaries=0 1 2 3 4 5 6 7 8 9 10 11 12 13 14 15 16 17
cat_threshold=36 48 3 50 4 1 26 1 2 1 16 14 8 32 4 32 1
is_linear=0
shrinkage=0.05


Tree=103
num_leaves=21
num_cat=16
split_feature=1 1 1 1 0 0 0 0 0 0 0 0 0 0 0 0 0 0 0 0
split_gain=1.18072e+08 4.72516e+07 1.779e+07 1.34096e+07 2.07004e+06 1.16127e+06 720787 657810 394375 320105 252189 203886 178981 30406.1 28292.5 9753.55 8009.52 7719.95 2488.75 480.219
threshold=2.5000000000000004 3.5000000000000004 1.5000000000000002 4.5000000000000009 0 1 2 3 4 5 6 7 8 9 10 11 12 13 14 15
decision_type=2 2 2 2 1 1 1 1 1 1 1 1 1 1 1 1 1 1 1 1
left_child=2 5 14 7 8 17 12 -3 -4 -6 -5 -11 -7 -13 -1 -8 -9 -2 -16 -18
right_child=1 3 4 10 9 6 15 16 -10 11 -12 13 -14 -15 18 -17 19 -19 -20 -21
leaf_value=-1.3779037185926957 1.220953072339692 2.0186265095067237 -0.3841729907941604 3.874541703747044 0.03313862255281922 0.59507518356100741 0.36562221207900802 1.6205097870115068 -0.55278397320582739 -0.17722290136734165 3.1885825834747612 -0.24123841972727333 0.48019388255756806 -0.2954718745819333 -0.9543180475975408 0.32357860753321954 1.5046975074049045 0.9925732017139185 -1.0383387682395735 1.3472851178147631
leaf_weight=781 819 8206 125425 2031 13255 65413 22117 4821 48172 129286 14900 48351 72256 57851 4073 47335 27525 9514 95894 1975
leaf_count=781 819 8206 125425 2031 13255 65413 22117 4821 48172 129286 14900 48351 72256 57851 4073 47335 27525 9514 95894 1975
internal_value=0.0010633 0.835927 -0.440897 2.08499 -0.298481 0.494397 0.468511 1.61121 -0.430991 -0.205977 3.27504 -0.219437 0.534819 -0.270806 -1.03791 0.337018 1.51277 1.01184 -1.03501 1.49462
internal_weight=800000 276912 523088 59458 422340 217454 207121 42527 173597 248743 16931 235488 137669 106202 100748 69452 34321 10333 99967 29500
internal_count=800000 276912 523088 59458 422340 217454 207121 42527 173597 248743 16931 235488 137669 106202 100748 69452 34321 10333 99967 29500
cat_boundaries=0 1 2 3 4 5 6 7 8 9 10 11 12 13 14 15 16
cat_threshold=36 48 3 50 4 1 2 2 1 16 4 8 4 32 16 1
is_linear=0
shrinkage=0.05


Tree=104
num_leaves=22
num_cat=17
split_feature=1 1 1 1 0 0 0 0 0 0 0 0 0 0 0 0 0 0 0 0 0
split_gain=1.06567e+08 4.26505e+07 1.6056e+07 1.2104e+07 1.86815e+06 1.04847e+06 650505 593822 355957 288913 229348 230927 183983 161507 27446.9 25807.5 8976.35 8804 7274.77 7056.4 362.291
threshold=2.5000000000000004 3.5000000000000004 1.5000000000000002 4.5000000000000009 0 1 2 3 4 5 6 7 8 9 10 11 12 13 14 15 16
decision_type=2 2 2 2 1 1 1 1 1 1 1 1 1 1 1 1 1 1 1 1 1
left_child=2 5 15 7 8 19 13 -3 -4 -6 -5 -12 -11 -7 -14 -1 -17 -8 -9 -2 -20
right_child=1 3 4 10 9 6 17 18 -10 12 11 -13 14 -15 -16 16 -18 -19 20 -21 -22
leaf_value=-1.2472271240719854 1.160643222564955 1.9178223355719504 -0.36496371145108142 3.6432626353713857 0.031483531467338531 0.56532095609166699 0.34734751840826672 1.5396557140291121 -0.5251517232499272 -0.16837014409371967 3.0880026766856838 2.2437577456802078 -0.22917641174931039 0.45619147738085974 -0.28070314388921574 -0.98678361644228285 -0.88355674818340502 0.30740310210488719 1.429492613825496 0.94299744948000042 1.2802669404075488
leaf_weight=1204 819 8206 125425 2300 13255 65413 22117 4821 48172 129286 13483 1148 48351 72256 57851 95468 4076 47335 27525 9514 1975
leaf_count=1204 819 8206 125425 2300 13255 65413 22117 4821 48172 129286 13483 1148 48351 72256 57851 95468 4076 47335 27525 9514 1975
internal_value=0.00101704 0.794162 -0.418858 1.98086 -0.283561 0.469686 0.44509 1.53073 -0.409442 -0.195684 3.11149 3.02334 -0.208471 0.508081 -0.257268 -0.986029 -0.982646 0.320172 1.4372 0.961354 1.41994
internal_weight=800000 276912 523088 59458 422340 217454 207121 42527 173597 248743 16931 14631 235488 137669 106202 100748 99544 69452 34321 10333 29500
internal_count=800000 276912 523088 59458 422340 217454 207121 42527 173597 248743 16931 14631 235488 137669 106202 100748 99544 69452 34321 10333 29500
cat_boundaries=0 1 2 3 4 5 6 7 8 9 10 11 12 13 14 15 16 17
cat_threshold=36 48 3 50 4 1 18 9 2 1 16 14 32 8 4 32 1
is_linear=0
shrinkage=0.05


Tree=105
num_leaves=22
num_cat=17
split_feature=1 1 1 1 0 0 0 0 0 0 0 0 0 0 0 0 0 0 0 0 0
split_gain=9.61833e+07 3.84983e+07 1.44912e+07 1.09268e+07 1.6861e+06 946618 587107 536056 321271 260747 209051 203120 166068 145774 24764.9 23974.6 7950.1 6607.53 6448.41 1687.99 262.541
threshold=2.5000000000000004 3.5000000000000004 1.5000000000000002 4.5000000000000009 0 1 2 3 4 5 6 7 8 9 10 11 12 13 14 15 16
decision_type=2 2 2 2 1 1 1 1 1 1 1 1 1 1 1 1 1 1 1 1 1
left_child=2 5 15 7 8 18 13 -3 -4 -6 -5 -12 -11 -7 -14 -1 -8 -9 -2 -17 -19
right_child=1 3 4 10 9 6 16 17 -10 12 11 -13 14 -15 -16 19 -18 20 -20 -21 -22
leaf_value=-1.24830707412604 1.1033058102081998 1.8220439859235182 -0.34671964636794428 3.4203794851260447 0.029911219880484747 0.53706422008450672 0.32998960907850283 1.4628290271073043 -0.49890277701313707 -0.15994852429539125 2.9271927883566882 2.1325413985573567 -0.21772364195590999 0.43338642046723619 -0.26666831877255459 -0.86264972738153411 0.29203256955732448 1.3580390935613476 0.89589728071803754 -0.93703702890976381 1.2165775773747443
leaf_weight=781 819 8206 125425 2673 13255 65413 22117 4821 48172 129286 13110 1148 48351 72256 57851 4073 47335 27525 9514 95894 1975
leaf_count=781 819 8206 125425 2673 13255 65413 22117 4821 48172 129286 13110 1148 48351 72256 57851 4073 47335 27525 9514 95894 1975
internal_value=0.000974982 0.754489 -0.39792 1.88194 -0.269385 0.446212 0.422841 1.45426 -0.388976 -0.185899 2.95618 2.86475 -0.198047 0.482684 -0.244408 -0.936745 0.304166 1.3654 0.913387 -0.934093 1.34898
internal_weight=800000 276912 523088 59458 422340 217454 207121 42527 173597 248743 16931 14258 235488 137669 106202 100748 69452 34321 10333 99967 29500
internal_count=800000 276912 523088 59458 422340 217454 207121 42527 173597 248743 16931 14258 235488 137669 106202 100748 69452 34321 10333 99967 29500
cat_boundaries=0 1 2 3 4 5 6 7 8 9 10 11 12 13 14 15 16 17
cat_threshold=36 48 3 50 4 1 26 1 2 1 16 4 8 4 32 16 1
is_linear=0
shrinkage=0.05


Tree=106
num_leaves=24
num_cat=19
split_feature=1 1 1 1 0 0 0 0 0 0 0 0 0 0 0 0 0 0 0 0 0 0 0
split_gain=8.68111e+07 3.47505e+07 1.30789e+07 9.8639e+06 1.52172e+06 854678 529839 483923 289957 235326 192785 149884 131570 22353.1 21782.4 7176.66 6202.2 137965 6001.02 5892.58 1646.01 1501.54 179.496
threshold=2.5000000000000004 3.5000000000000004 1.5000000000000002 4.5000000000000009 0 1 2 3 4 5 6 7 8 9 10 11 12 13 14 15 16 17 18
decision_type=2 2 2 2 1 1 1 1 1 1 1 1 1 1 1 1 1 1 1 1 1 1 1
left_child=2 5 14 7 8 19 12 20 -4 -6 -5 -11 -7 -13 -1 -8 -12 -18 -9 -2 -3 -16 -20
right_child=1 3 4 10 9 6 15 18 -10 11 16 13 -14 -15 21 -17 17 -19 22 -21 -22 -23 -24
leaf_value=-1.1866778308311394 1.0488063122021132 1.7659691519938343 -0.32938544359783839 3.330303123311515 0.02841497434205574 0.5102133498834609 0.31349736032362263 1.3898384466067133 -0.4739620538533964 -0.15195156949579297 2.7542135250818327 -0.20683834446425309 0.411715913647003 -0.25333856576477276 -0.81962207646571972 0.27743422090572895 2.9141576465987664 1.2646262088022033 1.2901605505291296 0.85115142652638964 1.518615338707435 -0.89019184679956409 1.1560566215611225
leaf_weight=781 819 6985 125425 2031 13255 65413 22117 4821 48172 129286 14251 48351 72256 57851 4073 47335 373 276 27525 9514 1221 95894 1975
leaf_count=781 819 6985 125425 2031 13255 65413 22117 4821 48172 129286 14251 48351 72256 57851 4073 47335 373 276 27525 9514 1221 95894 1975
internal_value=0.000933867 0.716795 -0.378029 1.78796 -0.255917 0.423908 0.401701 1.38162 -0.369529 -0.176605 2.80862 -0.188146 0.45855 -0.23219 -0.889925 0.288962 2.73344 2.2425 1.29718 0.867817 1.73106 -0.887399 1.28158
internal_weight=800000 276912 523088 59458 422340 217454 207121 42527 173597 248743 16931 235488 137669 106202 100748 69452 14900 649 34321 10333 8206 99967 29500
internal_count=800000 276912 523088 59458 422340 217454 207121 42527 173597 248743 16931 235488 137669 106202 100748 69452 14900 649 34321 10333 8206 99967 29500
cat_boundaries=0 1 2 3 4 5 6 7 8 9 10 11 12 13 14 15 16 17 18 19
cat_threshold=36 48 3 50 4 1 2 2 1 16 4 8 5 8 4 32 34 16 1
is_linear=0
shrinkage=0.05


Tree=107
num_leaves=23
num_cat=18
split_feature=1 1 1 1 0 0 0 0 0 0 0 0 0 0 0 0 0 0 0 0 0 0
split_gain=7.83533e+07 3.1369e+07 1.18042e+07 8.90504e+06 1.37333e+06 771641 478190 437042 261702 212388 181936 191528 135265 118731 20272.8 20175 7166.34 6478.33 5449.08 5384.46 1383.84 112.129
threshold=2.5000000000000004 3.5000000000000004 1.5000000000000002 4.5000000000000009 0 1 2 3 4 5 6 7 8 9 10 11 12 13 14 15 16 17
decision_type=2 2 2 2 1 1 1 1 1 1 1 1 1 1 1 1 1 1 1 1 1 1
left_child=2 5 14 7 8 19 13 20 -4 -6 -5 -12 -11 -7 -1 -14 -16 -8 -9 -2 -3 -20
right_child=1 3 4 10 9 6 17 18 -10 12 11 -13 15 -15 16 -17 -18 -19 21 -21 -22 -23
leaf_value=-1.0752210443259465 0.99699802697783368 1.6777939631685008 -0.31291398122187375 3.1378456172798619 0.026995941763143474 0.48470686342034636 0.29782956590513254 1.3204907352368893 -0.45026589194061029 -0.14435574587671021 2.6489557524179057 1.8907655348637769 -0.19649596622595064 0.39113877182718404 -0.84609921486607098 -0.24067265069875546 -0.75557250215676974 0.26356615963902719 1.225678881424751 0.8086367671552801 1.4432987715150167 1.098540143990697
leaf_weight=1204 819 6985 125425 2300 13255 65413 22117 4821 48172 129286 13483 1148 48351 72256 95468 57851 4076 47335 27525 9514 1221 1975
leaf_count=1204 819 6985 125425 2300 13255 65413 22117 4821 48172 129286 13483 1148 48351 72256 95468 57851 4076 47335 27525 9514 1221 1975
internal_value=0.000899211 0.680995 -0.35913 1.69871 -0.243121 0.402722 0.381621 1.31262 -0.351052 -0.167776 2.6685 2.5908 -0.17874 0.435629 -0.845441 -0.220581 -0.842469 0.274519 1.23238 0.824516 1.6447 1.21754
internal_weight=800000 276912 523088 59458 422340 217454 207121 42527 173597 248743 16931 14631 235488 137669 100748 106202 99544 69452 34321 10333 8206 29500
internal_count=800000 276912 523088 59458 422340 217454 207121 42527 173597 248743 16931 14631 235488 137669 100748 106202 99544 69452 34321 10333 8206 29500
cat_boundaries=0 1 2 3 4 5 6 7 8 9 10 11 12 13 14 15 16 17 18
cat_threshold=36 48 3 50 4 1 18 9 2 1 14 16 32 8 4 32 34 1
is_linear=0
shrinkage=0.05


Tree=108
num_leaves=24
num_cat=19
split_feature=1 1 1 1 0 0 0 0 0 0 0 0 0 0 0 0 0 0 0 0 0 0 0
split_gain=7.07189e+07 2.83159e+07 1.06538e+07 8.03856e+06 1.23945e+06 696695 431553 394696 236211 191688 165218 168746 122094 107169 18432.2 18205 5848.55 4948.26 4919.44 1155.49 944.826 750.282 56.2331
threshold=2.5000000000000004 3.5000000000000004 1.5000000000000002 4.5000000000000009 0 1 2 3 4 5 6 7 8 9 10 11 12 13 14 15 16 17 18
decision_type=2 2 2 2 1 1 1 1 1 1 1 1 1 1 1 1 1 1 1 1 1 1 1
left_child=2 5 14 7 8 18 13 19 -4 -6 -5 -12 -11 -7 -1 -14 -8 -9 -2 -3 -16 -22 -19
right_child=1 3 4 10 9 6 16 17 -10 12 11 -13 15 -15 20 -17 -18 22 -20 -21 21 -23 -24
leaf_value=-1.0750135802740395 0.94775090418908803 1.594019198789181 -0.29726889257400241 2.9444501495365771 0.025649083738186834 0.4604758034809569 0.28294488656707789 1.2546073619474463 -0.42776005345191309 -0.13713664458892882 2.5109864232016772 1.7970377946764693 -0.18667683640720606 0.37158000440768829 -0.7410554348648748 -0.22864140877962932 0.25038988238089011 1.1644223979113864 0.76824914375711228 1.3717250675229307 -0.80395193668236176 -0.58344737818983738 1.0438876144831968
leaf_weight=781 819 6985 125425 2673 13255 65413 22117 4821 48172 129286 13110 1148 48351 72256 4073 57851 47335 27525 9514 1221 95599 295 1975
leaf_count=781 819 6985 125425 2673 13255 65413 22117 4821 48172 129286 13110 1148 48351 72256 4073 57851 47335 27525 9514 1221 95599 295 1975
internal_value=0.000862445 0.646976 -0.341177 1.6139 -0.230967 0.382592 0.362542 1.24707 -0.333502 -0.159388 2.53529 2.4548 -0.169804 0.413849 -0.803183 -0.209555 0.260796 1.17082 0.783379 1.56265 -0.800871 -0.803335 1.15671
internal_weight=800000 276912 523088 59458 422340 217454 207121 42527 173597 248743 16931 14258 235488 137669 100748 106202 69452 34321 10333 8206 99967 95894 29500
internal_count=800000 276912 523088 59458 422340 217454 207121 42527 173597 248743 16931 14258 235488 137669 100748 106202 69452 34321 10333 8206 99967 95894 29500
cat_boundaries=0 1 2 3 4 5 6 7 8 9 10 11 12 13 14 15 16 17 18 19
cat_threshold=36 48 3 50 4 1 26 1 2 1 4 16 8 4 32 34 16 34 1
is_linear=0
shrinkage=0.05


Tree=109
num_leaves=22
num_cat=17
split_feature=1 1 1 1 0 0 0 0 0 0 0 0 0 0 0 0 0 0 0 0 0
split_gain=6.38287e+07 2.55597e+07 9.61549e+06 7.25648e+06 1.11861e+06 915711 629012 389447 213182 172998 150646 155024 110201 96710 69243.6 17660.1 16429.7 6088.45 5277.57 4494.38 9.81418
threshold=2.5000000000000004 3.5000000000000004 1.5000000000000002 4.5000000000000009 0 1 2 3 4 5 6 7 8 9 10 11 12 13 14 15 16
decision_type=2 2 2 2 1 1 1 1 1 1 1 1 1 1 1 1 1 1 1 1 1
left_child=2 6 15 5 8 -3 19 13 -4 -6 -5 -12 -11 -8 -7 -1 -14 -17 -9 -2 -16
right_child=1 3 4 10 9 14 7 18 -10 12 11 -13 16 -15 20 17 -18 -19 -20 -21 -22
leaf_value=-0.97596828725428331 0.90093754123002112 2.5067020922412206 -0.28240704353321266 2.835039812752179 0.024365705388741721 1.2528300692568506 0.43745364028261052 0.26880581549289628 -0.40637401933564354 -0.13027926948368218 2.3905536971434667 1.707961945047856 -0.17734609688953507 0.35300703779672493 1.1062229774139831 -0.76360439824609516 -0.2172120062208549 -0.68093003958274034 0.2378804807655914 0.72987740510829813 0.99195262495756753
leaf_weight=1204 819 1275 125425 2300 13255 11752 65413 22117 48172 129286 13483 1148 48351 72256 27525 95468 57851 4076 47335 9514 1975
leaf_count=1204 819 1275 125425 2300 13255 11752 65413 22117 48172 129286 13483 1148 48351 72256 27525 95468 57851 4076 47335 9514 1975
internal_value=0.000828098 0.61466 -0.324122 1.53332 -0.21942 1.18479 0.363472 0.344421 -0.316828 -0.15142 2.40875 2.3382 -0.161315 0.39316 1.14305 -0.763038 -0.199081 -0.760288 0.247766 0.744294 1.09891
internal_weight=800000 276912 523088 59458 422340 42527 217454 207121 173597 248743 16931 14631 235488 137669 41252 100748 106202 99544 69452 10333 29500
internal_count=800000 276912 523088 59458 422340 42527 217454 207121 173597 248743 16931 14631 235488 137669 41252 100748 106202 99544 69452 10333 29500
cat_boundaries=0 1 2 3 4 5 6 7 8 9 10 11 12 13 14 15 16 17
cat_threshold=36 48 48 3 4 1 18 9 2 1 6 14 16 32 8 32 1
is_linear=0
shrinkage=0.05


Tree=110
num_leaves=21
num_cat=16
split_feature=1 1 1 1 0 0 0 0 0 0 0 0 0 0 0 0 0 0 0 0
split_gain=5.76091e+07 2.30718e+07 8.67826e+06 6.55056e+06 1.00957e+06 567919 351491 346409 192414 156133 136324 136598 99444.2 87291.6 16060.8 14831.4 10097.4 5507.97 4766.09 4104.98
threshold=2.5000000000000004 3.5000000000000004 1.5000000000000002 4.5000000000000009 0 1 2 3 4 5 6 7 8 9 10 11 12 13 14 15
decision_type=2 2 2 2 1 1 1 1 1 1 1 1 1 1 1 1 1 1 1 1
left_child=2 5 14 7 8 19 13 -3 -4 -6 -5 -12 -11 -7 -1 -14 -9 -16 -8 -2
right_child=1 3 4 10 9 6 18 16 -10 12 11 -13 15 -15 17 -17 -18 -19 -20 -21
leaf_value=-0.93986698874476216 0.85642891022207079 1.4513979564077775 -0.26828866584325611 2.6596362985073521 0.023146974223539868 0.41558388809043872 0.25536875225478661 1.1415065902042139 -0.38606242324796169 -0.12376865417912167 2.2661017314253784 1.6233041816013054 -0.16847565247214333 0.3353547187903676 -0.72556452075820321 -0.20635280560343663 1.0439942169738843 -0.64696604387467249 0.2259810051055402 0.69342150166536876
leaf_weight=1073 819 6985 125425 2673 13255 65413 22117 6042 48172 129286 13110 1148 48351 72256 95599 57851 29500 4076 47335 9514
leaf_count=1073 819 6985 125425 2673 13255 65413 22117 6042 48172 129286 13110 1148 48351 72256 95599 57851 29500 4076 47335 9514
internal_value=0.000792709 0.583952 -0.30792 1.45676 -0.208451 0.345302 0.327199 1.12562 -0.30099 -0.14385 2.28851 2.21552 -0.153251 0.373503 -0.724897 -0.189126 1.06089 -0.722416 0.235375 0.707157
internal_weight=800000 276912 523088 59458 422340 217454 207121 42527 173597 248743 16931 14258 235488 137669 100748 106202 35542 99675 69452 10333
internal_count=800000 276912 523088 59458 422340 217454 207121 42527 173597 248743 16931 14258 235488 137669 100748 106202 35542 99675 69452 10333
cat_boundaries=0 1 2 3 4 5 6 7 8 9 10 11 12 13 14 15 16
cat_threshold=36 48 3 34 4 1 26 1 2 1 12 16 20 34 8 32
is_linear=0
shrinkage=0.05


Tree=111
num_leaves=22
num_cat=17
split_feature=1 1 1 1 0 0 0 0 0 0 0 0 0 0 0 0 0 0 0 0 0
split_gain=5.1996e+07 2.08255e+07 7.83253e+06 5.91345e+06 911184 512751 317197 312765 173650 140916 124762 138779 89762.3 78775.8 14627.8 13386 9141.11 4922.93 4301.04 3749.61 780.837
threshold=2.5000000000000004 3.5000000000000004 1.5000000000000002 4.5000000000000009 0 1 2 3 4 5 6 7 8 9 10 11 12 13 14 15 16
decision_type=2 2 2 2 1 1 1 1 1 1 1 1 1 1 1 1 1 1 1 1 1
left_child=2 5 14 7 8 19 13 -3 -4 -6 -5 -12 -11 -7 -1 -14 -9 -16 -8 -2 -18
right_child=1 3 4 10 9 6 18 16 -10 12 11 -13 15 -15 17 -17 20 -19 -20 -21 -22
leaf_value=-0.8821218540876663 0.81412866820184693 1.3789390204581642 -0.25487919650395435 2.5615054325830369 0.021991878405994082 0.39480720666256497 0.24260830084662413 1.0845301087061774 -0.36676314999081322 -0.1175792507474161 2.1373053963860946 1.0656039885985547 -0.16005525421567268 0.31859182002083641 -0.68915613558153599 -0.19603937122050075 0.99874728030510773 -0.61469678320957066 0.21469090363331991 0.65878868150966408 0.89067252670787755
leaf_weight=1204 819 6985 125425 2300 13255 65413 22117 6042 48172 129286 14251 380 48351 72256 95468 57851 27525 4076 47335 9514 1975
leaf_count=1204 819 6985 125425 2300 13255 65413 22117 6042 48172 129286 14251 380 48351 72256 95468 57851 27525 4076 47335 9514 1975
internal_value=0.000758849 0.55478 -0.292529 1.38401 -0.198031 0.328045 0.310845 1.06939 -0.285946 -0.136659 2.17428 2.11022 -0.145589 0.354831 -0.688667 -0.179673 1.00788 -0.686169 0.223615 0.671876 0.991816
internal_weight=800000 276912 523088 59458 422340 217454 207121 42527 173597 248743 16931 14631 235488 137669 100748 106202 35542 99544 69452 10333 29500
internal_count=800000 276912 523088 59458 422340 217454 207121 42527 173597 248743 16931 14631 235488 137669 100748 106202 35542 99544 69452 10333 29500
cat_boundaries=0 1 2 3 4 5 6 7 8 9 10 11 12 13 14 15 16 17
cat_threshold=36 48 3 34 4 1 18 5 2 1 14 16 20 32 8 32 1
is_linear=0
shrinkage=0.05


Tree=112
num_leaves=23
num_cat=18
split_feature=1 1 1 1 0 0 0 0 0 0 0 0 0 0 0 0 0 0 0 0 0 0
split_gain=4.6929e+07 1.8798e+07 7.06907e+06 5.33808e+06 822356 462932 286269 282368 156719 127176 119114 125855 81020 71099.2 13402.9 12077.5 8269.09 3881.88 3425.39 672.338 48.539 3263.24
threshold=2.5000000000000004 3.5000000000000004 1.5000000000000002 4.5000000000000009 0 1 2 3 4 5 6 7 8 9 10 11 12 13 14 15 16 17
decision_type=2 2 2 2 1 1 1 1 1 1 1 1 1 1 1 1 1 1 1 1 1 1
left_child=2 5 14 7 8 18 13 -3 -4 -6 -5 -12 -11 -7 -1 -14 -9 -8 -2 -18 -16 -22
right_child=1 3 4 10 9 6 17 16 -10 12 11 -13 15 -15 20 -17 19 -19 -20 -21 21 -23
leaf_value=-0.88381449196643092 0.77391584831210192 1.3100915097985804 -0.2421365916279925 2.4099470990565215 0.020891630501285216 0.37506808907801692 0.23047877762231136 1.0303902313162456 -0.34842644378398785 -0.11169908990099973 2.0460959704402018 1.4372194174863722 -0.15205724663376619 0.30266144021562402 -0.60719999712295403 -0.18623755834716635 0.94882633773086078 0.20395665486116499 0.6258767803580958 0.84636534549127007 -0.65482323043303436 -0.42034055240818713
leaf_weight=781 819 6985 125425 2673 13255 65413 22117 6042 48172 129286 13110 1148 48351 72256 4073 57851 27525 47335 9514 1975 95599 295
leaf_count=781 819 6985 125425 2673 13255 65413 22117 6042 48172 129286 13110 1148 48351 72256 4073 57851 27525 47335 9514 1975 95599 295
internal_value=0.00072661 0.527062 -0.277904 1.31489 -0.18813 0.311646 0.295303 1.01597 -0.27165 -0.129826 2.06574 1.99811 -0.13831 0.33709 -0.654241 -0.170692 0.957524 0.212435 0.638347 0.942256 -0.652294 -0.654146
internal_weight=800000 276912 523088 59458 422340 217454 207121 42527 173597 248743 16931 14258 235488 137669 100748 106202 35542 69452 10333 29500 99967 95894
internal_count=800000 276912 523088 59458 422340 217454 207121 42527 173597 248743 16931 14258 235488 137669 100748 106202 35542 69452 10333 29500 99967 95894
cat_boundaries=0 1 2 3 4 5 6 7 8 9 10 11 12 13 14 15 16 17 18
cat_threshold=36 48 3 34 4 1 26 1 2 1 4 16 20 8 32 1 16 34
is_linear=0
shrinkage=0.05


Tree=113
num_leaves=22
num_cat=17
split_feature=1 1 1 1 0 0 0 0 0 0 0 0 0 0 0 0 0 0 0 0 0
split_gain=4.23566e+07 1.69679e+07 6.38014e+06 4.81886e+06 742164 417966 258378 254912 141461 114781 107728 113315 73106.9 64158.2 12827.5 10904.2 7480.98 4248.63 3505.74 3127.32 578.056
threshold=2.5000000000000004 3.5000000000000004 1.5000000000000002 4.5000000000000009 0 1 2 3 4 5 6 7 8 9 10 11 12 13 14 15 16
decision_type=2 2 2 2 1 1 1 1 1 1 1 1 1 1 1 1 1 1 1 1 1
left_child=2 5 14 7 8 19 13 -3 -4 -6 -5 -12 -11 -7 -1 -14 -9 -16 -8 -2 -18
right_child=1 3 4 10 9 6 18 16 -10 12 11 -13 15 -15 17 -17 20 -19 -20 -21 -22
leaf_value=-0.81207270045469793 0.73568126232115016 1.2446745375755262 -0.23002972159326951 2.2899024964267531 0.019846976747883074 0.35631729780077936 0.21896052480137246 0.97895580124004111 -0.33101286305411759 -0.10611988122016838 1.9438709995368635 1.3659791142623454 -0.14445152282714843 0.2875356328611775 -0.62208603877391044 -0.17692905719144142 0.90140130334829538 -0.55376013596152418 0.19375680045022017 0.59461846691702958 0.8042598860810326
leaf_weight=1073 819 6985 125425 2673 13255 65413 22117 6042 48172 129286 13110 1148 48351 72256 95599 57851 27525 4076 47335 9514 1975
leaf_count=1073 819 6985 125425 2673 13255 65413 22117 6042 48172 129286 13110 1148 48351 72256 95599 57851 27525 4076 47335 9514 1975
internal_value=0.00069517 0.500732 -0.264014 1.24923 -0.178727 0.296071 0.280541 0.965215 -0.258069 -0.123338 1.96262 1.89833 -0.131398 0.320241 -0.621542 -0.162158 0.909687 -0.619348 0.201813 0.6065 0.895173
internal_weight=800000 276912 523088 59458 422340 217454 207121 42527 173597 248743 16931 14258 235488 137669 100748 106202 35542 99675 69452 10333 29500
internal_count=800000 276912 523088 59458 422340 217454 207121 42527 173597 248743 16931 14258 235488 137669 100748 106202 35542 99675 69452 10333 29500
cat_boundaries=0 1 2 3 4 5 6 7 8 9 10 11 12 13 14 15 16 17
cat_threshold=36 48 3 34 4 1 26 1 2 1 12 16 20 34 8 32 1
is_linear=0
shrinkage=0.05


Tree=114
num_leaves=22
num_cat=17
split_feature=1 1 1 1 0 0 0 0 0 0 0 0 0 0 0 0 0 0 0 0 0
split_gain=3.8229e+07 1.53161e+07 5.75842e+06 4.35008e+06 825711 669846 377369 233153 127673 103594 97642.7 236941 65996.1 57908.3 23776.8 11711.9 9839.61 3796.83 3165.01 2856.25 495.948
threshold=2.5000000000000004 3.5000000000000004 1.5000000000000002 4.5000000000000009 0 1 2 3 4 5 6 7 8 9 10 11 12 13 14 15 16
decision_type=2 2 2 2 1 1 1 1 1 1 1 1 1 1 1 1 1 1 1 1 1
left_child=2 6 15 4 -3 8 19 13 -4 -7 -5 -12 -11 -8 -6 -1 -14 -17 -9 -2 -16
right_child=1 3 5 10 14 9 7 18 -10 12 11 -13 16 -15 20 17 -18 -19 -20 -21 -22
leaf_value=-0.76211937011957565 0.69934893241118468 2.169808461230089 -0.21852856751041774 2.1962134809659943 0.94477882761469589 0.018860763487975822 0.33850188553775151 0.20802175732868325 -0.31446438005716654 -0.10080768423658125 1.8358986570610925 0.30435414364287905 -0.13723082970439968 0.27315621806382706 0.85634718923878705 -0.59086157313170096 -0.16808226683572416 -0.52614035916806901 0.18407439922881061 0.56491869704430975 0.76424855537318459
leaf_weight=1204 819 1275 125425 2404 11752 13255 65413 22117 48172 129286 14251 276 48351 72256 27525 95468 57851 4076 47335 9514 1975
leaf_count=1204 819 1275 125425 2404 11752 13255 65413 22117 48172 129286 14251 276 48351 72256 27525 95468 57851 4076 47335 9514 1975
internal_value=0.000666919 0.475716 -0.250814 1.18685 0.917 -0.169789 0.281272 0.266515 -0.245167 -0.117168 1.86465 1.80703 -0.124825 0.304227 0.87754 -0.590476 -0.154051 -0.588265 0.191729 0.57624 0.850442
internal_weight=800000 276912 523088 59458 42527 422340 217454 207121 173597 248743 16931 14527 235488 137669 41252 100748 106202 99544 69452 10333 29500
internal_count=800000 276912 523088 59458 42527 422340 217454 207121 173597 248743 16931 14527 235488 137669 41252 100748 106202 99544 69452 10333 29500
cat_boundaries=0 1 2 3 4 5 6 7 8 9 10 11 12 13 14 15 16 17
cat_threshold=48 36 48 3 4 1 10 5 2 1 6 14 16 32 8 32 1
is_linear=0
shrinkage=0.05


Tree=115
num_leaves=22
num_cat=17
split_feature=1 1 1 1 0 0 0 0 0 0 0 0 0 0 0 0 0 0 0 0 0
split_gain=3.45042e+07 1.3825e+07 5.19714e+06 3.92657e+06 604478 340712 227467 210438 115240 94666.1 104049 93498.3 59551.3 52267.6 10625.7 8879.88 3435.88 2857.89 2607.96 2513.71 425.014
threshold=2.5000000000000004 3.5000000000000004 1.5000000000000002 4.5000000000000009 0 1 2 3 4 5 6 7 8 9 10 11 12 13 14 15 16
decision_type=2 2 2 2 1 1 1 1 1 1 1 1 1 1 1 1 1 1 1 1 1
left_child=2 5 14 6 8 18 -3 13 -4 -5 -11 -6 -13 -7 -1 -14 -16 -9 -2 -8 -21
right_child=1 3 4 9 11 7 19 17 -10 10 -12 12 15 -15 16 -17 -18 -19 -20 20 -22
leaf_value=-0.73409091697615381 0.66480636320585795 1.1348856384486621 -0.20759964842383299 2.0759155622223533 0.017915709690017788 0.32158364104315007 0.87057007670166164 0.19762508923153929 -0.29874460373258915 1.7550202975767417 1.20772314829324 -0.095774389132018314 -0.1303724088152359 0.25950210553367919 -0.56143377820997775 -0.15968069593187906 -0.49989702810099823 0.17486975111192404 0.53670365529518971 0.81354612874491206 0.72622404237838478
leaf_weight=1073 819 6985 125425 2673 13255 65413 6042 22117 48172 13110 1148 129286 48351 72256 95599 57851 4076 47335 9514 27525 1975
leaf_count=1073 819 6985 125425 2673 13255 65413 6042 22117 48172 13110 1148 129286 48351 72256 95599 57851 4076 47335 9514 27525 1975
internal_value=0.000638542 0.451951 -0.238277 1.12758 -0.161302 0.267215 0.871206 0.253193 -0.232908 1.77155 1.71183 -0.111315 -0.118589 0.289021 -0.560961 -0.146351 -0.558968 0.182144 0.54749 0.818835 0.807948
internal_weight=800000 276912 523088 59458 422340 217454 42527 207121 173597 16931 14258 248743 235488 137669 100748 106202 99675 69452 10333 35542 29500
internal_count=800000 276912 523088 59458 422340 217454 42527 207121 173597 16931 14258 248743 235488 137669 100748 106202 99675 69452 10333 35542 29500
cat_boundaries=0 1 2 3 4 5 6 7 8 9 10 11 12 13 14 15 16 17
cat_threshold=36 48 34 3 4 26 1 1 2 1 12 16 34 8 32 20 1
is_linear=0
shrinkage=0.05


Tree=116
num_leaves=22
num_cat=17
split_feature=1 1 1 1 0 0 0 0 0 0 0 0 0 0 0 0 0 0 0 0 0
split_gain=3.11423e+07 1.24791e+07 4.69056e+06 3.54467e+06 545583 307608 205353 189923 104001 85609.9 93697.6 84378.4 53745.4 47172.4 9696.22 8013.4 3070.44 2579.27 2380.31 2278.55 361.404
threshold=2.5000000000000004 3.5000000000000004 1.5000000000000002 4.5000000000000009 0 1 2 3 4 5 6 7 8 9 10 11 12 13 14 15 16
decision_type=2 2 2 2 1 1 1 1 1 1 1 1 1 1 1 1 1 1 1 1 1
left_child=2 5 14 6 8 18 -3 13 -4 -5 -11 -6 -13 -7 -1 -14 -16 -9 -2 -8 -21
right_child=1 3 4 9 11 7 19 17 -10 10 -12 12 15 -15 16 -17 -18 -19 -20 20 -22
leaf_value=-0.68885500395710431 0.63195701525496062 1.0782195448372687 -0.19722434489910537 1.9725129269771597 0.017017183199586665 0.30550836745294319 0.82710968356847925 0.18774694085535992 -0.28381080484237853 1.6673405513676203 1.1478681519035643 -0.090985396770303345 -0.1238543173325239 0.24653033892823914 -0.53325102258985624 -0.15169600390186391 -0.47496082214415225 0.16612925388579108 0.50989508958035079 0.7728817256756394 0.69010388698625924
leaf_weight=1204 819 6985 125425 2673 13255 65413 6042 22117 48172 13110 1148 129286 48351 72256 95468 57851 4076 47335 9514 27525 1975
leaf_count=1204 819 6985 125425 2673 13255 65413 6042 22117 48172 13110 1148 129286 48351 72256 95468 57851 4076 47335 9514 27525 1975
internal_value=0.000611712 0.429374 -0.226366 1.07128 -0.153238 0.25386 0.827685 0.240537 -0.221266 1.68313 1.62635 -0.105749 -0.112659 0.274574 -0.532921 -0.139033 -0.530912 0.173039 0.520171 0.777926 0.767576
internal_weight=800000 276912 523088 59458 422340 217454 42527 207121 173597 16931 14258 248743 235488 137669 100748 106202 99544 69452 10333 35542 29500
internal_count=800000 276912 523088 59458 422340 217454 42527 207121 173597 16931 14258 248743 235488 137669 100748 106202 99544 69452 10333 35542 29500
cat_boundaries=0 1 2 3 4 5 6 7 8 9 10 11 12 13 14 15 16 17
cat_threshold=36 48 34 3 4 26 1 1 2 1 14 16 32 8 32 20 1
is_linear=0
shrinkage=0.05


Tree=117
num_leaves=22
num_cat=17
split_feature=1 1 1 1 0 0 0 0 0 0 0 0 0 0 0 0 0 0 0 0 0
split_gain=2.81077e+07 1.12644e+07 4.23346e+06 3.19987e+06 492406 277726 185388 171391 93873 77729.3 161878 76155.3 48515.6 42577.7 8986.77 7230.99 2328.19 2173.52 2066.53 1972.6 308.673
threshold=2.5000000000000004 3.5000000000000004 1.5000000000000002 4.5000000000000009 0 1 2 3 4 5 6 7 8 9 10 11 12 13 14 15 16
decision_type=2 2 2 2 1 1 1 1 1 1 1 1 1 1 1 1 1 1 1 1 1
left_child=2 5 14 6 8 17 -3 13 -4 -5 -11 -6 -13 -7 -1 -14 -9 -2 -8 -16 -20
right_child=1 3 4 9 11 7 18 16 -10 10 -12 12 15 -15 19 -17 -18 -19 20 -21 -22
leaf_value=-0.69221944808959968 0.60074585384281465 1.0243872048002298 -0.18736299769240786 1.9001449216031412 0.016169902414723786 0.29023352142628323 0.7858285478464595 0.17836387463773634 -0.26962529761938392 1.5774457931518555 0.48541115100567156 -0.08643345994651945 -0.11766488742242689 0.23420143842967678 -0.50532461330066336 -0.14411251580512655 0.15782540548866233 0.48442422864768542 0.73425559619864078 -0.35334896997574278 0.65576417745210669
leaf_weight=781 819 6985 125425 2300 13255 65413 6042 22117 48172 14251 380 129286 48351 72256 99541 57851 47335 9514 27525 426 1975
leaf_count=781 819 6985 125425 2300 13255 65413 6042 22117 48172 14251 380 129286 48351 72256 99541 57851 47335 9514 27525 426 1975
internal_value=0.000585918 0.407923 -0.21505 1.01778 -0.145577 0.24117 0.786344 0.228511 -0.210204 1.59911 1.54943 -0.100461 -0.107026 0.260844 -0.506285 -0.132084 0.164391 0.494216 0.739065 -0.504712 0.729225
internal_weight=800000 276912 523088 59458 422340 217454 42527 207121 173597 16931 14631 248743 235488 137669 100748 106202 69452 10333 35542 99967 29500
internal_count=800000 276912 523088 59458 422340 217454 42527 207121 173597 16931 14631 248743 235488 137669 100748 106202 69452 10333 35542 99967 29500
cat_boundaries=0 1 2 3 4 5 6 7 8 9 10 11 12 13 14 15 16 17
cat_threshold=36 48 34 3 4 18 5 1 2 1 4 16 8 32 20 48 1
is_linear=0
shrinkage=0.05


Tree=118
num_leaves=22
num_cat=17
split_feature=1 1 1 1 0 0 0 0 0 0 0 0 0 0 0 0 0 0 0 0 0
split_gain=2.53687e+07 1.01676e+07 3.82084e+06 2.88848e+06 444364 250747 167369 154685 84726.1 75850.6 85878.6 68731.6 43791.4 38427 8540.22 6526 2948.28 2101.76 1983.62 1874.46 260.875
threshold=2.5000000000000004 3.5000000000000004 1.5000000000000002 4.5000000000000009 0 1 2 3 4 5 6 7 8 9 10 11 12 13 14 15 16
decision_type=2 2 2 2 1 1 1 1 1 1 1 1 1 1 1 1 1 1 1 1 1
left_child=2 5 14 6 8 18 -3 13 -4 -5 -11 -6 -13 -7 -1 -14 -16 -9 -2 -8 -21
right_child=1 3 4 9 11 7 19 17 -10 10 -12 12 15 -15 16 -17 -18 -19 -20 20 -22
leaf_value=-0.62627478502138445 0.57106739959900865 0.9732423035079365 -0.17799104227304849 1.7894305962170856 0.015361907957546495 0.27572649370962016 0.74660461269619449 0.16945019398432956 -0.2561428394537727 1.5052299121458357 1.0131114477938321 -0.082111180731453917 -0.11178397218109433 0.22249558270266251 -0.48132663733142733 -0.13690930169702628 -0.42607508345205763 0.14993618874001471 0.46022977632216577 0.69755452520946459 0.62314588186422581
leaf_weight=1204 819 6985 125425 2673 13255 65413 6042 22117 48172 13110 1148 129286 48351 72256 95468 57851 4076 47335 9514 27525 1975
leaf_count=1204 819 6985 125425 2673 13255 65413 6042 22117 48172 13110 1148 129286 48351 72256 95468 57851 4076 47335 9514 27525 1975
internal_value=0.000562571 0.387545 -0.204298 0.966955 -0.138297 0.229117 0.747064 0.217089 -0.199691 1.51927 1.46634 -0.0954383 -0.101675 0.247806 -0.480976 -0.125482 -0.479107 0.156174 0.469558 0.702142 0.692786
internal_weight=800000 276912 523088 59458 422340 217454 42527 207121 173597 16931 14258 248743 235488 137669 100748 106202 99544 69452 10333 35542 29500
internal_count=800000 276912 523088 59458 422340 217454 42527 207121 173597 16931 14258 248743 235488 137669 100748 106202 99544 69452 10333 35542 29500
cat_boundaries=0 1 2 3 4 5 6 7 8 9 10 11 12 13 14 15 16 17
cat_threshold=36 48 34 3 4 26 1 1 2 1 14 16 32 8 32 20 1
is_linear=0
shrinkage=0.05


Tree=119
num_leaves=22
num_cat=17
split_feature=1 1 1 1 0 0 0 0 0 0 0 0 0 0 0 0 0 0 0 0 0
split_gain=2.2897e+07 9.17773e+06 3.44843e+06 2.60747e+06 401080 226398 215790 139609 76464.9 68593.2 77349.9 62033.9 39524.1 34678.2 7741.16 5892.13 2652.98 2018.71 1896.51 1810.23 220.193
threshold=2.5000000000000004 3.5000000000000004 1.5000000000000002 4.5000000000000009 0 1 2 3 4 5 6 7 8 9 10 11 12 13 14 15 16
decision_type=2 2 2 2 1 1 1 1 1 1 1 1 1 1 1 1 1 1 1 1 1
left_child=2 5 14 6 8 19 -3 13 -4 -5 -11 -6 -13 -7 -1 -14 -16 -8 -9 -2 -19
right_child=1 3 4 9 11 7 17 18 -10 10 -12 12 15 -15 16 -17 -18 20 -20 -21 -22
leaf_value=-0.59521737562176424 0.5428614369059932 1.024977980577592 -0.16909711058619642 1.7002975039511776 0.01459633715414255 0.26194298078336614 0.70494159556974589 0.16097867442636304 -0.24334115474163032 1.4300214331397196 0.9628953502997627 -0.078005749256418219 -0.10619353068796566 0.21137513924874957 -0.45726387368054305 -0.13006739336939005 -0.4048223276086958 0.66269466282560718 0.14244185649627292 0.43724841399134728 0.59214944604061714
leaf_weight=1204 819 4875 125425 2673 13255 65413 8152 22117 48172 13110 1148 129286 48351 72256 95468 57851 4076 27525 47335 9514 1975
leaf_count=1204 819 4875 125425 2673 13255 65413 8152 22117 48172 13110 1148 129286 48351 72256 95468 57851 4076 27525 47335 9514 1975
internal_value=0.000538145 0.368185 -0.194087 0.91867 -0.131385 0.217667 0.709748 0.206238 -0.189712 1.44344 1.39311 -0.0906669 -0.0965923 0.23542 -0.456936 -0.119209 -0.455157 0.668484 0.148367 0.446136 0.658174
internal_weight=800000 276912 523088 59458 422340 217454 42527 207121 173597 16931 14258 248743 235488 137669 100748 106202 99544 37652 69452 10333 29500
internal_count=800000 276912 523088 59458 422340 217454 42527 207121 173597 16931 14258 248743 235488 137669 100748 106202 99544 37652 69452 10333 29500
cat_boundaries=0 1 2 3 4 5 6 7 8 9 10 11 12 13 14 15 16 17
cat_threshold=36 48 36 3 4 26 1 1 2 1 14 16 32 18 8 32 1
is_linear=0
shrinkage=0.05


Tree=120
num_leaves=21
num_cat=16
split_feature=1 1 1 1 0 0 0 0 0 0 0 0 0 0 0 0 0 0 0 0
split_gain=2.06657e+07 8.28422e+06 3.11244e+06 2.35384e+06 361951 204396 151663 125985 69009.1 62017.7 69670.1 55984.3 35675.1 31296.9 7041.78 5319.94 2771.78 1712.77 1652.26 782.397
threshold=2.5000000000000004 3.5000000000000004 1.5000000000000002 4.5000000000000009 0 1 2 3 4 5 6 7 8 9 10 11 12 13 14 15
decision_type=2 2 2 2 1 1 1 1 1 1 1 1 1 1 1 1 1 1 1 1
left_child=2 5 14 6 8 18 -3 13 -4 -5 -11 -6 -13 -7 -1 -14 -16 -9 -2 -8
right_child=1 3 4 9 11 7 19 17 -10 10 -12 12 15 -15 16 -17 -18 -19 -20 -21
leaf_value=-0.59774290499584715 0.51604150512106306 0.88933101197666076 -0.16063944769565197 1.615584848589565 0.013865254679312135 0.24884535453619946 0.56268331878431499 0.15293698888607926 -0.23117104875784597 1.3585752574554304 0.91516657246209177 -0.074104406305976825 -0.10088266321527231 0.20080607233740844 -0.43335789939048158 -0.12356764041364438 -0.2765470412893033 0.13532146915939772 0.41540244229948353 0.63548866608344723
leaf_weight=781 819 6985 125425 2673 13255 65413 1975 22117 48172 13110 1148 129286 48351 72256 99541 57851 426 47335 9514 33567
leaf_count=781 819 6985 125425 2673 13255 65413 1975 22117 48172 13110 1148 129286 48351 72256 99541 57851 426 47335 9514 33567
internal_value=0.00051545 0.34979 -0.184383 0.872792 -0.124814 0.206787 0.674292 0.195927 -0.180224 1.37138 1.32354 -0.0861337 -0.0917627 0.223648 -0.434099 -0.11325 -0.432717 0.140952 0.42387 0.631602
internal_weight=800000 276912 523088 59458 422340 217454 42527 207121 173597 16931 14258 248743 235488 137669 100748 106202 99967 69452 10333 35542
internal_count=800000 276912 523088 59458 422340 217454 42527 207121 173597 16931 14258 248743 235488 137669 100748 106202 99967 69452 10333 35542
cat_boundaries=0 1 2 3 4 5 6 7 8 9 10 11 12 13 14 15 16
cat_threshold=36 48 34 3 4 26 1 1 2 1 4 16 48 8 32 8
is_linear=0
shrinkage=0.05


Tree=121
num_leaves=21
num_cat=16
split_feature=1 1 1 1 0 0 0 0 0 0 0 0 0 0 0 0 0 0 0 0
split_gain=1.86522e+07 7.4776e+06 2.80901e+06 2.12493e+06 749587 326662 184548 113710 62295.7 56079.8 62759.8 50530.5 32188.1 28245.5 6862.67 4796.24 2524.3 1547.58 1507.7 985.354
threshold=2.5000000000000004 3.5000000000000004 1.5000000000000002 4.5000000000000009 0 1 2 3 4 5 6 7 8 9 10 11 12 13 14 15
decision_type=2 2 2 2 1 1 1 1 1 1 1 1 1 1 1 1 1 1 1 1
left_child=2 6 14 4 -3 8 18 13 -4 -5 -11 -7 -13 -8 -1 -14 -16 -9 -2 -6
right_child=1 3 5 9 19 11 7 17 -10 10 -12 12 15 -15 16 -17 -18 -19 -20 -21
leaf_value=-0.54165859159567009 0.49055645647037444 1.8321442441532121 -0.15260692658703598 1.5351112937598455 0.53469598765337201 0.013174806423021901 0.23640860946807107 0.14529871491726004 -0.21961997319641469 1.2907040368456668 0.86978879164331735 -0.070403231936152541 -0.095843613175096973 0.19077120498455791 -0.41273728924943881 -0.11738329949181758 -0.3630211741913783 0.12855499959694494 0.39466067114481151 0.6064925193158518
leaf_weight=1204 819 1275 125425 2673 1975 13255 65413 22117 48172 13110 1148 129286 48351 72256 95468 57851 4076 47335 9514 39277
leaf_count=1204 819 1275 125425 2673 1975 13255 65413 22117 48172 13110 1148 129286 48351 72256 95468 57851 4076 47335 9514 39277
internal_value=0.000494161 0.332317 -0.175166 0.829206 0.640604 -0.118575 0.196454 0.186135 -0.171214 1.30293 1.25745 -0.0818286 -0.0871764 0.212471 -0.412397 -0.107587 -0.410738 0.133907 0.402728 0.603186
internal_weight=800000 276912 523088 59458 42527 422340 217454 207121 173597 16931 14258 248743 235488 137669 100748 106202 99544 69452 10333 41252
internal_count=800000 276912 523088 59458 42527 422340 217454 207121 173597 16931 14258 248743 235488 137669 100748 106202 99544 69452 10333 41252
cat_boundaries=0 1 2 3 4 5 6 7 8 9 10 11 12 13 14 15 16
cat_threshold=48 36 48 3 4 26 1 1 2 1 14 16 32 8 32 8
is_linear=0
shrinkage=0.05


Tree=122
num_leaves=21
num_cat=16
split_feature=1 1 1 1 0 0 0 0 0 0 0 0 0 0 0 0 0 0 0 0
split_gain=1.68347e+07 6.74973e+06 2.53525e+06 1.91818e+06 294849 199332 166618 102611 56208.5 50711.1 56521.7 45603.6 29056.8 25496.7 6219.65 4331.08 2271.79 1395.67 1375.75 509.441
threshold=2.5000000000000004 3.5000000000000004 1.5000000000000002 4.5000000000000009 0 1 2 3 4 5 6 7 8 9 10 11 12 13 14 15
decision_type=2 2 2 2 1 1 1 1 1 1 1 1 1 1 1 1 1 1 1 1
left_child=2 6 14 5 8 -3 18 13 -4 -5 -11 -6 -13 -8 -1 -14 -16 -9 -2 -7
right_child=1 3 4 9 11 19 7 17 -10 10 -12 12 15 -15 16 -17 -18 -19 -20 -21
leaf_value=-0.51479894694622119 0.4663211155282862 0.91104642751883103 -0.14498235327994005 1.4586405408413519 0.012517586545228868 0.50809003815542841 0.22458941099879601 0.13803364765403253 -0.20863721358920087 1.2262133344244668 0.82668951410086045 -0.066879487713291094 -0.091048994738949007 0.1812295306185189 -0.39210315776631899 -0.11151743241584036 -0.34491586883571063 0.12213237700813336 0.37494538699514174 0.5722890750432611
leaf_weight=1204 819 4875 125425 2673 13255 1975 65413 22117 48172 13110 1148 129286 48351 72256 95468 57851 4076 47335 9514 35677
leaf_count=1204 819 4875 125425 2673 13255 1975 65413 22117 48172 13110 1148 129286 48351 72256 95468 57851 4076 47335 9514 35677
internal_value=0.000473026 0.315715 -0.16641 0.787801 -0.112647 0.608609 0.186634 0.176829 -0.162657 1.23789 1.19465 -0.0777355 -0.0828159 0.201847 -0.391785 -0.102208 -0.390206 0.127215 0.382632 0.569057
internal_weight=800000 276912 523088 59458 422340 42527 217454 207121 173597 16931 14258 248743 235488 137669 100748 106202 99544 69452 10333 37652
internal_count=800000 276912 523088 59458 422340 42527 217454 207121 173597 16931 14258 248743 235488 137669 100748 106202 99544 69452 10333 37652
cat_boundaries=0 1 2 3 4 5 6 7 8 9 10 11 12 13 14 15 16
cat_threshold=36 36 48 3 4 26 1 1 2 1 14 16 32 8 32 8
is_linear=0
shrinkage=0.05


Tree=123
num_leaves=21
num_cat=16
split_feature=1 1 1 1 0 0 0 0 0 0 0 0 0 0 0 0 0 0 0 0
split_gain=1.51943e+07 6.0925e+06 2.28814e+06 1.73161e+06 266089 150431 141558 92617.2 50739 45861.6 50908.6 41159.2 26228 23007.8 5636.53 3908.01 2044.57 1260.66 1255.66 156.138
threshold=2.5000000000000004 3.5000000000000004 1.5000000000000002 4.5000000000000009 0 1 2 3 4 5 6 7 8 9 10 11 12 13 14 15
decision_type=2 2 2 2 1 1 1 1 1 1 1 1 1 1 1 1 1 1 1 1
left_child=2 5 14 6 8 18 -3 13 -4 -5 -11 -6 -13 -7 -1 -14 -16 -9 -2 -8
right_child=1 3 4 9 11 7 19 17 -10 10 -12 12 15 -15 16 -17 -18 -19 -20 -21
leaf_value=-0.48926802954131726 0.44329234998677691 0.78546926094516001 -0.13773214894844166 1.3859877795280915 0.011891042275829582 0.21336161342025114 0.48281428147323191 0.13113492399019075 -0.1982107073901169 1.1649430147031459 0.78570828355449884 -0.063537050240583579 -0.086501843099920872 0.17217238462789811 -0.37250008300096926 -0.10594496070093221 -0.32771271090850607 0.11602288169107489 0.35621609455995429 0.54014315399102664
leaf_weight=1204 819 6985 125425 2673 13255 65413 1975 22117 48172 13110 1148 129286 48351 72256 95468 57851 4076 47335 9514 33567
leaf_count=1204 819 6985 125425 2673 13255 65413 1975 22117 48172 13110 1148 129286 48351 72256 95468 57851 4076 47335 9514 33567
internal_value=0.000451855 0.299942 -0.158092 0.748455 -0.107017 0.177305 0.5782 0.167989 -0.154525 1.1761 1.13498 -0.0738514 -0.0786779 0.191757 -0.372202 -0.097102 -0.370699 0.120853 0.36354 0.537094
internal_weight=800000 276912 523088 59458 422340 217454 42527 207121 173597 16931 14258 248743 235488 137669 100748 106202 99544 69452 10333 35542
internal_count=800000 276912 523088 59458 422340 217454 42527 207121 173597 16931 14258 248743 235488 137669 100748 106202 99544 69452 10333 35542
cat_boundaries=0 1 2 3 4 5 6 7 8 9 10 11 12 13 14 15 16
cat_threshold=36 48 34 3 4 26 1 1 2 1 14 16 32 8 32 8
is_linear=0
shrinkage=0.05


Tree=124
num_leaves=21
num_cat=16
split_feature=1 1 1 1 0 0 0 0 0 0 0 0 0 0 0 0 0 0 0 0
split_gain=1.37137e+07 5.4993e+06 2.06512e+06 1.56322e+06 240150 135823 127807 83578.1 45793.1 41469.3 45855.5 37147.9 23666.9 20762.6 5108.45 3527.34 1840.22 1145.3 1137.32 131.155
threshold=2.5000000000000004 3.5000000000000004 1.5000000000000002 4.5000000000000009 0 1 2 3 4 5 6 7 8 9 10 11 12 13 14 15
decision_type=2 2 2 2 1 1 1 1 1 1 1 1 1 1 1 1 1 1 1 1
left_child=2 5 14 6 8 17 -3 13 -4 -5 -11 -6 -13 -7 -1 -14 -16 -2 -9 -8
right_child=1 3 4 9 11 7 19 18 -10 10 -12 12 15 -15 16 -17 -18 -19 -20 -21
leaf_value=-0.4650064912227273 0.42139228526300632 0.74625445243202848 -0.13084628702488266 1.3169468531357991 0.011298298819578239 0.20269208006665462 0.45879795237812648 0.12457962525318129 -0.1883016189520012 1.106743127790893 0.74675827446379195 -0.060361592433429305 -0.082175057453138092 0.16356409551943382 -0.35387651834767797 -0.10064693394624674 -0.31136590678261244 0.33842673367785087 0.11022559166458168 0.5131420010895813
leaf_weight=1204 819 6985 125425 2673 13255 65413 1975 22117 48172 13110 1148 129286 48351 72256 95468 57851 4076 9514 47335 33567
leaf_count=1204 819 6985 125425 2673 13255 65413 1975 22117 48172 13110 1148 129286 48351 72256 95468 57851 4076 9514 47335 33567
internal_value=0.000432255 0.284956 -0.150189 0.711075 -0.101666 0.168443 0.549311 0.15959 -0.1468 1.11739 1.0783 -0.0701589 -0.0747442 0.182169 -0.353597 -0.0922457 -0.352167 0.345404 0.114814 0.510252
internal_weight=800000 276912 523088 59458 422340 217454 42527 207121 173597 16931 14258 248743 235488 137669 100748 106202 99544 10333 69452 35542
internal_count=800000 276912 523088 59458 422340 217454 42527 207121 173597 16931 14258 248743 235488 137669 100748 106202 99544 10333 69452 35542
cat_boundaries=0 1 2 3 4 5 6 7 8 9 10 11 12 13 14 15 16
cat_threshold=36 48 34 3 4 26 1 1 2 1 14 16 32 32 8 8
is_linear=0
shrinkage=0.05


Tree=125
num_leaves=22
num_cat=17
split_feature=1 1 1 1 0 0 0 0 0 0 0 0 0 0 0 0 0 0 0 0 0
split_gain=1.23774e+07 4.96392e+06 1.86384e+06 1.41116e+06 216727 184923 122628 75430.1 41329.3 37666.1 33522.7 22214.9 153426 21357.8 18746.8 4748.21 4149.52 3185.06 1044.52 1028 38.7061
threshold=2.5000000000000004 3.5000000000000004 1.5000000000000002 4.5000000000000009 0 1 2 3 4 5 6 7 8 9 10 11 12 13 14 15 16
decision_type=2 2 2 2 1 1 1 1 1 1 1 1 1 1 1 1 1 1 1 1 1
left_child=2 6 15 5 8 -3 18 14 -4 -5 -6 -11 -13 -12 -8 -1 -17 -15 -2 -9 -7
right_child=1 3 4 9 10 20 7 19 -10 11 13 12 -14 17 -16 16 -18 -19 -20 -21 -22
leaf_value=-0.46896997842414945 0.40056933827509494 0.81275868061499068 -0.12430393385802563 1.2846047322227931 0.010727895009845688 0.43597633726951157 0.19256297148638979 0.11835784511710118 -0.17888720687045034 1.05322883470481 -0.05734544085432524 1.1070079229273659 -0.060282285152337495 -0.078064667116887976 0.15538298564088787 -0.3355123805460416 -0.16503745459635324 -0.095617366816549587 0.3215220557997478 0.10471196396094791 0.48639052832828444
leaf_weight=781 819 4875 125425 2031 13255 1975 65413 22117 48172 13379 129286 1141 380 48351 72256 99541 426 57851 9514 47335 35677
leaf_count=781 819 4875 125425 2031 13255 1975 65413 22117 48172 13379 129286 1141 380 48351 72256 99541 426 57851 9514 47335 35677
internal_value=0.000413404 0.270719 -0.142681 0.675565 -0.0965839 0.52187 0.160023 0.151612 -0.13946 1.06162 -0.0666526 1.02967 0.816888 -0.0710084 0.173062 -0.335922 -0.334802 -0.0876342 0.328169 0.109074 0.483863
internal_weight=800000 276912 523088 59458 422340 42527 217454 207121 173597 16931 248743 14900 1521 235488 137669 100748 99967 106202 10333 69452 37652
internal_count=800000 276912 523088 59458 422340 42527 217454 207121 173597 16931 248743 14900 1521 235488 137669 100748 99967 106202 10333 69452 37652
cat_boundaries=0 1 2 3 4 5 6 7 8 9 10 11 12 13 14 15 16 17
cat_threshold=36 36 48 3 4 2 1 17 4 2 1 4 48 16 32 8 8
is_linear=0
shrinkage=0.05


Tree=126
num_leaves=20
num_cat=15
split_feature=1 1 1 1 0 0 0 0 0 0 0 0 0 0 0 0 0 0 0
split_gain=1.11713e+07 4.48066e+06 1.68222e+06 1.27402e+06 195600 117670 110711 68070.4 38136.9 43275.6 37305.2 30254.5 19279.8 16913 4596.13 2872.02 1738.07 952.975 926.878
threshold=2.5000000000000004 3.5000000000000004 1.5000000000000002 4.5000000000000009 0 1 2 3 4 5 6 7 8 9 10 11 12 13 14
decision_type=2 2 2 2 1 1 1 1 1 1 1 1 1 1 1 1 1 1 1
left_child=2 6 14 5 10 -3 17 13 -5 -10 -4 -6 -13 -8 -1 -14 -16 -2 -9
right_child=1 3 4 8 11 -7 7 18 9 -11 -12 12 15 -15 16 -17 -18 -19 -20
leaf_value=-0.42398928244777728 0.38078217086515903 0.68457830601542913 -0.1180881720721691 1.2101622682024651 0.010191995374131015 0.45837019713852023 0.18293287079469425 0.11243973985121092 1.000617618113478 0.65521631076134135 -0.16994605396917276 -0.054476535941332727 -0.074166948042363331 0.14761810924036051 -0.31941234254850026 -0.090834916578071231 -0.27910824014576868 0.30545949945425799 0.099481849416607301
leaf_weight=1204 819 6985 125425 2404 13255 35542 65413 22117 13379 1148 48172 129286 48351 72256 95468 57851 4076 9514 47335
leaf_count=1204 819 6985 125425 2404 13255 35542 65413 22117 13379 1148 48172 129286 48351 72256 95468 57851 4076 9514 47335
internal_value=0.000395986 0.257195 -0.135548 0.64183 -0.0917548 0.495793 0.152026 0.144033 1.00864 0.973792 -0.132487 -0.0633198 -0.0674578 0.16441 -0.319133 -0.0832541 -0.31779 0.311792 0.103624
internal_weight=800000 276912 523088 59458 422340 42527 217454 207121 16931 14527 173597 248743 235488 137669 100748 106202 99544 10333 69452
internal_count=800000 276912 523088 59458 422340 42527 217454 207121 16931 14527 173597 248743 235488 137669 100748 106202 99544 10333 69452
cat_boundaries=0 1 2 3 4 5 6 7 8 9 10 11 12 13 14 15
cat_threshold=36 34 48 3 10 17 4 1 2 1 14 16 32 32 8
is_linear=0
shrinkage=0.05


Tree=127
num_leaves=20
num_cat=15
split_feature=1 1 1 1 0 0 0 0 0 0 0 0 0 0 0 0 0 0 0
split_gain=1.00827e+07 4.0443e+06 1.51825e+06 1.15014e+06 176522 99956.9 61441.7 35227.2 264074 33674.7 27309.4 17399.2 16003.9 15262.1 4164.66 2592.42 1564.6 869.056 836.69
threshold=2.5000000000000004 3.5000000000000004 1.5000000000000002 4.5000000000000009 0 1 2 3 4 5 6 7 8 9 10 11 12 13 14
decision_type=2 2 2 2 1 1 1 1 1 1 1 1 1 1 1 1 1 1 1
left_child=2 5 14 12 9 17 13 -5 -9 -4 -6 -12 -3 -7 -1 -13 -16 -2 -8
right_child=1 3 4 7 10 6 18 8 -10 -11 11 15 -14 -15 16 -17 -18 -19 -20
leaf_value=-0.40296348798805248 0.36197024990767424 0.49459383692944131 -0.11218165738369634 1.1109673254332295 0.0096880050843228399 0.17378895239196426 0.10681854877221082 0.94884216563730706 -0.60636057153448364 -0.16145156954408688 -0.051753778714175393 -0.070458334880215259 0.42690145720579936 0.14024189990024663 -0.30344190773530133 -0.086294188359105087 -0.26518634334243052 0.29020419915850953 0.094507321152166882
leaf_weight=1204 819 27579 125425 3545 13255 65413 22117 13110 276 48172 129286 48351 14948 72256 95468 57851 4076 9514 47335
leaf_count=1204 819 27579 125425 3545 13255 65413 22117 13110 276 48172 129286 48351 14948 72256 95468 57851 4076 9514 47335
internal_value=0.000379309 0.244346 -0.128772 0.609772 -0.087167 0.144428 0.136834 0.958294 0.916347 -0.125862 -0.0601542 -0.0640857 0.471017 0.156193 -0.30318 -0.0790918 -0.301902 0.296237 0.0984426
internal_weight=800000 276912 523088 59458 422340 217454 207121 16931 13386 173597 248743 235488 42527 137669 100748 106202 99544 10333 69452
internal_count=800000 276912 523088 59458 422340 217454 207121 16931 13386 173597 248743 235488 42527 137669 100748 106202 99544 10333 69452
cat_boundaries=0 1 2 3 4 5 6 7 8 9 10 11 12 13 14 15
cat_threshold=36 48 3 14 1 4 1 2 33 1 14 16 32 32 8
is_linear=0
shrinkage=0.05


Tree=128
num_leaves=20
num_cat=15
split_feature=1 1 1 1 0 0 0 0 0 0 0 0 0 0 0 0 0 0 0
split_gain=9.09997e+06 3.65035e+06 1.37029e+06 1.0381e+06 159326 90250.1 55446.6 35863.9 41137.9 30386.2 24645.5 15702 14444.9 13780.8 3773.65 2340.92 1408.59 793.267 755.739
threshold=2.5000000000000004 3.5000000000000004 1.5000000000000002 4.5000000000000009 0 1 2 3 4 5 6 7 8 9 10 11 12 13 14
decision_type=2 2 2 2 1 1 1 1 1 1 1 1 1 1 1 1 1 1 1
left_child=2 5 14 12 9 17 13 -5 -9 -4 -6 -12 -3 -7 -1 -13 -16 -2 -8
right_child=1 3 4 7 10 6 18 8 -10 -11 11 15 -14 -15 16 -17 -18 -19 -20
leaf_value=-0.38298316972063245 0.34410224886941393 0.46987952827400514 -0.10657676149289902 1.0918888077822986 0.0092017590824361572 0.16510016904297733 0.10147950506492634 0.90143020191207168 0.5682002911707692 -0.15337915899328911 -0.049166446972890535 -0.066932941664808551 0.40556871300314912 0.13322281861481414 -0.28827301194714317 -0.081980970897626113 -0.25196048730270454 0.27570657606437299 0.089779411700248016
leaf_weight=1204 819 27579 125425 2673 13255 65413 22117 13110 1148 48172 129286 48351 14948 72256 95468 57851 4076 9514 47335
leaf_count=1204 819 27579 125425 2673 13255 65413 22117 13110 1148 48172 129286 48351 14948 72256 95468 57851 4076 9514 47335
internal_value=0.000360101 0.232132 -0.122335 0.579304 -0.08281 0.137206 0.12999 0.910417 0.875017 -0.119572 -0.0571467 -0.0608815 0.44748 0.14838 -0.288027 -0.0751369 -0.286812 0.281455 0.0935194
internal_weight=800000 276912 523088 59458 422340 217454 207121 16931 14258 173597 248743 235488 42527 137669 100748 106202 99544 10333 69452
internal_count=800000 276912 523088 59458 422340 217454 207121 16931 14258 173597 248743 235488 42527 137669 100748 106202 99544 10333 69452
cat_boundaries=0 1 2 3 4 5 6 7 8 9 10 11 12 13 14 15
cat_threshold=36 48 3 26 1 4 1 2 33 1 14 16 32 32 8
is_linear=0
shrinkage=0.05


Tree=129
num_leaves=21
num_cat=16
split_feature=1 1 1 1 0 0 0 0 0 0 0 0 0 0 0 0 0 0 0 0
split_gain=8.21319e+06 3.29475e+06 1.23675e+06 937171 174953 143781 81485.8 50036.3 32425.1 37069.8 27428.5 22243.4 14171.6 12438.7 3437.75 4748.18 2111.38 722.878 681.556 9.11576
threshold=2.5000000000000004 3.5000000000000004 1.5000000000000002 4.5000000000000009 0 1 2 3 4 5 6 7 8 9 10 11 12 13 14 15
decision_type=2 2 2 2 1 1 1 1 1 1 1 1 1 1 1 1 1 1 1 1
left_child=2 6 14 4 -3 10 17 13 -5 -10 -4 -7 -13 -8 -1 -16 -14 -2 -9 -6
right_child=1 3 5 8 19 11 7 18 9 -11 -12 12 16 -15 15 -17 -18 -19 -20 -21
leaf_value=-0.38608300911943172 0.32709607997475548 0.70759698555437789 -0.10124494174822399 1.0375002310429764 0.35007028056031814 0.008742534602942038 0.15684890721997788 0.096407986299276272 0.85638906664419467 0.54003048404304888 -0.14571123400273267 -0.046708278412011105 -0.063589273083089454 0.12656355286087942 -0.27342352715191531 -0.098007159058107154 -0.077880589885075124 0.26194128249683885 0.085296566715738015 0.39026161549080451
leaf_weight=781 819 4875 125425 2673 1975 13255 65413 22117 13110 1148 48172 129286 48351 72256 99541 426 57851 9514 47335 35677
leaf_count=781 819 4875 125425 2673 1975 13255 65413 22117 13110 1148 48172 129286 48351 72256 99541 426 57851 9514 47335 35677
internal_value=0.000345081 0.220535 -0.116219 0.550364 0.425113 -0.0786689 0.130351 0.123494 0.864969 0.831313 -0.113592 -0.0542897 -0.0578378 0.140964 -0.27363 -0.272686 -0.0713807 0.267417 0.0888484 0.388247
internal_weight=800000 276912 523088 59458 42527 422340 217454 207121 16931 14258 173597 248743 235488 137669 100748 99967 106202 10333 69452 37652
internal_count=800000 276912 523088 59458 42527 422340 217454 207121 16931 14258 173597 248743 235488 137669 100748 99967 106202 10333 69452 37652
cat_boundaries=0 1 2 3 4 5 6 7 8 9 10 11 12 13 14 15 16
cat_threshold=36 36 48 3 26 1 4 1 2 1 4 48 16 32 8 8
is_linear=0
shrinkage=0.05


Tree=130
num_leaves=20
num_cat=15
split_feature=1 1 1 1 0 0 0 0 0 0 0 0 0 0 0 0 0 0 0
split_gain=7.41289e+06 2.974e+06 1.11619e+06 846037 129778 73571.5 45154.7 32819.5 173384 24756.3 20073.3 15542.2 12794.8 11224.1 3437.69 1906.22 1321.82 659.266 615.328
threshold=2.5000000000000004 3.5000000000000004 1.5000000000000002 4.5000000000000009 0 1 2 3 4 5 6 7 8 9 10 11 12 13 14
decision_type=2 2 2 2 1 1 1 1 1 1 1 1 1 1 1 1 1 1 1
left_child=2 5 14 11 9 17 13 -5 -9 -4 -6 -3 -12 -7 -1 -14 -16 -2 -8
right_child=1 3 4 7 10 6 18 8 -10 -11 12 -13 15 -15 16 -17 -18 -19 -20
leaf_value=-0.34986499828797396 0.31093983391369501 0.42685093327834456 -0.096185486422836919 0.96931476167442843 0.0083034430545903225 0.14900499450022148 0.091590195820163159 0.81360655671757898 -0.27121581150935248 -0.1384302803689321 -0.044370784718659004 0.36095554833425564 -0.060410872795616279 0.12023617725416127 -0.2601902758766273 -0.073990085543987213 -0.22576303714289134 0.24885807835419907 0.081032574091935594
leaf_weight=1204 819 27579 125425 3441 13255 65413 22117 13110 380 48172 129286 14948 48351 72256 95468 57851 4076 9514 47335
leaf_count=1204 819 27579 125425 3441 13255 65413 22117 13110 380 48172 129286 14948 48351 72256 95468 57851 4076 9514 47335
internal_value=0.000329669 0.209517 -0.11041 0.52288 -0.0747369 0.123835 0.117319 0.821797 0.78287 -0.107915 -0.0515752 0.403874 -0.0549458 0.133915 -0.259952 -0.0678141 -0.258803 0.254075 0.0844074
internal_weight=800000 276912 523088 59458 422340 217454 207121 16931 13490 173597 248743 42527 235488 137669 100748 106202 99544 10333 69452
internal_count=800000 276912 523088 59458 422340 217454 207121 16931 13490 173597 248743 42527 235488 137669 100748 106202 99544 10333 69452
cat_boundaries=0 1 2 3 4 5 6 7 8 9 10 11 12 13 14 15
cat_threshold=36 48 3 22 1 4 1 33 2 1 14 16 32 32 8
is_linear=0
shrinkage=0.05


Tree=131
num_leaves=20
num_cat=15
split_feature=1 1 1 1 0 0 0 0 0 0 0 0 0 0 0 0 0 0 0
split_gain=6.6904e+06 2.68428e+06 1.00739e+06 763671 117123 116699 66425.8 40750.4 30404.3 35730.3 22342.9 18117.4 11547 10126.3 3114.48 1720.24 1190 601.306 555.661
threshold=2.5000000000000004 3.5000000000000004 1.5000000000000002 4.5000000000000009 0 1 2 3 4 5 6 7 8 9 10 11 12 13 14
decision_type=2 2 2 2 1 1 1 1 1 1 1 1 1 1 1 1 1 1 1
left_child=2 6 14 5 10 -3 17 13 -5 -10 -4 -6 -13 -8 -1 -14 -16 -2 -9
right_child=1 3 4 8 11 -7 7 18 9 -11 -12 12 15 -15 16 -17 -18 -19 -20
leaf_value=-0.33251625191438733 0.29558483119177736 0.57113425999901135 -0.091375484138866189 0.94616150904003915 0.0078905873347173486 0.34659550609511369 0.14155302268863335 0.087014254277228836 0.77295594018225267 0.46558300563502608 -0.1315083553285232 -0.042152037893895274 -0.057390140072711406 0.11422728349087435 -0.24717996142377463 -0.07028992731133886 -0.21450270933084958 0.23642884294609223 0.076981786715215134
leaf_weight=1204 819 6985 125425 2673 13255 35542 65413 22117 13110 1148 48172 129286 48351 72256 95468 57851 4076 9514 47335
leaf_count=1204 819 6985 125425 2673 13255 35542 65413 22117 13110 1148 48172 129286 48351 72256 95468 57851 4076 9514 47335
internal_value=0.000315302 0.199047 -0.104889 0.496756 -0.0709995 0.383691 0.117645 0.111454 0.78075 0.748551 -0.102519 -0.048996 -0.0521982 0.12722 -0.246957 -0.0644229 -0.245864 0.241399 0.0801887
internal_weight=800000 276912 523088 59458 422340 42527 217454 207121 16931 14258 173597 248743 235488 137669 100748 106202 99544 10333 69452
internal_count=800000 276912 523088 59458 422340 42527 217454 207121 16931 14258 173597 248743 235488 137669 100748 106202 99544 10333 69452
cat_boundaries=0 1 2 3 4 5 6 7 8 9 10 11 12 13 14 15
cat_threshold=36 34 48 3 26 1 4 1 2 1 14 16 32 32 8
is_linear=0
shrinkage=0.05


Tree=132
num_leaves=20
num_cat=15
split_feature=1 1 1 1 0 0 0 0 0 0 0 0 0 0 0 0 0 0 0
split_gain=6.03846e+06 2.42293e+06 909228 689430 105706 59971.3 36779.2 32711.5 249056 20165.8 16755 16353.3 10420.9 9140.47 2821.14 1551.57 1072.34 548.248 502.312
threshold=2.5000000000000004 3.5000000000000004 1.5000000000000002 4.5000000000000009 0 1 2 3 4 5 6 7 8 9 10 11 12 13 14
decision_type=2 2 2 2 1 1 1 1 1 1 1 1 1 1 1 1 1 1 1
left_child=2 5 14 10 9 17 13 -5 -9 -4 -3 -6 -13 -7 -1 -14 -16 -2 -8
right_child=1 3 4 7 11 6 18 8 -10 -11 -12 12 15 -15 16 -17 -18 -19 -20
leaf_value=-0.31602677862962353 0.28097885969320741 0.38817110698632479 -0.086808200311122866 0.8845145054909751 0.0074985903521730818 0.13447620488695619 0.082667021170199931 0.73434351984411483 -0.76892318925657477 -0.12493561188541569 0.32040339824206243 -0.040046194457960607 -0.054524117910704953 0.10851468374274331 -0.23482574535086922 -0.06677524253291546 -0.20379896742773596 0.22461610730582554 0.073128997942930249
leaf_weight=1204 819 27579 125425 3545 13255 65413 22117 13110 276 48172 14948 129286 48351 72256 95468 57851 4076 9514 47335
leaf_count=1204 819 27579 125425 3545 13255 65413 22117 13110 276 48172 14948 129286 48351 72256 95468 57851 4076 9514 47335
internal_value=0.000299997 0.189101 -0.0996474 0.471946 -0.0674511 0.111763 0.105881 0.741783 0.702797 -0.0973949 0.364518 -0.0465476 -0.04959 0.120859 -0.234616 -0.0612033 -0.233576 0.229351 0.0761778
internal_weight=800000 276912 523088 59458 422340 217454 207121 16931 13386 173597 42527 248743 235488 137669 100748 106202 99544 10333 69452
internal_count=800000 276912 523088 59458 422340 217454 207121 16931 13386 173597 42527 248743 235488 137669 100748 106202 99544 10333 69452
cat_boundaries=0 1 2 3 4 5 6 7 8 9 10 11 12 13 14 15
cat_threshold=36 48 3 14 1 4 33 1 2 1 14 16 32 32 8
is_linear=0
shrinkage=0.05


Tree=133
num_leaves=20
num_cat=15
split_feature=1 1 1 1 0 0 0 0 0 0 0 0 0 0 0 0 0 0 0
split_gain=5.44997e+06 2.18682e+06 820611 622261 95397.8 54144.1 33199.6 28416.9 34287 18198.3 15122.5 14755.4 9402.28 8249.65 2555.68 1400.86 965.126 499.806 453.777
threshold=2.5000000000000004 3.5000000000000004 1.5000000000000002 4.5000000000000009 0 1 2 3 4 5 6 7 8 9 10 11 12 13 14
decision_type=2 2 2 2 1 1 1 1 1 1 1 1 1 1 1 1 1 1 1
left_child=2 5 14 10 9 17 13 -5 -9 -4 -3 -6 -13 -7 -1 -14 -16 -2 -8
right_child=1 3 4 7 11 6 18 8 -10 -11 -12 12 15 -15 16 -17 -18 -19 -20
leaf_value=-0.30035460631576361 0.26709787900255155 0.36877276094607336 -0.082467716486337023 0.86325988072847815 0.0071176741305630569 0.12775703741424946 0.078536673458904652 0.69765292939434698 0.39917081551230638 -0.11868741795934651 0.30439104771515257 -0.038044730591133759 -0.051794728603525922 0.10309302198947246 -0.22308467306317958 -0.063435625235940152 -0.19363800970526579 0.21339745263700874 0.069471513830957024
leaf_weight=1204 819 27579 125425 2673 13255 65413 22117 13110 1148 48172 14948 129286 48351 72256 95468 57851 4076 9514 47335
leaf_count=1204 819 27579 125425 2673 13255 65413 22117 13110 1148 48172 14948 129286 48351 72256 95468 57851 4076 9514 47335
internal_value=0.000286835 0.179652 -0.0946654 0.448362 -0.0640783 0.106179 0.10059 0.704718 0.673917 -0.0925247 0.346301 -0.0442202 -0.0471101 0.11482 -0.222888 -0.0581412 -0.221899 0.217908 0.0723692
internal_weight=800000 276912 523088 59458 422340 217454 207121 16931 14258 173597 42527 248743 235488 137669 100748 106202 99544 10333 69452
internal_count=800000 276912 523088 59458 422340 217454 207121 16931 14258 173597 42527 248743 235488 137669 100748 106202 99544 10333 69452
cat_boundaries=0 1 2 3 4 5 6 7 8 9 10 11 12 13 14 15
cat_threshold=36 48 3 26 1 4 33 1 2 1 14 16 32 32 8
is_linear=0
shrinkage=0.05


Tree=134
num_leaves=20
num_cat=15
split_feature=1 1 1 1 0 0 0 0 0 0 0 0 0 0 0 0 0 0 0
split_gain=4.91879e+06 1.97383e+06 740618 561738 86106.6 48883.3 29959.4 25687.7 30907.3 16426.7 13647 13319.2 8487.44 7445.98 2315.41 1264.19 868.963 455.939 408.832
threshold=2.5000000000000004 3.5000000000000004 1.5000000000000002 4.5000000000000009 0 1 2 3 4 5 6 7 8 9 10 11 12 13 14
decision_type=2 2 2 2 1 1 1 1 1 1 1 1 1 1 1 1 1 1 1
left_child=2 5 14 10 9 17 13 -5 -9 -4 -3 -6 -13 -7 -1 -14 -16 -2 -8
right_child=1 3 4 7 11 6 18 8 -10 -11 -12 12 15 -15 16 -17 -18 -19 -20
leaf_value=-0.28546174570206168 0.25390929991718653 0.35033986031535985 -0.078345161620002587 0.82025685102425094 0.0067673854561872944 0.12136896115434773 0.074606625382002786 0.66278869033314114 0.37938142568130362 -0.1127567263658196 0.28917941292238547 -0.03614071870393025 -0.049205526427377071 0.097937115542641145 -0.21192972017259959 -0.060264017145945342 -0.1839789196024674 0.20273563743188372 0.066001472557745494
leaf_weight=1204 819 27579 125425 2673 13255 65413 22117 13110 1148 48172 14948 129286 48351 72256 95468 57851 4076 9514 47335
leaf_count=1204 819 27579 125425 2673 13255 65413 22117 13110 1148 48172 14948 129286 48351 72256 95468 57851 4076 9514 47335
internal_value=0.000273942 0.170674 -0.0899325 0.425963 -0.0608745 0.100871 0.0955603 0.669533 0.640252 -0.0879001 0.328993 -0.0420081 -0.0447537 0.109079 -0.211745 -0.0552345 -0.210804 0.207033 0.0687521
internal_weight=800000 276912 523088 59458 422340 217454 207121 16931 14258 173597 42527 248743 235488 137669 100748 106202 99544 10333 69452
internal_count=800000 276912 523088 59458 422340 217454 207121 16931 14258 173597 42527 248743 235488 137669 100748 106202 99544 10333 69452
cat_boundaries=0 1 2 3 4 5 6 7 8 9 10 11 12 13 14 15
cat_threshold=36 48 3 26 1 4 33 1 2 1 14 16 32 32 8
is_linear=0
shrinkage=0.05


Tree=135
num_leaves=20
num_cat=15
split_feature=1 1 1 1 0 0 0 0 0 0 0 0 0 0 0 0 0 0 0
split_gain=4.4395e+06 1.78161e+06 668427 507150 113212 77710.5 44138.8 30625.2 166115 27038.4 14822 12020.6 7662.15 6721.6 2128.74 5634.18 1141.46 415.507 369.077
threshold=2.5000000000000004 3.5000000000000004 1.5000000000000002 4.5000000000000009 0 1 2 3 4 5 6 7 8 9 10 11 12 13 14
decision_type=2 2 2 2 1 1 1 1 1 1 1 1 1 1 1 1 1 1 1
left_child=2 6 14 4 -3 10 17 -5 -9 13 -4 -7 -13 -8 -1 -16 -14 -2 -11
right_child=1 3 5 7 -6 11 9 8 -10 18 -12 12 16 -15 15 -17 -18 -19 -20
leaf_value=-0.28881530930510663 0.24136712611512481 0.4969081432364344 -0.074430633460073101 0.77513445869662467 0.27609876879666112 0.006426908670620248 0.11530217714337243 0.62968531998896571 -0.42647881532326726 0.070877282980546796 -0.1071183073669604 -0.034334488680509923 -0.046747394546859333 0.093039288204223636 -0.20121573139674684 -0.016017595562366174 -0.057255353802512704 0.19261394822762726 0.062701304318195081
leaf_weight=781 819 6985 125425 3441 35542 13255 65413 13110 380 22117 48172 129286 48351 72256 99541 426 57851 9514 47335
leaf_count=781 819 6985 125425 3441 35542 13255 65413 13110 380 22117 48172 129286 48351 72256 99541 426 57851 9514 47335
internal_value=0.000260748 0.162146 -0.0854382 0.404687 0.312548 -0.0578327 0.0958292 0.636119 0.59964 0.0907826 -0.0835069 -0.0399097 -0.042518 0.103625 -0.201162 -0.200428 -0.0524762 0.196708 0.0653148
internal_weight=800000 276912 523088 59458 42527 422340 217454 16931 13490 207121 173597 248743 235488 137669 100748 99967 106202 10333 69452
internal_count=800000 276912 523088 59458 42527 422340 217454 16931 13490 207121 173597 248743 235488 137669 100748 99967 106202 10333 69452
cat_boundaries=0 1 2 3 4 5 6 7 8 9 10 11 12 13 14 15
cat_threshold=34 36 48 22 1 3 4 1 2 1 4 48 16 32 8
is_linear=0
shrinkage=0.05


Tree=136
num_leaves=21
num_cat=16
split_feature=1 1 1 1 0 0 0 0 0 0 0 0 0 0 0 0 0 0 0 0
split_gain=4.00688e+06 1.60806e+06 603285 457735 172885 72648.2 171079 70121.6 39849.6 24399 15408.8 13382.4 10849.9 6914.38 6059.92 2162.57 1029.27 811.523 378.826 332.859
threshold=2.5000000000000004 3.5000000000000004 1.5000000000000002 4.5000000000000009 0 1 2 3 4 5 6 7 8 9 10 11 12 13 14 15
decision_type=2 2 2 2 1 1 1 1 1 1 1 1 1 1 1 1 1 1 1 1
left_child=2 8 15 4 -3 10 -7 11 18 14 -5 -4 -9 -14 -10 -1 -15 -17 -2 -11
right_child=1 3 7 5 -6 6 -8 12 9 19 -12 -13 13 16 -16 17 -18 -19 -20 -21
leaf_value=-0.26173797113302316 0.22944558745270327 0.57722026569206375 -0.070705244942698295 0.73272488737615837 0.26042236643117084 0.76858093919081727 -0.84786946956927967 0.0061067713461774187 0.10953283713575027 0.067335634631966651 0.59821955589816067 -0.1017649158941181 -0.032619813824036295 -0.044413510813576716 0.088393987416462261 -0.191276114082708 -0.05439181481186333 -0.1647725134344003 0.18299254689683239 0.05957090204778525
leaf_weight=1204 819 4875 125425 3172 37652 373 276 13255 65413 22117 13110 48172 129286 48351 72256 95468 57851 4076 9514 47335
leaf_count=1204 819 4875 125425 3172 37652 373 276 13255 65413 22117 13110 48172 129286 48351 72256 95468 57851 4076 9514 47335
internal_value=0.000249401 0.154045 -0.081167 0.38447 0.296935 0.604338 0.078719 -0.054941 0.0910409 0.0862457 0.624857 -0.0793295 -0.0379157 -0.0403938 0.0984453 -0.191107 -0.0498536 -0.190208 0.186893 0.0620529
internal_weight=800000 276912 523088 59458 42527 16931 649 422340 217454 207121 16282 173597 248743 235488 137669 100748 106202 99544 10333 69452
internal_count=800000 276912 523088 59458 42527 16931 649 422340 217454 207121 16282 173597 248743 235488 137669 100748 106202 99544 10333 69452
cat_boundaries=0 1 2 3 4 5 6 7 8 9 10 11 12 13 14 15 16
cat_threshold=36 7 8 36 48 3 6 4 1 2 1 14 16 32 32 8
is_linear=0
shrinkage=0.05


Tree=137
num_leaves=21
num_cat=16
split_feature=1 1 1 1 0 0 0 0 0 0 0 0 0 0 0 0 0 0 0 0
split_gain=3.61641e+06 1.45143e+06 544497 413172 65592 154900 63298 35980.1 22019.6 17440.5 13931.5 12074.2 9790.34 6240.15 5471.88 1958.6 928.967 730.875 345.281 300.823
threshold=2.5000000000000004 3.5000000000000004 1.5000000000000002 4.5000000000000009 0 1 2 3 4 5 6 7 8 9 10 11 12 13 14 15
decision_type=2 2 2 2 1 1 1 1 1 1 1 1 1 1 1 1 1 1 1 1
left_child=2 7 15 9 10 -6 11 18 14 -3 -5 -4 -8 -14 -9 -1 -15 -17 -2 -10
right_child=1 3 6 4 5 -7 12 8 19 -11 -12 -13 13 16 -16 17 -18 -19 -20 -21
leaf_value=-0.24875955059265187 0.21811296580352602 0.30596330814775685 -0.067173800043250617 0.69620457344426823 0.73114998122730712 -0.80696503832623678 0.0057993001610748378 0.10405966419942819 0.063973224158206665 0.23770405885321777 0.56832754370415717 -0.096676359646327578 -0.03098722422658446 -0.042190998042922187 0.083972680714188938 -0.18171436112483239 -0.051670621667338705 -0.15655515960659749 0.17385454372116019 0.056592023396066483
leaf_weight=1204 819 27579 125425 3172 373 276 13255 65413 22117 14948 13110 48172 129286 48351 72256 95468 57851 4076 9514 47335
leaf_count=1204 819 27579 125425 3172 373 276 13255 65413 22117 14948 13110 48172 129286 48351 72256 95468 57851 4076 9514 47335
internal_value=0.000238071 0.146348 -0.0771096 0.365263 0.574155 0.0747169 -0.0521942 0.0864907 0.0819344 0.282098 0.593652 -0.0753657 -0.0360185 -0.0383725 0.0935238 -0.181556 -0.0473592 -0.1807 0.17757 0.0589514
internal_weight=800000 276912 523088 59458 16931 649 422340 217454 207121 42527 16282 173597 248743 235488 137669 100748 106202 99544 10333 69452
internal_count=800000 276912 523088 59458 16931 649 422340 217454 207121 42527 16282 173597 248743 235488 137669 100748 106202 99544 10333 69452
cat_boundaries=0 1 2 3 4 5 6 7 8 9 10 11 12 13 14 15 16
cat_threshold=7 8 36 48 3 33 6 4 1 2 1 14 16 32 32 8
is_linear=0
shrinkage=0.05


Tree=138
num_leaves=21
num_cat=16
split_feature=1 1 1 1 0 0 0 0 0 0 0 0 0 0 0 0 0 0 0 0
split_gain=3.26397e+06 1.31003e+06 491412 372969 712885 59219.3 140253 57116.5 32483.9 19876.5 12596.5 10899 8836 5631.03 4941 1773.89 839.823 658.159 314.385 271.613
threshold=2.5000000000000004 3.5000000000000004 1.5000000000000002 4.5000000000000009 0 1 2 3 4 5 6 7 8 9 10 11 12 13 14 15
decision_type=2 2 2 2 1 1 1 1 1 1 1 1 1 1 1 1 1 1 1 1
left_child=2 8 15 4 -3 10 -7 11 18 14 -5 -4 -9 -14 -10 -1 -15 -17 -2 -11
right_child=1 3 7 5 -6 6 -8 12 9 19 -12 -13 13 16 -16 17 -18 -19 -20 -21
leaf_value=-0.23642193666203606 0.20732655956604226 1.428101846123484 -0.063812811106375697 0.66150942918716327 0.23174038255771132 0.69555795037092805 -0.76803096157687534 0.0055081236070387779 0.098862005599677755 0.060775031966738981 0.53993140771167314 -0.091842851307852219 -0.029440013643332513 -0.040078528387217566 0.079774339976419084 -0.17262741481132399 -0.049091707761229883 -0.14874562397927441 0.16517132266836476 0.053761473218696482
leaf_weight=1204 819 1275 125425 3172 41252 373 276 13255 65413 22117 13110 48172 129286 48351 72256 95468 57851 4076 9514 47335
leaf_count=1204 819 1275 125425 3172 41252 373 276 13255 65413 22117 13110 48172 129286 48351 72256 95468 57851 4076 9514 47335
internal_value=0.000227567 0.139036 -0.0732546 0.347014 0.267999 0.545483 0.0709284 -0.0495849 0.0821686 0.0778393 0.564008 -0.0715958 -0.0342193 -0.0364555 0.0888503 -0.172479 -0.0449924 -0.171665 0.16871 0.0560034
internal_weight=800000 276912 523088 59458 42527 16931 649 422340 217454 207121 16282 173597 248743 235488 137669 100748 106202 99544 10333 69452
internal_count=800000 276912 523088 59458 42527 16931 649 422340 217454 207121 16282 173597 248743 235488 137669 100748 106202 99544 10333 69452
cat_boundaries=0 1 2 3 4 5 6 7 8 9 10 11 12 13 14 15 16
cat_threshold=48 7 8 36 48 3 6 4 1 2 1 14 16 32 32 8
is_linear=0
shrinkage=0.05


Tree=139
num_leaves=22
num_cat=17
split_feature=1 1 1 1 0 0 0 0 0 0 0 0 0 0 0 0 0 0 0 0 0
split_gain=2.9459e+06 1.18248e+06 443545 336651 53467.5 126986 51550.7 29329.3 18274.1 17933.6 11386 9836.25 7974.94 5083.22 4459.46 1606.34 757.526 631.61 592.911 286.568 245.249
threshold=2.5000000000000004 3.5000000000000004 1.5000000000000002 4.5000000000000009 0 1 2 3 4 5 6 7 8 9 10 11 12 13 14 15 16
decision_type=2 2 2 2 1 1 1 1 1 1 1 1 1 1 1 1 1 1 1 1 1
left_child=2 7 15 8 10 -6 11 19 -3 14 -5 -4 -8 -14 -9 -1 -15 -10 -17 -2 -11
right_child=1 3 6 4 5 -7 12 9 17 20 -12 -13 13 16 -16 18 -18 -19 -20 -21 -22
leaf_value=-0.22469615570992182 0.19708778372144528 0.27896272417919044 -0.060621706202709985 0.62853293573234459 0.66168143269909896 -0.73096656132411297 0.0052353388473217423 0.093918356214625687 0.16643755151235795 0.057740846587276906 0.51295766291685585 -0.08725008445561766 -0.027965722939944804 -0.038075316927203819 0.075784651445873333 -0.16399915663986608 -0.046635539135188177 0.21305997609623556 -0.14132647843437923 0.15692240415326392 0.051076457452366157
leaf_weight=1204 819 27579 125425 3172 373 276 13255 65413 1221 22117 13110 48172 129286 48351 72256 95468 57851 13727 4076 9514 47335
leaf_count=1204 819 27579 125425 3172 373 276 13255 65413 1221 22117 13110 48172 129286 48351 72256 95468 57851 13727 4076 9514 47335
internal_value=0.000218154 0.13209 -0.0695919 0.329684 0.518243 0.0673256 -0.0471045 0.0780617 0.254615 0.073948 0.535846 -0.0680155 -0.0325067 -0.0346313 0.084407 -0.16386 -0.0427422 0.209366 -0.163085 0.160293 0.0532067
internal_weight=800000 276912 523088 59458 16931 649 422340 217454 42527 207121 16282 173597 248743 235488 137669 100748 106202 14948 99544 10333 69452
internal_count=800000 276912 523088 59458 16931 649 422340 217454 42527 207121 16282 173597 248743 235488 137669 100748 106202 14948 99544 10333 69452
cat_boundaries=0 1 2 3 4 5 6 7 8 9 10 11 12 13 14 15 16 17
cat_threshold=7 8 36 48 33 3 6 4 1 2 1 14 16 16 32 32 8
is_linear=0
shrinkage=0.05


Tree=140
num_leaves=22
num_cat=17
split_feature=1 1 1 1 0 0 0 0 0 0 0 0 0 0 0 0 0 0 0 0 0
split_gain=2.65878e+06 1.06734e+06 400306 303875 48272.5 135729 46529.1 26477.7 16495 16185 10293.8 8882.92 7196.42 4585.14 4022.54 1455.01 682.952 567.681 534.128 261.348 221.345
threshold=2.5000000000000004 3.5000000000000004 1.5000000000000002 4.5000000000000009 0 1 2 3 4 5 6 7 8 9 10 11 12 13 14 15 16
decision_type=2 2 2 2 1 1 1 1 1 1 1 1 1 1 1 1 1 1 1 1 1
left_child=2 7 15 8 10 -6 11 19 -3 14 -5 -4 -8 -14 -9 -1 -15 -10 -17 -2 -11
right_child=1 3 6 4 5 -7 12 9 17 20 -12 -13 13 16 -16 18 -18 -19 -20 -21 -22
leaf_value=-0.2135563310720579 0.18735262200110497 0.26502713274085521 -0.057590326168625805 0.59720451924727447 0.90507895972139085 -0.53948594606839695 0.0049709224593086692 0.089218507509030556 0.15817623603256808 0.054852348546929663 0.48732711872131357 -0.082895373064981473 -0.026569267708009284 -0.036171896306173949 0.071995986370700801 -0.15579941501120809 -0.044299923378310214 0.20240946262087758 -0.13427476078869957 0.14907771204259906 0.048521100663751038
leaf_weight=1204 819 27579 125425 3172 269 380 13255 65413 1221 22117 13110 48172 129286 48351 72256 95468 57851 13727 4076 9514 47335
leaf_count=1204 819 27579 125425 3172 269 380 13255 65413 1221 22117 13110 48172 129286 48351 72256 95468 57851 13727 4076 9514 47335
internal_value=0.000207439 0.125488 -0.0661134 0.313216 0.49236 0.0639112 -0.0447502 0.0741577 0.241894 0.070249 0.509086 -0.0646167 -0.0308817 -0.0328998 0.0801851 -0.155669 -0.0406032 0.198905 -0.154932 0.15229 0.0505449
internal_weight=800000 276912 523088 59458 16931 649 422340 217454 42527 207121 16282 173597 248743 235488 137669 100748 106202 14948 99544 10333 69452
internal_count=800000 276912 523088 59458 16931 649 422340 217454 42527 207121 16282 173597 248743 235488 137669 100748 106202 14948 99544 10333 69452
cat_boundaries=0 1 2 3 4 5 6 7 8 9 10 11 12 13 14 15 16 17
cat_threshold=7 16 36 48 33 3 6 4 1 2 1 14 16 16 32 32 8
is_linear=0
shrinkage=0.05


Tree=141
num_leaves=20
num_cat=14
split_feature=1 1 1 0 1 1 0 0 0 0 0 0 0 0 0 0 0 0 0
split_gain=2.39972e+06 963387 361288 288026 407611 406166 41983.3 23907.2 14607.4 13036.5 8015.5 6496.97 4140.35 3630.04 1322.76 617.4 407.227 238.319 199.492
threshold=2.5000000000000004 3.5000000000000004 1.5000000000000002 0 4.5000000000000009 4.5000000000000009 1 2 3 4 5 6 7 8 9 10 11 12 13
decision_type=2 2 2 1 2 2 1 1 1 1 1 1 1 1 1 1 1 1 1
left_child=2 7 14 5 -5 -3 10 17 13 -6 -4 -8 -13 -9 -1 -14 -16 -2 -10
right_child=1 3 6 4 9 -7 11 8 18 -11 -12 12 15 -15 16 -17 -18 -19 -20
leaf_value=-0.20634076452211222 0.17810773630912977 1.3512021547205308 -0.054710512849700771 0.19514255688399218 0.46298508986103831 -0.76432263471078188 0.0047254814654083196 0.084758661304339358 0.052108202693034282 0.57854468974718398 -0.078748317752708463 -0.025242152346521454 -0.034364817366849786 0.068397927473613687 -0.14801077838617149 -0.042092827100251577 -0.12905240553036554 0.14163416325670489 0.046097245767786559
leaf_weight=1073 819 1275 125425 41252 13110 276 13255 65413 22117 3545 48172 129286 48351 72256 95468 57851 4207 9514 47335
leaf_count=1073 819 1275 125425 41252 13110 276 13255 65413 22117 3545 48172 129286 48351 72256 95468 57851 4207 9514 47335
internal_value=0.000197756 0.119218 -0.0628093 0.29757 0.279384 0.968501 -0.0425139 0.0704519 0.0667379 0.488207 -0.061385 -0.0293403 -0.0312578 0.0761773 -0.147888 -0.038578 -0.147224 0.144694 0.0480187
internal_weight=800000 276912 523088 59458 57907 1551 422340 217454 207121 16655 173597 248743 235488 137669 100748 106202 99675 10333 69452
internal_count=800000 276912 523088 59458 57907 1551 422340 217454 207121 16655 173597 248743 235488 137669 100748 106202 99675 10333 69452
cat_boundaries=0 1 2 3 4 5 6 7 8 9 10 11 12 13 14
cat_threshold=48 36 48 3 1 4 1 2 1 12 16 32 32 8
is_linear=0
shrinkage=0.05


Tree=142
num_leaves=22
num_cat=17
split_feature=1 1 1 1 0 0 0 0 0 0 0 0 0 0 0 0 0 0 0 0 0
split_gain=2.16582e+06 869550 326086 247667 38712.2 134591 37890 21585.4 17244.1 13184.8 8299.5 7231.25 5863.91 4205.33 3738.36 3281.12 1206.25 556.79 437.586 217.006 180.42
threshold=2.5000000000000004 3.5000000000000004 1.5000000000000002 4.5000000000000009 0 1 2 3 4 5 6 7 8 9 10 11 12 13 14 15 16
decision_type=2 2 2 2 1 1 1 1 1 1 1 1 1 1 1 1 1 1 1 1 1
left_child=2 7 16 8 10 -6 11 19 -3 15 -5 -4 -8 -10 -14 -9 -1 -16 -18 -2 -11
right_child=1 3 6 4 5 -7 12 9 13 20 -12 -13 14 -15 17 -17 18 -19 -20 -21 -22
leaf_value=-0.19315081086543681 0.16930179803017686 0.24190795435772891 -0.051976048521281439 0.53860041065683617 0.89829688807114916 -0.54018427530924484 0.0044904704117298671 0.080526354511764139 0.083328904416094363 0.049504354024119818 0.43985608587177788 -0.074807648650637257 -0.023978640787260114 0.18255037114880027 -0.032649494067889161 0.064971932813773045 -0.14061190429706999 -0.039988433471459223 -0.12114426846371174 0.13455957816158812 0.043788477254777518
leaf_weight=1204 819 27579 125425 3172 269 380 13255 65413 1221 22117 13110 48172 129286 13727 48351 72256 95468 57851 4076 9514 47335
leaf_count=1204 819 27579 125425 3172 269 380 13255 65413 1221 22117 13110 48172 129286 13727 48351 72256 95468 57851 4076 9514 47335
internal_value=0.000188267 0.11326 -0.0596694 0.282703 0.444433 0.0606267 -0.0403881 0.066929 0.218315 0.0633999 0.459412 -0.0583156 -0.0278731 0.174507 -0.0296948 0.0723679 -0.140497 -0.0366506 -0.139827 0.137474 0.0456156
internal_weight=800000 276912 523088 59458 16931 649 422340 217454 42527 207121 16282 173597 248743 14948 235488 137669 100748 106202 99544 10333 69452
internal_count=800000 276912 523088 59458 16931 649 422340 217454 42527 207121 16282 173597 248743 14948 235488 137669 100748 106202 99544 10333 69452
cat_boundaries=0 1 2 3 4 5 6 7 8 9 10 11 12 13 14 15 16 17
cat_threshold=7 16 36 48 33 3 6 4 1 16 2 1 14 16 32 32 8
is_linear=0
shrinkage=0.05


Tree=143
num_leaves=22
num_cat=17
split_feature=1 1 1 1 0 0 0 0 0 0 0 0 0 0 0 0 0 0 0 0 0
split_gain=1.95484e+06 784865 294291 223584 117517 34892.3 127638 34201.7 19489.3 11895.3 7503.78 6526.84 5292.17 4006.1 3372.42 2957.82 1118.29 6434.25 502.274 197.81 162.58
threshold=2.5000000000000004 3.5000000000000004 1.5000000000000002 4.5000000000000009 0 1 2 3 4 5 6 7 8 9 10 11 12 13 14 15 16
decision_type=2 2 2 2 1 1 1 1 1 1 1 1 1 1 1 1 1 1 1 1 1
left_child=2 8 16 4 -3 10 -7 11 19 15 -5 -4 -9 -6 -14 -10 -1 -18 -16 -2 -11
right_child=1 3 7 5 13 6 -8 12 9 20 -12 -13 14 -15 18 -17 17 -19 -20 -21 -22
leaf_value=-0.19632449626319781 0.16094587392772497 0.39492001087006035 -0.049380474212983444 0.51175664894840089 0.079190106008422759 0.65385972264541348 -0.74230330340512152 0.0042649036670602851 0.076496829035857097 0.04703195836274985 0.41787834357742853 -0.071071558737734047 -0.02278188045419335 0.17361585290956094 -0.031017448688119859 0.061728481063576729 -0.13378553439575233 0.060815531945009854 -0.037987884405713684 0.12784158281797325 0.041605620106745331
leaf_weight=781 819 6985 125425 3172 1221 373 276 13255 65413 22117 13110 48172 129286 34321 48351 72256 99541 426 57851 9514 47335
leaf_count=781 819 6985 125425 3172 1221 373 276 13255 65413 22117 13110 48172 129286 34321 48351 72256 99541 426 57851 9514 47335
internal_value=0.000179634 0.107603 -0.0566879 0.268584 0.207406 0.422249 0.0578597 -0.0383707 0.0635859 0.0602325 0.43647 -0.0554034 -0.0264804 0.170395 -0.0282111 0.0687507 -0.133474 -0.13295 -0.0348176 0.130619 0.0433402
internal_weight=800000 276912 523088 59458 42527 16931 649 422340 217454 207121 16282 173597 248743 35542 235488 137669 100748 99967 106202 10333 69452
internal_count=800000 276912 523088 59458 42527 16931 649 422340 217454 207121 16282 173597 248743 35542 235488 137669 100748 99967 106202 10333 69452
cat_boundaries=0 1 2 3 4 5 6 7 8 9 10 11 12 13 14 15 16 17
cat_threshold=34 7 8 36 48 3 6 4 1 16 2 1 4 48 16 32 8
is_linear=0
shrinkage=0.05


Tree=144
num_leaves=22
num_cat=17
split_feature=1 1 1 1 0 0 0 0 0 0 0 0 0 0 0 0 0 0 0 0 0
split_gain=1.7643e+06 708442 265606 201821 31506.9 133994 30873.3 18026.9 17595.8 10735.5 6782.92 5891.3 4776.08 3045.12 2996.04 2670.57 1177.1 453.467 406.549 180.227 147.086
threshold=2.5000000000000004 3.5000000000000004 1.5000000000000002 4.5000000000000009 0 1 2 3 4 5 6 7 8 9 10 11 12 13 14 15 16
decision_type=2 2 2 2 1 1 1 1 1 1 1 1 1 1 1 1 1 1 1 1 1
left_child=2 8 16 7 10 -6 11 -3 19 15 -5 -4 -8 -14 -9 -10 -1 -15 -18 -2 -11
right_child=1 3 6 4 5 -7 12 14 9 20 -12 -13 13 17 -16 -17 18 -19 -20 -21 -22
leaf_value=-0.17831700987242396 0.15299310120512408 0.22112138107224033 -0.046912208152196516 0.486247535639031 0.89078194744698047 -0.5444755720480895 0.0040529720279076755 0.075261494786055663 0.072672721929031084 0.044683482164545076 0.39700317888089076 -0.067520179509433717 -0.021639853617059553 -0.029465832068087412 0.15917112436271647 0.058639851758763344 -0.12689244760895943 -0.036088924022606064 -0.10843667824129469 0.12145415993109315 0.039522718654563679
leaf_weight=1204 819 27579 125425 3172 269 380 13255 1221 65413 22117 13110 48172 129286 48351 13727 72256 95468 57851 4076 9514 47335
leaf_count=1204 819 27579 125425 3172 269 380 13255 1221 65413 22117 13110 48172 129286 48351 13727 72256 95468 57851 4076 9514 47335
internal_value=0.000171768 0.102225 -0.0538533 0.255168 0.401164 0.0549054 -0.0364517 0.197044 0.0604064 0.0572201 0.414677 -0.0526343 -0.0251548 -0.0267989 0.152372 0.0653123 -0.126801 -0.0330767 -0.126148 0.124099 0.0411724
internal_weight=800000 276912 523088 59458 16931 649 422340 42527 217454 207121 16282 173597 248743 235488 14948 137669 100748 106202 99544 10333 69452
internal_count=800000 276912 523088 59458 16931 649 422340 42527 217454 207121 16282 173597 248743 235488 14948 137669 100748 106202 99544 10333 69452
cat_boundaries=0 1 2 3 4 5 6 7 8 9 10 11 12 13 14 15 16 17
cat_threshold=7 16 36 33 48 3 6 4 1 2 16 1 14 16 32 32 8
is_linear=0
shrinkage=0.05


Tree=145
num_leaves=22
num_cat=16
split_feature=1 1 1 0 1 1 0 0 0 0 0 0 0 0 0 0 0 0 0 0 0
split_gain=1.59236e+06 639435 239712 183535 294885 261531 27862.3 21310.3 15886.8 9691.04 6133.99 5314.31 4310.13 3065.5 2747.05 2409.11 1065.82 409.178 366.092 164.178 133.025
threshold=2.5000000000000004 3.5000000000000004 1.5000000000000002 0 4.5000000000000009 4.5000000000000009 1 2 3 4 5 6 7 8 9 10 11 12 13 14 15
decision_type=2 2 2 1 2 2 1 1 1 1 1 1 1 1 1 1 1 1 1 1 1
left_child=2 8 16 5 13 -3 11 -6 19 15 -9 -4 -8 -5 -14 -10 -1 -16 -18 -2 -11
right_child=1 3 6 4 7 -7 12 10 9 20 -12 -13 14 -15 17 -17 18 -19 -20 -21 -22
leaf_value=-0.16947464730829934 0.14543451095231338 0.8976959613933535 -0.044568240705176794 0.071533579946435819 0.84783010995516228 -0.5315833242315996 0.0038486999068851526 0.46201164879789902 0.069038475307404368 0.042450822378598103 0.37715745414902524 -0.064141075780642973 -0.020559588847309629 0.15402968240797099 -0.027992273161373378 0.055710188498502428 -0.12054734985865208 -0.034283637852148836 -0.10302926467087009 0.115387938909799 0.037543389895156438
leaf_weight=1204 819 2029 125425 1221 269 380 13255 3172 65413 22117 13110 48172 129286 39277 48351 72256 95468 57851 4076 9514 47335
leaf_count=1204 819 2029 125425 1221 269 380 13255 3172 65413 22117 13110 48172 129286 39277 48351 72256 95468 57851 4076 9514 47335
internal_value=0.000163691 0.0971168 -0.0511613 0.24242 0.224231 0.66946 -0.0346297 0.402089 0.0573867 0.0543591 0.393962 -0.050003 -0.0238978 0.151598 -0.0254596 0.0620476 -0.120462 -0.0314222 -0.11984 0.117908 0.039112
internal_weight=800000 276912 523088 59458 57049 2409 422340 16551 217454 207121 16282 173597 248743 40498 235488 137669 100748 106202 99544 10333 69452
internal_count=800000 276912 523088 59458 57049 2409 422340 16551 217454 207121 16282 173597 248743 40498 235488 137669 100748 106202 99544 10333 69452
cat_boundaries=0 1 2 3 4 5 6 7 8 9 10 11 12 13 14 15 16
cat_threshold=40 36 16 48 3 6 4 1 16 2 1 14 16 32 32 8
is_linear=0
shrinkage=0.05


Tree=146
num_leaves=23
num_cat=18
split_feature=1 1 1 1 0 0 0 0 0 0 0 0 0 0 0 0 0 0 0 0 0 0
split_gain=1.4372e+06 577193 216349 164518 174492 38072.4 25137.1 14342.1 13273.2 8747.33 4799.9 3891.63 3692.4 2478.94 2173.95 965.041 854.88 369.047 329.74 273.53 149.513 119.709
threshold=2.5000000000000004 3.5000000000000004 1.5000000000000002 4.5000000000000009 0 1 2 3 4 5 6 7 8 9 10 11 12 13 14 15 16 17
decision_type=2 2 2 2 1 1 1 1 1 1 1 1 1 1 1 1 1 1 1 1 1 1
left_child=2 7 15 4 -3 -5 10 20 16 14 -4 -8 -6 -13 -9 -1 -7 -15 -17 -14 -2 -11
right_child=1 3 6 5 12 8 11 9 -10 21 -12 13 19 17 -16 18 -18 -19 -20 -21 -22 -23
leaf_value=-0.16107051325394256 0.13824484241885934 0.45911106133046148 -0.042334724314810487 0.74148175262966043 0.14609981019200988 0.42558117811831053 0.0036609516654246446 0.065588047631136057 0.22303813388571145 0.040324551222925296 -0.060936124485815993 -0.019533371801438892 0.10126341370551353 -0.026594867178988575 0.052926954940541684 -0.11451974406030917 0.35832066569386462 -0.032569794278970512 -0.097890175141602018 0.06798325762527925 0.10962256922635748 0.035668638517214794
leaf_weight=1204 819 4875 125425 642 34456 1141 13255 65413 2038 22117 48172 129286 1975 48351 72256 95468 13110 57851 4076 1221 9514 47335
leaf_count=1204 819 4875 125425 642 34456 1141 13255 65413 2038 22117 48172 129286 1975 48351 72256 95468 13110 57851 4076 1221 9514 47335
internal_value=0.000157478 0.0922661 -0.0486029 0.230317 0.177838 0.362131 -0.0328976 0.0545193 0.346512 0.0516426 -0.0474997 -0.022704 0.141261 -0.0241882 0.0589472 -0.11444 0.364 -0.0298523 -0.113849 0.0888008 0.112023 0.0371569
internal_weight=800000 276912 523088 59458 42527 16931 422340 217454 16289 207121 173597 248743 37652 235488 137669 100748 14251 106202 99544 3196 10333 69452
internal_count=800000 276912 523088 59458 42527 16931 422340 217454 16289 207121 173597 248743 37652 235488 137669 100748 14251 106202 99544 3196 10333 69452
cat_boundaries=0 1 2 3 4 5 6 7 8 9 10 11 12 13 14 15 16 17 18
cat_threshold=36 24 36 48 5 3 4 1 3 2 1 14 4 16 32 8 32 8
is_linear=0
shrinkage=0.05


Tree=147
num_leaves=22
num_cat=17
split_feature=1 0 1 1 1 0 0 0 0 0 0 0 0 0 0 0 0 0 0 0 0
split_gain=1.29723e+06 554229 594804 195272 94822.8 29265.8 22693.6 11940.4 6176.58 5784.17 4330.44 3511.84 3162.97 3153.51 2236.77 873.582 333.27 297.303 246.874 183.037 108.504
threshold=2.5000000000000004 0 4.5000000000000009 1.5000000000000002 3.5000000000000004 1 2 3 4 5 6 7 8 9 10 11 12 13 14 15 16
decision_type=2 1 2 2 2 1 1 1 1 1 1 1 1 1 1 1 1 1 1 1 1
left_child=3 -2 4 15 7 -4 10 9 -7 -3 -5 -8 -9 19 -13 -1 -16 -17 -15 -6 -14
right_child=1 2 5 6 13 8 11 12 -10 -11 -12 14 20 18 16 17 -18 -19 -20 -21 -22
leaf_value=-0.15308245591316036 1.3334420124868329 0.10415123588945725 0.704976375556431 -0.040222471940986437 0.13879680941546643 0.42423571747552669 0.0034768619745846208 0.05027727494551118 0.34042026719487295 0.062314062647822945 -0.057890806181889722 -0.018556877745361765 0.038315842125458577 0.096227966808251839 -0.025263352860578354 -0.10879768101974613 -0.030941237904899766 -0.093005246667959965 0.064609207862959359 0.12477078409181129 0.033883978307580782
leaf_weight=1204 880 9514 642 125425 34456 3172 13255 72256 13110 65413 48172 129286 22117 1975 48351 95468 57851 4076 1221 4821 47335
leaf_count=1204 880 9514 642 125425 34456 3172 13255 72256 13110 65413 48172 129286 22117 1975 48351 95468 57851 4076 1221 4821 47335
internal_value=0.000150393 0.087659 0.083636 -0.0461748 0.064881 0.370827 -0.0312541 0.051488 0.356999 0.0676396 -0.0451284 -0.0215686 0.0429401 0.133192 -0.0229785 -0.108723 -0.0283589 -0.10816 0.0843875 0.137107 0.0353006
internal_weight=800000 276912 276032 523088 259108 16924 422340 216635 16282 74927 173597 248743 141708 42473 235488 100748 106202 99544 3196 39277 69452
internal_count=800000 276912 276032 523088 259108 16924 422340 216635 16282 74927 173597 248743 141708 42473 235488 100748 106202 99544 3196 39277 69452
cat_boundaries=0 1 2 3 4 5 6 7 8 9 10 11 12 13 14 15 16 17
cat_threshold=32 24 36 17 6 16 4 1 2 7 2 14 16 32 8 3 8
is_linear=0
shrinkage=0.05


Tree=148
num_leaves=22
num_cat=17
split_feature=1 0 1 1 1 0 0 0 0 0 0 0 0 0 0 0 0 0 0 0 0
split_gain=1.17086e+06 500815 536982 176255 85587.9 26496.4 20479.1 10770.8 5583.49 5222.4 3910.5 3169.26 2854.12 2843.58 2020.25 790.944 300.985 267.741 222.604 165.067 97.5798
threshold=2.5000000000000004 0 4.5000000000000009 1.5000000000000002 3.5000000000000004 1 2 3 4 5 6 7 8 9 10 11 12 13 14 15 16
decision_type=2 1 2 2 2 1 1 1 1 1 1 1 1 1 1 1 1 1 1 1 1
left_child=3 -2 4 15 7 -4 10 9 -7 -3 -5 -8 -9 19 -13 -1 -16 -17 -15 -6 -14
right_child=1 2 5 6 13 8 11 12 -10 -11 -12 14 20 18 16 17 -18 -19 -20 -21 -22
leaf_value=-0.14549226022434392 1.2675143235453061 0.098947892044833216 0.67026403462228601 -0.03820761121977282 0.13186057431466941 0.40309790822412145 0.0033036847191849072 0.047765720157498193 0.32341635372943994 0.059194301726913826 -0.054997396428540228 -0.017626065845581556 0.036398872514787572 0.091437567799757952 -0.023999798449478849 -0.10335922513095717 -0.029395627841134253 -0.088368573517876414 0.061408958698461739 0.11853841192553044 0.032195364021174774
leaf_weight=1204 880 9514 642 125425 34456 3172 13255 72256 13110 65413 48172 129286 22117 1975 48351 95468 57851 4076 1221 4821 47335
leaf_count=1204 880 9514 642 125425 34456 3172 13255 72256 13110 65413 48172 129286 22117 1975 48351 95468 57851 4076 1221 4821 47335
internal_value=0.00014582 0.0832828 0.0794587 -0.0438652 0.0616385 0.352334 -0.0296897 0.0489144 0.339178 0.0642546 -0.0428696 -0.0204889 0.040796 0.126538 -0.0218282 -0.10329 -0.0269415 -0.102754 0.0801928 0.130256 0.033539
internal_weight=800000 276912 276032 523088 259108 16924 422340 216635 16282 74927 173597 248743 141708 42473 235488 100748 106202 99544 3196 39277 69452
internal_count=800000 276912 276032 523088 259108 16924 422340 216635 16282 74927 173597 248743 141708 42473 235488 100748 106202 99544 3196 39277 69452
cat_boundaries=0 1 2 3 4 5 6 7 8 9 10 11 12 13 14 15 16 17
cat_threshold=32 24 36 17 6 16 4 1 2 7 2 14 16 32 8 3 8
is_linear=0
shrinkage=0.05


Tree=149
num_leaves=23
num_cat=18
split_feature=1 0 1 1 1 0 0 0 0 0 0 0 0 0 0 0 0 0 0 0 0 0
split_gain=1.05684e+06 452552 484744 159059 77254.9 23992.8 18487 9719.6 5046.88 4714.42 3527.3 2859.42 2577.37 2563.85 1821.14 807.905 10032.5 271.482 201 148.245 88.1054 63.1608
threshold=2.5000000000000004 0 4.5000000000000009 1.5000000000000002 3.5000000000000004 1 2 3 4 5 6 7 8 9 10 11 12 13 14 15 16 17
decision_type=2 1 2 2 2 1 1 1 1 1 1 1 1 1 1 1 1 1 1 1 1 1
left_child=3 -2 4 15 7 -4 10 9 -7 -3 -5 -8 -9 19 -13 21 -17 -16 -15 -6 -14 -1
right_child=1 2 5 6 13 8 11 12 -10 -11 -12 14 20 18 17 16 -18 -19 -20 -21 -22 -23
leaf_value=-0.098188614993603915 1.2048503065645026 0.094005743308710185 0.63727439020308985 -0.036300886806278652 0.1252713204370956 0.38300067365431772 0.0031353891547383165 0.045381626977118963 0.30725249460012449 0.056235046509749059 -0.052246866320807619 -0.016746680155468378 0.03457970641829175 0.086896198186225793 -0.022797368178727798 -0.14677012620773991 0.19116317123663229 -0.027921945248816096 0.058361354908451235 0.11263197788514107 0.03058555023712245 -0.1075318450321221
leaf_weight=95468 880 9514 642 125425 34456 3172 13255 72256 13110 65413 48172 129286 22117 1975 48351 781 295 57851 1221 4821 47335 4204
leaf_count=95468 880 9514 642 125425 34456 3172 13255 72256 13110 65413 48172 129286 22117 1975 48351 781 295 57851 1221 4821 47335 4204
internal_value=0.000140695 0.0791258 0.0754906 -0.0416724 0.0585594 0.334753 -0.0282061 0.0464705 0.322236 0.061043 -0.0407285 -0.0194642 0.0387584 0.120219 -0.0207364 -0.0981239 -0.053214 -0.0255912 0.0762108 0.123749 0.0318623 -0.0985934
internal_weight=800000 276912 276032 523088 259108 16924 422340 216635 16282 74927 173597 248743 141708 42473 235488 100748 1076 106202 3196 39277 69452 99672
internal_count=800000 276912 276032 523088 259108 16924 422340 216635 16282 74927 173597 248743 141708 42473 235488 100748 1076 106202 3196 39277 69452 99672
cat_boundaries=0 1 2 3 4 5 6 7 8 9 10 11 12 13 14 15 16 17 18
cat_threshold=32 24 36 17 6 16 4 1 2 7 2 50 4 16 8 3 8 32
is_linear=0
shrinkage=0.05


Tree=150
num_leaves=22
num_cat=17
split_feature=1 0 1 1 1 0 0 0 0 0 0 0 0 0 0 0 0 0 0 0 0
split_gain=953885 408946 437610 143557 69731.6 21722.7 16686.7 8779.11 4562.33 4254.33 3183.6 2580.87 2326.42 2311.46 1646.57 800.58 268.77 244.479 181.274 133.122 79.8037
threshold=2.5000000000000004 0 4.5000000000000009 1.5000000000000002 3.5000000000000004 1 2 3 4 5 6 7 8 9 10 11 12 13 14 15 16
decision_type=2 1 2 2 2 1 1 1 1 1 1 1 1 1 1 1 1 1 1 1 1
left_child=3 -2 4 15 7 -4 10 9 -7 -3 -5 -8 -9 19 -13 -1 -17 -16 -15 -6 -14
right_child=1 2 5 6 13 8 11 12 -10 -11 -12 14 20 18 17 16 -18 -19 -20 -21 -22
leaf_value=-0.13527444940815256 1.1452905864929885 0.089309136119523708 0.60589337641476126 -0.034486793478987317 0.11900820656785116 0.36391323205437176 0.0029798710144019963 0.043109605208951102 0.29190077273220555 0.053428751119545398 -0.049635968855153652 -0.015905759381327413 0.03285109397166517 0.08257392921736019 -0.021664357577296879 -0.09328069781779634 -0.078606450656903942 -0.026527515700210343 0.055471878996910265 0.1070171645994982 0.02905038664214827
leaf_weight=1204 880 9514 642 125425 34456 3172 13255 72256 13110 65413 48172 129286 22117 1975 48351 95468 4076 57851 1221 4821 47335
leaf_count=1204 880 9514 642 125425 34456 3172 13255 72256 13110 65413 48172 129286 22117 1975 48351 95468 4076 57851 1221 4821 47335
internal_value=0.000134964 0.0751744 0.0717187 -0.0395894 0.0556317 0.318054 -0.0267961 0.0441466 0.306145 0.057996 -0.0386932 -0.0184908 0.0368171 0.114212 -0.0196994 -0.0932194 -0.0926878 -0.0243157 0.0724252 0.117564 0.0302653
internal_weight=800000 276912 276032 523088 259108 16924 422340 216635 16282 74927 173597 248743 141708 42473 235488 100748 99544 106202 3196 39277 69452
internal_count=800000 276912 276032 523088 259108 16924 422340 216635 16282 74927 173597 248743 141708 42473 235488 100748 99544 106202 3196 39277 69452
cat_boundaries=0 1 2 3 4 5 6 7 8 9 10 11 12 13 14 15 16 17
cat_threshold=32 24 36 17 6 16 4 1 2 7 2 14 32 16 8 3 8
is_linear=0
shrinkage=0.05


Tree=151
num_leaves=23
num_cat=18
split_feature=1 0 1 1 1 0 0 0 0 0 0 0 0 0 0 0 0 0 0 0 0 0
split_gain=860950 369538 395081 129562 62947.5 19667.3 15052.1 7921.28 4122.36 3842.81 2873.39 2330.01 2098.35 2084.5 1483.48 814.782 9072.99 221.242 163.513 122.051 83.5404 71.7418
threshold=2.5000000000000004 0 4.5000000000000009 1.5000000000000002 3.5000000000000004 1 2 3 4 5 6 7 8 9 10 11 12 13 14 15 16 17
decision_type=2 1 2 2 2 1 1 1 1 1 1 1 1 1 1 1 1 1 1 1 1 1
left_child=3 -2 4 15 7 -4 10 9 -7 -3 -5 -8 -9 19 -13 20 -17 -16 -15 -6 -1 -14
right_child=1 2 5 6 13 8 11 12 -10 -11 -12 14 21 18 17 16 -18 -19 -20 -21 -22 -23
leaf_value=-0.088616860755145799 1.0886678766400626 0.084852246985822 0.5760635727022323 -0.032760214188814821 0.1141168705932627 0.34577172180154203 0.002831528717915247 0.040950680630241314 0.27732435767425273 0.050751440382527824 -0.047152396076955011 -0.0151164809786555 0.031204313552400623 0.078463273132477973 -0.020576950293000808 -0.13284646274166373 0.18843091620773567 -0.0252031044185278 0.052720467159168984 0.10591346499587867 -0.09815768233169353 0.027600097664307235
leaf_weight=95468 880 9514 642 125425 27525 3172 13255 72256 13110 65413 48172 129286 22117 1975 48351 781 295 57851 1221 11752 4204 47335
leaf_count=95468 880 9514 642 125425 27525 3172 13255 72256 13110 65413 48172 129286 22117 1975 48351 781 295 57851 1221 11752 4204 47335
internal_value=0.000128887 0.0714192 0.0681343 -0.0376107 0.0528489 0.302194 -0.025457 0.0419368 0.290863 0.0550922 -0.0367564 -0.017569 0.0349746 0.108507 -0.0187174 -0.0885596 -0.0438399 -0.0230991 0.0688236 0.11169 -0.0890291 0.0287522
internal_weight=800000 276912 276032 523088 259108 16924 422340 216635 16282 74927 173597 248743 141708 42473 235488 100748 1076 106202 3196 39277 99672 69452
internal_count=800000 276912 276032 523088 259108 16924 422340 216635 16282 74927 173597 248743 141708 42473 235488 100748 1076 106202 3196 39277 99672 69452
cat_boundaries=0 1 2 3 4 5 6 7 8 9 10 11 12 13 14 15 16 17 18
cat_threshold=32 24 36 17 6 16 4 1 2 7 2 50 4 16 8 1 32 8
is_linear=0
shrinkage=0.05


Tree=152
num_leaves=23
num_cat=18
split_feature=1 1 1 1 0 0 0 0 0 0 0 0 0 0 0 0 0 0 0 0 0 0
split_gain=777102 335968 116928 71836.9 44351.2 139909 18776.9 14110.6 13590.1 7145.86 3726.48 3468.03 2593.64 2102.75 1895.52 1339.54 1180.66 811.029 229.994 199.332 147.516 65.0987
threshold=2.5000000000000004 3.5000000000000004 1.5000000000000002 4.5000000000000009 0 1 2 3 4 5 6 7 8 9 10 11 12 13 14 15 16 17
decision_type=2 2 2 2 1 1 1 1 1 1 1 1 1 1 1 1 1 1 1 1 1 1
left_child=2 7 17 6 10 -6 -3 -2 12 11 -5 -9 -4 -10 -11 -15 -8 -1 -19 -17 -18 -16
right_child=1 3 8 4 5 -7 16 9 13 14 -12 -13 -14 15 21 19 20 18 -20 -21 -22 -23
leaf_value=-0.12862674804715679 -0.16692696860098294 0.16299327155333795 -0.031124272907783357 0.32853880904141947 0.48276070676957972 -0.97969466789619075 0.10062294130401535 0.080609018339023342 0.0026909534786496124 0.038909744317013023 0.26346779258149428 0.048213761807209599 -0.044797921400429236 -0.014358348876529217 0.029651118434654816 -0.019549768441999446 0.074559153982013543 -0.084185255578407323 -0.070880824026406761 -0.023940951658418901 0.050105777201276791 0.026218595255993654
leaf_weight=1073 819 27579 125425 3172 373 276 11752 9514 13255 72256 13110 65413 48172 129286 22117 48351 1975 95468 4207 57851 1221 47335
leaf_count=1073 819 27579 125425 3172 373 276 11752 9514 13255 72256 13110 65413 48172 129286 22117 48351 1975 95468 4207 57851 1221 47335
internal_value=0.0001246 0.0678545 -0.0357302 0.173178 0.260281 -0.144606 0.138501 0.039056 -0.0241843 0.0398406 0.276339 0.0523374 -0.034921 -0.0166891 0.0332298 -0.0177801 0.0931413 -0.0841312 -0.0836309 -0.0219438 0.0654024 0.0273158
internal_weight=800000 276912 523088 59458 16931 649 42527 217454 422340 216635 16282 74927 173597 248743 141708 235488 14948 100748 99675 106202 3196 69452
internal_count=800000 276912 523088 59458 16931 649 42527 217454 422340 216635 16282 74927 173597 248743 141708 235488 14948 100748 99675 106202 3196 69452
cat_boundaries=0 1 2 3 4 5 6 7 8 9 10 11 12 13 14 15 16 17 18
cat_threshold=7 8 33 32 36 17 6 16 4 1 2 2 6 12 32 16 8 8
is_linear=0
shrinkage=0.05


Tree=153
num_leaves=24
num_cat=19
split_feature=1 0 1 1 1 0 0 0 0 0 0 0 0 0 0 0 0 0 0 0 0 0 0
split_gain=701345 341544 326481 105544 48295 20718.1 12262.2 6453.77 3369.07 3130.75 2341.74 1897.24 1709.13 1526.2 1209.65 824.464 8205.02 261.478 180.18 133.005 101.66 58.6129 45.7983
threshold=2.5000000000000004 0 4.5000000000000009 1.5000000000000002 3.5000000000000004 1 2 3 4 5 6 7 8 9 10 11 12 13 14 15 16 17 18
decision_type=2 1 2 2 2 1 1 1 1 1 1 1 1 1 1 1 1 1 1 1 1 1 1
left_child=3 -2 4 15 7 17 10 9 -7 -3 -5 -8 -9 22 -13 20 -17 -4 -16 -15 -1 -14 -6
right_child=1 2 5 6 13 8 11 12 -10 -11 -12 14 21 19 18 16 -18 -19 -20 -21 -22 -23 -24
leaf_value=-0.079977695101749152 1.0424177954170142 0.076588840151173593 0.66444466635317789 -0.02956416453456814 0.099915318721710264 0.3121622319194523 0.0025551590702015186 0.036961866080327116 0.25029763368208235 0.045809133307596311 -0.042556824825070408 -0.013638209768516447 0.02816884500752917 0.070847847119386617 -0.018570428590606324 -0.119939174724439 0.18551077045378139 0.45925894157071029 -0.022745266278139782 0.047624814771811817 -0.089724718636113088 0.024911447666630296 0.091360718832329879
leaf_weight=95468 880 9514 269 125425 34456 3172 13255 72256 13110 65413 48172 129286 22117 1975 48351 781 295 373 57851 1221 4204 47335 4821
leaf_count=95468 880 9514 269 125425 34456 3172 13255 72256 13110 65413 48172 129286 22117 1975 48351 781 295 373 57851 1221 4204 47335 4821
internal_value=0.00011972 0.0644636 0.0613059 -0.0339426 0.0474108 0.274077 -0.0229731 0.0378527 0.262534 0.0497271 -0.0331718 -0.0158536 0.0315684 0.0961624 -0.0168898 -0.0799272 -0.0352588 0.554105 -0.0208465 0.0621519 -0.0803978 0.0259527 0.0988888
internal_weight=800000 276912 276032 523088 259108 16924 422340 216635 16282 74927 173597 248743 141708 42473 235488 100748 1076 642 106202 3196 99672 69452 39277
internal_count=800000 276912 276032 523088 259108 16924 422340 216635 16282 74927 173597 248743 141708 42473 235488 100748 1076 642 106202 3196 99672 69452 39277
cat_boundaries=0 1 2 3 4 5 6 7 8 9 10 11 12 13 14 15 16 17 18 19
cat_threshold=32 24 36 17 6 16 4 1 2 7 2 50 4 16 16 8 32 8 3
is_linear=0
shrinkage=0.05


Tree=154
num_leaves=23
num_cat=17
split_feature=1 0 1 1 1 1 0 0 0 0 0 0 0 0 0 0 0 0 0 0 0 0
split_gain=633594 286092 450001 278044 123516 95254.2 20001.1 11072.8 5824.36 5736.87 2825.53 2112.27 1909.3 1711.97 1542.4 1092.37 821.578 466.749 231.753 162.555 52.6288 40.9489
threshold=3.5000000000000004 0 4.5000000000000009 2.5000000000000004 4.5000000000000009 1.5000000000000002 1 2 3 4 5 6 7 8 9 10 11 12 13 14 15 16
decision_type=2 1 2 2 2 2 1 1 1 1 1 1 1 1 1 1 1 1 1 1 1 1
left_child=3 2 -2 5 17 16 -5 11 10 -6 -8 -7 -11 -9 -10 -15 -1 -3 -18 -17 -16 -19
right_child=1 4 -4 6 9 7 8 13 14 12 -12 -13 -14 15 20 19 18 21 -20 -21 -22 -23
leaf_value=-0.12043130800664591 1.2268549360387466 0.067331288143129137 -0.99990295810975904 -0.21016560107002213 0.23779683733495272 -0.028091236652333668 0.072760140179886842 0.0024261004062944482 0.03511452465433744 0.43688419033279619 0.043519315933449813 -0.040430928431542557 0.29660513928519489 -0.01295512051898615 0.026756533295483189 -0.017643172466681702 -0.075980689427268266 0.094922165418123608 -0.062879547661222043 -0.021608585929860716 0.023669218916816965 0.086809017218509046
leaf_weight=1073 1275 1975 276 819 13110 125425 9514 13255 72256 373 65413 48172 3172 129286 22117 48351 95468 34456 4207 57851 47335 4821
leaf_count=1073 1275 1975 276 819 13110 125425 9514 13255 72256 373 65413 48172 3172 129286 22117 48351 95468 34456 4207 57851 47335 4821
internal_value=0.000114889 0.157151 0.825283 -0.0124935 0.139089 -0.0322472 0.0350242 -0.0218262 0.0359592 0.254039 0.0472414 -0.0315175 0.312553 -0.0150607 0.0299909 -0.0160451 -0.0759328 0.0927134 -0.0754341 -0.0198051 0.0246561 0.0939487
internal_weight=800000 59458 1551 740542 57907 523088 217454 422340 216635 16655 74927 173597 3545 248743 141708 235488 100748 41252 99675 106202 69452 39277
internal_count=800000 59458 1551 740542 57907 523088 217454 422340 216635 16655 74927 173597 3545 248743 141708 235488 100748 41252 99675 106202 69452 39277
cat_boundaries=0 1 2 3 4 5 6 7 8 9 10 11 12 13 14 15 16 17
cat_threshold=48 32 36 17 1 16 4 8 1 2 2 12 8 32 16 8 3
is_linear=0
shrinkage=0.05


Tree=155
num_leaves=24
num_cat=19
split_feature=1 1 1 1 0 0 0 0 0 0 0 0 0 0 0 0 0 0 0 0 0 0 0
split_gain=571882 250921 85972.9 49956.1 38787.6 133141 18848.8 18070.8 9989.41 5256.15 4352.66 2753.34 2551.61 1907.24 1545.44 1392.08 985.031 832.482 7419.79 280.401 146.31 117.102 47.6754
threshold=3.5000000000000004 2.5000000000000004 1.5000000000000002 4.5000000000000009 0 1 2 3 4 5 6 7 8 9 10 11 12 13 14 15 16 17 18
decision_type=2 2 2 2 1 1 1 1 1 1 1 1 1 1 1 1 1 1 1 1 1 1 1
left_child=1 2 17 6 11 -6 -2 -3 13 12 -8 -5 -9 -4 -10 -11 -16 21 -19 -12 -18 -1 -17
right_child=3 7 8 4 5 -7 10 9 14 15 19 -13 -14 -15 16 22 20 18 -20 -21 -22 -23 -24
leaf_value=-0.072181873444990066 0.14490756971889929 -0.19978645955121418 -0.026683523452034383 0.2818196926080978 0.68061177516923588 -0.75099288646991447 -0.015592648438764335 0.069128223178467799 0.0023063095946874524 0.03335809438692406 0.086203965186424106 0.22590551849908946 0.041340939590432883 -0.038409024338700262 -0.012309278293110891 0.025421206374786239 -0.016762902321017525 -0.1080730613052619 0.18233597677262103 0.063978286858469777 -0.02052505652909167 -0.082114853975497892 0.022483242573538179
leaf_weight=95468 27579 819 125425 3172 269 380 1221 9514 13255 72256 11752 13110 65413 48172 129286 22117 48351 781 295 1975 57851 4204 47335
leaf_count=95468 27579 819 125425 3172 269 380 1221 9514 13255 72256 11752 13110 65413 48172 129286 22117 48351 781 295 1975 57851 4204 47335
internal_value=0.000109587 -0.0118691 -0.0306346 0.149302 0.221938 -0.156292 0.120384 0.0332715 -0.0207342 0.0341602 0.0749922 0.236965 0.044878 -0.0299393 -0.0143082 0.0284905 -0.0152435 -0.0721373 -0.0275077 0.0830551 -0.018814 -0.072609 0.0234224
internal_weight=800000 740542 523088 59458 16931 649 42527 217454 422340 216635 14948 16282 74927 173597 248743 141708 235488 100748 1076 13727 106202 99672 69452
internal_count=800000 740542 523088 59458 16931 649 42527 217454 422340 216635 14948 16282 74927 173597 248743 141708 235488 100748 1076 13727 106202 99672 69452
cat_boundaries=0 1 2 3 4 5 6 7 8 9 10 11 12 13 14 15 16 17 18 19
cat_threshold=7 16 33 32 36 17 16 6 16 4 1 2 2 50 4 6 16 32 8
is_linear=0
shrinkage=0.05


Tree=156
num_leaves=23
num_cat=18
split_feature=1 1 1 1 0 0 0 0 0 0 0 0 0 0 0 0 0 0 0 0 0 0
split_gain=516158 226453 77595 45102.4 113927 35018.5 128187 16327 9011.58 4743.78 4343.74 2487.81 2302.34 1720.57 1394.59 1256.4 888.881 829.895 300.96 232.582 131.934 42.9847
threshold=3.5000000000000004 2.5000000000000004 1.5000000000000002 4.5000000000000009 0 1 2 3 4 5 6 7 8 9 10 11 12 13 14 15 16 17
decision_type=2 2 2 2 1 1 1 1 1 1 1 1 1 1 1 1 1 1 1 1 1 1
left_child=1 2 17 4 -2 11 -7 -3 13 12 -6 -5 -9 -4 -10 -11 -16 -1 -12 -19 -18 -17
right_child=3 7 8 5 10 6 -8 9 14 15 18 -13 -14 -15 16 21 20 19 -20 -21 -22 -23
leaf_value=-0.11302574480009211 0.29884948727742022 -0.18992082552110331 -0.025348037634269561 0.267771369349949 -0.01481841278695944 0.45219193301686422 -0.94778712679456167 0.065669358052009796 0.0021887629552468056 0.03169008104483071 0.082541405475615628 0.21462538480576945 0.039274217537865849 -0.036484969550480278 -0.011695158264746451 0.024149017197788288 -0.015926522582116791 -0.068574224844534043 0.060793001189339974 -0.055655417064651373 -0.019499104960114207 0.021359211958654454
leaf_weight=1073 6985 819 125425 3172 1221 373 276 9514 13255 72256 32346 13110 65413 48172 129286 22117 48351 95468 1975 4207 57851 47335
leaf_count=1073 6985 819 125425 3172 1221 373 276 9514 13255 72256 32346 13110 65413 48172 129286 22117 48351 95468 1975 4207 57851 47335
internal_value=0.000104177 -0.0112759 -0.029103 0.141842 0.114365 0.210859 -0.148524 0.0316073 -0.0196974 0.0324521 0.0780024 0.225137 0.0426341 -0.0284404 -0.0135941 0.0270658 -0.0144825 -0.0685317 0.081308 -0.0680346 -0.0178743 0.022251
internal_weight=800000 740542 523088 59458 42527 16931 649 217454 422340 216635 35542 16282 74927 173597 248743 141708 235488 100748 34321 99675 106202 69452
internal_count=800000 740542 523088 59458 42527 16931 649 217454 422340 216635 35542 16282 74927 173597 248743 141708 235488 100748 34321 99675 106202 69452
cat_boundaries=0 1 2 3 4 5 6 7 8 9 10 11 12 13 14 15 16 17 18
cat_threshold=34 7 8 32 36 17 16 6 16 4 1 2 2 12 5 32 16 8
is_linear=0
shrinkage=0.05


Tree=157
num_leaves=25
num_cat=20
split_feature=1 1 1 1 0 0 0 0 0 0 0 0 0 0 0 0 0 0 0 0 0 0 0 0
split_gain=465868 204390 70020.3 40699.5 32785.2 19389 19029.6 14750.8 8134.07 4282.5 3123.72 2078.76 2061.53 1555.35 1259.43 1134.02 839.032 6709.33 801.333 130.201 119.024 87.6011 84.5713 39.0214
threshold=3.5000000000000004 2.5000000000000004 1.5000000000000002 4.5000000000000009 0 1 2 3 4 5 6 7 8 9 10 11 12 13 14 15 16 17 18 19
decision_type=2 2 2 2 1 1 1 1 1 1 1 1 1 1 1 1 1 1 1 1 1 1 1 1
left_child=1 2 16 5 12 -2 22 -3 13 11 -7 -9 -5 -4 -10 -11 19 -18 -16 -1 -20 -12 -6 -17
right_child=3 7 8 4 6 10 -8 9 14 15 21 -13 -14 -15 18 23 17 -19 20 -21 -22 -23 -24 -25
leaf_value=-0.06514270069856902 0.13351644199018683 -0.18053501253392643 -0.024080007028269894 0.69349794968909262 0.23563048158077238 -0.014075937201393805 0.04243585881777108 0.062394096650079937 0.0020834112041543842 0.030107178063976333 0.071399086666155839 0.037313329789569388 0.43016663195258958 -0.034668685583252624 -0.011112913667469713 0.022947543602767271 -0.097155660081904405 0.17895644266097274 -0.015129844079609534 -0.075240330991441742 -0.018523144187550796 0.057768281797317779 0.20390342812894324 0.020290105869858428
leaf_weight=95468 27579 819 125425 269 1141 1221 2038 9514 13255 72256 11752 65413 373 48172 129286 22117 781 295 48351 4204 57851 1975 13110 47335
leaf_count=95468 27579 819 125425 269 1141 1221 2038 9514 13255 72256 11752 65413 373 48172 129286 22117 781 295 48351 4204 57851 1975 13110 47335
internal_value=9.9444e-05 -0.0107121 -0.0276485 0.134756 0.200317 0.108654 0.186105 0.0300286 -0.0187137 0.0308316 0.0626513 0.0405059 0.549447 -0.0270201 -0.0129151 0.0257139 -0.0651033 -0.020505 -0.0137594 -0.0655761 -0.0169798 0.0694814 0.206607 0.0211395
internal_weight=800000 740542 523088 59458 16931 42527 16289 217454 422340 216635 14948 74927 642 173597 248743 141708 100748 1076 235488 99672 106202 13727 14251 69452
internal_count=800000 740542 523088 59458 16931 42527 16289 217454 422340 216635 14948 74927 642 173597 248743 141708 100748 1076 235488 99672 106202 13727 14251 69452
cat_boundaries=0 1 2 3 4 5 6 7 8 9 10 11 12 13 14 15 16 17 18 19 20
cat_threshold=24 33 5 32 36 17 16 16 16 4 1 2 50 4 2 32 16 6 4 8
is_linear=0
shrinkage=0.05


Tree=158
num_leaves=24
num_cat=18
split_feature=1 1 0 1 1 1 0 0 0 0 0 0 0 0 0 0 0 0 0 0 0 0 0
split_gain=420540 184456 175099 315755 97380.9 63196.9 22400.3 13327.6 7341.71 3863.84 3370.74 2779.35 1876.88 1403.52 1136.59 1022.47 836.542 724.557 232.532 107.974 103.109 50.905 34.9927
threshold=3.5000000000000004 2.5000000000000004 0 4.5000000000000009 4.5000000000000009 1.5000000000000002 1 2 3 4 5 6 7 8 9 10 11 12 13 14 15 16 17
decision_type=2 2 1 2 2 2 1 1 1 1 1 1 1 1 1 1 1 1 1 1 1 1 1
left_child=1 5 3 -2 10 16 -6 -3 13 12 -4 -8 -9 -7 -10 -11 20 -16 -18 -19 -1 -12 -17
right_child=2 7 4 -5 6 8 11 9 14 15 21 -13 -14 -15 17 22 18 19 -20 -21 -22 -23 -24
leaf_value=-0.092361973450247173 0.79479277316075114 -0.17162197559388903 -0.01338168244164325 -0.77568128987362517 0.6600603780438824 -0.022876714609939636 0.24884824155262628 0.059276610555292333 0.0019790918944783361 0.028599660088366487 0.072208109226859329 0.19371046306338255 0.035444828174728035 -0.032935315116464928 -0.010554786443031745 0.02179707526169344 -0.06188699601669885 -0.014371624143974394 -0.049136141982156573 -0.017603427605909081 -0.13941799568024693 0.065886411363222194 0.0192798575182653
leaf_weight=781 2029 819 1221 380 269 125425 3172 9514 13255 72256 32346 13110 65413 48172 129286 22117 95468 48351 4207 57851 292 6931 47335
leaf_count=781 2029 819 1221 380 269 125425 3172 9514 13255 72256 32346 13110 65413 48172 129286 22117 95468 48351 4207 57851 292 6931 47335
internal_value=9.4963e-05 -0.0101771 0.128033 0.544802 0.110319 -0.0262664 0.212523 0.0285259 -0.0177782 0.0292892 0.0685765 0.204598 0.0384784 -0.0256696 -0.0122693 0.024428 -0.0618495 -0.0130713 -0.0613538 -0.0161336 -0.106337 0.0711096 0.0200845
internal_weight=800000 740542 59458 2409 57049 523088 16551 217454 422340 216635 40498 16282 74927 173597 248743 141708 100748 235488 99675 106202 1073 39277 69452
internal_count=800000 740542 59458 2409 57049 523088 16551 217454 422340 216635 40498 16282 74927 173597 248743 141708 100748 235488 99675 106202 1073 39277 69452
cat_boundaries=0 1 2 3 4 5 6 7 8 9 10 11 12 13 14 15 16 17 18
cat_threshold=40 16 32 36 17 16 6 16 4 1 2 12 2 32 16 4 5 8
is_linear=0
shrinkage=0.05


Tree=159
num_leaves=25
num_cat=19
split_feature=1 0 1 1 1 1 0 0 0 0 0 0 0 0 0 0 0 0 0 0 0 0 0 0
split_gain=379598 273723 425445 166474 86947.5 57034.9 12042.1 9230.12 6627.48 3487.4 2522.26 2025.73 1694.26 1265.45 1025.75 925.303 842.137 6172.3 654.289 141.427 97.6809 45.696 44.0221 31.6942
threshold=3.5000000000000004 0 4.5000000000000009 2.5000000000000004 4.5000000000000009 1.5000000000000002 1 2 3 4 5 6 7 8 9 10 11 12 13 14 15 16 17 18
decision_type=2 1 2 2 2 2 1 1 1 1 1 1 1 1 1 1 1 1 1 1 1 1 1 1
left_child=3 2 -2 5 11 16 -5 -6 13 12 -9 -3 -8 -7 -10 -11 19 -18 -16 -1 -20 -13 -12 -17
right_child=1 4 -4 6 7 8 9 10 14 15 22 21 -14 -15 18 23 17 -19 20 -21 -22 -23 -24 -25
leaf_value=-0.058790593744685204 1.1653819711722579 0.015353652992536798 -0.99976767595263505 -0.16315009987972615 0.44699292195372425 -0.02173457082092356 0.056316711546142074 0.24928242460528405 0.0018810932060210066 0.027176276656899256 0.21161947887322885 0.068597222420853615 0.033674025619765957 -0.031285650551697672 -0.010025251028251862 0.020705450927483361 -0.087800530989462444 0.17699920028936666 -0.013650799048050215 -0.069037120128390791 -0.01672462606707778 0.062600525564873291 0.18403930720759601 0.018310216004700682
leaf_weight=95468 1275 1975 276 819 373 125425 9514 2031 13255 72256 1141 32346 65413 48172 129286 22117 781 295 48351 4204 57851 6931 13110 47335
leaf_count=95468 1275 1975 276 819 373 125425 9514 2031 13255 72256 1141 32346 65413 48172 129286 22117 781 295 48351 4204 57851 6931 13110 47335
internal_value=9.16393e-05 0.121642 0.775097 -0.00966763 0.103988 -0.0249526 0.0271006 0.20043 -0.0168888 0.0278261 0.194387 0.0650761 0.0365563 -0.0243866 -0.0116547 0.0232078 -0.0587565 -0.0142408 -0.0124166 -0.0592297 -0.0153266 0.0675552 0.186394 0.0190758
internal_weight=800000 59458 1551 740542 57907 523088 217454 16655 422340 216635 16282 41252 74927 173597 248743 141708 100748 1076 235488 99672 106202 39277 14251 69452
internal_count=800000 59458 1551 740542 57907 523088 217454 16655 422340 216635 16282 41252 74927 173597 248743 141708 100748 1076 235488 99672 106202 39277 14251 69452
cat_boundaries=0 1 2 3 4 5 6 7 8 9 10 11 12 13 14 15 16 17 18 19
cat_threshold=48 32 8 36 17 2 8 16 4 1 2 50 4 2 32 16 5 4 8
is_linear=0
shrinkage=0.05


Tree=160
num_leaves=25
num_cat=20
split_feature=1 1 1 1 0 0 0 0 0 0 0 0 0 0 0 0 0 0 0 0 0 0 0 0
split_gain=342636 150251 51481.3 29992 36415.5 21986.3 18406 10878.1 7044.66 5981.69 3149.66 1747.95 1528.81 1449.73 1141.09 925.627 859.225 2072.67 833.052 589.741 112.447 87.333 41.6002 28.6004
threshold=3.5000000000000004 2.5000000000000004 1.5000000000000002 4.5000000000000009 0 1 2 3 4 5 6 7 8 9 10 11 12 13 14 15 16 17 18 19
decision_type=2 2 2 2 1 1 1 1 1 1 1 1 1 1 1 1 1 1 1 1 1 1 1 1
left_child=1 2 16 5 11 -2 22 -3 -7 14 12 -5 -9 -10 -4 -11 -1 20 -12 -17 -18 -21 -6 -20
right_child=3 7 9 4 6 8 -8 10 13 15 18 -13 -14 -15 -16 19 17 -19 23 21 -22 -23 -24 -25
leaf_value=-0.14123489809352041 0.11962454370678199 -0.15507686762240311 -0.020650148129802478 0.67644067989882606 0.20112305991448701 -0.070517223661842626 0.015928938612341882 0.0535024291524763 0.061161797814092714 0.0017853965500458835 0.025811435681884862 0.42522336397096328 0.031993684479613864 0.014589884683527336 -0.029719790926035435 -0.0095262258835556394 -0.055855131148293151 0.019393357818191116 0.019673416066838867 -0.012974597383247008 -0.065233515910649173 -0.015881307654045305 0.17483689276546968 0.017398042274964172
leaf_weight=292 27579 819 125425 269 1141 1221 2038 9514 11752 13255 72256 373 65413 1975 48172 129286 95468 915 22117 48351 4073 57851 13110 47335
leaf_count=292 27579 819 125425 269 1141 1221 2038 9514 11752 13255 72256 373 65413 1975 48172 129286 95468 915 22117 48351 4073 57851 13110 47335
internal_value=8.65705e-05 -0.00918539 -0.0237065 0.115568 0.171848 0.0931611 0.156941 0.0257454 0.0442265 -0.0160454 0.0264349 0.539245 0.0347316 0.0544767 -0.0231685 -0.0110728 -0.0558224 -0.0555546 0.022046 -0.0117966 -0.0562454 -0.0145593 0.177081 0.0181254
internal_weight=800000 740542 523088 59458 16931 42527 16289 217454 14948 422340 216635 642 74927 13727 173597 248743 100748 100456 141708 235488 99541 106202 14251 69452
internal_count=800000 740542 523088 59458 16931 42527 16289 217454 14948 422340 216635 642 74927 13727 173597 248743 100748 100456 141708 235488 99541 106202 14251 69452
cat_boundaries=0 1 2 3 4 5 6 7 8 9 10 11 12 13 14 15 16 17 18 19 20
cat_threshold=24 33 5 32 16 36 17 16 16 6 4 1 8 48 2 2 32 16 4 8
is_linear=0
shrinkage=0.05


Tree=161
num_leaves=25
num_cat=19
split_feature=1 1 1 0 1 1 0 0 0 0 0 0 0 0 0 0 0 0 0 0 0 0 0 0
split_gain=309283 135584 46462.5 44980.4 71858.7 41141.4 29396 9829.32 7287.58 5394.96 2840.45 1590.77 1540.18 1381.29 1031.42 921.425 835.076 751.97 532.887 291.209 160.942 79.3759 39.2684 25.6869
threshold=3.5000000000000004 2.5000000000000004 1.5000000000000002 0 4.5000000000000009 4.5000000000000009 1 2 3 4 5 6 7 8 9 10 11 12 13 14 15 16 17 18
decision_type=2 2 2 1 2 2 1 1 1 1 1 1 1 1 1 1 1 1 1 1 1 1 1 1
left_child=1 2 15 5 8 -2 11 -3 -5 14 13 -6 -10 -9 -4 20 -11 -12 -18 -17 -1 -20 -8 -19
right_child=3 7 9 4 6 -7 22 10 12 16 17 -13 -14 -15 -16 19 18 23 21 -21 -22 -23 -24 -25
leaf_value=-0.083485297991241658 0.27053386454080458 -0.14742711162682179 -0.019611278936434995 -0.0670139786869796 0.64382541820567152 0.015205251199574419 0.1911525221102969 0.050833903131040394 0.0596205478719469 0.0016947120079848618 0.024522381875621418 0.40451621312074187 0.013865612423990476 0.030389259899537009 -0.028234030918257359 -0.053059226461398656 -0.0090476937620611181 0.018687320353567086 -0.0123213251994622 -0.03892203152208893 -0.13440926785500634 -0.015092273307422258 0.16609800905352687 0.016530500527407177
leaf_weight=912 6985 819 125425 1221 269 2038 1141 9514 32346 13255 72256 373 1975 65413 48172 95468 129286 22117 48351 4076 292 57851 13110 47335
leaf_count=912 6985 819 125425 1221 269 2038 1141 9514 32346 13255 72256 373 1975 65413 48172 95468 129286 22117 48351 4076 292 57851 13110 47335
internal_value=8.44089e-05 -0.00872473 -0.0225189 0.109801 0.0913448 0.212628 0.183561 0.0244573 0.0527295 -0.0152408 0.0251128 0.513124 0.0569924 0.0329917 -0.0220055 -0.0530292 -0.0105184 0.0209449 -0.0112059 -0.0524843 -0.0968411 -0.013832 0.168237 0.0172199
internal_weight=800000 740542 523088 59458 50435 9023 14893 217454 35542 422340 216635 642 34321 74927 173597 100748 248743 141708 235488 99544 1204 106202 14251 69452
internal_count=800000 740542 523088 59458 50435 9023 14893 217454 35542 422340 216635 642 34321 74927 173597 100748 248743 141708 235488 99544 1204 106202 14251 69452
cat_boundaries=0 1 2 3 4 5 6 7 8 9 10 11 12 13 14 15 16 17 18 19
cat_threshold=34 24 32 16 36 17 16 5 16 4 14 1 2 2 32 6 16 4 8
is_linear=0
shrinkage=0.05


Tree=162
num_leaves=26
num_cat=21
split_feature=1 1 1 1 0 0 0 0 0 0 0 0 0 0 0 0 0 0 0 0 0 0 0 0 0
split_gain=279203 122391 41942.4 24485.2 172110 34583.5 125551 8880.45 6310.07 4870.46 3841.5 2564.99 1246.69 1215.83 931.379 834.996 754.117 679.498 480.798 385.085 262.829 146.679 71.5461 36.9053 23.3361
threshold=3.5000000000000004 2.5000000000000004 1.5000000000000002 4.5000000000000009 0 1 2 3 4 5 6 7 8 9 10 11 12 13 14 15 16 17 18 19 20
decision_type=2 2 2 2 1 1 1 1 1 1 1 1 1 1 1 1 1 1 1 1 1 1 1 1 1
left_child=1 2 15 4 -2 10 -7 -3 -6 14 -5 12 -9 19 -4 21 -11 -13 -18 -10 -17 -1 -20 -12 -19
right_child=3 7 9 5 8 6 -8 11 13 16 23 17 -14 -15 -16 20 18 24 22 -21 -22 -23 -24 -25 -26
leaf_value=-0.079356340420737456 0.36331264353335335 -0.14014110864287263 -0.018633129145570974 0.23534072364795913 -0.063695768841294909 0.61279175597707003 -0.77817844977745654 0.048297103069150013 0.056482543587706283 0.001612162095755395 0.18167922413939502 0.023299429990911856 0.028874088317265623 0.013173396305113057 -0.02682704378256074 -0.050411597852216085 -0.0085971493515073199 0.017756043884667658 -0.011707362922391905 0.042914494635512314 -0.036980855984251347 -0.12791106874579625 -0.014338133393254349 0.15780282108158603 0.015700870497398687
leaf_weight=912 4875 819 125425 2031 1221 269 380 9514 27525 13255 1141 72256 65413 1975 48172 95468 129286 22117 48351 6931 4076 292 57851 13110 47335
leaf_count=912 4875 819 125425 2031 1221 269 380 9514 27525 13255 1141 72256 65413 1975 48172 95468 129286 22117 48351 6931 4076 292 57851 13110 47335
internal_value=7.98186e-05 -0.00828998 -0.0213959 0.104325 0.0840793 0.155177 -0.201094 0.0232363 0.0478163 -0.0144808 0.169397 0.0238594 0.0313465 0.0515701 -0.0209083 -0.0503841 -0.00999381 0.0198987 -0.0106471 0.0537665 -0.0498654 -0.0920887 -0.0131416 0.159841 0.0163578
internal_weight=800000 740542 523088 59458 42527 16931 649 217454 37652 422340 16282 216635 74927 36431 173597 100748 248743 141708 235488 34456 99544 1204 106202 14251 69452
internal_count=800000 740542 523088 59458 42527 16931 649 217454 37652 422340 16282 216635 74927 36431 173597 100748 248743 141708 235488 34456 99544 1204 106202 14251 69452
cat_boundaries=0 1 2 3 4 5 6 7 8 9 10 11 12 13 14 15 16 17 18 19 20 21
cat_threshold=36 7 16 32 16 36 2 17 16 3 4 14 1 2 2 1 32 6 16 4 8
is_linear=0
shrinkage=0.05


Tree=163
num_leaves=24
num_cat=19
split_feature=1 1 1 1 0 0 0 0 0 0 0 0 0 0 0 0 0 0 0 0 0 0 0
split_gain=252025 110444 37855.4 22104.8 33172.2 24469.8 15767.4 8022.94 4397.4 4225.52 2313.22 1125.2 869.219 6144.61 840.605 680.262 612.505 510.07 434.077 164.802 64.4327 34.5525 21.0116
threshold=3.5000000000000004 2.5000000000000004 1.5000000000000002 4.5000000000000009 0 1 2 3 4 5 6 7 8 9 10 11 12 13 14 15 16 17 18
decision_type=2 2 2 2 1 1 1 1 1 1 1 1 1 1 1 1 1 1 1 1 1 1 1
left_child=1 2 12 5 -5 -2 21 -3 14 -7 11 -9 19 -14 -4 -10 -12 -11 -17 -1 -20 -6 -18
right_child=3 7 8 4 6 9 -8 10 15 17 16 -13 13 -15 -16 18 22 -19 20 -21 -22 -23 -24
leaf_value=-0.047889588564835966 0.10779374632027726 -0.1332164651665958 -0.017701500510857712 0.49789166187216172 0.17267589722375681 -0.060537726389112562 0.0028384554199874404 0.045878689216996685 0.001530951849703424 0.04020417002953755 0.022132465297198662 0.027426313925013185 -0.076386910352935988 0.18778506044481624 -0.025485881679970835 -0.0081647328074476149 0.016868808528424151 0.012522396212561005 -0.011121641359293532 -0.05855110749057757 -0.013618250714494559 0.14992615684140018 0.014918463607564096
leaf_weight=95468 27579 819 125425 642 1141 1221 2038 9514 13255 11752 72256 65413 781 295 48172 129286 22117 1975 48351 4204 57851 13110 47335
leaf_count=95468 27579 819 125425 642 1141 1221 2038 9514 13255 11752 72256 65413 781 295 48172 129286 22117 1975 48351 4204 57851 13110 47335
internal_value=7.67077e-05 -0.0078753 -0.0203251 0.099118 0.147435 0.0798819 0.133235 0.0220728 -0.0137556 0.0282937 0.022665 0.0297751 -0.0478648 -0.00289834 -0.019863 -0.00949206 0.0189037 0.0362334 -0.0101126 -0.0483451 -0.0124828 0.151867 0.0155419
internal_weight=800000 740542 523088 59458 16931 42527 16289 217454 422340 14948 216635 74927 100748 1076 173597 248743 141708 13727 235488 99672 106202 14251 69452
internal_count=800000 740542 523088 59458 16931 42527 16289 217454 422340 14948 216635 74927 100748 1076 173597 248743 141708 13727 235488 99672 106202 14251 69452
cat_boundaries=0 1 2 3 4 5 6 7 8 9 10 11 12 13 14 15 16 17 18 19
cat_threshold=24 33 5 32 36 16 17 16 50 4 4 1 2 6 2 32 16 4 8
is_linear=0
shrinkage=0.05


Tree=164
num_leaves=25
num_cat=19
split_feature=1 1 0 1 1 1 0 0 0 0 0 0 0 0 0 0 0 0 0 0 0 0 0 0
split_gain=227495 99685.2 44147.6 58201.5 39437.4 34152.1 26808.5 7249.19 4950.64 3966.73 2089.02 1015.54 887.481 865.967 2100 757.209 614.047 553.117 391.193 180.295 132.998 58.4681 32.3077 18.9447
threshold=3.5000000000000004 2.5000000000000004 0 4.5000000000000009 4.5000000000000009 1.5000000000000002 1 2 3 4 5 6 7 8 9 10 11 12 13 14 15 16 17 18
decision_type=2 2 1 2 2 2 1 1 1 1 1 1 1 1 1 1 1 1 1 1 1 1 1 1
left_child=1 5 4 8 -2 13 -5 -3 -4 15 11 -9 19 -1 20 -7 -11 -12 -18 -10 -15 -20 -8 -19
right_child=2 7 3 6 -6 9 22 10 12 16 17 -13 -14 14 -16 -17 18 23 21 -21 -22 -23 -24 -25
leaf_value=-0.13080325600327244 0.25269922050989435 -0.12664146124238126 -0.057535150049180153 0.47337778155789056 0.0027141375443418317 -0.016819578924911621 0.1641112088846394 0.043588089792731433 0.048274358969884627 0.0014517431406538038 0.021026409386605348 0.026057929121551301 0.011900925528192401 -0.045491987075890368 0.030082545667081267 -0.024207762218858699 -0.0077614771672189723 0.016023505301343426 -0.010564143771911874 0.03730798151596218 -0.055273429214034692 -0.012942277300430134 0.14243617230799141 0.014171510914560734
leaf_weight=292 6985 819 1221 642 2038 125425 1141 9514 27525 13255 72256 65413 1975 95468 915 48172 129286 22117 48351 4821 4073 57851 13110 47335
leaf_count=292 6985 819 1221 642 2038 125425 1141 9514 27525 13255 72256 65413 1975 95468 915 48172 129286 22117 48351 4821 4073 57851 13110 47335
internal_value=7.26638e-05 -0.00748245 0.0941707 0.0758958 0.196019 -0.0193103 0.158887 0.0209696 0.0411419 -0.0130704 0.0215325 0.0282894 0.0446562 -0.0454683 -0.0452027 -0.018871 -0.00902106 0.0179582 -0.00961059 0.0466519 -0.0458977 -0.0118607 0.144285 0.0147635
internal_weight=800000 740542 59458 50435 9023 523088 14893 217454 35542 422340 216635 74927 34321 100748 100456 173597 248743 141708 235488 32346 99541 106202 14251 69452
internal_count=800000 740542 59458 50435 9023 523088 14893 217454 35542 422340 216635 74927 34321 100748 100456 173597 248743 141708 235488 32346 99541 106202 14251 69452
cat_boundaries=0 1 2 3 4 5 6 7 8 9 10 11 12 13 14 15 16 17 18 19
cat_threshold=34 24 32 16 36 17 16 5 8 48 4 1 2 2 1 32 16 4 8
is_linear=0
shrinkage=0.05


Tree=165
num_leaves=26
num_cat=21
split_feature=1 1 1 1 0 0 0 0 0 0 0 0 0 0 0 0 0 0 0 0 0 0 0 0 0
split_gain=205348 89960.3 30831.9 18027 37693.7 133038 24415.3 6549.05 5140.48 3580.41 3034.37 1885.08 916.727 911.822 684.981 554.09 498.537 353.17 281.801 231.145 178.647 91.411 52.5924 30.4052 17.0636
threshold=3.5000000000000004 2.5000000000000004 1.5000000000000002 4.5000000000000009 0 1 2 3 4 5 6 7 8 9 10 11 12 13 14 15 16 17 18 19 20
decision_type=2 2 2 2 1 1 1 1 1 1 1 1 1 1 1 1 1 1 1 1 1 1 1 1 1
left_child=1 2 13 6 8 -6 -2 -3 -5 14 -8 12 -9 20 -4 -11 -13 -17 -15 21 -1 -12 -19 -10 -18
right_child=3 7 9 4 5 -7 10 11 23 15 19 16 -14 18 -16 17 24 22 -20 -21 -22 -23 -24 -25 -26
leaf_value=-0.073268037504332709 0.099977779251887333 -0.12038139554933702 -0.015975248306608337 0.223350525977038 0.37542890045723781 -1.0522488427328898 -0.054678004316737465 0.041409396634588522 0.15597912238847683 0.0013800274719169264 0.035448084053255911 0.019973021778508612 0.02475393939972682 -0.043220248841932735 -0.023002201080480612 -0.0073714068400330254 0.015223043554435933 -0.010036599556458766 -0.029469368437955154 0.011306121979912823 -0.12448158643103593 0.026145231193088522 -0.012292141707598967 0.13531551692907404 0.013465231725137
leaf_weight=912 27579 819 125425 2031 373 276 1221 9514 1141 13255 4821 72256 65413 95468 48172 129286 22117 48351 4076 1975 292 6931 57851 13110 47335
leaf_count=912 27579 819 125425 2031 373 276 1221 9514 1141 13255 4821 72256 65413 95468 48172 129286 22117 48351 4076 1975 292 6931 57851 13110 47335
internal_value=6.97689e-05 -0.00710818 -0.0183443 0.0894702 0.133104 -0.238473 0.0720988 0.0199205 0.14797 -0.0124155 0.0205815 0.0204555 0.026874 -0.0431983 -0.0179264 -0.00856835 0.0170601 -0.00912835 -0.0426602 0.0273106 -0.0866117 0.0299884 -0.0112663 0.137078 0.0140271
internal_weight=800000 740542 523088 59458 16931 649 42527 217454 16282 422340 14948 216635 74927 100748 173597 248743 141708 235488 99544 13727 1204 11752 106202 14251 69452
internal_count=800000 740542 523088 59458 16931 649 42527 217454 16282 422340 14948 216635 74927 100748 173597 248743 141708 235488 99544 13727 1204 11752 106202 14251 69452
cat_boundaries=0 1 2 3 4 5 6 7 8 9 10 11 12 13 14 15 16 17 18 19 20 21
cat_threshold=7 8 33 32 2 36 16 17 16 14 4 1 2 2 32 6 6 4 16 4 8
is_linear=0
shrinkage=0.05


Tree=166
num_leaves=26
num_cat=21
split_feature=1 1 1 1 0 0 0 0 0 0 0 0 0 0 0 0 0 0 0 0 0 0 0 0 0
split_gain=185316 81200.8 27827.8 16268.8 34118.3 125446 22033.6 5917.48 4643.11 3229.62 2740.06 1702.36 827.432 826.139 617.364 500.299 450.532 318.636 254.26 208.592 162.581 82.6899 47.461 28.5289 15.4563
threshold=3.5000000000000004 2.5000000000000004 1.5000000000000002 4.5000000000000009 0 1 2 3 4 5 6 7 8 9 10 11 12 13 14 15 16 17 18 19 20
decision_type=2 2 2 2 1 1 1 1 1 1 1 1 1 1 1 1 1 1 1 1 1 1 1 1 1
left_child=1 2 13 6 8 -6 -2 -3 -5 14 -8 12 -9 20 -4 -11 -13 -17 -15 21 -1 -12 -19 -10 -18
right_child=3 7 9 4 5 -7 10 11 23 15 19 16 -14 18 -16 17 24 22 -20 -21 -22 -23 -24 -25 -26
leaf_value=-0.069645566692062677 0.094974563188683178 -0.1144401842492337 -0.015178187672098852 0.21222801110371839 0.58715287690521567 -0.80372878930507563 -0.051966438246974125 0.039342446945035026 0.14825360162894072 0.0013104267242581181 0.033680746832192007 0.018976062340433263 0.023518936419380226 -0.041061063415006989 -0.021849320995857627 -0.0070060162065702127 0.014461717977544062 -0.009537413053172801 -0.02799930671704965 0.010740994085893223 -0.11846316760738954 0.024833548170330719 -0.011680106238529683 0.12855630700181173 0.012789019351902426
leaf_weight=912 27579 819 125425 2031 269 380 1221 9514 1141 13255 4821 72256 65413 95468 48172 129286 22117 48351 4076 1975 292 6931 57851 13110 47335
leaf_count=912 27579 819 125425 2031 269 380 1221 9514 1141 13255 4821 72256 65413 95468 48172 129286 22117 48351 4076 1975 292 6931 57851 13110 47335
internal_value=6.48148e-05 -0.00675404 -0.0174291 0.0849928 0.126444 -0.227069 0.0684902 0.018925 0.140588 -0.0117965 0.0195502 0.0194336 0.0255331 -0.0410412 -0.0170305 -0.00814273 0.0162069 -0.00867486 -0.0405291 0.0259447 -0.0823633 0.0284885 -0.0107056 0.130236 0.0133237
internal_weight=800000 740542 523088 59458 16931 649 42527 217454 16282 422340 14948 216635 74927 100748 173597 248743 141708 235488 99544 13727 1204 11752 106202 14251 69452
internal_count=800000 740542 523088 59458 16931 649 42527 217454 16282 422340 14948 216635 74927 100748 173597 248743 141708 235488 99544 13727 1204 11752 106202 14251 69452
cat_boundaries=0 1 2 3 4 5 6 7 8 9 10 11 12 13 14 15 16 17 18 19 20 21
cat_threshold=7 16 33 32 2 36 16 17 16 14 4 1 2 2 32 6 6 4 16 4 8
is_linear=0
shrinkage=0.05


Tree=167
num_leaves=26
num_cat=20
split_feature=1 0 1 1 1 1 0 0 0 0 0 0 0 0 0 0 0 0 0 0 0 0 0 0 0
split_gain=167267 179856 300245 73275.7 56850.8 25115.3 19685.9 5346.08 4196.42 3266.05 2919.16 1534.27 891.631 6119.94 747.447 556.894 451.501 406.239 315.768 287.994 182.937 42.958 26.7 17.9051 13.9483
threshold=3.5000000000000004 0 4.5000000000000009 2.5000000000000004 4.5000000000000009 1.5000000000000002 1 2 3 4 5 6 7 8 9 10 11 12 13 14 15 16 17 18 19
decision_type=2 1 2 2 2 2 1 1 1 1 1 1 1 1 1 1 1 1 1 1 1 1 1 1 1
left_child=3 2 -2 5 9 12 -6 -5 -8 -3 15 14 20 -14 -9 -7 -12 -13 23 -18 -1 -21 -10 -11 -19
right_child=1 4 -4 7 6 10 8 11 22 18 16 17 13 -15 -16 -17 19 24 -20 21 -22 -23 -24 -25 -26
leaf_value=-0.039005631932455362 0.74671828682167662 -0.04938576603013263 -0.78469973915501656 -0.10878452972853861 0.55885421315401684 -0.014422008748422678 0.20167971115261829 0.037377113156436818 0.14090591810973804 0.036121392534717321 0.0012488296011282372 0.018027943663219286 -0.06704092278944708 0.196605724897541 0.022337895329771915 -0.020758017214617969 -0.0066504266522866258 0.013741704936744495 0.023598382672561452 -0.0090562644769658276 -0.050007521404606729 -0.011094711911441178 0.12213234895249692 0.031994674388875231 0.0121526648807153
leaf_weight=95468 2029 1221 380 819 269 125425 2031 9514 1141 27525 13255 72256 781 295 65413 48172 129286 22117 6931 48351 4204 57851 13110 4821 47335
leaf_count=95468 2029 1221 380 819 269 125425 2031 9514 1141 27525 13255 72256 781 295 65413 48172 129286 22117 6931 48351 4204 57851 13110 4821 47335
internal_value=6.27993e-05 0.0807492 0.503061 -0.0064155 0.0628171 -0.0165563 0.140904 0.0179783 0.133574 0.0309193 -0.0112052 0.0184617 -0.0389881 0.00638617 0.0242523 -0.0161813 -0.00773148 0.0153985 0.0334198 -0.00823699 -0.0394746 -0.0101676 0.123733 0.0355164 0.0126606
internal_weight=800000 59458 2409 740542 57049 523088 16551 217454 16282 40498 422340 216635 100748 1076 74927 173597 248743 141708 39277 235488 99672 106202 14251 32346 69452
internal_count=800000 59458 2409 740542 57049 523088 16551 217454 16282 40498 422340 216635 100748 1076 74927 173597 248743 141708 39277 235488 99672 106202 14251 32346 69452
cat_boundaries=0 1 2 3 4 5 6 7 8 9 10 11 12 13 14 15 16 17 18 19 20
cat_threshold=40 16 32 2 16 36 17 50 4 16 4 1 2 5 2 32 16 4 1 8
is_linear=0
shrinkage=0.05


Tree=168
num_leaves=25
num_cat=19
split_feature=1 1 0 1 1 0 1 0 0 0 0 0 0 0 0 0 0 0 0 0 0 0 0 0
split_gain=150986 66132.9 41977.1 47274 44224.8 33135.7 22669.8 5460.05 4830.17 2630.51 1386.47 868.734 2122.06 674.247 502.759 407.433 365.767 259.038 148.426 111.922 38.5489 24.8009 16.0603 12.6061
threshold=3.5000000000000004 2.5000000000000004 0 4.5000000000000009 4.5000000000000009 1 1.5000000000000002 2 3 4 5 6 7 8 9 10 11 12 13 14 15 16 17 18
decision_type=2 2 1 2 2 1 2 1 1 1 1 1 1 1 1 1 1 1 1 1 1 1 1 1
left_child=1 6 4 7 -2 -5 11 22 -3 14 13 -1 18 -10 -8 -11 -12 -17 -13 -9 -19 -7 -4 -18
right_child=2 8 3 5 -6 21 9 19 10 15 16 12 -14 -15 -16 17 23 20 -20 -21 -22 -23 -24 -25
leaf_value=-0.12224163156471507 0.23600051627981725 -0.10341144557166014 0.034313659903270184 0.48284047834712301 -0.028723308499591746 0.13390985995556975 -0.013696699086574475 -0.026942231877324564 0.035509431071764082 0.0011837078084417259 0.017122327449679182 -0.037057523308502677 0.038801116582509634 0.021225572755182501 -0.019716870478460283 -0.0063226141650522434 0.013057058136693859 -0.0086054871571901847 -0.047154081460456188 -0.04694134575094662 -0.010536592778584155 0.11602767269058925 0.030400993798835707 0.011546476023516191
leaf_weight=292 6985 819 27525 642 2038 1141 125425 1975 9514 13255 72256 95468 915 65413 48172 129286 22117 48351 4073 1221 57851 13110 4821 47335
leaf_count=292 6985 819 27525 642 2038 1141 125425 1975 9514 13255 72256 95468 915 65413 48172 129286 22117 48351 4073 1221 57851 13110 4821 47335
internal_value=6.02936e-05 -0.00609465 0.0767194 0.0589088 0.176013 0.133702 -0.0157285 0.0275851 0.0170797 -0.0106446 0.0175392 -0.0370403 -0.0367768 0.0230438 -0.0153683 -0.00734711 0.0146272 -0.00782731 -0.0374753 -0.0347053 -0.0096583 0.117552 0.0337401 0.0120293
internal_weight=800000 740542 59458 50435 9023 14893 523088 35542 217454 422340 216635 100748 100456 74927 173597 248743 141708 235488 99541 3196 106202 14251 32346 69452
internal_count=800000 740542 59458 50435 9023 14893 523088 35542 217454 422340 216635 100748 100456 74927 173597 248743 141708 235488 99541 3196 106202 14251 32346 69452
cat_boundaries=0 1 2 3 4 5 6 7 8 9 10 11 12 13 14 15 16 17 18 19
cat_threshold=34 24 5 32 36 17 8 48 16 4 1 2 2 32 8 16 4 1 8
is_linear=0
shrinkage=0.05


Tree=169
num_leaves=26
num_cat=20
split_feature=1 0 1 1 1 1 0 0 0 0 0 0 0 0 0 0 0 0 0 0 0 0 0 0 0
split_gain=136296 271465 456329 59689.3 50390.7 20458.9 12371 4611.23 4363.74 2423.76 2375.02 1250.68 901.677 810.688 608.727 453.947 367.798 330.865 273.126 234.523 191.488 34.9612 23.1952 14.5748 11.4428
threshold=3.5000000000000004 0 4.5000000000000009 2.5000000000000004 4.5000000000000009 1.5000000000000002 1 2 3 4 5 6 7 8 9 10 11 12 13 14 15 16 17 18 19
decision_type=2 1 2 2 2 2 1 1 1 1 1 1 1 1 1 1 1 1 1 1 1 1 1 1 1
left_child=3 2 -2 5 9 12 -6 -8 -5 23 15 14 20 -11 -10 -7 -12 -13 -14 -18 -1 -21 -9 -3 -19
right_child=1 4 -4 8 6 10 7 22 11 13 16 17 18 -15 -16 -17 19 24 -20 21 -22 -23 -24 -25 -26
leaf_value=-0.06492365353019533 1.1272644836575378 0.032603263505816528 -1.1150945815487183 -0.098299496999264338 0.41097378842824439 -0.013013099756779513 0.19307105191953622 0.12728097549632361 0.03373559016432396 0.010637954029874112 0.0011254838094412944 0.016270391724578333 -0.03520411546909679 -0.025598714717989909 0.020163496897414233 -0.018733562861426693 -0.0060043028787344554 0.012405424337421134 -0.021773073924737298 -0.0081756304004584248 -0.11633088320296332 -0.010014605802764552 0.1102348560167522 0.028879482468273595 0.010966586911548643
leaf_weight=912 1275 27525 276 819 373 125425 2031 1141 9514 6931 13255 72256 95468 1975 65413 48172 129286 22117 4076 48351 292 57851 13110 4821 47335
leaf_count=912 1275 27525 276 819 373 125425 2031 1141 9514 6931 13255 72256 95468 1975 65413 48172 129286 22117 4076 48351 292 57851 13110 4821 47335
internal_value=5.76823e-05 0.072892 0.723572 -0.00579017 0.0553294 -0.0149427 0.128745 0.121952 0.0162263 0.0257023 -0.0101131 0.016663 -0.0351885 0.00258239 0.0218911 -0.0146015 -0.00697977 0.0138973 -0.0346564 -0.00743603 -0.0782467 -0.00917822 0.111688 0.0320574 0.0114265
internal_weight=800000 59458 1551 740542 57907 523088 16655 16282 217454 41252 422340 216635 100748 8906 74927 173597 248743 141708 99544 235488 1204 106202 14251 32346 69452
internal_count=800000 59458 1551 740542 57907 523088 16655 16282 217454 41252 422340 216635 100748 8906 74927 173597 248743 141708 99544 235488 1204 106202 14251 32346 69452
cat_boundaries=0 1 2 3 4 5 6 7 8 9 10 11 12 13 14 15 16 17 18 19 20
cat_threshold=48 8 2 32 5 36 17 14 2 16 4 1 2 32 2 6 16 4 1 8
is_linear=0
shrinkage=0.05


Tree=170
num_leaves=26
num_cat=21
split_feature=1 1 1 1 0 0 0 0 0 0 0 0 0 0 0 0 0 0 0 0 0 0 0 0 0
split_gain=123014 53867.7 18468.7 10825.6 36520.3 26591.5 14513.7 5644.38 3942.71 2144.64 1172.43 1129.46 829.426 5995.05 549.661 409.939 340.093 331.487 299.412 211.714 175.391 127.462 31.523 21.8186 10.2595
threshold=3.5000000000000004 2.5000000000000004 1.5000000000000002 4.5000000000000009 0 1 2 3 4 5 6 7 8 9 10 11 12 13 14 15 16 17 18 19 20
decision_type=2 2 2 2 1 1 1 1 1 1 1 1 1 1 1 1 1 1 1 1 1 1 1 1 1
left_child=1 2 12 5 21 -2 23 -7 -3 15 16 14 20 -14 -10 -4 -9 -11 -13 -19 -1 -5 -21 -6 -20
right_child=3 8 9 4 6 7 -8 10 11 17 -12 18 13 -15 -16 -17 -18 19 24 22 -22 -23 -24 -25 -26
leaf_value=-0.033444798964829228 0.084881383442032693 -0.093445633403929931 -0.012361886387933469 0.5623825996152817 0.12097737256803272 -0.10051604285654646 -0.03654265222139657 0.027444565831640202 0.032053728060580162 0.0010660819992945412 -0.02432388728451669 0.015459470036542312 -0.062443686315292957 0.19851040074082671 0.019156908602296397 -0.017797991228026444 0.010107444105875147 -0.005701516405100162 0.011778745898208279 -0.0077651223449902648 -0.044137796189584716 0.39095656990071193 -0.0095113385302805272 0.10471900297374259 0.01041599680974801
leaf_weight=95468 27579 819 125425 269 1141 1221 2038 4821 9514 13255 1975 72256 781 295 65413 48172 6931 129286 22117 48351 4204 373 57851 13110 47335
leaf_count=95468 27579 819 125425 269 1141 1221 2038 4821 9514 13255 1975 72256 781 295 65413 48172 6931 129286 22117 48351 4204 373 57851 13110 47335
internal_value=5.55118e-05 -0.00550011 -0.0141948 0.0692501 0.103063 0.0557884 0.0882458 0.0020539 0.0154151 -0.00960615 0.0112439 0.0158303 -0.0334308 0.0102695 0.0207986 -0.0138713 0.0172369 -0.00662869 0.013202 -0.00706183 -0.0339002 0.470308 -0.00871714 0.106105 0.0108516
internal_weight=800000 740542 523088 59458 16931 42527 16289 14948 217454 422340 13727 216635 100748 1076 74927 173597 11752 248743 141708 235488 99672 642 106202 14251 69452
internal_count=800000 740542 523088 59458 16931 42527 16289 14948 217454 422340 13727 216635 100748 1076 74927 173597 11752 248743 141708 235488 99672 642 106202 14251 69452
cat_boundaries=0 1 2 3 4 5 6 7 8 9 10 11 12 13 14 15 16 17 18 19 20 21
cat_threshold=24 33 5 16 32 36 6 17 50 4 16 4 4 1 2 2 32 16 16 4 8
is_linear=0
shrinkage=0.05


Tree=171
num_leaves=26
num_cat=21
split_feature=1 1 1 1 0 0 0 0 0 0 0 0 0 0 0 0 0 0 0 0 0 0 0 0 0
split_gain=111054 48614.1 16663.2 9788.02 33091.1 24002.3 13101.4 5097.25 3562.3 1934.37 1058.67 1019.44 942.06 2063.93 496.093 369.937 306.64 299.385 269.047 190.809 140.515 120.209 28.5608 20.1814 9.16186
threshold=3.5000000000000004 2.5000000000000004 1.5000000000000002 4.5000000000000009 0 1 2 3 4 5 6 7 8 9 10 11 12 13 14 15 16 17 18 19 20
decision_type=2 2 2 2 1 1 1 1 1 1 1 1 1 1 1 1 1 1 1 1 1 1 1 1 1
left_child=1 2 12 5 21 -2 23 -7 -3 15 16 14 -1 20 -10 -4 -9 -11 -13 -19 -14 -5 -21 -6 -20
right_child=3 8 9 4 6 7 -8 10 11 17 -12 18 13 -15 -16 -17 -18 19 24 22 -22 -23 -24 -25 -26
leaf_value=-0.12030419734929572 0.080637768803979201 -0.088832332716919982 -0.011743703632246014 0.53527310005652862 0.11497796926158704 -0.095526137534047803 -0.034716325160115961 0.026066654795964692 0.030450885709420519 0.0010135063691899501 -0.023118939531840368 0.014681086452991834 -0.031770572204084829 0.04300386784527753 0.018198619305685716 -0.016907770627462664 0.0096042377291658647 -0.0054194020068434531 0.011189631408954834 -0.007376131856908121 -0.041517538484801803 0.37192318171807437 -0.0090382210364992541 0.099493413709285786 0.0099012248500220095
leaf_weight=292 27579 819 125425 269 1141 1221 2038 4821 9514 13255 1975 72256 95468 915 65413 48172 6931 129286 22117 48351 4073 373 57851 13110 47335
leaf_count=292 27579 819 125425 269 1141 1221 2038 4821 9514 13255 1975 72256 95468 915 65413 48172 6931 129286 22117 48351 4073 373 57851 13110 47335
internal_value=5.2966e-05 -0.00522568 -0.0134855 0.0657978 0.0979494 0.0529975 0.0838453 0.00194593 0.0146435 -0.00912692 0.0106792 0.0150381 -0.0317571 -0.0314846 0.0197582 -0.0131776 0.016374 -0.00629918 0.0125412 -0.00671082 -0.0321735 0.447527 -0.00828228 0.100813 0.0103131
internal_weight=800000 740542 523088 59458 16931 42527 16289 14948 217454 422340 13727 216635 100748 100456 74927 173597 11752 248743 141708 235488 99541 642 106202 14251 69452
internal_count=800000 740542 523088 59458 16931 42527 16289 14948 217454 422340 13727 216635 100748 100456 74927 173597 11752 248743 141708 235488 99541 642 106202 14251 69452
cat_boundaries=0 1 2 3 4 5 6 7 8 9 10 11 12 13 14 15 16 17 18 19 20 21
cat_threshold=24 33 5 16 32 36 6 17 8 48 16 4 4 1 2 2 32 16 16 4 8
is_linear=0
shrinkage=0.05


Tree=172
num_leaves=26
num_cat=20
split_feature=1 0 1 1 1 0 1 0 0 0 0 0 0 0 0 0 0 0 0 0 0 0 0 0 0
split_gain=100267 44153.2 43876.6 41148.1 36920.5 27073 15035.6 5958.24 3218.17 1746.06 1421.05 968.507 919.667 448.125 334.17 289.451 270.269 243.07 216.829 171.835 113.179 25.6007 18.7257 8.36824 2.8855
threshold=3.5000000000000004 0 2.5000000000000004 4.5000000000000009 4.5000000000000009 1 1.5000000000000002 2 3 4 5 6 7 8 9 10 11 12 13 14 15 16 17 18 19
decision_type=2 1 2 2 2 1 2 1 1 1 1 1 1 1 1 1 1 1 1 1 1 1 1 1 1
left_child=2 3 6 -2 7 20 11 24 -4 14 -9 18 13 -10 -8 -13 -11 -14 -1 -18 -6 -21 -7 -19 -3
right_child=1 4 8 -5 5 22 9 10 12 16 -12 15 17 -15 -16 -17 19 23 -20 21 -22 -23 -24 -25 -26
leaf_value=-0.060881293311294916 0.22219738090558827 0.024778177387298352 -0.084439532345540566 -0.03315206837490333 0.5094669150622515 0.10927669932073765 -0.011157452274671791 -0.021961871899045086 0.028932002841399931 0.00096278543253013244 -0.090791387038924268 -0.030180487805251472 0.013948648534736827 0.017287168492166372 -0.016065530226529599 -0.016427087106952117 -0.0051508059132557935 0.010634177894918122 -0.1144885536850683 -0.0070096590864000457 0.3538145946771607 -0.0085833626652507267 0.094524222597843266 0.0094034666093026006 0.022696662895991621
leaf_weight=912 6985 4821 819 2038 269 1141 125425 1975 9514 13255 1221 95468 72256 65413 48172 4076 129286 22117 292 48351 373 57851 13110 47335 27525
leaf_count=912 6985 4821 819 2038 269 1141 125425 1975 9514 13255 1221 95468 72256 65413 48172 4076 129286 22117 292 48351 373 57851 13110 47335 27525
internal_value=5.07117e-05 0.0625209 -0.00496501 0.16434 0.0442638 0.11036 -0.0128121 0.0165803 0.0139112 -0.0086718 -0.0484587 -0.0301684 0.0142863 0.0187695 -0.0125203 -0.029619 -0.00598523 0.0119147 -0.0747184 -0.00637634 0.425847 -0.00786762 0.0957812 0.00979686 0.0230145
internal_weight=800000 59458 740542 9023 50435 14893 523088 35542 217454 422340 3196 100748 216635 74927 173597 99544 248743 141708 1204 235488 642 106202 14251 69452 32346
internal_count=800000 59458 740542 9023 50435 14893 523088 35542 217454 422340 3196 100748 216635 74927 173597 99544 248743 141708 1204 235488 642 106202 14251 69452 32346
cat_boundaries=0 1 2 3 4 5 6 7 8 9 10 11 12 13 14 15 16 17 18 19 20
cat_threshold=34 24 5 32 36 8 14 17 16 4 32 1 2 6 2 16 16 4 8 4
is_linear=0
shrinkage=0.05


Tree=173
num_leaves=26
num_cat=21
split_feature=1 1 1 1 0 0 0 0 0 0 0 0 0 0 0 0 0 0 0 0 0 0 0 0 0
split_gain=90509 39601.3 13574.6 7997.84 173153 37313.8 134111 6725.49 4864.54 2908.12 2072.11 1576.1 877.012 829.441 404.063 301.336 261.354 243.845 220.315 220.013 197.033 155.952 23.2501 17.4896 7.62649
threshold=3.5000000000000004 2.5000000000000004 1.5000000000000002 4.5000000000000009 0 1 2 3 4 5 6 7 8 9 10 11 12 13 14 15 16 17 18 19 20
decision_type=2 2 2 2 1 1 1 1 1 1 1 1 1 1 1 1 1 1 1 1 1 1 1 1 1
left_child=1 2 12 4 -2 7 -7 -5 -6 -3 -10 15 20 14 -11 -4 -14 -13 -12 -15 -1 -19 -23 -9 -21
right_child=3 9 11 5 8 6 -8 23 10 13 18 17 16 19 -16 -17 -18 21 -20 24 -22 22 -24 -25 -26
leaf_value=-0.057871278040838352 0.32789635618243029 -0.080275616801115807 -0.010598810977276617 0.18865881643711149 -0.086290299611591306 0.33658392584977515 -1.097755888292006 0.10387152208648072 0.021562330131849404 0.027481586099021429 -0.0019721329203601394 0.00091552044192305887 -0.028672814815184591 0.013256786641144745 0.016424016892894518 -0.01525953810616105 -0.015604023809708396 -0.0048880865337559238 -0.020875108464238627 0.010105868062965696 -0.10895187681084438 -0.0066586980995012104 -0.0081583345824965351 0.089805619978323217 0.0089314484100228991
leaf_weight=912 4875 819 125425 2031 1221 373 276 1141 27525 9514 6931 13255 95468 72256 65413 48172 4076 129286 1975 22117 292 48351 57851 13110 47335
leaf_count=912 4875 819 125425 2031 1221 373 276 1141 27525 9514 6931 13255 95468 72256 65413 48172 4076 129286 1975 22117 292 48351 57851 13110 47335
internal_value=4.98272e-05 -0.00471559 -0.0121706 0.0594025 0.0478318 0.0884657 -0.280799 0.103294 0.0114803 0.0132174 0.0147799 -0.00823657 -0.028662 0.013574 0.0178316 -0.0118929 -0.0281393 -0.0056841 -0.00618278 0.0113217 -0.071055 -0.0060556 -0.00747628 0.0910038 0.00930684
internal_weight=800000 740542 523088 59458 42527 16931 649 16282 37652 217454 36431 422340 100748 216635 74927 173597 99544 248743 8906 141708 1204 235488 106202 14251 69452
internal_count=800000 740542 523088 59458 42527 16931 649 16282 37652 217454 36431 422340 100748 216635 74927 173597 99544 248743 8906 141708 1204 235488 106202 14251 69452
cat_boundaries=0 1 2 3 4 5 6 7 8 9 10 11 12 13 14 15 16 17 18 19 20 21
cat_threshold=36 7 8 2 16 32 1 36 14 17 16 4 32 1 2 2 6 2 16 4 8
is_linear=0
shrinkage=0.05


Tree=174
num_leaves=26
num_cat=21
split_feature=1 1 1 1 0 0 0 0 0 0 0 0 0 0 0 0 0 0 0 0 0 0 0 0 0
split_gain=81683.8 35731.2 12254.3 7211.71 33784.2 122307 26252.2 6075.2 2944.21 2626.96 1421.6 859.27 5994.87 748.842 365.106 319.143 271.858 220.101 197.706 190.031 140.547 93.3164 20.899 16.1656 6.76789
threshold=3.5000000000000004 2.5000000000000004 1.5000000000000002 4.5000000000000009 0 1 2 3 4 5 6 7 8 9 10 11 12 13 14 15 16 17 18 19 20
decision_type=2 2 2 2 1 1 1 1 1 1 1 1 1 1 1 1 1 1 1 1 1 1 1 1 1
left_child=1 2 11 6 7 -6 -2 -5 -8 -3 16 19 -13 14 -11 21 -4 -12 -15 -1 -19 -10 -22 -9 -20
right_child=3 9 10 4 5 -7 8 23 15 13 17 12 -14 18 -16 -17 -18 20 24 -21 22 -23 -24 -25 -26
leaf_value=-0.027240035354063538 0.074351362104176352 -0.07630471803598439 -0.010067174923435633 0.17927197578314297 0.53783332113724025 -0.83648651123046891 -0.082012404744747122 0.09871425820266963 0.0071766748509281691 0.026111271059948676 0.00087039537713791003 -0.05562187862757937 0.20536117553710939 0.012587167054535995 0.015600306323449858 -0.019833325979391334 -0.014494071714974377 -0.0046442874667520879 0.0095960187401251985 -0.038263579200215975 -0.0063261652019419717 -0.0018745567729572385 -0.0077480054128714129 0.085317403746814263 0.0084888850155797248
leaf_weight=95468 27579 819 125425 2031 269 380 1221 1141 4821 9514 13255 781 295 72256 65413 1975 48172 129286 22117 4204 48351 6931 57851 13110 47335
leaf_count=95468 27579 819 125425 2031 269 380 1221 1141 4821 9514 13255 781 295 72256 65413 1975 48172 129286 22117 4204 48351 6931 57851 13110 47335
internal_value=4.68467e-05 -0.00448029 -0.0115616 0.0564317 0.0840295 -0.267336 0.0454444 0.0981389 -0.00793336 0.012554 -0.00782383 -0.0272306 0.0171623 0.0128928 0.0169383 -0.00128921 -0.0112964 -0.00539969 0.0107528 -0.0277088 -0.00575264 0.00184146 -0.00710134 0.0864585 0.00884278
internal_weight=800000 740542 523088 59458 16931 649 42527 16282 14948 217454 422340 100748 1076 216635 74927 13727 173597 248743 141708 99672 235488 11752 106202 14251 69452
internal_count=800000 740542 523088 59458 16931 649 42527 16282 14948 217454 422340 100748 1076 216635 74927 13727 173597 248743 141708 99672 235488 11752 106202 14251 69452
cat_boundaries=0 1 2 3 4 5 6 7 8 9 10 11 12 13 14 15 16 17 18 19 20 21
cat_threshold=7 16 33 2 16 32 36 50 4 17 16 6 4 1 2 32 2 4 16 4 8
is_linear=0
shrinkage=0.05


Tree=175
num_leaves=26
num_cat=20
split_feature=1 0 1 1 1 0 1 0 0 0 0 0 0 0 0 0 0 0 0 0 0 0 0 0 0
split_gain=73712.7 175680 300122 38808.9 32249 19151.9 11058.9 5487.14 3885.21 2373.15 1285.48 927.621 2090.82 742.299 675.824 329.661 245.478 198.404 179.142 153.034 127.007 84.2896 18.9445 15.0254 6.18989
threshold=3.5000000000000004 0 4.5000000000000009 4.5000000000000009 2.5000000000000004 1 1.5000000000000002 2 3 4 5 6 7 8 9 10 11 12 13 14 15 16 17 18 19
decision_type=2 1 2 2 2 1 2 1 1 1 1 1 1 1 1 1 1 1 1 1 1 1 1 1 1
left_child=4 2 -2 8 6 -5 11 -7 -3 -6 16 -1 19 -10 15 -11 -8 -12 -16 -13 -19 -15 -22 -9 -20
right_child=1 3 -4 5 9 7 10 23 13 14 17 12 -14 21 18 -17 -18 20 24 -21 22 -23 -24 -25 -26
leaf_value=-0.1136152242193159 0.71443653830523091 -0.07794435432923702 -0.81666741622121719 0.51190910202627971 -0.07253153010645591 0.17034452957945792 -0.009568075435588401 0.093818130382343962 0.016764509186936047 0.024807145524455541 0.00082415821953984504 -0.025879264726384889 0.049320727219452735 0.0068172495697280486 0.011960736549131878 0.014819438892285961 -0.013774706839248375 -0.004410355380377754 0.0091164363127176715 -0.035941101081109122 -0.0060080406528304972 -0.001785066446882214 -0.0073617079097222822 0.081050450318470246 0.0080582704261057056
leaf_weight=292 2029 1221 380 269 819 2031 125425 1141 27525 9514 13255 95468 915 4821 72256 65413 48172 129286 22117 4073 48351 6931 57851 13110 47335
leaf_count=292 2029 1221 380 269 819 2031 125425 1141 27525 9514 13255 95468 915 4821 72256 65413 48172 129286 22117 4073 48351 6931 57851 13110 47335
internal_value=4.32041e-05 0.0536063 0.470962 0.0358939 -0.00425737 0.100409 -0.0109848 0.0932384 0.0095364 0.0119256 -0.00743402 -0.0258699 -0.025601 0.0122726 0.0122476 0.0160908 -0.0107361 -0.00512886 0.0102146 -0.0262945 -0.00546396 0.00174664 -0.00674604 0.0821378 0.00839651
internal_weight=800000 59458 2409 57049 740542 16551 523088 16282 40498 217454 422340 100748 100456 39277 216635 74927 173597 248743 141708 99541 235488 11752 106202 14251 69452
internal_count=800000 59458 2409 57049 740542 16551 523088 16282 40498 217454 422340 100748 100456 39277 216635 74927 173597 248743 141708 99541 235488 11752 106202 14251 69452
cat_boundaries=0 1 2 3 4 5 6 7 8 9 10 11 12 13 14 15 16 17 18 19 20
cat_threshold=40 16 2 16 32 36 8 48 1 17 16 4 1 2 32 2 4 16 4 8
is_linear=0
shrinkage=0.05


Tree=176
num_leaves=25
num_cat=20
split_feature=1 1 1 1 0 0 0 0 0 0 0 0 0 0 0 0 0 0 0 0 0 0 0 0
split_gain=66541.1 29108.4 9982.07 5881.88 36706.6 25905.6 13141 4098.54 2144.35 1160.02 945.005 610.207 297.614 278.923 221.646 220.955 179.328 160.935 114.768 86.9364 75.9529 17.0568 14.0288 5.56226
threshold=3.5000000000000004 2.5000000000000004 1.5000000000000002 4.5000000000000009 0 1 2 3 4 5 6 7 8 9 10 11 12 13 14 15 16 17 18 19
decision_type=2 2 2 2 1 1 1 1 1 1 1 1 1 1 1 1 1 1 1 1 1 1 1 1
left_child=1 2 10 5 -5 -2 22 20 -3 14 15 12 -10 -12 -4 -1 -11 -13 -18 -9 -7 -20 -6 -19
right_child=3 8 9 4 6 7 -8 19 11 16 13 17 -14 -15 -16 -17 18 23 21 -21 -22 -23 -24 -25
leaf_value=-0.054820439872410712 0.069726217530853854 -0.068951605600097068 -0.0090887139512309655 0.44387361549892312 0.089170677474433704 0.0064740337710576983 -0.057564549474045636 -0.054392994609227412 0.023570797394324331 0.00078760545387656299 -0.02458574874012693 0.011360327371958301 0.014080953343652947 -0.011135474298143877 -0.013085933451307928 -0.10812289383237726 -0.0041890321163210063 0.0086646538213485998 -0.0057090492664230753 -0.074081383867054623 -0.001691803721285162 -0.0069935353709083912 0.076995676025384818 0.0076613301019228452
leaf_weight=912 27579 819 125425 642 1141 4821 2038 1975 9514 13255 95468 72256 65413 4076 48172 292 129286 22117 48351 1221 6931 57851 13110 47335
leaf_count=912 27579 819 125425 642 1141 4821 2038 1975 9514 13255 95468 72256 65413 4076 48172 292 129286 22117 48351 1221 6931 57851 13110 47335
internal_value=4.22086e-05 -0.00404381 -0.0104353 0.0509331 0.0758568 0.0410103 0.0610422 -0.012009 0.0113309 -0.00706179 -0.0245771 0.0116371 0.0152889 -0.0240362 -0.0101986 -0.0685318 -0.004872 0.00970529 -0.00519059 -0.0621224 0.00166071 -0.00640933 0.0780323 0.00798204
internal_weight=800000 740542 523088 59458 16931 42527 16289 14948 217454 422340 100748 216635 74927 99544 173597 1204 248743 141708 235488 3196 11752 106202 14251 69452
internal_count=800000 740542 523088 59458 16931 42527 16289 14948 217454 422340 100748 216635 74927 99544 173597 1204 248743 141708 235488 3196 11752 106202 14251 69452
cat_boundaries=0 1 2 3 4 5 6 7 8 9 10 11 12 13 14 15 16 17 18 19 20
cat_threshold=24 33 5 6 32 36 14 17 16 32 4 6 1 2 2 8 4 16 4 8
is_linear=0
shrinkage=0.05


Tree=177
num_leaves=25
num_cat=19
split_feature=1 0 1 1 0 1 1 0 0 0 0 0 0 0 0 0 0 0 0 0 0 0 0 0
split_gain=60072.5 44632.3 44640.7 29846.6 30117.7 26273.2 9008.4 5806.18 1937.16 1046.07 855.456 551.237 268.757 251.626 200.756 199.954 161.893 145.778 103.02 78.6028 63.9446 15.4465 12.942 5.05728
threshold=3.5000000000000004 0 4.5000000000000009 4.5000000000000009 1 2.5000000000000004 1.5000000000000002 2 3 4 5 6 7 8 9 10 11 12 13 14 15 16 17 18
decision_type=2 1 2 2 1 2 2 1 1 1 1 1 1 1 1 1 1 1 1 1 1 1 1 1
left_child=5 2 -2 7 -5 6 10 20 -7 15 14 12 -10 -12 -1 -8 -11 -13 -18 -9 -3 -20 -6 -19
right_child=1 3 -4 4 22 8 9 19 11 16 13 17 -14 -15 -16 -17 18 23 21 -21 -22 -23 -24 -25
leaf_value=-0.052105774331247995 0.21099347883236774 0.01244405504166593 -0.054972253065698862 0.42201774866303055 0.084750170059353258 -0.065541928409811101 -0.0086352708798053176 -0.051686140199752539 0.022395614794651436 0.00074623640644923273 -0.023357183774092592 0.010793688161807377 0.013377591126076961 -0.010581961523593785 -0.10289607648028443 -0.012431861024078854 -0.0039850024831219778 0.0082291088991246625 -0.0054222243119256353 -0.070404166927384132 0.006155881129592331 -0.0066445329632217418 0.073153987799475836 0.0072727568361824401
leaf_weight=912 6985 27525 2038 642 1141 819 125425 1975 9514 13255 95468 72256 65413 4076 292 48172 129286 22117 48351 1221 4821 57851 13110 47335
leaf_count=912 6985 27525 2038 642 1141 819 125425 1975 9514 13255 95468 72256 65413 4076 292 48172 129286 22117 48351 1221 4821 57851 13110 47335
internal_value=3.9147e-05 0.0483932 0.150753 0.0300447 0.0894704 -0.00384319 -0.00991542 0.00515226 0.0107636 -0.00671068 -0.0233499 0.0110546 0.0145255 -0.0228352 -0.0651698 -0.00968945 -0.00463122 0.00921852 -0.00493392 -0.0590345 0.011509 -0.00608861 0.0741412 0.00757845
internal_weight=800000 59458 9023 50435 14893 740542 523088 35542 217454 422340 100748 216635 74927 99544 1204 173597 248743 141708 235488 3196 32346 106202 14251 69452
internal_count=800000 59458 9023 50435 14893 740542 523088 35542 217454 422340 100748 216635 74927 99544 1204 173597 248743 141708 235488 3196 32346 106202 14251 69452
cat_boundaries=0 1 2 3 4 5 6 7 8 9 10 11 12 13 14 15 16 17 18 19
cat_threshold=34 24 5 32 36 14 17 16 32 6 4 1 2 2 8 1 16 4 8
is_linear=0
shrinkage=0.05


Tree=178
num_leaves=25
num_cat=19
split_feature=1 1 1 0 1 0 1 0 0 0 0 0 0 0 0 0 0 0 0 0 0 0 0 0
split_gain=54211.4 23713.5 8130.31 5025.51 47797.8 14897.1 3260.78 2654.04 2075.23 1750.31 943.168 884.586 5993.38 497.85 368.346 242.363 201.781 180.334 146.257 131.339 93.0393 71.1356 13.8139 4.54058
threshold=3.5000000000000004 2.5000000000000004 1.5000000000000002 0 4.5000000000000009 1 4.5000000000000009 2 3 4 5 6 7 8 9 10 11 12 13 14 15 16 17 18
decision_type=2 2 2 1 2 1 2 1 1 1 1 1 1 1 1 1 1 1 1 1 1 1 1 1
left_child=1 2 11 6 7 -6 -2 14 -7 -3 17 16 -13 15 -5 -11 -1 -4 -12 -15 -20 -9 -22 -21
right_child=3 9 10 4 5 8 -8 21 -10 13 18 12 -14 19 -16 -17 -18 -19 20 23 22 -23 -24 -25
leaf_value=-0.02218758884659186 0.065618256581971179 -0.06230484809461348 -0.0082014814185161038 0.0058459908491927046 0.40123302424612223 0.16748040814659049 0.035335161235716554 -0.049112420454433647 0.08055406699068747 0.021276047003464457 0.00071157199501586867 -0.050032996528519391 0.21095683613761526 0.010254025792506782 -0.012138594586298594 0.012712244827650444 -0.033480867643066646 -0.011806993023118375 -0.0037855371797812076 0.007818825881598726 -0.0051544009607593158 -0.066914235199495228 -0.006310414771007182 0.0069124204116129979
leaf_weight=95468 27579 819 125425 4821 642 2031 13117 1975 1141 9514 13255 781 295 72256 6931 65413 4204 48172 129286 22117 48351 1221 57851 47335
leaf_count=95468 27579 819 125425 4821 642 2031 13117 1975 1141 9514 13255 781 295 72256 6931 65413 4204 48172 129286 22117 48351 1221 57851 47335
internal_value=3.82527e-05 -0.00364983 -0.00941869 0.0459729 0.0245194 0.182525 0.0558438 -0.0157795 0.136564 0.0102272 -0.00637413 -0.0221816 0.0228045 0.0105038 -0.00476212 0.0138023 -0.0226672 -0.00920261 -0.0043996 0.0087589 -0.00468732 -0.0561009 -0.00578465 0.00720215
internal_weight=800000 740542 523088 59458 18762 3814 40696 14948 3172 217454 422340 100748 1076 216635 11752 74927 99672 173597 248743 141708 235488 3196 106202 69452
internal_count=800000 740542 523088 59458 18762 3814 40696 14948 3172 217454 422340 100748 1076 216635 11752 74927 99672 173597 248743 141708 235488 3196 106202 69452
cat_boundaries=0 1 2 3 4 5 6 7 8 9 10 11 12 13 14 15 16 17 18 19
cat_threshold=33 24 6 2 32 36 50 4 17 4 16 32 4 1 2 2 8 16 8
is_linear=0
shrinkage=0.05


Tree=179
num_leaves=25
num_cat=19
split_feature=1 1 1 0 1 0 1 0 0 0 0 0 0 0 0 0 0 0 0 0 0 0 0 0
split_gain=48940.5 21400.5 7337.89 4533.42 43180.9 13474.5 2942.75 2396.89 1873.63 1581.45 914.593 2112.68 850.871 448.702 332.659 218.592 162.926 162.894 131.737 118.602 84.0023 64.3485 12.4992 4.08862
threshold=3.5000000000000004 2.5000000000000004 1.5000000000000002 0 4.5000000000000009 1 4.5000000000000009 2 3 4 5 6 7 8 9 10 11 12 13 14 15 16 17 18
decision_type=2 2 2 1 2 1 2 1 1 1 1 1 1 1 1 1 1 1 1 1 1 1 1 1
left_child=1 2 10 6 7 -6 -2 14 -7 -3 -1 17 16 15 -5 -11 -4 -12 -14 -15 -20 -9 -22 -21
right_child=3 9 12 4 5 8 -8 21 -10 13 11 -13 18 19 -16 -17 -18 -19 20 23 22 -23 -24 -25
leaf_value=-0.10811824545955027 0.062342567918497654 -0.059228560260179114 -0.0077897069808394908 0.0055536652716808603 0.38148813803503123 0.15915262908225314 0.033574122034613657 -0.046670486296454372 0.07655566200083179 0.020208189743799804 -0.02107855098163975 0.054472930495803422 0.00067148645733870348 0.0097431919568337147 -0.011537515854323707 0.012075191016935022 -0.01121677882565166 -0.031391956275974513 -0.0035955324280366736 0.0074283212815265467 -0.0048955861511628023 -0.063598315489185625 -0.0059951835167263573 0.0065681162544207793
leaf_weight=292 27579 819 125425 4821 642 2031 13117 1975 1141 9514 95468 915 13255 72256 6931 65413 48172 4073 129286 22117 48351 1221 57851 47335
leaf_count=292 27579 819 125425 4821 642 2031 13117 1975 1141 9514 95468 915 13255 72256 6931 65413 48172 4073 129286 22117 48351 1221 57851 47335
internal_value=3.73456e-05 -0.00346686 -0.00894715 0.0436818 0.0233057 0.173486 0.053057 -0.0149975 0.129776 0.00971605 -0.0210721 -0.0208063 -0.00605477 0.00997897 -0.00452747 0.0131105 -0.00874129 -0.0215037 -0.00417934 0.00832241 -0.0044524 -0.0533158 -0.00549507 0.00684308
internal_weight=800000 740542 523088 59458 18762 3814 40696 14948 3172 217454 100748 100456 422340 216635 11752 74927 173597 99541 248743 141708 235488 3196 106202 69452
internal_count=800000 740542 523088 59458 18762 3814 40696 14948 3172 217454 100748 100456 422340 216635 11752 74927 173597 99541 248743 141708 235488 3196 106202 69452
cat_boundaries=0 1 2 3 4 5 6 7 8 9 10 11 12 13 14 15 16 17 18 19
cat_threshold=33 24 6 2 32 8 48 36 17 4 16 4 32 1 2 2 8 16 8
is_linear=0
shrinkage=0.05


Tree=180
num_leaves=24
num_cat=18
split_feature=1 0 1 1 1 0 1 0 0 0 0 0 0 0 0 0 0 0 0 0 0 0 0
split_gain=44179.9 268585 487434 32465.5 19312.4 10312.7 6621.94 3436.95 1659.91 1429.04 924.984 767.456 611.811 404.263 269.715 223.594 197.584 147.037 119.132 107.236 75.8877 11.2982 3.66296
threshold=3.5000000000000004 0 4.5000000000000009 4.5000000000000009 2.5000000000000004 1 1.5000000000000002 2 3 4 5 6 7 8 9 10 11 12 13 14 15 16 17
decision_type=2 1 2 2 2 1 2 1 1 1 1 1 1 1 1 1 1 1 1 1 1 1 1
left_child=4 2 -2 8 6 7 10 -5 -3 -6 15 17 -10 16 -12 -1 -11 -8 -13 -15 -20 -22 -21
right_child=1 3 -4 5 9 -7 11 -9 12 13 14 18 -14 19 -16 -17 -18 -19 20 22 21 -23 -24
leaf_value=-0.049868783878400894 1.10554265759038 -0.044348613248964407 -1.2119799793630408 0.32041579562752431 -0.056308515339334855 0.066649712382572654 -0.0073994697336326231 0.15122727768377953 0.0054040279465540188 0.01919997790339413 -0.020023505985718119 0.00064203590165881272 -0.010956142567331073 0.0092581801947241426 -0.0068317064338026829 -0.10289147737010425 0.011467707142011322 -0.01065514182090403 -0.003416129111388048 0.0070546381051268736 -0.0046516391006923763 -0.0056970641144954426 0.0062401928238461322
leaf_weight=912 1275 1975 276 373 819 14251 125425 2031 32346 9514 95468 13255 6931 72256 4076 292 65413 48172 129286 22117 48351 57851 47335
leaf_count=912 1275 1975 276 373 819 14251 125425 2031 32346 9514 95468 13255 6931 72256 4076 292 65413 48172 129286 22117 48351 57851 47335
internal_value=3.5805e-05 0.0415032 0.6887 0.0240454 -0.00329361 0.08297 -0.00849968 0.178697 0.000261179 0.00922965 -0.020018 -0.00575202 0.00251498 0.00947958 -0.0194841 -0.0634697 0.012452 -0.00830346 -0.00397089 0.00790719 -0.00423056 -0.00522159 0.00650053
internal_weight=800000 59458 1551 57907 740542 16655 523088 2404 41252 217454 100748 422340 39277 216635 99544 1204 74927 173597 248743 141708 235488 106202 69452
internal_count=800000 59458 1551 57907 740542 16655 523088 2404 41252 217454 100748 422340 39277 216635 99544 1204 74927 173597 248743 141708 235488 106202 69452
cat_boundaries=0 1 2 3 4 5 6 7 8 9 10 11 12 13 14 15 16 17 18
cat_threshold=48 10 8 8 32 14 36 5 17 32 6 16 4 1 2 2 16 8
is_linear=0
shrinkage=0.05


Tree=181
num_leaves=24
num_cat=18
split_feature=1 0 1 1 0 1 0 1 0 0 0 0 0 0 0 0 0 0 0 0 0 0 0
split_gain=39884 42098.5 48599 26118 24733.4 17431.7 6649.08 5976 1586.17 1291.03 837.296 693.397 534.588 366.492 243.33 203.061 178.061 132.378 107.63 96.82 68.2667 10.1877 3.31578
threshold=3.5000000000000004 0 4.5000000000000009 4.5000000000000009 1 2.5000000000000004 2 1.5000000000000002 3 4 5 6 7 8 9 10 11 12 13 14 15 16 17
decision_type=2 1 2 2 1 2 1 2 1 1 1 1 1 1 1 1 1 1 1 1 1 1 1
left_child=5 2 -2 6 12 7 -3 10 -8 -7 15 17 -5 16 -12 -1 -11 -9 -13 -15 -20 -22 -21
right_child=1 3 -4 4 -6 9 8 11 -10 13 14 18 -14 19 -16 -17 -18 -19 20 22 21 -23 -24
leaf_value=-0.047401126191310927 0.20167623853034944 0.0051369366087162215 -0.075830768158438172 0.46618003571759847 0.06332127686933986 -0.053524600352251629 -0.042137977926797174 -0.0070326554696832763 -0.11527678685687986 0.018242232206737929 -0.019021925543352379 0.00061240226064050067 0.30481568279216559 0.0087926733435409448 -0.0064919344624992216 -0.097917233397629089 0.010901837026566538 -0.010121801020144962 -0.0032465464797974105 0.0066994907508278086 -0.0044177403316607048 -0.0054104608508834754 0.0059247344332570223
leaf_weight=912 6985 32346 2038 269 14251 819 1975 125425 1221 9514 95468 13255 373 72256 4076 292 65413 48172 129286 22117 48351 57851 47335
leaf_count=912 6985 32346 2038 269 14251 819 1975 125425 1221 9514 95468 13255 373 72256 4076 292 65413 48172 129286 22117 48351 57851 47335
internal_value=3.4083e-05 0.0394339 0.138843 0.0216175 0.0772063 -0.00312932 -0.00166954 -0.00807541 -0.0703523 0.00876855 -0.0190175 -0.0054652 0.378541 0.0090061 -0.0185096 -0.0603582 0.0118362 -0.00789041 -0.00377219 0.00750898 -0.004019 -0.00495896 0.00617238
internal_weight=800000 59458 9023 50435 14893 740542 35542 523088 3196 217454 100748 422340 642 216635 99544 1204 74927 173597 248743 141708 235488 106202 69452
internal_count=800000 59458 9023 50435 14893 740542 35542 523088 3196 217454 100748 422340 642 216635 99544 1204 74927 173597 248743 141708 235488 106202 69452
cat_boundaries=0 1 2 3 4 5 6 7 8 9 10 11 12 13 14 15 16 17 18
cat_threshold=34 24 5 8 32 14 36 16 17 32 6 16 4 1 2 2 16 8
is_linear=0
shrinkage=0.05


Tree=182
num_leaves=26
num_cat=20
split_feature=1 1 0 1 0 1 0 1 0 0 0 0 0 0 0 0 0 0 0 0 0 0 0 0 0
split_gain=36003.1 15730.7 5596.85 40628.3 12430.7 5394.75 4082.31 3903 1826.52 1166.24 1097.23 906.105 5990.67 627.044 487.713 329.732 231.379 211.218 161.028 119.764 96.8673 87.1197 61.7372 9.19825 3.01903
threshold=3.5000000000000004 2.5000000000000004 0 4.5000000000000009 1 1.5000000000000002 2 4.5000000000000009 3 4 5 6 7 8 9 10 11 12 13 14 15 16 17 18 19
decision_type=2 2 1 2 1 2 1 2 1 1 1 1 1 1 1 1 1 1 1 1 1 1 1 1 1
left_child=1 5 7 6 14 11 -4 -2 -6 -3 -8 17 -13 19 -5 18 -12 -1 -11 -7 -15 -17 -22 -24 -23
right_child=2 9 3 4 8 13 10 -9 -10 15 16 12 -14 20 -16 21 -18 -19 -20 -21 22 24 23 -25 -26
leaf_value=-0.018071813021425544 0.058570173763352232 -0.050877036174042524 -0.10955406951284526 0.4437043227602504 0.14748235400665746 -0.0066823222359954446 0.0047528065353958926 0.025438848272132976 0.066323796952941133 0.017331135207892766 -0.020479418492561081 -0.045449241102872101 0.21552208196921427 0.00057763366037793672 0.28997209414489589 0.0083524699453016524 -0.040043510033441733 -0.029584629718421136 0.010350714967012599 -0.0096205964271922594 -0.0030815236219718396 0.0063696935269837683 -0.0041957180093948384 -0.0051389944116391958 0.0056306593042201036
leaf_weight=95468 27579 819 1221 269 2031 125425 4821 13117 1141 9514 6931 781 295 13255 373 72256 1975 4204 65413 48172 129286 22117 48351 57851 47335
leaf_count=95468 27579 819 1221 269 2031 125425 4821 13117 1141 9514 6931 781 295 13255 373 72256 1975 4204 65413 48172 129286 22117 48351 57851 47335
internal_value=3.217e-05 -0.00297339 0.0374661 0.0148449 0.160515 -0.00767195 -0.022313 0.0478796 0.118589 0.00832905 -0.0144626 -0.0180683 0.0274253 -0.00519193 0.360204 0.00855483 -0.024858 -0.0185603 0.0112393 -0.00749818 -0.00358196 0.00713477 -0.00381611 -0.00470998 0.00586689
internal_weight=800000 740542 59458 18762 3814 523088 14948 40696 3172 217454 13727 100748 1076 422340 642 216635 8906 99672 74927 173597 248743 141708 235488 106202 69452
internal_count=800000 740542 59458 18762 3814 523088 14948 40696 3172 217454 13727 100748 1076 422340 642 216635 8906 99672 74927 173597 248743 141708 235488 106202 69452
cat_boundaries=0 1 2 3 4 5 6 7 8 9 10 11 12 13 14 15 16 17 18 19 20
cat_threshold=33 24 16 2 32 4 50 4 36 16 17 2 32 16 4 1 2 2 16 8
is_linear=0
shrinkage=0.05


Tree=183
num_leaves=26
num_cat=20
split_feature=1 1 0 1 0 1 0 1 0 0 0 0 0 0 0 0 0 0 0 0 0 0 0 0 0
split_gain=32504 14198.6 5045.02 36720.7 11271.7 4867.17 3688.07 3521.87 1648.66 1053.58 990.253 903.039 2130.23 564.678 444.864 297.764 209.09 170.827 145.383 108.202 87.5794 78.9814 56.0534 8.26957 2.71164
threshold=3.5000000000000004 2.5000000000000004 0 4.5000000000000009 1 1.5000000000000002 2 4.5000000000000009 3 4 5 6 7 8 9 10 11 12 13 14 15 16 17 18 19
decision_type=2 2 1 2 1 2 1 2 1 1 1 1 1 1 1 1 1 1 1 1 1 1 1 1 1
left_child=1 5 7 6 14 11 -4 -2 -6 -3 -8 -1 17 19 -5 18 -12 -13 -11 -7 -15 -17 -22 -24 -23
right_child=2 9 3 4 8 13 10 -9 -10 15 16 12 -14 20 -16 21 -18 -19 -20 -21 22 24 23 -25 -26
leaf_value=-0.10360413734486561 0.055641222621800747 -0.048360803417762603 -0.10412532758364146 0.42231406140071093 0.14013938997260267 -0.0063462443010943994 0.0045126175293145636 0.024169091857714726 0.063032607533536095 0.016467019526310602 -0.019455402265998546 -0.017167773958240259 0.05866901902894716 0.00054980105828933347 0.27585556090033708 0.0079376049013771006 -0.038053104198849774 -0.027686884456950313 0.0098343555964776081 -0.0091390757309158851 -0.0029280404232616634 0.0060475853136295107 -0.003992078598166653 -0.0048865227234400439 0.0053470713335126464
leaf_weight=292 27579 819 1221 269 2031 125425 4821 13117 1141 9514 6931 95468 915 13255 373 72256 1975 4073 65413 48172 129286 22117 48351 57851 47335
leaf_count=292 27579 819 1221 269 2031 125425 4821 13117 1141 9514 6931 95468 915 13255 373 72256 1975 4073 65413 48172 129286 22117 48351 57851 47335
internal_value=3.08743e-05 -0.0028249 0.0355992 0.0141221 0.15261 -0.00728879 -0.0212037 0.0454861 0.112689 0.00791305 -0.0137421 -0.0171637 -0.0169005 -0.00493316 0.342758 0.00812766 -0.0236177 -0.0176009 0.0106786 -0.00712172 -0.00340535 0.00677819 -0.00362799 -0.00447972 0.00557099
internal_weight=800000 740542 59458 18762 3814 523088 14948 40696 3172 217454 13727 100748 100456 422340 642 216635 8906 99541 74927 173597 248743 141708 235488 106202 69452
internal_count=800000 740542 59458 18762 3814 523088 14948 40696 3172 217454 13727 100748 100456 422340 642 216635 8906 99541 74927 173597 248743 141708 235488 106202 69452
cat_boundaries=0 1 2 3 4 5 6 7 8 9 10 11 12 13 14 15 16 17 18 19 20
cat_threshold=33 24 16 2 32 4 8 48 36 16 17 2 32 16 4 1 2 2 16 8
is_linear=0
shrinkage=0.05


Tree=184
num_leaves=26
num_cat=20
split_feature=1 1 0 1 0 1 0 1 0 0 0 0 0 0 0 0 0 0 0 0 0 0 0 0 0
split_gain=29345 12813.8 4546.49 33188.6 10219.7 4393.94 3331.39 3179.41 1488.33 952.118 907.713 893.725 509.8 405.849 269.118 262.415 225.251 188.881 131.015 97.2892 79.0246 70.9496 50.4486 7.55795 2.47198
threshold=3.5000000000000004 2.5000000000000004 0 4.5000000000000009 1 1.5000000000000002 2 4.5000000000000009 3 4 5 6 7 8 9 10 11 12 13 14 15 16 17 18 19
decision_type=2 2 1 2 1 2 1 2 1 1 1 1 1 1 1 1 1 1 1 1 1 1 1 1 1
left_child=1 5 7 6 13 10 -4 -2 -6 -3 16 -8 19 -5 18 -12 -1 -13 -11 -7 -14 -16 -22 -24 -23
right_child=2 9 3 4 8 12 11 -9 -10 14 15 17 20 -15 21 -17 -18 -19 -20 -21 22 24 23 -25 -26
leaf_value=-0.045822484012281041 0.0528599507742811 -0.045978374964365486 -0.098956750564513224 0.40194882218555739 0.13316757028328327 -0.0060303409774244421 0.0042869441530468105 0.022957109581581692 0.05990539049708668 0.015641273665157801 -0.016310511910098073 -0.018481184642436164 0.00052250711503587846 0.26241749795858915 0.0075371410456549119 -0.0033220864398422279 -0.098594579633498047 -0.036157154112078385 0.0093448474370279675 -0.0086786127393289544 -0.0027819615501443462 0.0057489343507768189 -0.0037878984355967926 -0.0046428842307707011 0.0050803553550721019
leaf_weight=912 27579 819 1221 269 2031 125425 4821 13117 1141 9514 95468 6931 13255 373 72256 4076 292 1975 65413 48172 129286 22117 48351 57851 47335
leaf_count=912 27579 819 1221 269 2031 125425 4821 13117 1141 9514 95468 6931 13255 373 72256 4076 292 1975 65413 48172 129286 22117 48351 57851 47335
internal_value=2.97152e-05 -0.00268374 0.0338254 0.0134371 0.145096 -0.00692437 -0.0201469 0.0432111 0.107086 0.00751715 -0.016307 -0.0130552 -0.00468618 0.32615 0.00772116 -0.0157791 -0.0593278 -0.0224372 0.0101463 -0.00676568 -0.00323451 0.00643824 -0.003446 -0.00425402 0.00529406
internal_weight=800000 740542 59458 18762 3814 523088 14948 40696 3172 217454 100748 13727 422340 642 216635 99544 1204 8906 74927 173597 248743 141708 235488 106202 69452
internal_count=800000 740542 59458 18762 3814 523088 14948 40696 3172 217454 100748 13727 422340 642 216635 99544 1204 8906 74927 173597 248743 141708 235488 106202 69452
cat_boundaries=0 1 2 3 4 5 6 7 8 9 10 11 12 13 14 15 16 17 18 19 20
cat_threshold=33 24 16 2 32 14 4 36 16 17 32 6 2 16 4 1 2 2 16 8
is_linear=0
shrinkage=0.05


Tree=185
num_leaves=26
num_cat=20
split_feature=1 1 0 1 0 1 0 1 0 0 0 0 0 0 0 0 0 0 0 0 0 0 0 0 0
split_gain=26491.1 11565.5 4098.83 29999 9267.05 3966.95 3009.26 2867.5 1343.24 860.424 843.303 5881.34 807.634 460.787 370.242 242.309 197.967 170.432 118.432 87.6627 71.2463 63.9643 45.5735 6.69885 2.19781
threshold=3.5000000000000004 2.5000000000000004 0 4.5000000000000009 1 1.5000000000000002 2 4.5000000000000009 3 4 5 6 7 8 9 10 11 12 13 14 15 16 17 18 19
decision_type=2 2 1 2 1 2 1 2 1 1 1 1 1 1 1 1 1 1 1 1 1 1 1 1 1
left_child=1 5 7 6 14 10 -4 -2 -6 -3 16 -12 -8 19 -5 18 -1 -14 -11 -7 -15 -17 -22 -24 -23
right_child=2 9 3 4 8 13 12 -9 -10 15 11 -13 17 20 -16 21 -18 -19 -20 -21 22 24 23 -25 -26
leaf_value=-0.01549667909839101 0.050213387820545102 -0.043713137324095062 -0.09405228555154066 0.38257960316100859 0.12653717833485809 -0.0057311615233224221 0.0040762441544719332 0.02181518508810509 0.056936366950605978 0.014860758271752062 -0.043839576181057285 0.21475126422819546 -0.017570255902225353 0.00049528938664430229 0.24964428894202331 0.0071612348314490683 -0.026627400934724488 -0.034361021873032117 0.008874369674147814 -0.0082450118873827055 -0.0026417165555778139 0.0054606128440405598 -0.003601931683594831 -0.0044069953732933827 0.0048297824793146968
leaf_weight=95468 27579 819 1221 269 2031 125425 4821 13117 1141 9514 781 295 6931 13255 373 72256 4204 1975 65413 48172 129286 22117 48351 57851 47335
leaf_count=95468 27579 819 1221 269 2031 125425 4821 13117 1141 9514 781 295 6931 13255 373 72256 4204 1975 65413 48172 129286 22117 48351 57851 47335
internal_value=2.80879e-05 -0.00255005 0.0321384 0.0127798 0.137952 -0.00657883 -0.0191496 0.0410501 0.101759 0.00714124 -0.0154939 0.0283812 -0.0124095 -0.00445217 0.310358 0.00733517 -0.0159688 -0.0213281 0.00963638 -0.00642917 -0.00307204 0.00611783 -0.00327285 -0.00404084 0.00503143
internal_weight=800000 740542 59458 18762 3814 523088 14948 40696 3172 217454 100748 1076 13727 422340 642 216635 99672 8906 74927 173597 248743 141708 235488 106202 69452
internal_count=800000 740542 59458 18762 3814 523088 14948 40696 3172 217454 100748 1076 13727 422340 642 216635 99672 8906 74927 173597 248743 141708 235488 106202 69452
cat_boundaries=0 1 2 3 4 5 6 7 8 9 10 11 12 13 14 15 16 17 18 19 20
cat_threshold=33 24 16 2 32 50 4 4 36 16 17 32 2 16 4 1 2 2 16 8
is_linear=0
shrinkage=0.05


Tree=186
num_leaves=25
num_cat=19
split_feature=1 0 1 1 0 1 1 0 0 0 0 0 0 0 0 0 0 0 0 0 0 0 0 0
split_gain=23920.3 40959.1 54771.3 23259.4 14390.9 10439.3 3579.44 3295.04 968.695 2069.67 777.219 592.787 415.877 337.872 219.187 158.691 157.64 106.71 79.4606 64.4148 57.7951 40.6432 6.11635 1.97283
threshold=3.5000000000000004 0 4.5000000000000009 4.5000000000000009 1 2.5000000000000004 1.5000000000000002 2 3 4 5 6 7 8 9 10 11 12 13 14 15 16 17 18
decision_type=2 1 2 2 1 2 2 1 1 1 1 1 1 1 1 1 1 1 1 1 1 1 1 1
left_child=5 2 -2 7 13 6 8 -3 -1 16 -7 15 18 -5 17 -9 -10 -12 -8 -14 -16 -21 -23 -22
right_child=1 3 -4 4 -6 10 12 11 9 -11 14 -13 19 -15 20 -17 -18 -19 -20 21 23 22 -24 -25
leaf_value=-0.10421054915876578 0.19527462491668288 -0.089385540634514746 -0.099328160777293201 0.36413951996834049 0.054824334469005226 -0.041548529925191077 -0.0054440380727023086 0.0038731561193701101 -0.014722243078308484 0.060030474482355892 0.014116559490242309 -0.032647353203530877 0.00047274431731176973 0.23748291752668338 0.0068027851620041935 -0.0059567559402911576 -0.024812835225748311 0.0084341088435753494 -0.007837379389932269 -0.0025141606028754736 0.0051850016260295796 -0.0034161169405070879 -0.0041852852618339325 0.0045872107749630377
leaf_weight=292 6985 1221 2038 269 14251 819 125425 4821 95468 915 9514 1975 13255 373 72256 27525 4073 65413 48172 129286 22117 48351 57851 47335
leaf_count=292 6985 1221 2038 269 14251 819 125425 4821 95468 915 9514 1975 13255 373 72256 27525 4073 65413 48172 129286 22117 48351 57851 47335
internal_value=2.69426e-05 0.0305395 0.128591 0.0129697 0.0654268 -0.0024229 -0.00625052 -0.00900756 -0.0147189 -0.014447 0.00678446 -0.00612021 -0.0042304 0.295323 0.00696878 -0.00449092 -0.0151376 0.00915744 -0.00610859 -0.00291925 0.00581098 -0.00311019 -0.00383546 0.0047783
internal_weight=800000 59458 9023 50435 14893 740542 523088 35542 100748 100456 217454 34321 422340 642 216635 32346 99541 74927 173597 248743 141708 235488 106202 69452
internal_count=800000 59458 9023 50435 14893 740542 523088 35542 100748 100456 217454 34321 422340 642 216635 32346 99541 74927 173597 248743 141708 235488 106202 69452
cat_boundaries=0 1 2 3 4 5 6 7 8 9 10 11 12 13 14 15 16 17 18 19
cat_threshold=34 24 16 8 48 32 5 36 16 17 4 32 16 4 1 2 2 16 8
is_linear=0
shrinkage=0.05


Tree=187
num_leaves=26
num_cat=20
split_feature=1 1 0 1 0 1 1 0 0 0 0 0 0 0 0 0 0 0 0 0 0 0 0 0 0
split_gain=21592.4 9416.61 4455.17 28359.6 7044.18 3231.63 3201.74 2110.34 1524.19 1215.85 970.638 702.068 375.842 307.966 279.292 244.8 197.227 96.5373 71.2616 57.9696 52.0845 37.0504 6.92175 5.47883 1.83343
threshold=3.5000000000000004 2.5000000000000004 0 4.5000000000000009 1 1.5000000000000002 4.5000000000000009 2 3 4 5 6 7 8 9 10 11 12 13 14 15 16 17 18 19
decision_type=2 2 1 2 1 2 2 1 1 1 1 1 1 1 1 1 1 1 1 1 1 1 1 1 1
left_child=1 5 6 7 13 10 -2 -4 -6 -9 15 -3 18 -5 -12 -1 17 -13 -7 -14 -18 -21 -11 -23 -22
right_child=2 11 3 4 8 12 -8 9 -10 22 14 16 19 -15 -16 -17 20 -19 -20 21 24 23 -24 -25 -26
leaf_value=-0.044482857648307485 0.047988487302299571 -0.039492553968625138 -0.084950937399720872 0.34657678501580352 0.1251838160752666 -0.0051723949371397498 0.017980803921335924 0.0036806412351178329 0.051405012797884689 -0.026443940819280157 -0.013984978581811306 0.01341240602298626 0.00044803025540072561 0.22592464576502072 -0.00060148754075526961 -0.099169962295633282 0.0064627579278423069 0.0080076490504581727 -0.0074389224855833797 -0.0023818600916830036 0.0049324920746703334 -0.0032464780961507576 -0.031027069860501619 -0.0039745076260052714 0.0043568974103251812
leaf_weight=912 27579 819 1221 269 2031 125425 13117 4821 1141 6931 95468 9514 13255 373 4076 292 72256 65413 48172 129286 22117 48351 1975 57851 47335
leaf_count=912 27579 819 1221 269 2031 125425 13117 4821 1141 6931 95468 9514 13255 373 4076 292 72256 65413 48172 129286 22117 48351 1975 57851 47335
internal_value=2.71729e-05 -0.00230041 0.029017 0.00884093 0.130543 -0.0059357 0.0383071 -0.0222056 0.0988898 -0.0165506 -0.0139822 0.00644431 -0.00401623 0.281019 -0.0134371 -0.0584535 0.00661949 0.00869563 -0.00580173 -0.00276979 0.00552122 -0.00295092 -0.027494 -0.00364339 0.00454088
internal_weight=800000 740542 59458 18762 3814 523088 40696 14948 3172 13727 100748 217454 422340 642 99544 1204 216635 74927 173597 248743 141708 235488 8906 106202 69452
internal_count=800000 740542 59458 18762 3814 523088 40696 14948 3172 13727 100748 217454 422340 642 99544 1204 216635 74927 173597 248743 141708 235488 8906 106202 69452
cat_boundaries=0 1 2 3 4 5 6 7 8 9 10 11 12 13 14 15 16 17 18 19 20
cat_threshold=33 24 16 2 4 14 32 36 16 32 6 17 16 4 1 2 2 2 16 8
is_linear=0
shrinkage=0.05


Tree=188
num_leaves=26
num_cat=20
split_feature=1 0 1 1 0 1 0 1 0 0 0 0 0 0 0 0 0 0 0 0 0 0 0 0 0
split_gain=19497.7 64939.8 156064 31180.7 10678.4 8498.32 3212.61 2916.95 2217.94 878.37 877.048 634.542 338.579 281.1 251.959 222.253 178.243 87.1404 64.8614 52.3267 46.9196 33.622 6.35437 4.917 1.60265
threshold=3.5000000000000004 0 4.5000000000000009 4.5000000000000009 1 2.5000000000000004 2 1.5000000000000002 3 4 5 6 7 8 9 10 11 12 13 14 15 16 17 18 19
decision_type=2 1 2 2 1 2 1 2 1 1 1 1 1 1 1 1 1 1 1 1 1 1 1 1 1
left_child=5 2 -2 8 13 7 -6 9 -3 15 -10 -7 18 -5 -11 -1 17 -13 -9 -14 -18 -21 -12 -23 -22
right_child=1 3 -4 4 6 11 -8 12 10 14 22 16 19 -15 -16 -17 20 -19 -20 21 24 23 -24 -25 -26
leaf_value=-0.042279936641519349 0.30688668144421705 -0.080742748765612313 -0.34110559864092993 0.32987036756289906 0.1189566047328293 -0.037549793993463282 0.051217864097618471 -0.0049094893651318999 -0.0080576172254036623 -0.013285364277933812 -0.02511158660000536 0.012743632075467165 0.00042502590543227158 0.21491263367177302 -0.00057359832323945401 -0.094377627593792035 0.0061381690492203229 0.0076086522147209542 -0.0070718044906311565 -0.0022621719034100771 0.0046806819979731927 -0.0030878750705701247 -0.029485054880906116 -0.0037776145362138679 0.0041418088654528095
leaf_weight=912 4875 1221 1148 269 2031 819 13110 125425 27525 95468 6931 9514 13255 373 4076 292 72256 65413 48172 129286 22117 48351 1975 57851 47335
leaf_count=912 4875 1221 1148 269 2031 819 13110 125425 27525 95468 6931 9514 13255 373 4076 292 72256 65413 48172 129286 22117 48351 1975 57851 47335
internal_value=2.64646e-05 0.0275742 0.183074 0.0100108 0.0690055 -0.00218534 0.0603768 -0.00563883 -0.014716 -0.0132835 -0.0124775 0.00612206 -0.00381521 0.267401 -0.012765 -0.0555883 0.00628861 0.00826229 -0.00550989 -0.00263217 0.00524453 -0.00280427 -0.0261134 -0.00346391 0.00431406
internal_weight=800000 59458 6023 53435 15783 740542 15141 523088 37652 100748 36431 217454 422340 642 99544 1204 216635 74927 173597 248743 141708 235488 8906 106202 69452
internal_count=800000 59458 6023 53435 15783 740542 15141 523088 37652 100748 36431 217454 422340 642 99544 1204 216635 74927 173597 248743 141708 235488 8906 106202 69452
cat_boundaries=0 1 2 3 4 5 6 7 8 9 10 11 12 13 14 15 16 17 18 19 20
cat_threshold=36 24 2 16 14 1 32 36 16 32 6 17 16 4 1 2 2 2 16 8
is_linear=0
shrinkage=0.05


Tree=189
num_leaves=26
num_cat=20
split_feature=1 1 0 1 0 1 1 0 0 0 0 0 0 0 0 0 0 0 0 0 0 0 0 0 0
split_gain=17599.1 7674.11 4781.15 26901.3 5292.44 3511.66 2633.53 1436.09 872.929 5895.69 583.954 573.141 305.281 256.335 208.411 207.691 160.812 78.6982 58.6229 47.2478 42.6275 30.1227 5.72947 4.55693 1.47745
threshold=3.5000000000000004 2.5000000000000004 0 4.5000000000000009 1 4.5000000000000009 1.5000000000000002 2 3 4 5 6 7 8 9 10 11 12 13 14 15 16 17 18 19
decision_type=2 2 1 2 1 2 2 1 1 1 1 1 1 1 1 1 1 1 1 1 1 1 1 1 1
left_child=1 6 5 7 13 -2 8 -4 15 -10 -6 -3 18 -5 -9 -1 17 -13 -8 -14 -18 -21 -16 -23 -22
right_child=2 11 3 4 10 -7 12 14 9 -11 -12 16 19 -15 22 -17 20 -19 -20 21 24 23 -24 -25 -26
leaf_value=-0.012623169709866081 0.045958838270933715 -0.035687271504695514 -0.07673095002782529 0.31396805479535067 0.11303659389557529 0.014532382853412679 -0.0046637492936932997 -0.011816885120452647 -0.04035372703928411 0.21859031552174055 0.065754441304583841 0.012109633164964571 0.00040305387466033809 0.20445026168624045 -0.023861746066002353 -0.024003161516130734 0.0058362610482049155 0.0072297327983798995 -0.0067194434814734985 -0.0021524072438386271 0.0044493038687622166 -0.0029279899474904561 -0.028015932135978333 -0.0035918252870809526 0.003932378013353814
leaf_weight=95468 27579 819 1221 269 2031 13117 125425 4821 781 295 1141 9514 13255 373 6931 4204 72256 65413 48172 129286 22117 48351 1975 57851 47335
leaf_count=95468 27579 819 1221 269 2031 13117 125425 4821 781 295 1141 9514 13255 373 6931 4204 72256 65413 48172 129286 22117 48351 1975 57851 47335
internal_value=2.49964e-05 -0.00207637 0.0261972 0.00530116 0.123831 0.0358208 -0.00535812 -0.0249384 -0.0126219 0.0319984 0.0962888 0.00581792 -0.00362535 0.25445 -0.0202609 -0.0131055 0.0059762 0.0078509 -0.00523454 -0.00250199 0.00498449 -0.00266552 -0.0248134 -0.0032899 0.00409761
internal_weight=800000 740542 59458 18762 3814 40696 523088 14948 100748 1076 3172 217454 422340 642 13727 99672 216635 74927 173597 248743 141708 235488 8906 106202 69452
internal_count=800000 740542 59458 18762 3814 40696 523088 14948 100748 1076 3172 217454 422340 642 13727 99672 216635 74927 173597 248743 141708 235488 8906 106202 69452
cat_boundaries=0 1 2 3 4 5 6 7 8 9 10 11 12 13 14 15 16 17 18 19 20
cat_threshold=33 24 16 50 4 2 32 36 16 4 32 17 16 4 1 2 2 2 16 8
is_linear=0
shrinkage=0.05


Tree=190
num_leaves=26
num_cat=20
split_feature=1 0 1 1 1 0 0 1 0 0 0 0 0 0 0 0 0 0 0 0 0 0 0 0 0
split_gain=15888.5 169614 363341 26315.3 6922.9 6416.08 2400.43 2375.55 1749.44 945.619 2093.72 517.896 357.231 276.731 165.897 144.759 71.2069 70.689 52.6434 42.545 38.4766 27.2817 4.05977 1.84484 1.30919
threshold=3.5000000000000004 0 4.5000000000000009 4.5000000000000009 2.5000000000000004 1 2 1.5000000000000002 3 4 5 6 7 8 9 10 11 12 13 14 15 16 17 18 19
decision_type=2 1 2 2 2 1 1 2 1 1 1 1 1 1 1 1 1 1 1 1 1 1 1 1 1
left_child=4 2 -2 8 7 -5 -7 9 -3 -1 14 -6 23 18 -11 16 -13 -8 -9 -15 -17 -21 -23 -10 -22
right_child=1 3 -4 5 11 6 17 13 12 10 -12 15 -14 19 -16 20 -18 -19 -20 21 24 22 -24 -25 -26
leaf_value=-0.10038274802908993 0.70251465464178831 -0.072923515174177778 -0.98214793757388463 0.29883667183606 -0.033928632563647372 0.10741559990710454 0.062505267875076473 -0.0044349119174464753 -0.0099546332774500864 -0.011990067140730289 0.063177834381928311 0.011505579107301369 -0.022670059825137135 0.00038249888961107561 -0.022320058522141511 0.0055443062234755598 0.0068637970230990934 0.047923212880041546 -0.0063829688640703909 -0.0020410434427628379 0.0042237870114696669 -0.002781925129241164 -0.0034085717920432006 -0.011228728980362675 0.003736813120510123
leaf_weight=292 2029 1221 380 269 819 2031 1141 125425 27525 95468 915 9514 6931 13255 4073 72256 65413 13110 48172 129286 22117 48351 57851 4821 47335
leaf_count=292 2029 1221 380 269 819 2031 1141 125425 27525 95468 915 9514 6931 13255 4073 72256 65413 13110 48172 129286 22117 48351 57851 4821 47335
internal_value=2.41898e-05 0.0248919 0.434967 0.00749817 -0.00197244 0.0606191 0.0564652 -0.00508943 -0.0142098 -0.0119883 -0.0117202 0.00552552 -0.0123629 -0.00344372 -0.0124149 0.00567598 0.00745465 0.0491337 -0.00497582 -0.00237418 0.00473507 -0.00252936 -0.00312356 -0.0101479 0.00389248
internal_weight=800000 59458 2409 57049 740542 16551 16282 523088 40498 100748 100456 217454 39277 422340 99541 216635 74927 14251 173597 248743 141708 235488 106202 32346 69452
internal_count=800000 59458 2409 57049 740542 16551 16282 523088 40498 100748 100456 217454 39277 422340 99541 216635 74927 14251 173597 248743 141708 235488 106202 32346 69452
cat_boundaries=0 1 2 3 4 5 6 7 8 9 10 11 12 13 14 15 16 17 18 19 20
cat_threshold=40 16 2 16 8 48 32 5 36 32 17 16 4 4 1 2 2 16 1 8
is_linear=0
shrinkage=0.05


Tree=191
num_leaves=24
num_cat=18
split_feature=1 1 0 1 0 1 0 1 0 0 0 0 0 0 0 0 0 0 0 0 0 0 0
split_gain=14340.6 6244.71 5064.98 25564.4 6678.5 3790.19 2281.21 2143.73 943.974 475.334 467.747 269.807 248.542 241.876 132.19 130.96 64.1326 47.7261 38.4224 34.6306 24.5912 3.58793 1.20111
threshold=3.5000000000000004 2.5000000000000004 0 4.5000000000000009 1 4.5000000000000009 2 1.5000000000000002 3 4 5 6 7 8 9 10 11 12 13 14 15 16 17
decision_type=2 2 1 2 1 2 1 2 1 1 1 1 1 1 1 1 1 1 1 1 1 1 1
left_child=1 7 5 6 -5 -2 14 8 13 -6 -3 -10 17 -1 -4 16 -12 -9 -14 -17 -20 -22 -21
right_child=2 10 3 4 9 -7 -8 12 11 -11 15 -13 18 -15 -16 19 -18 -19 20 22 21 -23 -24
leaf_value=-0.041435290158700011 0.044084426823133155 -0.032248296611127866 -0.01067352294921875 0.26405839393475306 0.10207085195912385 0.011435417457534618 -0.064735787939594003 -0.0042082377043099976 -0.011389574967320834 0.059407413510733545 0.010926199835521342 0.0017536960596905233 0.00036203631714879457 -0.095531117521374442 -0.021539568684661344 0.0052627594594433121 0.0065209968126900874 -0.0060630624338122874 -0.0019415364917766459 0.0040127629566145224 -0.0026480522367947896 -0.0032372842008331899 0.0035466692714306428
leaf_weight=912 27579 819 4821 642 2031 13117 3196 125425 95468 1141 9514 4076 13255 292 6931 72256 65413 48172 129286 22117 48351 57851 47335
leaf_count=912 27579 819 4821 642 2031 13117 3196 125425 95468 1141 9514 4076 13255 292 6931 72256 65413 48172 129286 22117 48351 57851 47335
internal_value=2.26235e-05 -0.00187425 0.023648 0.00214456 0.11769 0.0335529 -0.0273356 -0.00483463 -0.0113882 0.0869593 0.00524698 -0.0108513 -0.00327129 -0.0552337 -0.0170949 0.00538997 0.00708174 -0.00472326 -0.00225768 0.00449503 -0.00240515 -0.0029693 0.00369565
internal_weight=800000 740542 59458 18762 3814 40696 14948 523088 100748 3172 217454 99544 422340 1204 11752 216635 74927 173597 248743 141708 235488 106202 69452
internal_count=800000 740542 59458 18762 3814 40696 14948 523088 100748 3172 217454 99544 422340 1204 11752 216635 74927 173597 248743 141708 235488 106202 69452
cat_boundaries=0 1 2 3 4 5 6 7 8 9 10 11 12 13 14 15 16 17 18
cat_threshold=33 24 6 14 2 32 32 36 6 4 17 16 4 1 2 2 16 8
is_linear=0
shrinkage=0.05


Tree=192
num_leaves=24
num_cat=18
split_feature=1 1 0 1 0 1 0 1 0 0 0 0 0 0 0 0 0 0 0 0 0 0 0
split_gain=12948.5 5642.11 4569.96 23090.5 6040.48 3418.19 2059.63 1934.04 854.187 429.193 422.731 243.583 224.87 219.494 119.463 118.349 57.8057 43.0621 34.8215 31.5613 22.3051 3.33527 1.11496
threshold=3.5000000000000004 2.5000000000000004 0 4.5000000000000009 1 4.5000000000000009 2 1.5000000000000002 3 4 5 6 7 8 9 10 11 12 13 14 15 16 17
decision_type=2 2 1 2 1 2 1 2 1 1 1 1 1 1 1 1 1 1 1 1 1 1 1
left_child=1 7 5 6 -5 -2 14 8 13 -6 -3 -10 17 -1 -4 16 -12 -9 -14 -17 -20 -22 -21
right_child=2 10 3 4 9 -7 -8 12 11 -11 15 -13 18 -15 -16 19 -18 -19 20 22 21 -23 -24
leaf_value=-0.039385269365703725 0.041881451895512831 -0.030656675147780178 -0.010136417522363302 0.2510588683965016 0.096992577156093066 0.010876058516110136 -0.061508745352922944 -0.0040010962936931141 -0.010819658788308942 0.056452553666849738 0.010382837650406415 0.0016685463841849546 0.00034885466166186056 -0.090909542311106303 -0.020466017300586951 0.0050068020315843058 0.0062005349978718725 -0.0057629671247625691 -0.0018439330229766888 0.0038159594370108033 -0.0025131113931836481 -0.0030810654648554211 0.0033674125901017879
leaf_weight=912 27579 819 4821 642 2031 13117 3196 125425 95468 1141 9514 4076 13255 292 6931 72256 65413 48172 129286 22117 48351 57851 47335
leaf_count=912 27579 819 4821 642 2031 13117 3196 125425 95468 1141 9514 4076 13255 292 6931 72256 65413 48172 129286 22117 48351 57851 47335
internal_value=2.22512e-05 -0.00178021 0.0224716 0.00204605 0.111859 0.0318801 -0.0259714 -0.00459413 -0.010819 0.0826332 0.00498872 -0.0103082 -0.00310921 -0.0525271 -0.0162407 0.00512466 0.00673291 -0.00449031 -0.00214508 0.00427389 -0.00228547 -0.00282275 0.00351078
internal_weight=800000 740542 59458 18762 3814 40696 14948 523088 100748 3172 217454 99544 422340 1204 11752 216635 74927 173597 248743 141708 235488 106202 69452
internal_count=800000 740542 59458 18762 3814 40696 14948 523088 100748 3172 217454 99544 422340 1204 11752 216635 74927 173597 248743 141708 235488 106202 69452
cat_boundaries=0 1 2 3 4 5 6 7 8 9 10 11 12 13 14 15 16 17 18
cat_threshold=33 24 6 14 2 32 32 36 6 4 17 16 4 1 2 2 16 8
is_linear=0
shrinkage=0.05


Tree=193
num_leaves=24
num_cat=18
split_feature=1 0 1 1 0 1 0 1 0 0 0 0 0 0 0 0 0 0 0 0 0 0 0
split_gain=11686.4 41275.6 64307.7 21138.9 9315.5 5090.81 2391.47 1746.71 897.876 5906.16 381.953 215.743 202.504 106.632 52.3415 38.7141 31.3972 28.2498 26.7547 19.9112 19.8214 2.96899 0.972685
threshold=3.5000000000000004 0 4.5000000000000009 4.5000000000000009 1 2.5000000000000004 2 1.5000000000000002 3 4 5 6 7 8 9 10 11 12 13 14 15 16 17
decision_type=2 1 2 2 1 2 1 2 1 1 1 1 1 1 1 1 1 1 1 1 1 1 1
left_child=5 2 -2 6 -5 7 18 8 11 -10 -7 -1 15 14 -12 -9 -14 -15 -3 -18 -6 -21 -19
right_child=1 3 -4 4 20 10 -8 12 9 -11 13 -13 16 17 -16 -17 19 22 -20 21 -22 -23 -24
leaf_value=-0.010281443235803709 0.1920093257169512 -0.0096231014628361984 -0.12721187527912056 0.238693751879265 0.053653503128438286 -0.029145609599114615 -0.0584419757666918 -0.0038012887742818083 -0.037492860463717491 0.2217154318387391 0.0098658045967403261 -0.021866596525859427 0.00032853487074442557 0.0047519981740694415 0.005886129515684492 -0.0054718542740297598 -0.0017557374189844405 0.0036220542434304138 -0.013760195840545851 -0.0023883701773366808 0.044411000118749905 -0.0029242964587476395 0.0032025006046792707
leaf_weight=95468 6985 4821 2038 642 1141 819 3196 125425 781 295 9514 4204 13255 72256 65413 48172 129286 22117 27525 48351 13110 57851 47335
leaf_count=95468 6985 4821 2038 642 1141 819 3196 125425 781 295 9514 4204 13255 72256 65413 48172 129286 22117 27525 48351 13110 57851 47335
internal_value=1.9571e-05 0.0213469 0.119775 0.00371325 0.0537203 -0.00169279 -0.0172399 -0.00436571 -0.0102814 0.0349598 0.00473693 -0.0107722 -0.00295453 0.00486614 0.00639271 -0.00426515 -0.00203961 0.00405859 -0.0131467 -0.00217291 0.0451881 -0.00268055 0.00333661
internal_weight=800000 59458 9023 50435 14893 740542 35542 523088 100748 1076 217454 99672 422340 216635 74927 173597 248743 141708 32346 235488 14251 106202 69452
internal_count=800000 59458 9023 50435 14893 740542 35542 523088 100748 1076 217454 99672 422340 216635 74927 173597 248743 141708 32346 235488 14251 106202 69452
cat_boundaries=0 1 2 3 4 5 6 7 8 9 10 11 12 13 14 15 16 17 18
cat_threshold=34 24 5 50 4 32 32 36 17 16 4 1 2 4 2 4 16 8
is_linear=0
shrinkage=0.05


Tree=194
num_leaves=24
num_cat=18
split_feature=1 0 1 1 0 1 1 0 0 0 0 0 0 0 0 0 0 0 0 0 0 0 0
split_gain=10548.8 4894 22232 4596.32 4479.52 3720.36 1576.25 1203.01 926.24 2113.26 611.055 447.021 345.203 183.191 172.413 96.095 47.2576 35.054 28.2773 25.5982 18.0784 2.68596 0.872907
threshold=3.5000000000000004 0 4.5000000000000009 2.5000000000000004 1 4.5000000000000009 1.5000000000000002 2 3 4 5 6 7 8 9 10 11 12 13 14 15 16 17
decision_type=2 1 2 2 1 2 2 1 1 1 1 1 1 1 1 1 1 1 1 1 1 1 1
left_child=3 5 7 6 -4 -2 8 11 -1 14 -6 -3 -5 17 -10 16 -14 -8 -15 -17 -20 -22 -21
right_child=1 2 4 12 10 -7 13 -9 9 -11 -12 -13 15 18 -16 19 -18 -19 20 22 21 -23 -24
leaf_value=-0.097233913750048515 0.040451944177472061 -0.0091446889357348696 0.22694207086153556 -0.027709013935452637 0.098504032731231442 0.0081051132978349327 -0.0036115821571972018 -0.055530218057757388 -0.00976754636038768 0.065738023036235091 0.050998428950715748 -0.029029363624782697 0.0093744345244015544 0.00031119083127030062 -0.020284835538413343 0.0045185728030626669 0.0055929679229798374 -0.005201209973518986 -0.0016652148890474649 0.0034417372042527118 -0.002268530406933368 -0.0027782608501374794 0.0030441747067759973
leaf_weight=292 27579 4821 642 819 2031 13117 125425 3196 95468 915 1141 6931 9514 13255 4073 72256 65413 48172 129286 22117 48351 57851 47335
leaf_count=292 27579 4821 642 819 2031 13117 125425 3196 95468 915 1141 6931 9514 13255 4073 72256 65413 48172 129286 22117 48351 57851 47335
internal_value=1.9704e-05 0.0202824 -0.000851722 -0.00160718 0.106899 0.0300186 -0.00414697 -0.028345 -0.0097666 -0.00950173 0.0816298 -0.0208868 0.00450229 -0.00280642 -0.0101999 0.00462513 0.00607431 -0.00405297 -0.00193621 0.00385851 -0.00206272 -0.00254643 0.00317126
internal_weight=800000 59458 18762 740542 3814 40696 523088 14948 100748 100456 3172 11752 217454 422340 99541 216635 74927 173597 248743 141708 235488 106202 69452
internal_count=800000 59458 18762 740542 3814 40696 523088 14948 100748 100456 3172 11752 217454 422340 99541 216635 74927 173597 248743 141708 235488 106202 69452
cat_boundaries=0 1 2 3 4 5 6 7 8 9 10 11 12 13 14 15 16 17 18
cat_threshold=33 24 6 8 48 2 4 32 36 32 17 16 4 1 2 2 16 8
is_linear=0
shrinkage=0.05


Tree=195
num_leaves=24
num_cat=18
split_feature=1 0 1 1 0 1 1 0 0 0 0 0 0 0 0 0 0 0 0 0 0 0 0
split_gain=9526.6 4417.36 20079.9 4146.49 4052.14 3359.03 1422.88 1085.98 921.683 551.226 403.188 311.923 262.31 239.199 164.452 86.9645 42.4194 31.7355 25.5769 22.8264 16.1418 2.4741 0.803374
threshold=3.5000000000000004 0 4.5000000000000009 2.5000000000000004 1 4.5000000000000009 1.5000000000000002 2 3 4 5 6 7 8 9 10 11 12 13 14 15 16 17
decision_type=2 1 2 2 1 2 2 1 1 1 1 1 1 1 1 1 1 1 1 1 1 1 1
left_child=3 5 7 6 -4 -2 8 10 13 -6 -3 -5 -10 -1 17 16 -13 -8 -16 -17 -20 -22 -21
right_child=1 2 4 11 9 -7 14 -9 12 -11 -12 15 -14 -15 18 19 -18 -19 20 22 21 -23 -24
leaf_value=-0.038944128175102455 0.038438339159311372 -0.00869485319734138 0.21577037477785824 -0.026343748048936501 0.093593204915085479 0.0077024117179184852 -0.0034270539464132106 -0.052761711214604559 -0.0092794043169924772 0.048471493477877277 -0.027579550089779106 0.0088975741651968407 0.003672501329575108 -0.092534576820221967 0.00029595316467400192 0.0042863096541710171 0.0053148446385469748 -0.0049395556131418099 -0.0015861464386130307 0.0032732795730503247 -0.002152175179205408 -0.0026412947945419997 0.0028921784265880566
leaf_weight=912 27579 4821 642 819 2031 13117 125425 3196 95468 1141 6931 9514 4076 292 13255 72256 65413 48172 129286 22117 48351 57851 47335
leaf_count=912 27579 4821 642 819 2031 13117 125425 3196 95468 1141 6931 9514 4076 292 13255 72256 65413 48172 129286 22117 48351 57851 47335
internal_value=1.87471e-05 0.0192746 -0.000803955 -0.00152731 0.101599 0.0285246 -0.00393961 -0.0269326 -0.00927884 0.0775658 -0.0198465 0.00427551 -0.00874875 -0.0525963 -0.00266595 0.00439228 0.0057709 -0.00384702 -0.00184145 0.003663 -0.00196176 -0.00241883 0.00301399
internal_weight=800000 59458 18762 740542 3814 40696 523088 14948 100748 3172 11752 217454 99544 1204 422340 216635 74927 173597 248743 141708 235488 106202 69452
internal_count=800000 59458 18762 740542 3814 40696 523088 14948 100748 3172 11752 217454 99544 1204 422340 216635 74927 173597 248743 141708 235488 106202 69452
cat_boundaries=0 1 2 3 4 5 6 7 8 9 10 11 12 13 14 15 16 17 18
cat_threshold=33 24 6 14 2 4 32 32 6 36 17 16 4 1 2 2 16 8
is_linear=0
shrinkage=0.05


Tree=196
num_leaves=24
num_cat=18
split_feature=1 0 1 1 0 1 0 1 0 0 0 0 0 0 0 0 0 0 0 0 0 0 0
split_gain=8596.33 63921.7 151254 25652.1 6163.91 3742.56 1577.61 1285.01 1143.16 837.542 5806.15 281.774 201.739 184.417 148.767 78.3768 38.3207 28.5769 22.9854 20.8723 14.6738 2.15815 0.7104
threshold=3.5000000000000004 0 4.5000000000000009 4.5000000000000009 1 2.5000000000000004 2 1.5000000000000002 3 4 5 6 7 8 9 10 11 12 13 14 15 16 17
decision_type=2 1 2 2 1 2 1 2 1 1 1 1 1 1 1 1 1 1 1 1 1 1 1
left_child=5 2 -2 8 -5 7 -6 9 13 12 -11 -7 -1 -3 17 16 -13 -9 -16 -17 -20 -22 -21
right_child=1 3 -4 4 6 11 -8 14 -10 10 -12 15 -14 -15 18 19 -18 -19 20 22 21 -23 -24
leaf_value=-0.0088150214154079209 0.29446281853700296 -0.01701234140710214 -0.3434643283603187 0.20514757238282746 0.088936362390363996 -0.025038246366457143 0.041408205722890251 -0.0032555301803264681 -0.050133025876745466 -0.036964165486216394 0.22004272711081585 0.0084551801755617575 -0.020012956085395179 -0.026202070821243553 0.00027970808297339539 0.0040782990464997117 0.0050499419305386622 -0.0046907945467226193 -0.0015024538840298725 0.0031057103541021606 -0.0020472357846507343 -0.0025041991726790641 0.0027470498745211557
leaf_weight=95468 4875 27525 1148 642 2031 819 13110 125425 3196 781 295 9514 4204 6931 13255 72256 65413 48172 129286 22117 48351 57851 47335
leaf_count=95468 4875 27525 1148 642 2031 819 13110 125425 3196 781 295 9514 4204 6931 13255 72256 65413 48172 129286 22117 48351 57851 47335
internal_value=1.93271e-05 0.0183109 0.172586 0.000889159 0.0543972 -0.0014493 0.0478381 -0.0037411 -0.0215402 -0.00881507 0.0348751 0.00406364 -0.00928929 -0.018868 -0.00253071 0.00417462 0.0054834 -0.00365405 -0.00174652 0.00348228 -0.00186058 -0.00229637 0.0028617
internal_weight=800000 59458 6023 53435 15783 740542 15141 523088 37652 100748 1076 217454 99672 34456 422340 216635 74927 173597 248743 141708 235488 106202 69452
internal_count=800000 59458 6023 53435 15783 740542 15141 523088 37652 100748 1076 217454 99672 34456 422340 216635 74927 173597 248743 141708 235488 106202 69452
cat_boundaries=0 1 2 3 4 5 6 7 8 9 10 11 12 13 14 15 16 17 18
cat_threshold=36 24 2 3 50 4 32 32 1 36 17 16 4 1 2 2 16 8
is_linear=0
shrinkage=0.05


Tree=197
num_leaves=24
num_cat=18
split_feature=1 0 1 1 1 0 1 0 0 0 0 0 0 0 0 0 0 0 0 0 0 0 0
split_gain=7761.19 4747.5 19545.8 3660.06 3377.52 2938.68 1158.94 987.961 2054.02 550.165 254.498 158.601 134.754 87.6344 71.0821 34.5701 25.4869 20.8819 18.7494 13.376 1.94925 0.671094 0.299265
threshold=3.5000000000000004 0 4.5000000000000009 4.5000000000000009 2.5000000000000004 1 1.5000000000000002 2 3 4 5 6 7 8 9 10 11 12 13 14 15 16 17
decision_type=2 1 2 2 2 1 2 1 1 1 1 1 1 1 1 1 1 1 1 1 1 1 1
left_child=4 3 9 -2 6 -4 7 -1 11 -3 -6 -9 16 -7 15 -12 -8 -14 -16 -19 -21 -20 -11
right_child=1 2 5 -5 10 13 12 8 -10 22 14 -13 17 -15 18 -17 -18 19 21 20 -22 -23 -24
leaf_value=-0.098697625722316717 0.037334568241106002 -0.024121098217561199 0.19504938476656114 0.0052509484462297451 -0.023798807509989445 0.084519933544497231 -0.0030989177833259402 -0.0083751371862272102 0.066073094548405834 -0.044500439353193387 0.0080331696076134784 -0.018457685785786417 0.00027146050761970897 0.063096529716620955 0.0038697416590432829 0.0047988536592096388 -0.0044544020455591481 -0.0014266159522357872 0.002953375098600451 -0.0019478314873529392 -0.0023821245912993699 0.0026054559825075783 -0.052291653506839113
leaf_weight=292 27579 11752 642 13117 819 2031 125425 95468 915 1975 9514 4073 13255 1141 72256 65413 48172 129286 22117 48351 57851 47335 1221
leaf_count=292 27579 11752 642 13117 819 2031 125425 95468 915 1975 9514 4073 13255 1141 72256 65413 48172 129286 22117 48351 57851 47335 1221
internal_value=1.69838e-05 0.0173973 -0.00341547 0.0269869 -0.00137848 0.0976144 -0.00355564 -0.00837429 -0.00810111 -0.0291957 0.0038587 -0.00878951 -0.00240617 0.0770362 0.00396418 0.00521055 -0.00347529 -0.00165982 0.00330484 -0.00176854 -0.0021846 0.00271666 -0.0476308
internal_weight=800000 59458 18762 40696 740542 3814 523088 100748 100456 14948 217454 99541 422340 3172 216635 74927 173597 248743 141708 235488 106202 69452 3196
internal_count=800000 59458 18762 40696 740542 3814 523088 100748 100456 14948 217454 99541 422340 3172 216635 74927 173597 248743 141708 235488 106202 69452 3196
cat_boundaries=0 1 2 3 4 5 6 7 8 9 10 11 12 13 14 15 16 17 18
cat_threshold=33 24 8 48 6 32 32 36 2 17 16 4 1 2 2 16 8 8
is_linear=0
shrinkage=0.05


Tree=198
num_leaves=25
num_cat=19
split_feature=1 0 1 1 1 0 1 0 0 0 0 0 0 0 0 0 0 0 0 0 0 0 0 0
split_gain=7005.16 4282.09 17651.8 3302.29 3047.45 2658.68 1045.78 982.182 497.376 278.968 256.578 230.002 121.23 78.9066 64.1683 31.13 23.3125 18.7494 16.7949 12.0109 1.74032 0.555574 0.348114 0.0859593
threshold=3.5000000000000004 0 4.5000000000000009 4.5000000000000009 2.5000000000000004 1 1.5000000000000002 2 3 4 5 6 7 8 9 10 11 12 13 14 15 16 17 18
decision_type=2 1 2 2 2 1 2 1 1 1 1 1 1 1 1 1 1 1 1 1 1 1 1 1
left_child=4 3 8 -2 6 -4 7 10 23 -9 -1 -6 16 -7 15 -13 -8 -14 -16 -19 -21 -20 -10 -3
right_child=1 2 5 -5 11 13 12 9 22 -11 -12 14 17 -15 18 -17 -18 19 21 20 -22 -23 -24 -25
leaf_value=-0.038578775079027953 0.035465798073062361 -0.021748325519249864 0.18544897038512437 0.0049905908283158912 -0.022626500883205954 0.080305424138414461 -0.0029386515846789212 -0.0079542063506093715 -0.042282971783308899 0.0053975552218367643 -0.093928270150494098 0.0076292900165956801 0.00025338547839967433 0.059966897539839761 0.003674768229021538 0.0045600917206200051 -0.0042349897124323846 -0.0013556430458122664 0.0027995877557501865 -0.0018501708950299006 -0.0022605668113736053 0.0024818468592413406 -0.049704382653937507 -0.023687692561697126
leaf_weight=912 27579 4821 642 13117 819 2031 125425 95468 1975 4076 292 9514 13255 1141 72256 65413 48172 129286 22117 48351 57851 47335 1221 6931
leaf_count=912 27579 4821 642 13117 819 2031 125425 95468 1975 4076 292 9514 13255 1141 72256 65413 48172 129286 22117 48351 57851 47335 1221 6931
internal_value=1.7342e-05 0.0165295 -0.00323685 0.0256368 -0.00130842 0.0927735 -0.00337646 -0.00795384 -0.0277362 -0.00740701 -0.0526655 0.00366629 -0.00228454 0.0732009 0.00376656 0.00495078 -0.0032986 -0.00157664 0.00314011 -0.00167965 -0.00207392 0.00258342 -0.0452644 -0.0229113
internal_weight=800000 59458 18762 40696 740542 3814 523088 100748 14948 99544 1204 217454 422340 3172 216635 74927 173597 248743 141708 235488 106202 69452 3196 11752
internal_count=800000 59458 18762 40696 740542 3814 523088 100748 14948 99544 1204 217454 422340 3172 216635 74927 173597 248743 141708 235488 106202 69452 3196 11752
cat_boundaries=0 1 2 3 4 5 6 7 8 9 10 11 12 13 14 15 16 17 18 19
cat_threshold=33 24 14 6 32 6 32 36 2 17 16 4 1 2 2 16 8 8 4
is_linear=0
shrinkage=0.05


Tree=199
num_leaves=24
num_cat=18
split_feature=1 0 1 1 0 1 1 0 0 0 0 0 0 0 0 0 0 0 0 0 0 0 0
split_gain=6324.16 40879.3 69448.1 19620.2 4594.9 2749.23 944.031 888.683 617.721 251.794 232.801 207.687 126.625 109.427 57.4399 28.3096 20.9164 16.8718 15.2483 10.9506 1.64014 0.515253 0.327907
threshold=3.5000000000000004 0 4.5000000000000009 4.5000000000000009 1 2.5000000000000004 1.5000000000000002 2 3 4 5 6 7 8 9 10 11 12 13 14 15 16 17
decision_type=2 1 2 2 1 2 2 1 1 1 1 1 1 1 1 1 1 1 1 1 1 1 1
left_child=5 2 -2 8 -5 6 7 10 -3 -9 -1 -7 -6 16 15 -13 -8 -15 -16 -19 -21 -20 -10
right_child=1 3 -4 4 12 11 13 9 22 -11 -12 14 -14 17 18 -17 -18 19 21 20 -22 -23 -24
leaf_value=-0.036670682952616065 0.18871388840180425 -0.019935236859406704 -0.14302039656484677 0.17631572038849441 0.056997603488734866 -0.02150280794850017 -0.0027923606869213304 -0.0075560290746673467 -0.0401819011006007 0.0051287794048974055 -0.089386652005429307 0.0072518797944143816 0.038834450473872628 0.0002386540104836911 0.003493980719632566 0.0043251091765972591 -0.0040202857281122478 -0.0012856710792074639 0.0026620427747681532 -0.0017543793473965758 -0.0021526292563659095 0.0023564112819680089 -0.047237899262763734
leaf_weight=912 6985 32346 2038 642 1141 819 125425 95468 1975 4076 292 9514 13110 13255 72256 65413 48172 129286 22117 48351 57851 47335 1221
leaf_count=912 6985 32346 2038 642 1141 819 125425 95468 1975 4076 292 9514 13110 13255 72256 65413 48172 129286 22117 48351 57851 47335 1221
internal_value=1.65997e-05 0.0157056 0.11366 -0.00184092 0.0463352 -0.00124307 -0.00320732 -0.00755631 -0.0220285 -0.00703616 -0.0500866 0.00348196 0.0403276 -0.00216988 0.00357724 0.00469766 -0.00313331 -0.00149732 0.00298454 -0.00159504 -0.0019715 0.00245411 -0.0430165
internal_weight=800000 59458 9023 50435 14893 740542 523088 100748 35542 99544 1204 217454 14251 422340 216635 74927 173597 248743 141708 235488 106202 69452 3196
internal_count=800000 59458 9023 50435 14893 740542 523088 100748 35542 99544 1204 217454 14251 422340 216635 74927 173597 248743 141708 235488 106202 69452 3196
cat_boundaries=0 1 2 3 4 5 6 7 8 9 10 11 12 13 14 15 16 17 18
cat_threshold=34 24 14 5 32 6 32 4 36 17 16 4 1 2 2 16 8 8
is_linear=0
shrinkage=0.05


end of trees

feature_importances:
PROP_TYPE=3479
FLOOR_AREA_BAND=835

parameters:
[boosting: gbdt]
[objective: regression]
[metric: l2]
[tree_learner: serial]
[device_type: cpu]
[data_sample_strategy: bagging]
[data: ]
[valid: ]
[num_iterations: 200]
[learning_rate: 0.05]
[num_leaves: 31]
[num_threads: 2]
[seed: 7]
[deterministic: 0]
[force_col_wise: 0]
[force_row_wise: 0]
[histogram_pool_size: -1]
[max_depth: -1]
[min_data_in_leaf: 200]
[min_sum_hessian_in_leaf: 0.001]
[bagging_fraction: 1]
[pos_bagging_fraction: 1]
[neg_bagging_fraction: 1]
[bagging_freq: 0]
[bagging_seed: 17422]
[bagging_by_query: 0]
[feature_fraction: 1]
[feature_fraction_bynode: 1]
[feature_fraction_seed: 7040]
[extra_trees: 0]
[extra_seed: 6516]
[early_stopping_round: 0]
[early_stopping_min_delta: 0]
[first_metric_only: 0]
[max_delta_step: 0]
[lambda_l1: 0]
[lambda_l2: 0]
[linear_lambda: 0]
[min_gain_to_split: 0]
[drop_rate: 0.1]
[max_drop: 50]
[skip_drop: 0.5]
[xgboost_dart_mode: 0]
[uniform_drop: 0]
[drop_seed: 15215]
[top_rate: 0.2]
[other_rate: 0.1]
[min_data_per_group: 100]
[max_cat_threshold: 32]
[cat_l2: 10]
[cat_smooth: 10]
[max_cat_to_onehot: 4]
[top_k: 20]
[monotone_constraints: ]
[monotone_constraints_method: basic]
[monotone_penalty: 0]
[feature_contri: ]
[forcedsplits_filename: ]
[refit_decay_rate: 0.9]
[cegb_tradeoff: 1]
[cegb_penalty_split: 0]
[cegb_penalty_feature_lazy: ]
[cegb_penalty_feature_coupled: ]
[path_smooth: 0]
[interaction_constraints: ]
[verbosity: -1]
[saved_feature_importance_type: 0]
[use_quantized_grad: 0]
[num_grad_quant_bins: 4]
[quant_train_renew_leaf: 0]
[stochastic_rounding: 1]
[linear_tree: 0]
[max_bin: 255]
[max_bin_by_feature: ]
[min_data_in_bin: 3]
[bin_construct_sample_cnt: 200000]
[data_random_seed: 61]
[is_enable_sparse: 1]
[enable_bundle: 1]
[use_missing: 1]
[zero_as_missing: 0]
[feature_pre_filter: 1]
[pre_partition: 0]
[two_round: 0]
[header: 0]
[label_column: ]
[weight_column: ]
[group_column: ]
[ignore_column: ]
[categorical_feature: 0]
[forcedbins_filename: ]
[precise_float_parser: 0]
[parser_config_file: ]
[objective_seed: 15521]
[num_class: 1]
[is_unbalance: 0]
[scale_pos_weight: 1]
[sigmoid: 1]
[boost_from_average: 1]
[reg_sqrt: 0]
[alpha: 0.9]
[fair_c: 1]
[poisson_max_delta_step: 0.7]
[tweedie_variance_power: 1.5]
[lambdarank_truncation_level: 30]
[lambdarank_norm: 1]
[label_gain: ]
[lambdarank_position_bias_regularization: 0]
[eval_at: ]
[multi_error_top_k: 1]
[auc_mu_weights: ]
[num_machines: 1]
[local_listen_port: 12400]
[time_out: 120]
[machine_list_filename: ]
[machines: ]
[gpu_platform_id: -1]
[gpu_device_id: -1]
[gpu_device_id_list: ]
[gpu_use_dp: 0]
[num_gpu: 1]

end of parameters

pandas_categorical:[["Detached", "Semi detached", "Mid terrace", "End terrace", "Bungalow", "Flat"]]
